hour,month,day,hour_of_day,DA_LMP_$/MWh,Temp_F,Gas_$/MMBtu,POA_W/m2,GHI_W/m2,Wind100m_m/s,batch_on,PUE,compute_MW,demand_MW
1,1,1,0,36.26,36.3,5.149,0.0,0.0,7.46,0,1.1,80,88.0
2,1,1,1,34.56,35.6,5.149,0.0,0.0,9.45,0,1.1,80,88.0
3,1,1,2,31.36,36.0,5.149,0.0,0.0,13.27,1,1.1,100,110.00000000000001
4,1,1,3,29.75,36.3,5.149,0.0,0.0,15.06,1,1.1,100,110.00000000000001
5,1,1,4,28.28,36.9,5.149,0.0,0.0,17.66,1,1.1,100,110.00000000000001
6,1,1,5,28.98,37.6,5.149,0.0,0.0,17.83,1,1.1,100,110.00000000000001
7,1,1,6,29.49,38.3,5.149,0.0,0.0,18.63,1,1.1,100,110.00000000000001
8,1,1,7,30.09,38.7,5.149,0.0,0.0,19.13,1,1.1,100,110.00000000000001
9,1,1,8,30.88,39.0,5.149,166.6,63.0,17.87,1,1.1,100,110.00000000000001
10,1,1,9,33.83,39.4,5.149,12.5,14.0,15.8,1,1.1,100,110.00000000000001
11,1,1,10,42.23,39.7,5.149,42.9,48.0,12.71,0,1.1,80,88.0
12,1,1,11,43.86,40.8,5.149,66.1,74.0,9.45,0,1.1,80,88.0
13,1,1,12,44.71,41.7,5.149,118.0,132.0,13.27,0,1.1,80,88.0
14,1,1,13,42.11,41.7,5.149,90.3,101.0,12.01,0,1.1,80,88.0
15,1,1,14,38.2,41.5,5.149,16.1,18.0,11.47,0,1.1,80,88.0
16,1,1,15,37.9,40.5,5.149,7.1,8.0,12.05,0,1.1,80,88.0
17,1,1,16,47.78,38.8,5.149,0.0,26.0,11.11,0,1.1,80,88.0
18,1,1,17,53.74,37.9,5.149,0.0,0.0,11.63,0,1.1,80,88.0
19,1,1,18,49.47,36.9,5.149,0.0,0.0,10.26,0,1.1,80,88.0
20,1,1,19,44.9,35.8,5.149,0.0,0.0,8.97,0,1.1,80,88.0
21,1,1,20,44.12,34.9,5.149,0.0,0.0,13.71,0,1.1,80,88.0
22,1,1,21,43.24,34.3,5.149,0.0,0.0,7.11,0,1.1,80,88.0
23,1,1,22,37.43,33.8,5.149,0.0,0.0,7.07,0,1.1,80,88.0
24,1,1,23,40.04,33.4,5.149,0.0,0.0,5.95,0,1.1,80,88.0
25,1,2,0,40.93,32.9,5.149,0.0,0.0,5.62,1,1.1,100,110.00000000000001
26,1,2,1,36.66,32.5,5.149,0.0,0.0,5.24,1,1.1,100,110.00000000000001
27,1,2,2,35.81,32.4,5.149,0.0,0.0,6.52,1,1.1,100,110.00000000000001
28,1,2,3,34.73,32.2,5.149,0.0,0.0,6.43,1,1.1,100,110.00000000000001
29,1,2,4,35.94,32.0,5.149,0.0,0.0,5.73,1,1.1,100,110.00000000000001
30,1,2,5,46.19,31.8,5.149,0.0,0.0,6.92,1,1.1,100,110.00000000000001
31,1,2,6,48.62,31.6,5.149,0.0,0.0,7.07,1,1.1,100,110.00000000000001
32,1,2,7,60.53,31.5,5.149,0.0,0.0,7.01,1,1.1,100,110.00000000000001
33,1,2,8,58.98,32.2,5.149,193.7,70.0,8.36,0,1.1,80,88.0
34,1,2,9,52.15,33.1,5.149,514.3,211.0,8.9,0,1.1,80,88.0
35,1,2,10,54.91,34.3,5.149,761.3,335.0,9.13,0,1.1,80,88.0
36,1,2,11,52.78,35.2,5.149,908.3,412.0,9.43,0,1.1,80,88.0
37,1,2,12,51.98,35.8,5.149,965.7,434.0,10.11,0,1.1,80,88.0
38,1,2,13,58.8,36.1,5.149,487.6,307.0,8.89,0,1.1,80,88.0
39,1,2,14,62.21,35.6,5.149,144.7,152.0,8.8,0,1.1,80,88.0
40,1,2,15,62.45,34.3,5.149,700.1,181.0,8.2,0,1.1,80,88.0
41,1,2,16,68.78,33.1,5.149,0.0,39.0,5.79,0,1.1,80,88.0
42,1,2,17,69.38,32.5,5.149,0.0,0.0,6.17,0,1.1,80,88.0
43,1,2,18,69.16,32.2,5.149,0.0,0.0,5.23,0,1.1,80,88.0
44,1,2,19,69.63,31.6,5.149,0.0,0.0,6.5,0,1.1,80,88.0
45,1,2,20,69.59,30.7,5.149,0.0,0.0,5.55,0,1.1,80,88.0
46,1,2,21,63.96,30.2,5.149,0.0,0.0,5.25,0,1.1,80,88.0
47,1,2,22,55.07,29.8,5.149,0.0,0.0,4.86,0,1.1,80,88.0
48,1,2,23,57.69,29.5,5.149,0.0,0.0,3.62,0,1.1,80,88.0
49,1,3,0,56.8,29.5,5.149,0.0,0.0,3.66,1,1.1,100,110.00000000000001
50,1,3,1,58.07,29.5,5.149,0.0,0.0,4.92,1,1.1,100,110.00000000000001
51,1,3,2,52.87,29.5,5.149,0.0,0.0,4.6,1,1.1,100,110.00000000000001
52,1,3,3,52.46,29.5,5.149,0.0,0.0,4.03,1,1.1,100,110.00000000000001
53,1,3,4,56.61,29.5,5.149,0.0,0.0,3.88,1,1.1,100,110.00000000000001
54,1,3,5,66.74,29.5,5.149,0.0,0.0,4.13,1,1.1,100,110.00000000000001
55,1,3,6,67.05,29.3,5.149,0.0,0.0,4.01,1,1.1,100,110.00000000000001
56,1,3,7,72.81,28.9,5.149,0.0,0.0,4.03,1,1.1,100,110.00000000000001
57,1,3,8,67.77,29.5,5.149,175.0,68.0,3.28,0,1.1,80,88.0
58,1,3,9,66.68,30.6,5.149,88.4,96.0,3.82,0,1.1,80,88.0
59,1,3,10,67.06,31.6,5.149,219.2,209.0,3.15,0,1.1,80,88.0
60,1,3,11,67.54,32.4,5.149,109.9,123.0,3.66,0,1.1,80,88.0
61,1,3,12,67.43,32.7,5.149,105.5,118.0,2.82,0,1.1,80,88.0
62,1,3,13,67.69,32.7,5.149,285.8,255.0,2.86,0,1.1,80,88.0
63,1,3,14,71.49,32.2,5.149,319.2,228.0,2.86,0,1.1,80,88.0
64,1,3,15,81.89,30.9,5.149,164.4,130.0,3.61,0,1.1,80,88.0
65,1,3,16,86.29,29.5,5.149,0.0,48.0,2.03,0,1.1,80,88.0
66,1,3,17,99.91,28.6,5.149,0.0,0.0,2.63,0,1.1,80,88.0
67,1,3,18,89.75,28.0,5.149,0.0,0.0,1.83,0,1.1,80,88.0
68,1,3,19,81.06,27.7,5.149,0.0,0.0,0.96,0,1.1,80,88.0
69,1,3,20,78.94,27.5,5.149,0.0,0.0,2.38,0,1.1,80,88.0
70,1,3,21,74.8,27.1,5.149,0.0,0.0,3.56,0,1.1,80,88.0
71,1,3,22,74.66,27.0,5.149,0.0,0.0,6.5,0,1.1,80,88.0
72,1,3,23,72.49,26.4,5.149,0.0,0.0,3.29,0,1.1,80,88.0
73,1,4,0,81.47,25.9,5.149,0.0,0.0,4.06,0,1.1,80,88.0
74,1,4,1,80.87,24.6,5.149,0.0,0.0,2.92,0,1.1,80,88.0
75,1,4,2,75.75,23.7,5.149,0.0,0.0,2.12,0,1.1,80,88.0
76,1,4,3,81.05,23.2,5.149,0.0,0.0,1.83,0,1.1,80,88.0
77,1,4,4,93.71,22.6,5.149,0.0,0.0,2.41,0,1.1,80,88.0
78,1,4,5,101.84,22.1,5.149,0.0,0.0,3.58,0,1.1,80,88.0
79,1,4,6,72.64,21.4,5.149,0.0,0.0,4.25,1,1.1,100,110.00000000000001
80,1,4,7,73.25,20.8,5.149,0.0,0.0,1.8,1,1.1,100,110.00000000000001
81,1,4,8,78.65,21.0,5.149,202.7,72.0,0.7,1,1.1,100,110.00000000000001
82,1,4,9,76.44,21.9,5.149,126.3,120.0,6.66,1,1.1,100,110.00000000000001
83,1,4,10,91.83,22.8,5.149,109.8,114.0,4.87,1,1.1,100,110.00000000000001
84,1,4,11,84.39,23.5,5.149,169.1,168.0,5.89,1,1.1,100,110.00000000000001
85,1,4,12,83.31,24.3,5.149,507.8,324.0,4.59,1,1.1,100,110.00000000000001
86,1,4,13,87.07,24.6,5.149,188.8,178.0,3.58,1,1.1,100,110.00000000000001
87,1,4,14,94.97,24.6,5.149,123.3,126.0,2.01,0,1.1,80,88.0
88,1,4,15,101.11,24.3,5.149,281.1,145.0,1.93,0,1.1,80,88.0
89,1,4,16,151.94,23.7,5.149,0.0,49.0,2.76,0,1.1,80,88.0
90,1,4,17,158.47,23.7,5.149,0.0,0.0,3.23,0,1.1,80,88.0
91,1,4,18,135.73,24.1,5.149,0.0,0.0,5.11,0,1.1,80,88.0
92,1,4,19,122.41,24.8,5.149,0.0,0.0,4.84,0,1.1,80,88.0
93,1,4,20,105.26,25.3,5.149,0.0,0.0,4.07,0,1.1,80,88.0
94,1,4,21,99.74,25.7,5.149,0.0,0.0,4.2,0,1.1,80,88.0
95,1,4,22,91.98,26.1,5.149,0.0,0.0,3.55,0,1.1,80,88.0
96,1,4,23,107.49,26.1,5.149,0.0,0.0,4.95,0,1.1,80,88.0
97,1,5,0,103.08,26.1,5.149,0.0,0.0,7.32,1,1.1,100,110.00000000000001
98,1,5,1,95.31,26.1,5.149,0.0,0.0,6.92,1,1.1,100,110.00000000000001
99,1,5,2,89.79,25.9,5.149,0.0,0.0,5.73,1,1.1,100,110.00000000000001
100,1,5,3,100.7,25.7,5.149,0.0,0.0,3.82,1,1.1,100,110.00000000000001
101,1,5,4,102.64,25.5,5.149,0.0,0.0,3.7,1,1.1,100,110.00000000000001
102,1,5,5,102.77,25.2,5.149,0.0,0.0,5.65,1,1.1,100,110.00000000000001
103,1,5,6,102.09,24.8,5.149,0.0,0.0,2.64,1,1.1,100,110.00000000000001
104,1,5,7,101.6,24.6,5.149,0.0,0.0,1.38,1,1.1,100,110.00000000000001
105,1,5,8,105.46,25.2,5.149,52.5,51.0,2.23,0,1.1,80,88.0
106,1,5,9,109.64,26.2,5.149,116.9,125.0,3.67,0,1.1,80,88.0
107,1,5,10,114.77,27.3,5.149,134.9,146.0,3.62,0,1.1,80,88.0
108,1,5,11,98.15,27.9,5.149,199.3,207.0,4.33,0,1.1,80,88.0
109,1,5,12,98.42,28.2,5.149,123.7,136.0,3.39,0,1.1,80,88.0
110,1,5,13,97.09,28.2,5.149,56.3,63.0,3.91,0,1.1,80,88.0
111,1,5,14,103.96,27.7,5.149,34.0,38.0,1.87,0,1.1,80,88.0
112,1,5,15,105.56,26.6,5.149,18.8,21.0,2.32,0,1.1,80,88.0
113,1,5,16,144.91,25.0,5.149,0.0,32.0,3.12,0,1.1,80,88.0
114,1,5,17,155.92,23.2,5.149,0.0,0.0,2.57,0,1.1,80,88.0
115,1,5,18,156.51,21.6,5.149,0.0,0.0,1.9,0,1.1,80,88.0
116,1,5,19,144.04,19.6,5.149,0.0,0.0,3.49,0,1.1,80,88.0
117,1,5,20,123.51,18.1,5.149,0.0,0.0,2.61,0,1.1,80,88.0
118,1,5,21,105.01,17.1,5.149,0.0,0.0,2.51,0,1.1,80,88.0
119,1,5,22,92.11,16.3,5.149,0.0,0.0,3.33,0,1.1,80,88.0
120,1,5,23,93.4,15.4,5.149,0.0,0.0,2.47,0,1.1,80,88.0
121,1,6,0,95.73,15.1,5.149,0.0,0.0,2.62,1,1.1,100,110.00000000000001
122,1,6,1,96.48,14.9,5.149,0.0,0.0,2.82,1,1.1,100,110.00000000000001
123,1,6,2,94.92,14.9,5.149,0.0,0.0,2.46,1,1.1,100,110.00000000000001
124,1,6,3,96.38,15.1,5.149,0.0,0.0,2.26,1,1.1,100,110.00000000000001
125,1,6,4,96.6,14.9,5.149,0.0,0.0,3.32,1,1.1,100,110.00000000000001
126,1,6,5,112.25,14.5,5.149,0.0,0.0,1.56,1,1.1,100,110.00000000000001
127,1,6,6,143.51,14.4,5.149,0.0,0.0,1.68,1,1.1,100,110.00000000000001
128,1,6,7,171.02,14.4,5.149,0.0,0.0,2.37,1,1.1,100,110.00000000000001
129,1,6,8,161.32,15.3,5.149,203.9,74.0,2.67,0,1.1,80,88.0
130,1,6,9,147.36,16.9,5.149,83.8,91.0,1.64,0,1.1,80,88.0
131,1,6,10,159.66,18.5,5.149,301.8,246.0,1.81,0,1.1,80,88.0
132,1,6,11,159.36,20.1,5.149,297.0,269.0,1.3,0,1.1,80,88.0
133,1,6,12,147.63,21.6,5.149,527.8,352.0,0.76,0,1.1,80,88.0
134,1,6,13,143.86,22.8,5.149,745.6,366.0,0.48,0,1.1,80,88.0
135,1,6,14,142.15,22.6,5.149,351.9,252.0,2.75,0,1.1,80,88.0
136,1,6,15,157.64,21.2,5.149,84.0,94.0,3.9,0,1.1,80,88.0
137,1,6,16,173.89,19.2,5.149,0.0,39.0,5.43,0,1.1,80,88.0
138,1,6,17,208.68,17.4,5.149,0.0,0.0,5.91,0,1.1,80,88.0
139,1,6,18,191.94,15.6,5.149,0.0,0.0,3.47,0,1.1,80,88.0
140,1,6,19,174.77,14.2,5.149,0.0,0.0,5.04,0,1.1,80,88.0
141,1,6,20,153.86,12.7,5.149,0.0,0.0,6.14,0,1.1,80,88.0
142,1,6,21,147.3,11.7,5.149,0.0,0.0,9.37,0,1.1,80,88.0
143,1,6,22,150.15,10.9,5.149,0.0,0.0,11.04,0,1.1,80,88.0
144,1,6,23,129.94,10.4,5.149,0.0,0.0,13.24,0,1.1,80,88.0
145,1,7,0,130.32,10.2,5.149,0.0,0.0,12.83,0,1.1,80,88.0
146,1,7,1,124.65,10.0,5.149,0.0,0.0,11.1,0,1.1,80,88.0
147,1,7,2,126.6,9.9,5.149,0.0,0.0,10.22,0,1.1,80,88.0
148,1,7,3,125.74,9.7,5.149,0.0,0.0,9.8,0,1.1,80,88.0
149,1,7,4,139.13,9.9,5.149,0.0,0.0,8.62,0,1.1,80,88.0
150,1,7,5,154.66,10.4,5.149,0.0,0.0,8.87,0,1.1,80,88.0
151,1,7,6,180.61,11.1,5.149,0.0,0.0,10.4,0,1.1,80,88.0
152,1,7,7,202.75,11.8,5.149,0.0,0.0,10.54,0,1.1,80,88.0
153,1,7,8,180.39,13.8,5.149,57.9,57.0,11.03,0,1.1,80,88.0
154,1,7,9,139.82,16.0,5.149,226.9,171.0,11.11,1,1.1,100,110.00000000000001
155,1,7,10,128.08,17.8,5.149,295.3,240.0,12.73,1,1.1,100,110.00000000000001
156,1,7,11,127.13,19.2,5.149,380.5,307.0,12.03,1,1.1,100,110.00000000000001
157,1,7,12,123.26,20.3,5.149,408.4,341.0,13.04,1,1.1,100,110.00000000000001
158,1,7,13,120.63,20.8,5.149,452.0,330.0,12.44,1,1.1,100,110.00000000000001
159,1,7,14,124.4,20.7,5.149,229.1,223.0,14.15,1,1.1,100,110.00000000000001
160,1,7,15,130.47,19.8,5.149,176.3,146.0,13.11,1,1.1,100,110.00000000000001
161,1,7,16,154.33,18.5,5.149,0.0,44.0,14.05,1,1.1,100,110.00000000000001
162,1,7,17,164.0,18.0,5.149,0.0,0.0,13.71,0,1.1,80,88.0
163,1,7,18,155.37,17.6,5.149,0.0,0.0,13.38,0,1.1,80,88.0
164,1,7,19,147.13,17.4,5.149,0.0,0.0,11.81,0,1.1,80,88.0
165,1,7,20,132.44,17.1,5.149,0.0,0.0,11.12,0,1.1,80,88.0
166,1,7,21,129.7,16.9,5.149,0.0,0.0,10.11,0,1.1,80,88.0
167,1,7,22,124.0,16.5,5.149,0.0,0.0,10.14,0,1.1,80,88.0
168,1,7,23,123.49,16.3,5.149,0.0,0.0,9.14,0,1.1,80,88.0
169,1,8,0,140.21,16.0,5.149,0.0,0.0,9.47,1,1.1,100,110.00000000000001
170,1,8,1,134.26,15.6,5.149,0.0,0.0,9.54,1,1.1,100,110.00000000000001
171,1,8,2,124.25,15.1,5.149,0.0,0.0,9.89,1,1.1,100,110.00000000000001
172,1,8,3,120.65,14.7,5.149,0.0,0.0,9.43,1,1.1,100,110.00000000000001
173,1,8,4,134.24,14.2,5.149,0.0,0.0,10.14,1,1.1,100,110.00000000000001
174,1,8,5,133.68,13.8,5.149,0.0,0.0,10.49,1,1.1,100,110.00000000000001
175,1,8,6,158.48,13.5,5.149,0.0,0.0,10.2,1,1.1,100,110.00000000000001
176,1,8,7,196.46,13.3,5.149,0.0,0.0,9.58,1,1.1,100,110.00000000000001
177,1,8,8,159.0,14.5,5.149,222.5,77.0,5.9,0,1.1,80,88.0
178,1,8,9,148.51,16.3,5.149,547.9,224.0,6.07,0,1.1,80,88.0
179,1,8,10,146.49,18.1,5.149,785.0,349.0,2.15,0,1.1,80,88.0
180,1,8,11,136.64,19.2,5.149,922.8,424.0,1.51,0,1.1,80,88.0
181,1,8,12,136.81,19.8,5.149,984.5,450.0,2.77,0,1.1,80,88.0
182,1,8,13,137.47,19.4,5.149,965.6,420.0,3.1,0,1.1,80,88.0
183,1,8,14,144.83,18.3,5.149,872.8,335.0,3.4,0,1.1,80,88.0
184,1,8,15,157.88,16.7,5.149,752.0,205.0,4.3,0,1.1,80,88.0
185,1,8,16,161.45,14.9,5.149,0.0,61.0,3.36,0,1.1,80,88.0
186,1,8,17,200.44,13.8,5.149,0.0,0.0,6.06,0,1.1,80,88.0
187,1,8,18,194.63,13.3,5.149,0.0,0.0,5.15,0,1.1,80,88.0
188,1,8,19,168.74,13.3,5.149,0.0,0.0,5.76,0,1.1,80,88.0
189,1,8,20,168.22,13.5,5.149,0.0,0.0,5.12,0,1.1,80,88.0
190,1,8,21,169.41,13.6,5.149,0.0,0.0,7.1,0,1.1,80,88.0
191,1,8,22,144.72,13.5,5.149,0.0,0.0,8.83,0,1.1,80,88.0
192,1,8,23,152.09,13.1,5.149,0.0,0.0,8.89,0,1.1,80,88.0
193,1,9,0,136.03,12.6,5.149,0.0,0.0,8.85,0,1.1,80,88.0
194,1,9,1,128.82,12.4,5.149,0.0,0.0,7.89,0,1.1,80,88.0
195,1,9,2,124.0,12.0,5.149,0.0,0.0,7.65,0,1.1,80,88.0
196,1,9,3,120.76,11.7,5.149,0.0,0.0,9.18,0,1.1,80,88.0
197,1,9,4,124.52,11.7,5.149,0.0,0.0,10.63,0,1.1,80,88.0
198,1,9,5,141.08,12.2,5.149,0.0,0.0,6.96,0,1.1,80,88.0
199,1,9,6,159.41,12.6,5.149,0.0,0.0,6.44,0,1.1,80,88.0
200,1,9,7,191.08,12.9,5.149,0.0,0.0,6.59,0,1.1,80,88.0
201,1,9,8,173.97,13.8,5.149,30.4,34.0,9.38,0,1.1,80,88.0
202,1,9,9,154.24,15.3,5.149,138.9,127.0,10.38,1,1.1,100,110.00000000000001
203,1,9,10,139.3,17.2,5.149,202.9,183.0,10.61,1,1.1,100,110.00000000000001
204,1,9,11,132.73,19.2,5.149,212.8,197.0,11.03,1,1.1,100,110.00000000000001
205,1,9,12,122.71,20.5,5.149,250.8,222.0,10.38,1,1.1,100,110.00000000000001
206,1,9,13,123.09,20.8,5.149,207.5,191.0,11.03,1,1.1,100,110.00000000000001
207,1,9,14,128.08,20.3,5.149,848.2,329.0,12.55,1,1.1,100,110.00000000000001
208,1,9,15,128.53,19.0,5.149,736.1,204.0,12.66,1,1.1,100,110.00000000000001
209,1,9,16,158.94,17.6,5.149,0.0,21.0,14.73,1,1.1,100,110.00000000000001
210,1,9,17,163.15,16.9,5.149,0.0,0.0,16.58,0,1.1,80,88.0
211,1,9,18,156.52,16.7,5.149,0.0,0.0,15.68,0,1.1,80,88.0
212,1,9,19,142.87,16.7,5.149,0.0,0.0,13.98,0,1.1,80,88.0
213,1,9,20,145.33,17.1,5.149,0.0,0.0,13.92,0,1.1,80,88.0
214,1,9,21,142.44,17.4,5.149,0.0,0.0,12.4,0,1.1,80,88.0
215,1,9,22,125.96,17.4,5.149,0.0,0.0,13.06,0,1.1,80,88.0
216,1,9,23,119.28,17.4,5.149,0.0,0.0,13.31,0,1.1,80,88.0
217,1,10,0,103.92,17.4,5.149,0.0,0.0,12.07,0,1.1,80,88.0
218,1,10,1,95.0,17.2,5.149,0.0,0.0,10.75,0,1.1,80,88.0
219,1,10,2,90.56,16.9,5.149,0.0,0.0,11.48,0,1.1,80,88.0
220,1,10,3,91.66,16.7,5.149,0.0,0.0,11.84,0,1.1,80,88.0
221,1,10,4,98.39,16.3,5.149,0.0,0.0,10.93,0,1.1,80,88.0
222,1,10,5,116.77,16.2,5.149,0.0,0.0,7.3,0,1.1,80,88.0
223,1,10,6,146.08,16.2,5.149,0.0,0.0,8.1,0,1.1,80,88.0
224,1,10,7,152.37,16.3,5.149,0.0,0.0,6.86,0,1.1,80,88.0
225,1,10,8,127.09,18.5,5.149,221.8,77.0,5.89,0,1.1,80,88.0
226,1,10,9,110.63,22.3,5.149,539.5,222.0,8.47,1,1.1,100,110.00000000000001
227,1,10,10,94.96,26.1,5.149,771.5,346.0,9.03,1,1.1,100,110.00000000000001
228,1,10,11,88.5,29.5,5.149,920.7,426.0,9.25,1,1.1,100,110.00000000000001
229,1,10,12,82.22,32.5,5.149,981.4,451.0,9.81,1,1.1,100,110.00000000000001
230,1,10,13,83.9,34.2,5.149,962.9,422.0,9.0,1,1.1,100,110.00000000000001
231,1,10,14,87.39,34.3,5.149,870.8,338.0,8.49,1,1.1,100,110.00000000000001
232,1,10,15,99.75,32.5,5.149,759.9,212.0,7.94,1,1.1,100,110.00000000000001
233,1,10,16,109.59,28.2,5.149,0.0,67.0,6.04,1,1.1,100,110.00000000000001
234,1,10,17,139.94,25.7,5.149,0.0,0.0,5.67,0,1.1,80,88.0
235,1,10,18,119.05,25.9,5.149,0.0,0.0,5.66,0,1.1,80,88.0
236,1,10,19,114.98,25.7,5.149,0.0,0.0,4.93,0,1.1,80,88.0
237,1,10,20,121.01,25.3,5.149,0.0,0.0,3.61,0,1.1,80,88.0
238,1,10,21,109.83,25.0,5.149,0.0,0.0,3.7,0,1.1,80,88.0
239,1,10,22,108.56,24.6,5.149,0.0,0.0,1.56,0,1.1,80,88.0
240,1,10,23,100.24,24.1,5.149,0.0,0.0,2.63,0,1.1,80,88.0
241,1,11,0,90.0,23.5,5.149,0.0,0.0,1.77,1,1.1,100,110.00000000000001
242,1,11,1,89.38,23.5,5.149,0.0,0.0,1.94,1,1.1,100,110.00000000000001
243,1,11,2,83.68,22.1,5.149,0.0,0.0,2.75,1,1.1,100,110.00000000000001
244,1,11,3,83.03,22.1,5.149,0.0,0.0,3.39,1,1.1,100,110.00000000000001
245,1,11,4,83.34,22.3,5.149,0.0,0.0,2.9,1,1.1,100,110.00000000000001
246,1,11,5,82.42,22.3,5.149,0.0,0.0,2.51,1,1.1,100,110.00000000000001
247,1,11,6,91.14,22.3,5.149,0.0,0.0,2.54,1,1.1,100,110.00000000000001
248,1,11,7,90.33,22.1,5.149,0.0,0.0,4.18,1,1.1,100,110.00000000000001
249,1,11,8,98.32,23.0,5.149,33.1,37.0,4.61,0,1.1,80,88.0
250,1,11,9,113.28,24.4,5.149,71.5,80.0,2.78,0,1.1,80,88.0
251,1,11,10,96.41,25.9,5.149,256.8,236.0,1.92,0,1.1,80,88.0
252,1,11,11,92.05,27.1,5.149,129.0,142.0,1.29,0,1.1,80,88.0
253,1,11,12,94.56,27.9,5.149,230.8,242.0,1.83,0,1.1,80,88.0
254,1,11,13,90.69,28.0,5.149,183.1,202.0,2.11,0,1.1,80,88.0
255,1,11,14,92.5,27.7,5.149,164.8,181.0,3.0,0,1.1,80,88.0
256,1,11,15,92.89,27.1,5.149,51.8,58.0,3.09,0,1.1,80,88.0
257,1,11,16,96.75,25.7,5.149,0.0,33.0,4.14,0,1.1,80,88.0
258,1,11,17,131.08,24.8,5.149,0.0,0.0,5.18,0,1.1,80,88.0
259,1,11,18,98.79,24.1,5.149,0.0,0.0,4.66,0,1.1,80,88.0
260,1,11,19,101.78,23.2,5.149,0.0,0.0,4.36,0,1.1,80,88.0
261,1,11,20,89.88,22.3,5.149,0.0,0.0,4.95,0,1.1,80,88.0
262,1,11,21,86.61,21.7,5.149,0.0,0.0,4.99,0,1.1,80,88.0
263,1,11,22,83.33,21.4,5.149,0.0,0.0,5.53,0,1.1,80,88.0
264,1,11,23,80.86,21.2,5.149,0.0,0.0,5.15,0,1.1,80,88.0
265,1,12,0,79.91,20.8,5.149,0.0,0.0,5.62,0,1.1,80,88.0
266,1,12,1,80.12,20.7,5.149,0.0,0.0,7.17,0,1.1,80,88.0
267,1,12,2,79.85,20.1,5.149,0.0,0.0,6.12,0,1.1,80,88.0
268,1,12,3,79.36,19.8,5.149,0.0,0.0,6.22,0,1.1,80,88.0
269,1,12,4,80.04,19.0,5.149,0.0,0.0,5.19,0,1.1,80,88.0
270,1,12,5,79.77,18.3,5.149,0.0,0.0,4.79,0,1.1,80,88.0
271,1,12,6,79.05,17.6,5.149,0.0,0.0,4.35,0,1.1,80,88.0
272,1,12,7,79.92,17.6,5.149,0.0,0.0,4.62,1,1.1,100,110.00000000000001
273,1,12,8,79.89,21.7,5.149,68.5,62.0,5.53,1,1.1,100,110.00000000000001
274,1,12,9,77.97,26.6,5.149,153.2,160.0,6.01,1,1.1,100,110.00000000000001
275,1,12,10,73.3,30.2,5.149,279.8,269.0,6.78,1,1.1,100,110.00000000000001
276,1,12,11,71.17,32.7,5.149,936.1,442.0,6.82,1,1.1,100,110.00000000000001
277,1,12,12,68.91,34.3,5.149,1001.8,470.0,7.11,1,1.1,100,110.00000000000001
278,1,12,13,73.57,35.2,5.149,979.1,439.0,7.54,1,1.1,100,110.00000000000001
279,1,12,14,75.16,34.9,5.149,877.5,351.0,7.94,1,1.1,100,110.00000000000001
280,1,12,15,79.94,32.5,5.149,753.9,221.0,8.3,0,1.1,80,88.0
281,1,12,16,89.51,26.2,5.149,0.0,71.0,6.89,0,1.1,80,88.0
282,1,12,17,113.27,23.9,5.149,0.0,0.0,8.55,0,1.1,80,88.0
283,1,12,18,105.65,23.0,5.149,0.0,0.0,6.96,0,1.1,80,88.0
284,1,12,19,95.0,22.8,5.149,0.0,0.0,7.35,0,1.1,80,88.0
285,1,12,20,90.5,22.6,5.149,0.0,0.0,5.74,0,1.1,80,88.0
286,1,12,21,83.74,22.3,5.149,0.0,0.0,6.31,0,1.1,80,88.0
287,1,12,22,80.64,22.5,5.149,0.0,0.0,8.42,0,1.1,80,88.0
288,1,12,23,80.56,22.1,5.149,0.0,0.0,3.6,0,1.1,80,88.0
289,1,13,0,90.69,23.4,5.149,0.0,0.0,2.59,0,1.1,80,88.0
290,1,13,1,91.76,23.7,5.149,0.0,0.0,3.25,0,1.1,80,88.0
291,1,13,2,91.87,23.4,5.149,0.0,0.0,1.73,0,1.1,80,88.0
292,1,13,3,88.72,23.7,5.149,0.0,0.0,3.36,0,1.1,80,88.0
293,1,13,4,89.06,23.9,5.149,0.0,0.0,3.27,0,1.1,80,88.0
294,1,13,5,94.41,23.5,5.149,0.0,0.0,3.01,0,1.1,80,88.0
295,1,13,6,94.71,22.3,5.149,0.0,0.0,5.74,0,1.1,80,88.0
296,1,13,7,146.95,21.4,5.149,0.0,0.0,7.78,0,1.1,80,88.0
297,1,13,8,117.67,26.4,5.149,49.2,55.0,7.85,0,1.1,80,88.0
298,1,13,9,86.45,31.5,5.149,68.8,77.0,7.08,1,1.1,100,110.00000000000001
299,1,13,10,86.17,35.6,5.149,113.5,127.0,9.37,1,1.1,100,110.00000000000001
300,1,13,11,83.47,37.0,5.149,110.8,124.0,7.56,1,1.1,100,110.00000000000001
301,1,13,12,82.24,37.6,5.149,111.7,125.0,8.9,1,1.1,100,110.00000000000001
302,1,13,13,83.63,37.6,5.149,398.1,339.0,12.28,1,1.1,100,110.00000000000001
303,1,13,14,86.05,36.7,5.149,94.7,106.0,12.55,1,1.1,100,110.00000000000001
304,1,13,15,89.3,34.5,5.149,41.1,46.0,10.69,1,1.1,100,110.00000000000001
305,1,13,16,95.9,31.6,5.149,0.0,69.0,11.04,1,1.1,100,110.00000000000001
306,1,13,17,146.62,31.3,5.149,0.0,0.0,11.78,0,1.1,80,88.0
307,1,13,18,132.52,30.4,5.149,0.0,0.0,12.86,0,1.1,80,88.0
308,1,13,19,120.51,29.3,5.149,0.0,0.0,13.59,0,1.1,80,88.0
309,1,13,20,115.02,27.9,5.149,0.0,0.0,14.15,0,1.1,80,88.0
310,1,13,21,91.25,27.0,5.149,0.0,0.0,11.54,0,1.1,80,88.0
311,1,13,22,82.26,26.1,5.149,0.0,0.0,11.72,0,1.1,80,88.0
312,1,13,23,80.73,25.5,5.149,0.0,0.0,10.85,0,1.1,80,88.0
313,1,14,0,81.47,25.2,5.149,0.0,0.0,7.81,1,1.1,100,110.00000000000001
314,1,14,1,80.97,24.8,5.149,0.0,0.0,9.74,1,1.1,100,110.00000000000001
315,1,14,2,80.81,24.4,5.149,0.0,0.0,8.55,1,1.1,100,110.00000000000001
316,1,14,3,80.85,23.9,5.149,0.0,0.0,8.08,1,1.1,100,110.00000000000001
317,1,14,4,81.62,23.4,5.149,0.0,0.0,6.69,1,1.1,100,110.00000000000001
318,1,14,5,87.43,23.0,5.149,0.0,0.0,8.11,1,1.1,100,110.00000000000001
319,1,14,6,107.96,22.6,5.149,0.0,0.0,7.33,1,1.1,100,110.00000000000001
320,1,14,7,134.59,22.6,5.149,0.0,0.0,8.31,1,1.1,100,110.00000000000001
321,1,14,8,100.51,23.9,5.149,205.1,81.0,6.06,0,1.1,80,88.0
322,1,14,9,81.28,25.2,5.149,537.8,235.0,8.89,0,1.1,80,88.0
323,1,14,10,88.0,26.1,5.149,785.2,367.0,7.98,0,1.1,80,88.0
324,1,14,11,87.84,26.6,5.149,945.3,453.0,9.43,0,1.1,80,88.0
325,1,14,12,83.61,26.6,5.149,1012.8,482.0,8.98,0,1.1,80,88.0
326,1,14,13,90.0,26.2,5.149,989.4,451.0,7.22,0,1.1,80,88.0
327,1,14,14,98.55,25.3,5.149,892.2,364.0,6.92,0,1.1,80,88.0
328,1,14,15,112.22,23.9,5.149,600.9,227.0,7.3,0,1.1,80,88.0
329,1,14,16,125.99,22.3,5.149,0.0,50.0,6.4,0,1.1,80,88.0
330,1,14,17,154.3,21.4,5.149,0.0,0.0,7.17,0,1.1,80,88.0
331,1,14,18,149.33,21.0,5.149,0.0,0.0,9.62,0,1.1,80,88.0
332,1,14,19,131.91,20.7,5.149,0.0,0.0,8.53,0,1.1,80,88.0
333,1,14,20,125.91,20.5,5.149,0.0,0.0,9.92,0,1.1,80,88.0
334,1,14,21,110.68,20.5,5.149,0.0,0.0,11.58,0,1.1,80,88.0
335,1,14,22,106.03,20.7,5.149,0.0,0.0,14.01,0,1.1,80,88.0
336,1,14,23,101.26,20.7,5.149,0.0,0.0,10.81,0,1.1,80,88.0
337,1,15,0,110.0,20.5,5.149,0.0,0.0,12.24,0,1.1,80,88.0
338,1,15,1,101.87,20.1,5.149,0.0,0.0,11.16,0,1.1,80,88.0
339,1,15,2,101.71,19.8,5.149,0.0,0.0,11.49,0,1.1,80,88.0
340,1,15,3,100.0,19.6,5.149,0.0,0.0,12.59,0,1.1,80,88.0
341,1,15,4,107.25,19.2,5.149,0.0,0.0,13.16,0,1.1,80,88.0
342,1,15,5,113.06,19.0,5.149,0.0,0.0,13.74,0,1.1,80,88.0
343,1,15,6,123.25,18.5,5.149,0.0,0.0,13.99,0,1.1,80,88.0
344,1,15,7,162.85,18.1,5.149,0.0,0.0,13.72,0,1.1,80,88.0
345,1,15,8,128.97,19.0,5.149,53.3,56.0,12.19,1,1.1,100,110.00000000000001
346,1,15,9,106.83,20.3,5.149,552.7,240.0,12.48,1,1.1,100,110.00000000000001
347,1,15,10,105.22,21.7,5.149,656.6,344.0,12.2,1,1.1,100,110.00000000000001
348,1,15,11,103.01,23.0,5.149,542.6,384.0,11.17,1,1.1,100,110.00000000000001
349,1,15,12,99.19,23.5,5.149,266.4,286.0,10.47,1,1.1,100,110.00000000000001
350,1,15,13,99.9,23.4,5.149,263.7,277.0,11.5,1,1.1,100,110.00000000000001
351,1,15,14,109.65,22.8,5.149,163.8,180.0,11.89,1,1.1,100,110.00000000000001
352,1,15,15,132.37,22.1,5.149,132.3,143.0,11.36,1,1.1,100,110.00000000000001
353,1,15,16,152.08,21.0,5.149,0.0,49.0,11.08,0,1.1,80,88.0
354,1,15,17,182.95,20.1,5.149,0.0,0.0,12.82,0,1.1,80,88.0
355,1,15,18,175.59,19.6,5.149,0.0,0.0,13.44,0,1.1,80,88.0
356,1,15,19,162.83,19.0,5.149,0.0,0.0,15.51,0,1.1,80,88.0
357,1,15,20,169.28,18.0,5.149,0.0,0.0,12.89,0,1.1,80,88.0
358,1,15,21,142.03,16.3,5.149,0.0,0.0,14.39,0,1.1,80,88.0
359,1,15,22,133.58,14.9,5.149,0.0,0.0,14.57,0,1.1,80,88.0
360,1,15,23,127.9,13.6,5.149,0.0,0.0,14.24,0,1.1,80,88.0
361,1,16,0,135.0,12.7,5.149,0.0,0.0,13.92,0,1.1,80,88.0
362,1,16,1,129.8,12.4,5.149,0.0,0.0,14.3,0,1.1,80,88.0
363,1,16,2,129.91,12.2,5.149,0.0,0.0,11.45,0,1.1,80,88.0
364,1,16,3,129.32,12.2,5.149,0.0,0.0,12.19,0,1.1,80,88.0
365,1,16,4,140.85,12.6,5.149,0.0,0.0,11.78,0,1.1,80,88.0
366,1,16,5,142.06,12.9,5.149,0.0,0.0,13.31,0,1.1,80,88.0
367,1,16,6,179.65,13.3,5.149,0.0,0.0,11.9,0,1.1,80,88.0
368,1,16,7,204.41,14.2,5.149,0.0,0.0,9.66,0,1.1,80,88.0
369,1,16,8,172.27,18.7,5.149,21.4,24.0,11.46,1,1.1,100,110.00000000000001
370,1,16,9,142.34,22.5,5.149,429.2,230.0,9.83,1,1.1,100,110.00000000000001
371,1,16,10,127.7,25.0,5.149,379.6,295.0,11.36,1,1.1,100,110.00000000000001
372,1,16,11,122.46,26.2,5.149,721.6,415.0,13.18,1,1.1,100,110.00000000000001
373,1,16,12,121.22,27.0,5.149,997.7,482.0,15.14,1,1.1,100,110.00000000000001
374,1,16,13,127.95,27.1,5.149,558.8,376.0,13.14,1,1.1,100,110.00000000000001
375,1,16,14,127.14,26.8,5.149,282.9,252.0,12.87,1,1.1,100,110.00000000000001
376,1,16,15,145.65,25.5,5.149,103.3,107.0,11.64,1,1.1,100,110.00000000000001
377,1,16,16,176.95,23.2,5.149,0.0,48.0,14.21,0,1.1,80,88.0
378,1,16,17,203.74,22.1,5.149,0.0,0.0,14.38,0,1.1,80,88.0
379,1,16,18,175.57,21.7,5.149,0.0,0.0,13.37,0,1.1,80,88.0
380,1,16,19,164.88,21.6,5.149,0.0,0.0,8.25,0,1.1,80,88.0
381,1,16,20,149.63,21.4,5.149,0.0,0.0,9.35,0,1.1,80,88.0
382,1,16,21,142.5,21.2,5.149,0.0,0.0,11.44,0,1.1,80,88.0
383,1,16,22,141.8,20.8,5.149,0.0,0.0,12.5,0,1.1,80,88.0
384,1,16,23,133.48,20.3,5.149,0.0,0.0,13.5,0,1.1,80,88.0
385,1,17,0,144.28,19.6,5.149,0.0,0.0,13.21,0,1.1,80,88.0
386,1,17,1,124.2,18.3,5.149,0.0,0.0,15.69,0,1.1,80,88.0
387,1,17,2,122.37,16.7,5.149,0.0,0.0,13.34,0,1.1,80,88.0
388,1,17,3,122.06,16.0,5.149,0.0,0.0,12.76,0,1.1,80,88.0
389,1,17,4,125.01,15.6,5.149,0.0,0.0,10.84,0,1.1,80,88.0
390,1,17,5,140.98,15.4,5.149,0.0,0.0,9.31,0,1.1,80,88.0
391,1,17,6,200.75,15.4,5.149,0.0,0.0,9.77,0,1.1,80,88.0
392,1,17,7,225.0,16.2,5.149,0.0,0.0,9.62,0,1.1,80,88.0
393,1,17,8,228.38,20.7,5.149,16.1,18.0,9.26,0,1.1,80,88.0
394,1,17,9,151.36,25.2,5.149,526.9,236.0,8.61,1,1.1,100,110.00000000000001
395,1,17,10,122.55,29.1,5.149,351.3,299.0,6.11,1,1.1,100,110.00000000000001
396,1,17,11,113.04,32.0,5.149,944.3,458.0,3.64,1,1.1,100,110.00000000000001
397,1,17,12,107.9,33.6,5.149,499.4,399.0,7.93,1,1.1,100,110.00000000000001
398,1,17,13,106.5,34.2,5.149,982.4,457.0,9.35,1,1.1,100,110.00000000000001
399,1,17,14,116.73,34.0,5.149,876.0,368.0,8.69,1,1.1,100,110.00000000000001
400,1,17,15,135.85,32.2,5.149,139.3,151.0,9.14,1,1.1,100,110.00000000000001
401,1,17,16,134.08,27.0,5.149,0.0,23.0,5.44,1,1.1,100,110.00000000000001
402,1,17,17,164.53,24.3,5.149,0.0,0.0,3.93,0,1.1,80,88.0
403,1,17,18,148.14,23.0,5.149,0.0,0.0,5.34,0,1.1,80,88.0
404,1,17,19,137.77,22.1,5.149,0.0,0.0,6.63,0,1.1,80,88.0
405,1,17,20,130.93,22.5,5.149,0.0,0.0,6.42,0,1.1,80,88.0
406,1,17,21,124.17,23.2,5.149,0.0,0.0,7.24,0,1.1,80,88.0
407,1,17,22,121.84,23.2,5.149,0.0,0.0,10.53,0,1.1,80,88.0
408,1,17,23,115.22,23.4,5.149,0.0,0.0,12.48,0,1.1,80,88.0
409,1,18,0,150.62,24.1,5.149,0.0,0.0,10.34,0,1.1,80,88.0
410,1,18,1,163.46,24.3,5.149,0.0,0.0,11.41,0,1.1,80,88.0
411,1,18,2,143.35,24.4,5.149,0.0,0.0,11.11,1,1.1,100,110.00000000000001
412,1,18,3,138.72,24.4,5.149,0.0,0.0,11.18,1,1.1,100,110.00000000000001
413,1,18,4,138.73,24.6,5.149,0.0,0.0,12.48,1,1.1,100,110.00000000000001
414,1,18,5,142.26,25.2,5.149,0.0,0.0,14.02,1,1.1,100,110.00000000000001
415,1,18,6,136.39,25.3,5.149,0.0,0.0,12.5,1,1.1,100,110.00000000000001
416,1,18,7,145.68,26.2,5.149,0.0,0.0,15.88,1,1.1,100,110.00000000000001
417,1,18,8,148.5,29.3,5.149,105.8,75.0,16.13,1,1.1,100,110.00000000000001
418,1,18,9,157.33,33.1,5.149,224.7,182.0,17.01,1,1.1,100,110.00000000000001
419,1,18,10,201.57,36.7,5.149,420.6,296.0,17.09,0,1.1,80,88.0
420,1,18,11,198.72,38.7,5.149,209.9,222.0,14.87,0,1.1,80,88.0
421,1,18,12,190.34,38.8,5.149,136.1,150.0,18.98,0,1.1,80,88.0
422,1,18,13,193.19,38.7,5.149,130.0,143.0,18.06,0,1.1,80,88.0
423,1,18,14,193.3,38.1,5.149,126.8,139.0,12.51,0,1.1,80,88.0
424,1,18,15,201.55,37.4,5.149,50.0,56.0,11.58,0,1.1,80,88.0
425,1,18,16,214.51,36.5,5.149,0.0,65.0,12.96,0,1.1,80,88.0
426,1,18,17,216.48,35.4,5.149,0.0,0.0,14.71,0,1.1,80,88.0
427,1,18,18,166.99,34.9,5.149,0.0,0.0,15.48,0,1.1,80,88.0
428,1,18,19,161.48,34.5,5.149,0.0,0.0,14.84,0,1.1,80,88.0
429,1,18,20,147.49,34.2,5.149,0.0,0.0,14.62,0,1.1,80,88.0
430,1,18,21,131.01,33.8,5.149,0.0,0.0,11.75,0,1.1,80,88.0
431,1,18,22,114.25,34.0,5.149,0.0,0.0,9.64,0,1.1,80,88.0
432,1,18,23,128.83,34.3,5.149,0.0,0.0,9.52,0,1.1,80,88.0
433,1,19,0,118.32,34.3,5.149,0.0,0.0,10.18,1,1.1,100,110.00000000000001
434,1,19,1,110.94,34.3,5.149,0.0,0.0,10.82,1,1.1,100,110.00000000000001
435,1,19,2,102.0,34.2,5.149,0.0,0.0,10.31,1,1.1,100,110.00000000000001
436,1,19,3,95.55,33.3,5.149,0.0,0.0,9.83,1,1.1,100,110.00000000000001
437,1,19,4,96.51,32.2,5.149,0.0,0.0,9.77,1,1.1,100,110.00000000000001
438,1,19,5,101.42,31.6,5.149,0.0,0.0,10.64,1,1.1,100,110.00000000000001
439,1,19,6,105.8,31.3,5.149,0.0,0.0,7.91,1,1.1,100,110.00000000000001
440,1,19,7,108.44,30.7,5.149,0.0,0.0,3.54,1,1.1,100,110.00000000000001
441,1,19,8,147.09,30.9,5.149,201.7,84.0,6.16,0,1.1,80,88.0
442,1,19,9,176.35,32.4,5.149,527.2,238.0,2.38,0,1.1,80,88.0
443,1,19,10,170.03,34.2,5.149,135.8,152.0,2.11,0,1.1,80,88.0
444,1,19,11,162.54,35.6,5.149,135.8,152.0,2.0,0,1.1,80,88.0
445,1,19,12,183.27,36.5,5.149,92.1,103.0,3.01,0,1.1,80,88.0
446,1,19,13,196.84,36.1,5.149,120.7,135.0,3.44,0,1.1,80,88.0
447,1,19,14,203.27,34.5,5.149,162.7,179.0,3.5,0,1.1,80,88.0
448,1,19,15,223.8,31.8,5.149,26.8,30.0,3.02,0,1.1,80,88.0
449,1,19,16,218.72,29.1,5.149,0.0,85.0,4.95,0,1.1,80,88.0
450,1,19,17,256.97,26.6,5.149,0.0,0.0,5.88,0,1.1,80,88.0
451,1,19,18,222.13,24.6,5.149,0.0,0.0,4.84,0,1.1,80,88.0
452,1,19,19,195.16,23.0,5.149,0.0,0.0,5.67,0,1.1,80,88.0
453,1,19,20,184.13,21.6,5.149,0.0,0.0,4.46,0,1.1,80,88.0
454,1,19,21,183.25,20.3,5.149,0.0,0.0,4.44,0,1.1,80,88.0
455,1,19,22,182.67,19.2,5.149,0.0,0.0,7.81,0,1.1,80,88.0
456,1,19,23,168.85,18.1,5.149,0.0,0.0,5.14,0,1.1,80,88.0
457,1,20,0,169.66,17.1,5.149,0.0,0.0,5.88,1,1.1,100,110.00000000000001
458,1,20,1,160.92,16.0,5.149,0.0,0.0,5.69,1,1.1,100,110.00000000000001
459,1,20,2,158.03,15.1,5.149,0.0,0.0,3.94,1,1.1,100,110.00000000000001
460,1,20,3,157.66,14.4,5.149,0.0,0.0,5.07,1,1.1,100,110.00000000000001
461,1,20,4,143.27,13.8,5.149,0.0,0.0,5.24,1,1.1,100,110.00000000000001
462,1,20,5,163.45,12.7,5.149,0.0,0.0,5.14,1,1.1,100,110.00000000000001
463,1,20,6,170.46,11.8,5.149,0.0,0.0,4.47,1,1.1,100,110.00000000000001
464,1,20,7,201.21,11.1,5.149,0.0,0.0,3.75,1,1.1,100,110.00000000000001
465,1,20,8,204.49,12.7,5.149,261.7,98.0,2.37,0,1.1,80,88.0
466,1,20,9,214.42,15.1,5.149,156.9,170.0,2.03,0,1.1,80,88.0
467,1,20,10,221.09,17.2,5.149,267.7,278.0,1.75,0,1.1,80,88.0
468,1,20,11,210.53,18.7,5.149,999.6,487.0,2.24,0,1.1,80,88.0
469,1,20,12,202.96,19.4,5.149,1070.9,520.0,1.19,0,1.1,80,88.0
470,1,20,13,200.45,19.4,5.149,228.7,253.0,5.68,0,1.1,80,88.0
471,1,20,14,215.96,18.5,5.149,236.8,250.0,6.12,0,1.1,80,88.0
472,1,20,15,219.02,17.4,5.149,92.9,104.0,7.11,0,1.1,80,88.0
473,1,20,16,217.03,15.6,5.149,0.0,104.0,7.23,0,1.1,80,88.0
474,1,20,17,277.93,14.2,5.149,0.0,0.0,6.41,0,1.1,80,88.0
475,1,20,18,272.97,13.5,5.149,0.0,0.0,3.77,0,1.1,80,88.0
476,1,20,19,239.17,12.9,5.149,0.0,0.0,6.9,0,1.1,80,88.0
477,1,20,20,233.29,12.4,5.149,0.0,0.0,8.23,0,1.1,80,88.0
478,1,20,21,223.87,11.7,5.149,0.0,0.0,9.18,0,1.1,80,88.0
479,1,20,22,209.96,11.3,5.149,0.0,0.0,5.41,0,1.1,80,88.0
480,1,20,23,201.1,10.6,5.149,0.0,0.0,7.66,0,1.1,80,88.0
481,1,21,0,173.91,10.0,5.149,0.0,0.0,8.5,1,1.1,100,110.00000000000001
482,1,21,1,159.78,8.4,5.149,0.0,0.0,9.15,1,1.1,100,110.00000000000001
483,1,21,2,172.39,6.3,5.149,0.0,0.0,9.28,1,1.1,100,110.00000000000001
484,1,21,3,169.86,5.5,5.149,0.0,0.0,8.6,1,1.1,100,110.00000000000001
485,1,21,4,188.11,5.4,5.149,0.0,0.0,7.73,1,1.1,100,110.00000000000001
486,1,21,5,190.52,5.0,5.149,0.0,0.0,7.42,1,1.1,100,110.00000000000001
487,1,21,6,238.09,4.1,5.149,0.0,0.0,5.78,1,1.1,100,110.00000000000001
488,1,21,7,257.71,4.1,5.149,0.0,0.0,6.49,1,1.1,100,110.00000000000001
489,1,21,8,226.68,8.1,5.149,11.6,13.0,7.46,0,1.1,80,88.0
490,1,21,9,216.2,12.4,5.149,291.6,201.0,5.62,0,1.1,80,88.0
491,1,21,10,218.88,14.7,5.149,606.2,331.0,5.28,0,1.1,80,88.0
492,1,21,11,201.96,16.0,5.149,621.1,399.0,6.22,0,1.1,80,88.0
493,1,21,12,200.05,16.3,5.149,378.3,354.0,5.94,0,1.1,80,88.0
494,1,21,13,213.09,16.2,5.149,388.4,348.0,5.04,0,1.1,80,88.0
495,1,21,14,224.1,15.6,5.149,274.1,267.0,6.29,0,1.1,80,88.0
496,1,21,15,241.05,14.5,5.149,182.6,171.0,6.24,0,1.1,80,88.0
497,1,21,16,247.78,12.2,5.149,0.0,15.0,7.2,0,1.1,80,88.0
498,1,21,17,282.91,10.6,5.149,0.0,0.0,9.19,0,1.1,80,88.0
499,1,21,18,275.3,9.5,5.149,0.0,0.0,9.26,0,1.1,80,88.0
500,1,21,19,246.48,8.2,5.149,0.0,0.0,10.08,0,1.1,80,88.0
501,1,21,20,241.28,7.0,5.149,0.0,0.0,10.46,0,1.1,80,88.0
502,1,21,21,230.0,6.1,5.149,0.0,0.0,9.42,0,1.1,80,88.0
503,1,21,22,231.96,5.2,5.149,0.0,0.0,9.55,0,1.1,80,88.0
504,1,21,23,217.5,4.1,5.149,0.0,0.0,5.39,0,1.1,80,88.0
505,1,22,0,180.18,3.0,5.149,0.0,0.0,5.3,0,1.1,80,88.0
506,1,22,1,170.96,2.3,5.149,0.0,0.0,5.21,0,1.1,80,88.0
507,1,22,2,165.8,1.6,5.149,0.0,0.0,5.67,0,1.1,80,88.0
508,1,22,3,170.63,1.0,5.149,0.0,0.0,6.41,0,1.1,80,88.0
509,1,22,4,185.98,0.7,5.149,0.0,0.0,5.05,0,1.1,80,88.0
510,1,22,5,211.49,0.3,5.149,0.0,0.0,3.83,0,1.1,80,88.0
511,1,22,6,242.25,0.1,5.149,0.0,0.0,1.69,0,1.1,80,88.0
512,1,22,7,289.2,1.0,5.149,0.0,0.0,4.2,0,1.1,80,88.0
513,1,22,8,247.24,5.7,5.149,268.3,104.0,5.09,0,1.1,80,88.0
514,1,22,9,215.58,10.6,5.149,591.3,265.0,4.43,1,1.1,100,110.00000000000001
515,1,22,10,182.18,13.5,5.149,838.3,403.0,4.27,1,1.1,100,110.00000000000001
516,1,22,11,169.26,15.6,5.149,999.8,494.0,4.55,1,1.1,100,110.00000000000001
517,1,22,12,167.97,17.2,5.149,1053.7,519.0,6.04,1,1.1,100,110.00000000000001
518,1,22,13,160.92,18.0,5.149,1034.7,491.0,6.11,1,1.1,100,110.00000000000001
519,1,22,14,167.23,18.0,5.149,937.7,405.0,6.37,1,1.1,100,110.00000000000001
520,1,22,15,177.13,16.3,5.149,780.4,266.0,7.02,1,1.1,100,110.00000000000001
521,1,22,16,193.82,13.1,5.149,644.8,107.0,7.45,1,1.1,100,110.00000000000001
522,1,22,17,241.98,11.8,5.149,0.0,0.0,7.37,0,1.1,80,88.0
523,1,22,18,241.14,12.2,5.149,0.0,0.0,7.37,0,1.1,80,88.0
524,1,22,19,220.81,12.2,5.149,0.0,0.0,5.85,0,1.1,80,88.0
525,1,22,20,216.88,12.4,5.149,0.0,0.0,4.98,0,1.1,80,88.0
526,1,22,21,202.88,12.4,5.149,0.0,0.0,4.8,0,1.1,80,88.0
527,1,22,22,203.71,12.4,5.149,0.0,0.0,4.4,0,1.1,80,88.0
528,1,22,23,186.34,12.2,5.149,0.0,0.0,0.62,0,1.1,80,88.0
529,1,23,0,164.45,11.5,5.149,0.0,0.0,0.86,0,1.1,80,88.0
530,1,23,1,162.98,10.2,5.149,0.0,0.0,1.33,0,1.1,80,88.0
531,1,23,2,159.67,8.6,5.149,0.0,0.0,3.76,0,1.1,80,88.0
532,1,23,3,159.94,8.1,5.149,0.0,0.0,5.82,0,1.1,80,88.0
533,1,23,4,164.77,9.1,5.149,0.0,0.0,3.59,0,1.1,80,88.0
534,1,23,5,167.42,10.0,5.149,0.0,0.0,5.85,0,1.1,80,88.0
535,1,23,6,213.19,10.4,5.149,0.0,0.0,8.97,0,1.1,80,88.0
536,1,23,7,239.65,11.1,5.149,0.0,0.0,8.02,0,1.1,80,88.0
537,1,23,8,227.47,13.8,5.149,236.3,97.0,10.78,0,1.1,80,88.0
538,1,23,9,201.98,17.1,5.149,491.8,216.0,6.56,0,1.1,80,88.0
539,1,23,10,175.77,20.3,5.149,294.3,295.0,9.31,1,1.1,100,110.00000000000001
540,1,23,11,151.6,22.8,5.149,659.3,408.0,9.03,1,1.1,100,110.00000000000001
541,1,23,12,145.57,24.6,5.149,493.4,401.0,7.64,1,1.1,100,110.00000000000001
542,1,23,13,144.63,25.5,5.149,714.8,412.0,8.5,1,1.1,100,110.00000000000001
543,1,23,14,144.68,25.5,5.149,959.1,416.0,12.0,1,1.1,100,110.00000000000001
544,1,23,15,156.29,23.9,5.149,817.0,280.0,13.26,1,1.1,100,110.00000000000001
545,1,23,16,178.42,18.0,5.149,681.0,113.0,13.79,1,1.1,100,110.00000000000001
546,1,23,17,201.6,13.8,5.149,0.0,0.0,14.65,1,1.1,100,110.00000000000001
547,1,23,18,198.63,12.7,5.149,0.0,0.0,17.28,0,1.1,80,88.0
548,1,23,19,184.05,12.0,5.149,0.0,0.0,15.8,0,1.1,80,88.0
549,1,23,20,167.75,11.7,5.149,0.0,0.0,16.08,0,1.1,80,88.0
550,1,23,21,149.96,11.7,5.149,0.0,0.0,14.42,0,1.1,80,88.0
551,1,23,22,145.76,12.0,5.149,0.0,0.0,13.57,0,1.1,80,88.0
552,1,23,23,140.98,12.4,5.149,0.0,0.0,15.37,0,1.1,80,88.0
553,1,24,0,156.55,12.6,5.149,0.0,0.0,14.75,0,1.1,80,88.0
554,1,24,1,158.51,12.7,5.149,0.0,0.0,13.44,0,1.1,80,88.0
555,1,24,2,133.23,13.3,5.149,0.0,0.0,16.8,0,1.1,80,88.0
556,1,24,3,147.82,13.5,5.149,0.0,0.0,12.58,0,1.1,80,88.0
557,1,24,4,154.69,13.6,5.149,0.0,0.0,12.32,0,1.1,80,88.0
558,1,24,5,175.6,14.0,5.149,0.0,0.0,10.54,0,1.1,80,88.0
559,1,24,6,210.47,14.2,5.149,0.0,0.0,13.4,0,1.1,80,88.0
560,1,24,7,212.33,15.1,5.149,0.0,0.0,11.88,0,1.1,80,88.0
561,1,24,8,188.43,19.4,5.149,219.8,97.0,8.46,0,1.1,80,88.0
562,1,24,9,157.45,23.2,5.149,486.0,223.0,14.47,1,1.1,100,110.00000000000001
563,1,24,10,152.16,25.7,5.149,290.1,295.0,12.31,1,1.1,100,110.00000000000001
564,1,24,11,126.17,27.0,5.149,954.6,486.0,13.11,1,1.1,100,110.00000000000001
565,1,24,12,125.32,27.3,5.149,1028.6,520.0,11.98,1,1.1,100,110.00000000000001
566,1,24,13,121.25,27.3,5.149,206.5,231.0,12.94,1,1.1,100,110.00000000000001
567,1,24,14,124.7,26.8,5.149,163.6,183.0,14.11,1,1.1,100,110.00000000000001
568,1,24,15,135.41,25.5,5.149,94.7,106.0,14.85,1,1.1,100,110.00000000000001
569,1,24,16,153.23,22.5,5.149,102.1,86.0,15.16,1,1.1,100,110.00000000000001
570,1,24,17,178.78,19.8,5.149,0.0,0.0,13.61,0,1.1,80,88.0
571,1,24,18,176.46,17.6,5.149,0.0,0.0,12.86,0,1.1,80,88.0
572,1,24,19,154.56,16.0,5.149,0.0,0.0,11.31,0,1.1,80,88.0
573,1,24,20,151.95,14.5,5.149,0.0,0.0,12.97,0,1.1,80,88.0
574,1,24,21,148.11,13.6,5.149,0.0,0.0,10.74,0,1.1,80,88.0
575,1,24,22,156.74,13.1,5.149,0.0,0.0,10.99,0,1.1,80,88.0
576,1,24,23,161.0,12.6,5.149,0.0,0.0,10.04,0,1.1,80,88.0
577,1,25,0,164.12,12.0,5.149,0.0,0.0,10.18,0,1.1,80,88.0
578,1,25,1,157.24,12.0,5.149,0.0,0.0,9.36,0,1.1,80,88.0
579,1,25,2,155.6,11.8,5.149,0.0,0.0,10.52,0,1.1,80,88.0
580,1,25,3,157.96,11.7,5.149,0.0,0.0,8.79,0,1.1,80,88.0
581,1,25,4,160.3,11.3,5.149,0.0,0.0,6.67,0,1.1,80,88.0
582,1,25,5,152.63,10.9,5.149,0.0,0.0,4.17,0,1.1,80,88.0
583,1,25,6,158.83,10.4,5.149,0.0,0.0,3.54,0,1.1,80,88.0
584,1,25,7,208.72,11.3,5.149,0.0,0.0,1.12,0,1.1,80,88.0
585,1,25,8,198.48,16.5,5.149,261.1,107.0,1.61,0,1.1,80,88.0
586,1,25,9,182.08,21.2,5.149,524.2,230.0,1.14,1,1.1,100,110.00000000000001
587,1,25,10,163.66,23.9,5.149,294.5,298.0,1.29,1,1.1,100,110.00000000000001
588,1,25,11,140.7,25.5,5.149,439.9,401.0,4.44,1,1.1,100,110.00000000000001
589,1,25,12,126.67,26.6,5.149,219.0,245.0,6.21,1,1.1,100,110.00000000000001
590,1,25,13,120.66,27.3,5.149,381.8,371.0,7.43,1,1.1,100,110.00000000000001
591,1,25,14,143.05,27.1,5.149,185.9,205.0,7.16,1,1.1,100,110.00000000000001
592,1,25,15,148.46,25.7,5.149,175.4,170.0,7.64,1,1.1,100,110.00000000000001
593,1,25,16,185.61,23.5,5.149,687.0,114.0,7.92,1,1.1,100,110.00000000000001
594,1,25,17,212.75,21.9,5.149,0.0,0.0,8.84,0,1.1,80,88.0
595,1,25,18,178.47,19.8,5.149,0.0,0.0,8.47,0,1.1,80,88.0
596,1,25,19,167.42,18.3,5.149,0.0,0.0,11.45,0,1.1,80,88.0
597,1,25,20,166.88,17.4,5.149,0.0,0.0,12.37,0,1.1,80,88.0
598,1,25,21,157.02,16.7,5.149,0.0,0.0,11.67,0,1.1,80,88.0
599,1,25,22,135.15,16.3,5.149,0.0,0.0,10.7,0,1.1,80,88.0
600,1,25,23,126.75,16.2,5.149,0.0,0.0,8.32,0,1.1,80,88.0
601,1,26,0,113.13,15.6,5.149,0.0,0.0,8.06,0,1.1,80,88.0
602,1,26,1,112.6,16.0,5.149,0.0,0.0,3.76,0,1.1,80,88.0
603,1,26,2,111.8,17.2,5.149,0.0,0.0,3.12,0,1.1,80,88.0
604,1,26,3,110.08,18.3,5.149,0.0,0.0,2.51,0,1.1,80,88.0
605,1,26,4,111.05,18.7,5.149,0.0,0.0,1.58,0,1.1,80,88.0
606,1,26,5,116.36,19.9,5.149,0.0,0.0,5.94,0,1.1,80,88.0
607,1,26,6,112.28,21.2,5.149,0.0,0.0,11.67,0,1.1,80,88.0
608,1,26,7,116.67,22.5,5.149,0.0,0.0,12.65,1,1.1,100,110.00000000000001
609,1,26,8,116.97,27.0,5.149,70.0,75.0,14.07,1,1.1,100,110.00000000000001
610,1,26,9,134.43,30.9,5.149,178.3,187.0,14.39,1,1.1,100,110.00000000000001
611,1,26,10,112.74,33.1,5.149,263.7,275.0,14.68,1,1.1,100,110.00000000000001
612,1,26,11,105.42,34.3,5.149,489.8,410.0,15.14,1,1.1,100,110.00000000000001
613,1,26,12,100.56,34.7,5.149,205.6,230.0,14.42,1,1.1,100,110.00000000000001
614,1,26,13,99.8,34.3,5.149,425.0,387.0,18.1,1,1.1,100,110.00000000000001
615,1,26,14,103.87,33.4,5.149,118.9,133.0,20.97,1,1.1,100,110.00000000000001
616,1,26,15,119.55,32.4,5.149,175.0,184.0,24.78,0,1.1,80,88.0
617,1,26,16,136.89,30.6,5.149,30.4,34.0,19.83,0,1.1,80,88.0
618,1,26,17,175.57,29.3,5.149,0.0,0.0,15.17,0,1.1,80,88.0
619,1,26,18,168.51,28.4,5.149,0.0,0.0,12.52,0,1.1,80,88.0
620,1,26,19,153.13,27.5,5.149,0.0,0.0,13.93,0,1.1,80,88.0
621,1,26,20,124.94,26.4,5.149,0.0,0.0,16.13,0,1.1,80,88.0
622,1,26,21,120.73,25.0,5.149,0.0,0.0,17.05,0,1.1,80,88.0
623,1,26,22,119.18,23.5,5.149,0.0,0.0,14.64,0,1.1,80,88.0
624,1,26,23,113.05,22.1,5.149,0.0,0.0,12.96,0,1.1,80,88.0
625,1,27,0,111.68,20.7,5.149,0.0,0.0,12.48,0,1.1,80,88.0
626,1,27,1,110.87,19.4,5.149,0.0,0.0,11.47,0,1.1,80,88.0
627,1,27,2,108.44,18.5,5.149,0.0,0.0,10.63,0,1.1,80,88.0
628,1,27,3,113.16,18.1,5.149,0.0,0.0,12.12,0,1.1,80,88.0
629,1,27,4,121.02,17.6,5.149,0.0,0.0,11.85,0,1.1,80,88.0
630,1,27,5,135.16,17.2,5.149,0.0,0.0,11.51,0,1.1,80,88.0
631,1,27,6,167.31,17.1,5.149,0.0,0.0,9.65,0,1.1,80,88.0
632,1,27,7,184.13,18.9,5.149,0.0,0.0,8.3,0,1.1,80,88.0
633,1,27,8,164.51,23.2,5.149,251.2,99.0,7.11,0,1.1,80,88.0
634,1,27,9,115.48,26.6,5.149,189.3,197.0,8.27,1,1.1,100,110.00000000000001
635,1,27,10,114.7,29.8,5.149,311.2,307.0,9.24,1,1.1,100,110.00000000000001
636,1,27,11,110.64,32.5,5.149,987.6,502.0,7.82,1,1.1,100,110.00000000000001
637,1,27,12,99.66,34.5,5.149,1057.7,536.0,7.12,1,1.1,100,110.00000000000001
638,1,27,13,99.02,35.4,5.149,1038.7,509.0,6.7,1,1.1,100,110.00000000000001
639,1,27,14,100.44,35.4,5.149,931.1,420.0,8.08,1,1.1,100,110.00000000000001
640,1,27,15,109.91,34.3,5.149,782.4,287.0,6.48,1,1.1,100,110.00000000000001
641,1,27,16,144.27,32.2,5.149,759.3,126.0,5.38,1,1.1,100,110.00000000000001
642,1,27,17,168.27,30.7,5.149,0.0,0.0,3.79,0,1.1,80,88.0
643,1,27,18,168.46,30.2,5.149,0.0,0.0,5.36,0,1.1,80,88.0
644,1,27,19,165.77,29.8,5.149,0.0,0.0,4.35,0,1.1,80,88.0
645,1,27,20,151.99,29.5,5.149,0.0,0.0,4.49,0,1.1,80,88.0
646,1,27,21,135.98,28.9,5.149,0.0,0.0,6.35,0,1.1,80,88.0
647,1,27,22,112.75,28.6,5.149,0.0,0.0,6.17,0,1.1,80,88.0
648,1,27,23,110.56,28.4,5.149,0.0,0.0,7.99,0,1.1,80,88.0
649,1,28,0,98.35,28.6,5.149,0.0,0.0,7.17,1,1.1,100,110.00000000000001
650,1,28,1,99.85,28.9,5.149,0.0,0.0,7.94,1,1.1,100,110.00000000000001
651,1,28,2,96.07,29.1,5.149,0.0,0.0,8.66,1,1.1,100,110.00000000000001
652,1,28,3,96.64,29.1,5.149,0.0,0.0,9.03,1,1.1,100,110.00000000000001
653,1,28,4,97.66,28.9,5.149,0.0,0.0,6.44,1,1.1,100,110.00000000000001
654,1,28,5,105.5,28.8,5.149,0.0,0.0,6.7,1,1.1,100,110.00000000000001
655,1,28,6,115.91,28.8,5.149,0.0,0.0,10.43,1,1.1,100,110.00000000000001
656,1,28,7,175.02,29.1,5.149,0.0,0.0,15.45,1,1.1,100,110.00000000000001
657,1,28,8,157.66,30.4,5.149,34.9,39.0,15.58,0,1.1,80,88.0
658,1,28,9,124.6,29.5,5.149,138.6,148.0,15.44,0,1.1,80,88.0
659,1,28,10,125.06,26.1,5.149,288.9,299.0,15.13,0,1.1,80,88.0
660,1,28,11,118.02,24.1,5.149,559.1,442.0,13.62,0,1.1,80,88.0
661,1,28,12,108.54,23.2,5.149,1098.6,557.0,14.82,0,1.1,80,88.0
662,1,28,13,102.16,22.6,5.149,1064.5,524.0,15.08,0,1.1,80,88.0
663,1,28,14,114.51,21.9,5.149,966.2,438.0,14.62,0,1.1,80,88.0
664,1,28,15,148.36,20.8,5.149,820.2,303.0,12.07,0,1.1,80,88.0
665,1,28,16,166.8,18.0,5.149,73.4,71.0,10.28,0,1.1,80,88.0
666,1,28,17,212.04,15.4,5.149,0.0,0.0,7.81,0,1.1,80,88.0
667,1,28,18,197.5,14.5,5.149,0.0,0.0,6.07,0,1.1,80,88.0
668,1,28,19,186.33,14.7,5.149,0.0,0.0,5.81,0,1.1,80,88.0
669,1,28,20,183.01,16.5,5.149,0.0,0.0,5.37,0,1.1,80,88.0
670,1,28,21,171.25,17.8,5.149,0.0,0.0,5.2,0,1.1,80,88.0
671,1,28,22,167.37,18.0,5.149,0.0,0.0,5.06,0,1.1,80,88.0
672,1,28,23,149.02,18.0,5.149,0.0,0.0,4.92,0,1.1,80,88.0
673,1,29,0,135.56,18.1,5.149,0.0,0.0,4.31,0,1.1,80,88.0
674,1,29,1,133.69,18.7,5.149,0.0,0.0,3.53,0,1.1,80,88.0
675,1,29,2,133.25,19.4,5.149,0.0,0.0,3.72,0,1.1,80,88.0
676,1,29,3,132.35,20.5,5.149,0.0,0.0,3.23,0,1.1,80,88.0
677,1,29,4,136.24,21.4,5.149,0.0,0.0,2.45,0,1.1,80,88.0
678,1,29,5,159.32,22.5,5.149,0.0,0.0,2.5,0,1.1,80,88.0
679,1,29,6,211.08,22.8,5.149,0.0,0.0,4.38,0,1.1,80,88.0
680,1,29,7,228.25,23.7,5.149,0.0,0.0,5.05,0,1.1,80,88.0
681,1,29,8,202.85,27.9,5.149,230.8,106.0,6.21,0,1.1,80,88.0
682,1,29,9,176.3,32.9,5.149,33.1,37.0,7.4,1,1.1,100,110.00000000000001
683,1,29,10,145.15,37.0,5.149,154.6,173.0,8.11,1,1.1,100,110.00000000000001
684,1,29,11,135.66,39.0,5.149,184.1,206.0,10.09,1,1.1,100,110.00000000000001
685,1,29,12,132.74,39.2,5.149,391.3,390.0,10.4,1,1.1,100,110.00000000000001
686,1,29,13,132.42,38.3,5.149,201.5,219.0,9.01,1,1.1,100,110.00000000000001
687,1,29,14,136.63,36.3,5.149,323.2,315.0,10.1,1,1.1,100,110.00000000000001
688,1,29,15,170.74,33.4,5.149,60.8,68.0,10.67,1,1.1,100,110.00000000000001
689,1,29,16,174.15,30.7,5.149,801.5,133.0,12.46,1,1.1,100,110.00000000000001
690,1,29,17,198.67,28.9,5.149,0.0,0.0,12.08,0,1.1,80,88.0
691,1,29,18,186.23,27.3,5.149,0.0,0.0,12.31,0,1.1,80,88.0
692,1,29,19,169.3,25.7,5.149,0.0,0.0,4.84,0,1.1,80,88.0
693,1,29,20,157.37,23.9,5.149,0.0,0.0,7.34,0,1.1,80,88.0
694,1,29,21,135.29,21.9,5.149,0.0,0.0,8.56,0,1.1,80,88.0
695,1,29,22,120.94,20.1,5.149,0.0,0.0,9.42,0,1.1,80,88.0
696,1,29,23,118.81,18.3,5.149,0.0,0.0,10.0,0,1.1,80,88.0
697,1,30,0,129.47,16.9,5.149,0.0,0.0,10.69,0,1.1,80,88.0
698,1,30,1,133.23,16.5,5.149,0.0,0.0,12.46,0,1.1,80,88.0
699,1,30,2,129.51,16.7,5.149,0.0,0.0,12.99,0,1.1,80,88.0
700,1,30,3,139.65,16.3,5.149,0.0,0.0,6.14,0,1.1,80,88.0
701,1,30,4,144.0,15.6,5.149,0.0,0.0,7.69,0,1.1,80,88.0
702,1,30,5,148.74,14.4,5.149,0.0,0.0,6.77,0,1.1,80,88.0
703,1,30,6,184.66,12.6,5.149,0.0,0.0,2.2,0,1.1,80,88.0
704,1,30,7,228.94,11.7,5.149,0.0,0.0,5.42,0,1.1,80,88.0
705,1,30,8,177.33,13.5,5.149,305.8,126.0,7.65,0,1.1,80,88.0
706,1,30,9,132.4,16.2,5.149,629.4,296.0,7.69,1,1.1,100,110.00000000000001
707,1,30,10,120.48,18.9,5.149,742.6,365.0,7.93,1,1.1,100,110.00000000000001
708,1,30,11,110.66,21.0,5.149,522.8,438.0,5.82,1,1.1,100,110.00000000000001
709,1,30,12,100.03,22.5,5.149,1077.5,555.0,5.82,1,1.1,100,110.00000000000001
710,1,30,13,104.34,23.4,5.149,1058.6,529.0,6.3,1,1.1,100,110.00000000000001
711,1,30,14,115.71,23.5,5.149,343.3,328.0,6.22,1,1.1,100,110.00000000000001
712,1,30,15,134.74,22.8,5.149,798.0,305.0,3.72,1,1.1,100,110.00000000000001
713,1,30,16,150.1,19.0,5.149,812.2,140.0,3.84,1,1.1,100,110.00000000000001
714,1,30,17,205.47,15.4,5.149,0.0,0.0,3.94,0,1.1,80,88.0
715,1,30,18,201.24,14.9,5.149,0.0,0.0,3.38,0,1.1,80,88.0
716,1,30,19,191.45,14.9,5.149,0.0,0.0,3.7,0,1.1,80,88.0
717,1,30,20,153.65,15.6,5.149,0.0,0.0,5.3,0,1.1,80,88.0
718,1,30,21,153.82,16.9,5.149,0.0,0.0,9.64,0,1.1,80,88.0
719,1,30,22,128.96,18.0,5.149,0.0,0.0,8.53,0,1.1,80,88.0
720,1,30,23,140.89,19.2,5.149,0.0,0.0,6.6,0,1.1,80,88.0
721,1,31,0,122.24,19.9,5.149,0.0,0.0,5.58,0,1.1,80,88.0
722,1,31,1,117.7,20.3,5.149,0.0,0.0,7.04,0,1.1,80,88.0
723,1,31,2,114.59,20.8,5.149,0.0,0.0,6.98,0,1.1,80,88.0
724,1,31,3,112.04,21.6,5.149,0.0,0.0,7.35,0,1.1,80,88.0
725,1,31,4,112.92,22.6,5.149,0.0,0.0,8.01,0,1.1,80,88.0
726,1,31,5,123.21,23.9,5.149,0.0,0.0,11.82,0,1.1,80,88.0
727,1,31,6,119.13,25.5,5.149,0.0,0.0,11.45,0,1.1,80,88.0
728,1,31,7,138.74,27.3,5.149,0.0,0.0,9.86,0,1.1,80,88.0
729,1,31,8,130.11,29.7,5.149,47.4,53.0,8.69,0,1.1,80,88.0
730,1,31,9,140.61,32.2,5.149,85.8,96.0,10.21,0,1.1,80,88.0
731,1,31,10,139.51,34.2,5.149,136.0,150.0,8.96,0,1.1,80,88.0
732,1,31,11,125.42,35.8,5.149,161.9,179.0,8.61,0,1.1,80,88.0
733,1,31,12,119.71,36.7,5.149,186.8,205.0,8.25,0,1.1,80,88.0
734,1,31,13,125.92,37.2,5.149,106.4,119.0,8.15,0,1.1,80,88.0
735,1,31,14,132.01,36.9,5.149,88.6,97.0,7.45,0,1.1,80,88.0
736,1,31,15,130.36,36.0,5.149,45.6,51.0,7.59,0,1.1,80,88.0
737,1,31,16,120.67,34.9,5.149,5.4,6.0,7.2,1,1.1,100,110.00000000000001
738,1,31,17,139.93,32.2,5.149,0.0,0.0,6.52,1,1.1,100,110.00000000000001
739,1,31,18,129.25,32.2,5.149,0.0,0.0,5.85,1,1.1,100,110.00000000000001
740,1,31,19,115.02,32.2,5.149,0.0,0.0,3.64,1,1.1,100,110.00000000000001
741,1,31,20,99.74,31.6,5.149,0.0,0.0,5.2,1,1.1,100,110.00000000000001
742,1,31,21,97.26,31.8,5.149,0.0,0.0,5.36,1,1.1,100,110.00000000000001
743,1,31,22,87.38,31.6,5.149,0.0,0.0,4.1,1,1.1,100,110.00000000000001
744,1,31,23,86.11,31.5,5.149,0.0,0.0,3.0,1,1.1,100,110.00000000000001
745,2,1,0,88.99,30.9,5.439,0.0,0.0,1.93,1,1.1,100,110.00000000000001
746,2,1,1,86.79,30.6,5.439,0.0,0.0,2.01,1,1.1,100,110.00000000000001
747,2,1,2,86.58,29.8,5.439,0.0,0.0,2.14,1,1.1,100,110.00000000000001
748,2,1,3,86.44,28.8,5.439,0.0,0.0,2.45,1,1.1,100,110.00000000000001
749,2,1,4,86.54,27.7,5.439,0.0,0.0,2.83,1,1.1,100,110.00000000000001
750,2,1,5,86.25,26.1,5.439,0.0,0.0,2.69,1,1.1,100,110.00000000000001
751,2,1,6,85.3,23.5,5.439,0.0,0.0,3.51,1,1.1,100,110.00000000000001
752,2,1,7,95.94,20.1,5.439,0.0,0.0,1.93,1,1.1,100,110.00000000000001
753,2,1,8,99.92,18.1,5.439,14.3,16.0,3.77,0,1.1,80,88.0
754,2,1,9,113.37,18.1,5.439,185.4,198.0,4.63,0,1.1,80,88.0
755,2,1,10,98.25,19.0,5.439,285.2,300.0,4.25,0,1.1,80,88.0
756,2,1,11,88.49,19.9,5.439,370.4,380.0,6.02,0,1.1,80,88.0
757,2,1,12,87.06,20.1,5.439,1108.3,576.0,8.76,0,1.1,80,88.0
758,2,1,13,86.75,19.8,5.439,1091.1,551.0,9.37,0,1.1,80,88.0
759,2,1,14,88.6,18.9,5.439,990.3,464.0,9.03,0,1.1,80,88.0
760,2,1,15,98.91,17.1,5.439,834.1,326.0,8.54,0,1.1,80,88.0
761,2,1,16,121.19,14.4,5.439,814.1,156.0,8.9,0,1.1,80,88.0
762,2,1,17,167.17,10.6,5.439,0.0,0.0,8.52,0,1.1,80,88.0
763,2,1,18,166.75,7.7,5.439,0.0,0.0,8.42,0,1.1,80,88.0
764,2,1,19,166.57,5.9,5.439,0.0,0.0,7.98,0,1.1,80,88.0
765,2,1,20,165.04,4.3,5.439,0.0,0.0,7.89,0,1.1,80,88.0
766,2,1,21,150.62,2.3,5.439,0.0,0.0,9.05,0,1.1,80,88.0
767,2,1,22,146.5,1.2,5.439,0.0,0.0,9.67,0,1.1,80,88.0
768,2,1,23,115.77,0.5,5.439,0.0,0.0,9.78,0,1.1,80,88.0
769,2,2,0,136.93,0.5,5.439,0.0,0.0,9.78,0,1.1,80,88.0
770,2,2,1,135.73,0.9,5.439,0.0,0.0,11.49,0,1.1,80,88.0
771,2,2,2,125.13,0.9,5.439,0.0,0.0,11.0,0,1.1,80,88.0
772,2,2,3,133.92,0.5,5.439,0.0,0.0,9.14,0,1.1,80,88.0
773,2,2,4,143.17,0.1,5.439,0.0,0.0,7.8,0,1.1,80,88.0
774,2,2,5,140.66,0.0,5.439,0.0,0.0,7.98,0,1.1,80,88.0
775,2,2,6,138.2,0.1,5.439,0.0,0.0,6.93,0,1.1,80,88.0
776,2,2,7,152.02,1.0,5.439,0.0,0.0,5.95,0,1.1,80,88.0
777,2,2,8,151.68,5.7,5.439,254.8,110.0,4.5,1,1.1,100,110.00000000000001
778,2,2,9,148.53,10.9,5.439,495.6,236.0,6.11,1,1.1,100,110.00000000000001
779,2,2,10,121.47,13.5,5.439,549.7,339.0,7.71,1,1.1,100,110.00000000000001
780,2,2,11,114.31,15.1,5.439,663.7,422.0,7.7,1,1.1,100,110.00000000000001
781,2,2,12,118.92,16.3,5.439,457.7,403.0,6.52,1,1.1,100,110.00000000000001
782,2,2,13,121.88,17.2,5.439,383.5,361.0,8.81,1,1.1,100,110.00000000000001
783,2,2,14,119.22,17.8,5.439,256.0,261.0,10.1,1,1.1,100,110.00000000000001
784,2,2,15,134.14,17.8,5.439,206.8,200.0,9.26,1,1.1,100,110.00000000000001
785,2,2,16,191.16,16.5,5.439,55.6,55.0,9.6,0,1.1,80,88.0
786,2,2,17,195.21,15.3,5.439,0.0,0.0,8.83,0,1.1,80,88.0
787,2,2,18,189.3,15.8,5.439,0.0,0.0,9.08,0,1.1,80,88.0
788,2,2,19,164.78,16.9,5.439,0.0,0.0,11.48,0,1.1,80,88.0
789,2,2,20,133.06,17.8,5.439,0.0,0.0,14.51,0,1.1,80,88.0
790,2,2,21,132.56,18.1,5.439,0.0,0.0,15.23,0,1.1,80,88.0
791,2,2,22,127.66,18.7,5.439,0.0,0.0,15.27,0,1.1,80,88.0
792,2,2,23,113.97,19.6,5.439,0.0,0.0,16.66,0,1.1,80,88.0
793,2,3,0,107.06,21.9,5.439,0.0,0.0,16.35,0,1.1,80,88.0
794,2,3,1,105.19,22.8,5.439,0.0,0.0,17.2,0,1.1,80,88.0
795,2,3,2,95.03,22.6,5.439,0.0,0.0,15.83,0,1.1,80,88.0
796,2,3,3,95.86,21.9,5.439,0.0,0.0,15.86,0,1.1,80,88.0
797,2,3,4,103.37,20.7,5.439,0.0,0.0,16.38,0,1.1,80,88.0
798,2,3,5,127.2,18.9,5.439,0.0,0.0,15.73,0,1.1,80,88.0
799,2,3,6,131.94,18.5,5.439,0.0,0.0,14.44,0,1.1,80,88.0
800,2,3,7,152.02,20.3,5.439,0.0,0.0,12.06,0,1.1,80,88.0
801,2,3,8,159.75,25.7,5.439,41.1,46.0,14.29,0,1.1,80,88.0
802,2,3,9,125.82,29.5,5.439,154.3,168.0,14.12,1,1.1,100,110.00000000000001
803,2,3,10,100.58,32.7,5.439,312.7,297.0,15.63,1,1.1,100,110.00000000000001
804,2,3,11,91.56,35.1,5.439,778.3,420.0,15.22,1,1.1,100,110.00000000000001
805,2,3,12,88.83,35.8,5.439,754.8,447.0,15.6,1,1.1,100,110.00000000000001
806,2,3,13,89.1,36.0,5.439,518.0,412.0,17.15,1,1.1,100,110.00000000000001
807,2,3,14,93.01,36.0,5.439,614.7,355.0,17.1,1,1.1,100,110.00000000000001
808,2,3,15,97.83,35.4,5.439,141.1,149.0,18.38,1,1.1,100,110.00000000000001
809,2,3,16,115.93,34.0,5.439,77.5,79.0,18.14,1,1.1,100,110.00000000000001
810,2,3,17,134.74,33.6,5.439,0.0,0.0,17.7,0,1.1,80,88.0
811,2,3,18,128.67,34.0,5.439,0.0,0.0,17.09,0,1.1,80,88.0
812,2,3,19,112.79,34.2,5.439,0.0,0.0,16.48,0,1.1,80,88.0
813,2,3,20,93.16,34.3,5.439,0.0,0.0,17.3,0,1.1,80,88.0
814,2,3,21,89.37,34.5,5.439,0.0,0.0,17.85,0,1.1,80,88.0
815,2,3,22,86.09,34.5,5.439,0.0,0.0,18.44,0,1.1,80,88.0
816,2,3,23,83.29,34.3,5.439,0.0,0.0,17.29,0,1.1,80,88.0
817,2,4,0,96.22,34.0,5.439,0.0,0.0,17.26,0,1.1,80,88.0
818,2,4,1,96.17,33.6,5.439,0.0,0.0,17.54,0,1.1,80,88.0
819,2,4,2,95.76,32.9,5.439,0.0,0.0,16.69,0,1.1,80,88.0
820,2,4,3,95.32,32.2,5.439,0.0,0.0,17.83,0,1.1,80,88.0
821,2,4,4,94.82,31.3,5.439,0.0,0.0,18.24,0,1.1,80,88.0
822,2,4,5,95.82,30.4,5.439,0.0,0.0,17.61,0,1.1,80,88.0
823,2,4,6,105.57,29.3,5.439,0.0,0.0,15.79,0,1.1,80,88.0
824,2,4,7,138.2,28.6,5.439,0.0,0.0,11.94,0,1.1,80,88.0
825,2,4,8,114.79,28.9,5.439,10.7,12.0,9.76,1,1.1,100,110.00000000000001
826,2,4,9,95.57,29.5,5.439,83.1,93.0,13.27,1,1.1,100,110.00000000000001
827,2,4,10,95.49,30.4,5.439,267.1,281.0,14.19,1,1.1,100,110.00000000000001
828,2,4,11,94.0,31.1,5.439,460.9,424.0,12.62,1,1.1,100,110.00000000000001
829,2,4,12,93.9,31.3,5.439,381.6,385.0,11.46,1,1.1,100,110.00000000000001
830,2,4,13,93.51,30.4,5.439,403.2,394.0,10.6,1,1.1,100,110.00000000000001
831,2,4,14,94.81,28.9,5.439,380.2,357.0,9.72,1,1.1,100,110.00000000000001
832,2,4,15,106.38,27.0,5.439,23.2,26.0,8.6,1,1.1,100,110.00000000000001
833,2,4,16,129.13,24.4,5.439,19.7,22.0,6.69,0,1.1,80,88.0
834,2,4,17,154.03,22.3,5.439,0.0,0.0,6.24,0,1.1,80,88.0
835,2,4,18,160.02,20.7,5.439,0.0,0.0,8.35,0,1.1,80,88.0
836,2,4,19,165.25,18.9,5.439,0.0,0.0,6.84,0,1.1,80,88.0
837,2,4,20,153.63,17.1,5.439,0.0,0.0,7.9,0,1.1,80,88.0
838,2,4,21,137.7,14.5,5.439,0.0,0.0,8.9,0,1.1,80,88.0
839,2,4,22,124.02,11.5,5.439,0.0,0.0,10.22,0,1.1,80,88.0
840,2,4,23,111.32,9.3,5.439,0.0,0.0,10.48,0,1.1,80,88.0
841,2,5,0,125.27,8.1,5.439,0.0,0.0,11.02,0,1.1,80,88.0
842,2,5,1,123.86,7.3,5.439,0.0,0.0,10.02,0,1.1,80,88.0
843,2,5,2,124.68,7.0,5.439,0.0,0.0,8.81,0,1.1,80,88.0
844,2,5,3,128.32,6.1,5.439,0.0,0.0,8.13,0,1.1,80,88.0
845,2,5,4,139.03,5.2,5.439,0.0,0.0,8.57,0,1.1,80,88.0
846,2,5,5,168.93,5.4,5.439,0.0,0.0,8.65,0,1.1,80,88.0
847,2,5,6,191.58,5.4,5.439,0.0,0.0,7.15,0,1.1,80,88.0
848,2,5,7,244.84,6.1,5.439,0.0,0.0,6.22,0,1.1,80,88.0
849,2,5,8,194.96,11.3,5.439,309.7,130.0,4.9,0,1.1,80,88.0
850,2,5,9,148.49,14.4,5.439,655.2,324.0,5.65,1,1.1,100,110.00000000000001
851,2,5,10,139.48,16.5,5.439,354.6,353.0,9.35,1,1.1,100,110.00000000000001
852,2,5,11,125.02,18.5,5.439,519.6,465.0,10.83,1,1.1,100,110.00000000000001
853,2,5,12,115.1,19.8,5.439,1122.7,600.0,11.91,1,1.1,100,110.00000000000001
854,2,5,13,116.1,20.7,5.439,1101.7,573.0,12.69,1,1.1,100,110.00000000000001
855,2,5,14,126.79,20.8,5.439,998.8,486.0,13.4,1,1.1,100,110.00000000000001
856,2,5,15,139.24,19.9,5.439,834.1,346.0,12.36,1,1.1,100,110.00000000000001
857,2,5,16,165.6,15.4,5.439,754.7,174.0,8.25,1,1.1,100,110.00000000000001
858,2,5,17,198.3,10.0,5.439,0.0,17.0,6.54,0,1.1,80,88.0
859,2,5,18,198.49,8.8,5.439,0.0,0.0,9.11,0,1.1,80,88.0
860,2,5,19,198.4,8.1,5.439,0.0,0.0,8.06,0,1.1,80,88.0
861,2,5,20,192.89,7.9,5.439,0.0,0.0,6.35,0,1.1,80,88.0
862,2,5,21,156.38,8.6,5.439,0.0,0.0,6.84,0,1.1,80,88.0
863,2,5,22,157.37,9.7,5.439,0.0,0.0,5.25,0,1.1,80,88.0
864,2,5,23,146.68,10.2,5.439,0.0,0.0,5.73,0,1.1,80,88.0
865,2,6,0,142.78,10.2,5.439,0.0,0.0,5.88,0,1.1,80,88.0
866,2,6,1,143.07,9.9,5.439,0.0,0.0,8.3,0,1.1,80,88.0
867,2,6,2,142.16,9.3,5.439,0.0,0.0,8.51,0,1.1,80,88.0
868,2,6,3,141.98,9.3,5.439,0.0,0.0,8.34,0,1.1,80,88.0
869,2,6,4,142.36,9.1,5.439,0.0,0.0,8.73,0,1.1,80,88.0
870,2,6,5,160.22,8.8,5.439,0.0,0.0,9.42,0,1.1,80,88.0
871,2,6,6,161.13,10.2,5.439,0.0,0.0,10.48,0,1.1,80,88.0
872,2,6,7,180.43,13.5,5.439,0.0,0.0,7.89,0,1.1,80,88.0
873,2,6,8,164.78,17.1,5.439,27.7,31.0,9.93,0,1.1,80,88.0
874,2,6,9,167.09,19.9,5.439,26.8,30.0,5.64,0,1.1,80,88.0
875,2,6,10,158.18,22.3,5.439,17.9,20.0,8.58,0,1.1,80,88.0
876,2,6,11,160.12,24.8,5.439,59.0,66.0,9.69,0,1.1,80,88.0
877,2,6,12,158.23,27.1,5.439,34.9,39.0,8.47,0,1.1,80,88.0
878,2,6,13,148.15,28.9,5.439,41.1,46.0,8.03,0,1.1,80,88.0
879,2,6,14,141.8,30.0,5.439,26.8,30.0,9.2,0,1.1,80,88.0
880,2,6,15,135.54,30.2,5.439,17.9,20.0,9.7,0,1.1,80,88.0
881,2,6,16,147.12,29.5,5.439,554.6,152.0,9.12,1,1.1,100,110.00000000000001
882,2,6,17,156.34,28.6,5.439,0.0,15.0,8.99,1,1.1,100,110.00000000000001
883,2,6,18,146.85,28.2,5.439,0.0,0.0,8.36,1,1.1,100,110.00000000000001
884,2,6,19,134.49,28.4,5.439,0.0,0.0,10.04,1,1.1,100,110.00000000000001
885,2,6,20,114.66,28.9,5.439,0.0,0.0,9.12,1,1.1,100,110.00000000000001
886,2,6,21,115.78,28.9,5.439,0.0,0.0,6.69,1,1.1,100,110.00000000000001
887,2,6,22,104.41,29.3,5.439,0.0,0.0,8.24,1,1.1,100,110.00000000000001
888,2,6,23,101.11,29.5,5.439,0.0,0.0,9.28,1,1.1,100,110.00000000000001
889,2,7,0,99.44,29.7,5.439,0.0,0.0,8.88,0,1.1,80,88.0
890,2,7,1,101.23,29.7,5.439,0.0,0.0,6.31,0,1.1,80,88.0
891,2,7,2,96.2,29.8,5.439,0.0,0.0,5.77,0,1.1,80,88.0
892,2,7,3,96.04,29.5,5.439,0.0,0.0,4.27,0,1.1,80,88.0
893,2,7,4,99.65,28.8,5.439,0.0,0.0,4.44,0,1.1,80,88.0
894,2,7,5,108.27,29.1,5.439,0.0,0.0,2.96,0,1.1,80,88.0
895,2,7,6,111.92,28.9,5.439,0.0,0.0,3.72,0,1.1,80,88.0
896,2,7,7,145.38,28.8,5.439,0.0,0.0,2.68,0,1.1,80,88.0
897,2,7,8,115.53,27.1,5.439,13.4,15.0,2.77,0,1.1,80,88.0
898,2,7,9,110.61,25.5,5.439,136.1,150.0,2.24,1,1.1,100,110.00000000000001
899,2,7,10,104.96,25.2,5.439,342.0,346.0,2.75,1,1.1,100,110.00000000000001
900,2,7,11,103.48,25.2,5.439,385.8,391.0,5.02,1,1.1,100,110.00000000000001
901,2,7,12,94.96,24.8,5.439,454.9,447.0,5.99,1,1.1,100,110.00000000000001
902,2,7,13,94.75,24.8,5.439,443.9,431.0,7.44,1,1.1,100,110.00000000000001
903,2,7,14,103.42,24.6,5.439,301.0,312.0,7.24,1,1.1,100,110.00000000000001
904,2,7,15,105.98,24.3,5.439,205.5,218.0,8.74,1,1.1,100,110.00000000000001
905,2,7,16,115.04,23.4,5.439,85.0,89.0,8.44,1,1.1,100,110.00000000000001
906,2,7,17,159.18,22.5,5.439,0.0,9.0,8.31,0,1.1,80,88.0
907,2,7,18,155.79,22.1,5.439,0.0,0.0,9.28,0,1.1,80,88.0
908,2,7,19,134.13,21.7,5.439,0.0,0.0,7.42,0,1.1,80,88.0
909,2,7,20,132.5,21.2,5.439,0.0,0.0,7.77,0,1.1,80,88.0
910,2,7,21,120.13,20.5,5.439,0.0,0.0,10.78,0,1.1,80,88.0
911,2,7,22,119.37,20.1,5.439,0.0,0.0,12.27,0,1.1,80,88.0
912,2,7,23,105.12,19.6,5.439,0.0,0.0,7.58,0,1.1,80,88.0
913,2,8,0,136.13,17.4,5.439,0.0,0.0,5.29,1,1.1,100,110.00000000000001
914,2,8,1,133.6,14.9,5.439,0.0,0.0,8.39,1,1.1,100,110.00000000000001
915,2,8,2,130.31,14.5,5.439,0.0,0.0,13.18,1,1.1,100,110.00000000000001
916,2,8,3,131.21,14.5,5.439,0.0,0.0,14.07,1,1.1,100,110.00000000000001
917,2,8,4,126.47,14.0,5.439,0.0,0.0,13.25,1,1.1,100,110.00000000000001
918,2,8,5,130.79,13.3,5.439,0.0,0.0,13.16,1,1.1,100,110.00000000000001
919,2,8,6,142.4,13.3,5.439,0.0,0.0,14.38,1,1.1,100,110.00000000000001
920,2,8,7,158.54,14.5,5.439,0.0,0.0,12.61,1,1.1,100,110.00000000000001
921,2,8,8,152.81,20.1,5.439,66.1,74.0,16.36,0,1.1,80,88.0
922,2,8,9,130.41,23.7,5.439,399.9,270.0,14.21,0,1.1,80,88.0
923,2,8,10,130.54,25.5,5.439,493.8,379.0,14.23,0,1.1,80,88.0
924,2,8,11,126.17,27.3,5.439,582.2,446.0,12.71,0,1.1,80,88.0
925,2,8,12,126.42,28.6,5.439,577.2,461.0,12.23,0,1.1,80,88.0
926,2,8,13,128.68,29.3,5.439,610.4,451.0,14.24,0,1.1,80,88.0
927,2,8,14,143.73,28.8,5.439,432.5,359.0,14.11,0,1.1,80,88.0
928,2,8,15,152.29,28.0,5.439,298.6,248.0,12.91,0,1.1,80,88.0
929,2,8,16,151.92,26.6,5.439,477.7,138.0,13.88,0,1.1,80,88.0
930,2,8,17,186.43,25.7,5.439,0.0,9.0,14.95,0,1.1,80,88.0
931,2,8,18,186.76,22.1,5.439,0.0,0.0,16.57,0,1.1,80,88.0
932,2,8,19,174.39,22.1,5.439,0.0,0.0,14.85,0,1.1,80,88.0
933,2,8,20,167.12,21.9,5.439,0.0,0.0,19.23,0,1.1,80,88.0
934,2,8,21,149.43,23.2,5.439,0.0,0.0,19.72,0,1.1,80,88.0
935,2,8,22,144.23,21.9,5.439,0.0,0.0,18.79,0,1.1,80,88.0
936,2,8,23,148.11,22.3,5.439,0.0,0.0,9.83,0,1.1,80,88.0
937,2,9,0,132.26,21.9,5.439,0.0,0.0,8.85,1,1.1,100,110.00000000000001
938,2,9,1,134.49,21.7,5.439,0.0,0.0,7.89,1,1.1,100,110.00000000000001
939,2,9,2,131.02,21.7,5.439,0.0,0.0,4.9,1,1.1,100,110.00000000000001
940,2,9,3,129.54,21.4,5.439,0.0,0.0,5.48,1,1.1,100,110.00000000000001
941,2,9,4,130.24,21.0,5.439,0.0,0.0,6.97,1,1.1,100,110.00000000000001
942,2,9,5,128.23,20.7,5.439,0.0,0.0,8.76,1,1.1,100,110.00000000000001
943,2,9,6,130.75,20.1,5.439,0.0,0.0,8.65,1,1.1,100,110.00000000000001
944,2,9,7,127.12,19.9,5.439,0.0,0.0,3.67,1,1.1,100,110.00000000000001
945,2,9,8,150.55,20.5,5.439,28.6,32.0,3.77,0,1.1,80,88.0
946,2,9,9,158.13,21.6,5.439,160.3,177.0,5.58,0,1.1,80,88.0
947,2,9,10,172.92,23.7,5.439,207.3,232.0,5.08,0,1.1,80,88.0
948,2,9,11,188.07,25.9,5.439,241.5,268.0,5.54,0,1.1,80,88.0
949,2,9,12,163.69,27.5,5.439,426.2,431.0,6.16,0,1.1,80,88.0
950,2,9,13,146.87,28.4,5.439,77.8,87.0,6.68,0,1.1,80,88.0
951,2,9,14,154.32,28.9,5.439,135.0,151.0,5.62,0,1.1,80,88.0
952,2,9,15,159.7,28.8,5.439,67.0,75.0,7.33,0,1.1,80,88.0
953,2,9,16,164.58,26.2,5.439,9.8,11.0,8.81,0,1.1,80,88.0
954,2,9,17,202.54,21.2,5.439,0.0,22.0,8.31,0,1.1,80,88.0
955,2,9,18,185.7,18.9,5.439,0.0,0.0,8.39,0,1.1,80,88.0
956,2,9,19,185.1,17.6,5.439,0.0,0.0,8.72,0,1.1,80,88.0
957,2,9,20,155.63,17.1,5.439,0.0,0.0,10.08,0,1.1,80,88.0
958,2,9,21,144.38,17.6,5.439,0.0,0.0,8.78,0,1.1,80,88.0
959,2,9,22,134.75,18.3,5.439,0.0,0.0,7.57,0,1.1,80,88.0
960,2,9,23,145.85,19.0,5.439,0.0,0.0,7.8,0,1.1,80,88.0
961,2,10,0,136.5,20.7,5.439,0.0,0.0,9.69,0,1.1,80,88.0
962,2,10,1,133.23,20.7,5.439,0.0,0.0,5.83,0,1.1,80,88.0
963,2,10,2,131.35,18.3,5.439,0.0,0.0,15.0,0,1.1,80,88.0
964,2,10,3,130.77,15.1,5.439,0.0,0.0,16.4,0,1.1,80,88.0
965,2,10,4,131.83,12.9,5.439,0.0,0.0,14.82,0,1.1,80,88.0
966,2,10,5,143.5,12.2,5.439,0.0,0.0,17.24,0,1.1,80,88.0
967,2,10,6,206.48,12.4,5.439,0.0,0.0,17.64,0,1.1,80,88.0
968,2,10,7,223.24,13.6,5.439,0.0,0.0,16.92,0,1.1,80,88.0
969,2,10,8,190.84,18.7,5.439,67.0,75.0,19.59,0,1.1,80,88.0
970,2,10,9,163.26,21.9,5.439,170.9,187.0,20.35,1,1.1,100,110.00000000000001
971,2,10,10,138.96,24.3,5.439,271.5,294.0,20.55,1,1.1,100,110.00000000000001
972,2,10,11,121.88,25.5,5.439,241.3,270.0,20.22,1,1.1,100,110.00000000000001
973,2,10,12,114.23,25.9,5.439,369.3,391.0,22.36,1,1.1,100,110.00000000000001
974,2,10,13,113.97,25.9,5.439,183.2,205.0,21.35,1,1.1,100,110.00000000000001
975,2,10,14,132.94,25.5,5.439,387.1,377.0,22.05,1,1.1,100,110.00000000000001
976,2,10,15,146.01,24.8,5.439,295.6,278.0,20.69,1,1.1,100,110.00000000000001
977,2,10,16,143.44,23.0,5.439,113.4,121.0,20.32,1,1.1,100,110.00000000000001
978,2,10,17,196.24,19.9,5.439,0.0,8.0,20.07,0,1.1,80,88.0
979,2,10,18,204.54,17.1,5.439,0.0,0.0,20.29,0,1.1,80,88.0
980,2,10,19,189.48,13.8,5.439,0.0,0.0,21.25,0,1.1,80,88.0
981,2,10,20,187.33,10.8,5.439,0.0,0.0,20.19,0,1.1,80,88.0
982,2,10,21,163.46,9.3,5.439,0.0,0.0,18.58,0,1.1,80,88.0
983,2,10,22,146.89,8.8,5.439,0.0,0.0,16.93,0,1.1,80,88.0
984,2,10,23,153.79,7.9,5.439,0.0,0.0,15.58,0,1.1,80,88.0
985,2,11,0,143.21,7.5,5.439,0.0,0.0,14.12,0,1.1,80,88.0
986,2,11,1,149.49,7.0,5.439,0.0,0.0,15.59,0,1.1,80,88.0
987,2,11,2,150.76,7.5,5.439,0.0,0.0,17.91,0,1.1,80,88.0
988,2,11,3,156.08,7.3,5.439,0.0,0.0,18.57,0,1.1,80,88.0
989,2,11,4,160.23,7.5,5.439,0.0,0.0,18.86,0,1.1,80,88.0
990,2,11,5,170.48,7.7,5.439,0.0,0.0,19.19,0,1.1,80,88.0
991,2,11,6,228.91,7.2,5.439,0.0,0.0,15.56,0,1.1,80,88.0
992,2,11,7,240.02,8.4,5.439,0.0,0.0,15.86,0,1.1,80,88.0
993,2,11,8,203.86,15.4,5.439,170.0,134.0,16.5,0,1.1,80,88.0
994,2,11,9,171.5,20.8,5.439,275.4,251.0,15.46,1,1.1,100,110.00000000000001
995,2,11,10,145.68,23.9,5.439,424.4,369.0,13.95,1,1.1,100,110.00000000000001
996,2,11,11,137.1,25.5,5.439,584.2,466.0,11.59,1,1.1,100,110.00000000000001
997,2,11,12,134.27,26.8,5.439,663.8,499.0,10.7,1,1.1,100,110.00000000000001
998,2,11,13,134.02,27.3,5.439,473.3,427.0,9.26,1,1.1,100,110.00000000000001
999,2,11,14,138.55,27.5,5.439,471.8,384.0,9.41,1,1.1,100,110.00000000000001
1000,2,11,15,151.38,27.1,5.439,288.9,259.0,9.58,1,1.1,100,110.00000000000001
1001,2,11,16,161.98,24.8,5.439,73.9,78.0,9.5,1,1.1,100,110.00000000000001
1002,2,11,17,191.17,20.8,5.439,0.0,22.0,9.03,0,1.1,80,88.0
1003,2,11,18,189.06,19.8,5.439,0.0,0.0,9.0,0,1.1,80,88.0
1004,2,11,19,163.44,19.8,5.439,0.0,0.0,10.9,0,1.1,80,88.0
1005,2,11,20,159.12,19.6,5.439,0.0,0.0,10.76,0,1.1,80,88.0
1006,2,11,21,150.09,19.0,5.439,0.0,0.0,12.87,0,1.1,80,88.0
1007,2,11,22,138.81,18.0,5.439,0.0,0.0,10.33,0,1.1,80,88.0
1008,2,11,23,134.24,17.6,5.439,0.0,0.0,8.28,0,1.1,80,88.0
1009,2,12,0,135.93,18.3,5.439,0.0,0.0,8.36,1,1.1,100,110.00000000000001
1010,2,12,1,135.41,17.6,5.439,0.0,0.0,8.05,1,1.1,100,110.00000000000001
1011,2,12,2,136.38,13.6,5.439,0.0,0.0,8.42,1,1.1,100,110.00000000000001
1012,2,12,3,135.11,8.4,5.439,0.0,0.0,7.58,1,1.1,100,110.00000000000001
1013,2,12,4,138.15,7.3,5.439,0.0,0.0,7.47,1,1.1,100,110.00000000000001
1014,2,12,5,156.32,8.1,5.439,0.0,0.0,8.0,1,1.1,100,110.00000000000001
1015,2,12,6,155.14,8.4,5.439,0.0,0.0,9.01,1,1.1,100,110.00000000000001
1016,2,12,7,214.82,10.2,5.439,8.9,10.0,9.83,1,1.1,100,110.00000000000001
1017,2,12,8,202.8,15.1,5.439,182.2,139.0,9.59,0,1.1,80,88.0
1018,2,12,9,188.81,18.7,5.439,229.5,229.0,10.02,0,1.1,80,88.0
1019,2,12,10,181.69,21.7,5.439,327.7,321.0,10.33,0,1.1,80,88.0
1020,2,12,11,152.1,23.9,5.439,498.5,437.0,9.44,0,1.1,80,88.0
1021,2,12,12,147.39,25.3,5.439,538.8,465.0,5.86,0,1.1,80,88.0
1022,2,12,13,148.33,26.2,5.439,521.5,445.0,5.49,0,1.1,80,88.0
1023,2,12,14,151.76,26.6,5.439,455.4,378.0,5.48,0,1.1,80,88.0
1024,2,12,15,188.1,26.6,5.439,193.2,199.0,5.38,0,1.1,80,88.0
1025,2,12,16,157.9,25.5,5.439,180.7,138.0,5.54,0,1.1,80,88.0
1026,2,12,17,172.18,23.9,5.439,0.0,26.0,3.96,0,1.1,80,88.0
1027,2,12,18,176.15,23.0,5.439,0.0,0.0,3.32,0,1.1,80,88.0
1028,2,12,19,160.74,22.3,5.439,0.0,0.0,0.22,0,1.1,80,88.0
1029,2,12,20,165.87,21.9,5.439,0.0,0.0,0.76,0,1.1,80,88.0
1030,2,12,21,138.04,21.9,5.439,0.0,0.0,0.81,0,1.1,80,88.0
1031,2,12,22,138.24,22.3,5.439,0.0,0.0,3.95,0,1.1,80,88.0
1032,2,12,23,131.83,23.0,5.439,0.0,0.0,2.46,0,1.1,80,88.0
1033,2,13,0,141.93,23.7,5.439,0.0,0.0,4.1,0,1.1,80,88.0
1034,2,13,1,138.24,24.8,5.439,0.0,0.0,6.4,0,1.1,80,88.0
1035,2,13,2,126.78,26.2,5.439,0.0,0.0,5.63,0,1.1,80,88.0
1036,2,13,3,124.88,27.3,5.439,0.0,0.0,7.47,0,1.1,80,88.0
1037,2,13,4,143.38,28.2,5.439,0.0,0.0,8.66,0,1.1,80,88.0
1038,2,13,5,143.59,28.9,5.439,0.0,0.0,7.34,0,1.1,80,88.0
1039,2,13,6,139.71,29.7,5.439,0.0,0.0,7.48,0,1.1,80,88.0
1040,2,13,7,141.11,30.7,5.439,23.7,16.0,6.84,0,1.1,80,88.0
1041,2,13,8,173.77,32.0,5.439,58.2,63.0,6.55,0,1.1,80,88.0
1042,2,13,9,164.44,33.3,5.439,38.4,43.0,6.78,0,1.1,80,88.0
1043,2,13,10,182.37,34.2,5.439,156.0,171.0,5.22,0,1.1,80,88.0
1044,2,13,11,181.65,34.5,5.439,82.2,92.0,3.88,0,1.1,80,88.0
1045,2,13,12,156.38,34.7,5.439,77.8,87.0,3.54,0,1.1,80,88.0
1046,2,13,13,138.33,34.7,5.439,258.1,275.0,0.51,0,1.1,80,88.0
1047,2,13,14,131.1,34.7,5.439,244.3,267.0,1.32,0,1.1,80,88.0
1048,2,13,15,117.55,34.7,5.439,153.7,172.0,2.1,0,1.1,80,88.0
1049,2,13,16,126.03,34.7,5.439,577.3,191.0,2.67,1,1.1,100,110.00000000000001
1050,2,13,17,165.86,34.7,5.439,0.0,32.0,2.91,1,1.1,100,110.00000000000001
1051,2,13,18,153.1,32.9,5.439,0.0,0.0,4.38,1,1.1,100,110.00000000000001
1052,2,13,19,125.81,30.6,5.439,0.0,0.0,4.56,1,1.1,100,110.00000000000001
1053,2,13,20,119.85,27.1,5.439,0.0,0.0,5.6,1,1.1,100,110.00000000000001
1054,2,13,21,123.85,25.5,5.439,0.0,0.0,4.72,1,1.1,100,110.00000000000001
1055,2,13,22,114.86,25.2,5.439,0.0,0.0,10.21,1,1.1,100,110.00000000000001
1056,2,13,23,114.63,24.4,5.439,0.0,0.0,9.86,1,1.1,100,110.00000000000001
1057,2,14,0,123.32,23.5,5.439,0.0,0.0,11.32,0,1.1,80,88.0
1058,2,14,1,118.82,23.2,5.439,0.0,0.0,13.51,0,1.1,80,88.0
1059,2,14,2,118.54,22.6,5.439,0.0,0.0,14.46,0,1.1,80,88.0
1060,2,14,3,113.61,22.3,5.439,0.0,0.0,16.12,0,1.1,80,88.0
1061,2,14,4,118.21,21.4,5.439,0.0,0.0,15.34,0,1.1,80,88.0
1062,2,14,5,119.87,19.9,5.439,0.0,0.0,13.31,0,1.1,80,88.0
1063,2,14,6,130.95,18.0,5.439,0.0,0.0,12.39,0,1.1,80,88.0
1064,2,14,7,176.37,16.9,5.439,10.7,12.0,10.55,0,1.1,80,88.0
1065,2,14,8,129.01,17.6,5.439,103.7,116.0,12.35,1,1.1,100,110.00000000000001
1066,2,14,9,117.37,19.2,5.439,253.2,264.0,14.01,1,1.1,100,110.00000000000001
1067,2,14,10,128.97,20.7,5.439,370.1,377.0,13.95,1,1.1,100,110.00000000000001
1068,2,14,11,116.61,22.3,5.439,528.1,499.0,12.87,1,1.1,100,110.00000000000001
1069,2,14,12,110.5,23.4,5.439,415.2,433.0,10.77,1,1.1,100,110.00000000000001
1070,2,14,13,109.44,23.9,5.439,228.8,256.0,9.06,1,1.1,100,110.00000000000001
1071,2,14,14,109.92,23.5,5.439,420.2,402.0,8.4,1,1.1,100,110.00000000000001
1072,2,14,15,127.19,22.8,5.439,343.8,305.0,7.58,1,1.1,100,110.00000000000001
1073,2,14,16,134.87,21.7,5.439,148.1,151.0,6.48,0,1.1,80,88.0
1074,2,14,17,179.78,20.8,5.439,0.0,26.0,7.61,0,1.1,80,88.0
1075,2,14,18,168.51,19.6,5.439,0.0,0.0,9.61,0,1.1,80,88.0
1076,2,14,19,151.84,18.1,5.439,0.0,0.0,7.71,0,1.1,80,88.0
1077,2,14,20,149.78,16.3,5.439,0.0,0.0,5.89,0,1.1,80,88.0
1078,2,14,21,134.3,13.6,5.439,0.0,0.0,4.42,0,1.1,80,88.0
1079,2,14,22,129.21,12.0,5.439,0.0,0.0,2.18,0,1.1,80,88.0
1080,2,14,23,135.9,11.5,5.439,0.0,0.0,2.63,0,1.1,80,88.0
1081,2,15,0,154.76,11.1,5.439,0.0,0.0,3.44,0,1.1,80,88.0
1082,2,15,1,142.57,10.6,5.439,0.0,0.0,4.48,1,1.1,100,110.00000000000001
1083,2,15,2,144.59,10.0,5.439,0.0,0.0,6.44,1,1.1,100,110.00000000000001
1084,2,15,3,141.51,9.7,5.439,0.0,0.0,7.94,1,1.1,100,110.00000000000001
1085,2,15,4,145.0,9.1,5.439,0.0,0.0,7.17,1,1.1,100,110.00000000000001
1086,2,15,5,145.39,9.1,5.439,0.0,0.0,8.42,1,1.1,100,110.00000000000001
1087,2,15,6,128.94,10.4,5.439,0.0,0.0,8.11,1,1.1,100,110.00000000000001
1088,2,15,7,150.42,12.6,5.439,5.4,6.0,6.01,1,1.1,100,110.00000000000001
1089,2,15,8,146.31,16.7,5.439,132.0,131.0,8.65,1,1.1,100,110.00000000000001
1090,2,15,9,146.46,20.8,5.439,345.7,281.0,10.4,0,1.1,80,88.0
1091,2,15,10,162.5,23.0,5.439,387.6,356.0,12.73,0,1.1,80,88.0
1092,2,15,11,167.26,23.9,5.439,310.8,324.0,15.35,0,1.1,80,88.0
1093,2,15,12,161.15,24.4,5.439,295.5,313.0,14.79,0,1.1,80,88.0
1094,2,15,13,162.47,24.6,5.439,201.7,222.0,14.07,0,1.1,80,88.0
1095,2,15,14,185.48,24.6,5.439,38.4,43.0,14.23,0,1.1,80,88.0
1096,2,15,15,196.49,24.4,5.439,50.9,57.0,12.12,0,1.1,80,88.0
1097,2,15,16,201.77,23.9,5.439,39.3,44.0,13.98,0,1.1,80,88.0
1098,2,15,17,216.06,23.2,5.439,0.0,5.0,14.21,0,1.1,80,88.0
1099,2,15,18,208.63,22.8,5.439,0.0,0.0,14.86,0,1.1,80,88.0
1100,2,15,19,184.54,22.6,5.439,0.0,0.0,14.88,0,1.1,80,88.0
1101,2,15,20,182.93,22.5,5.439,0.0,0.0,15.56,0,1.1,80,88.0
1102,2,15,21,159.96,22.3,5.439,0.0,0.0,17.02,0,1.1,80,88.0
1103,2,15,22,163.38,21.9,5.439,0.0,0.0,17.38,0,1.1,80,88.0
1104,2,15,23,156.6,21.7,5.439,0.0,0.0,14.8,0,1.1,80,88.0
1105,2,16,0,141.93,21.6,5.439,0.0,0.0,16.64,0,1.1,80,88.0
1106,2,16,1,130.55,21.4,5.439,0.0,0.0,17.58,1,1.1,100,110.00000000000001
1107,2,16,2,129.09,21.4,5.439,0.0,0.0,16.99,1,1.1,100,110.00000000000001
1108,2,16,3,122.75,21.6,5.439,0.0,0.0,17.42,1,1.1,100,110.00000000000001
1109,2,16,4,121.02,22.5,5.439,0.0,0.0,18.0,1,1.1,100,110.00000000000001
1110,2,16,5,126.53,23.7,5.439,0.0,0.0,19.0,1,1.1,100,110.00000000000001
1111,2,16,6,119.88,24.4,5.439,0.0,0.0,18.22,1,1.1,100,110.00000000000001
1112,2,16,7,114.39,25.5,5.439,22.5,19.0,17.99,1,1.1,100,110.00000000000001
1113,2,16,8,133.65,27.1,5.439,37.5,42.0,18.8,1,1.1,100,110.00000000000001
1114,2,16,9,141.81,29.3,5.439,46.5,52.0,18.74,0,1.1,80,88.0
1115,2,16,10,162.2,31.1,5.439,59.9,67.0,16.91,0,1.1,80,88.0
1116,2,16,11,178.03,32.2,5.439,81.3,91.0,16.01,0,1.1,80,88.0
1117,2,16,12,188.24,32.7,5.439,63.5,71.0,12.27,0,1.1,80,88.0
1118,2,16,13,179.46,33.3,5.439,57.2,64.0,7.71,0,1.1,80,88.0
1119,2,16,14,177.08,33.3,5.439,42.9,48.0,7.66,0,1.1,80,88.0
1120,2,16,15,167.36,33.3,5.439,17.9,20.0,6.25,0,1.1,80,88.0
1121,2,16,16,162.34,33.1,5.439,9.8,11.0,4.73,0,1.1,80,88.0
1122,2,16,17,187.4,32.9,5.439,0.0,38.0,4.8,0,1.1,80,88.0
1123,2,16,18,166.16,32.7,5.439,0.0,0.0,7.42,0,1.1,80,88.0
1124,2,16,19,151.78,32.4,5.439,0.0,0.0,6.79,0,1.1,80,88.0
1125,2,16,20,136.23,32.5,5.439,0.0,0.0,4.18,0,1.1,80,88.0
1126,2,16,21,131.6,29.3,5.439,0.0,0.0,2.37,0,1.1,80,88.0
1127,2,16,22,120.18,23.7,5.439,0.0,0.0,3.72,0,1.1,80,88.0
1128,2,16,23,120.23,21.0,5.439,0.0,0.0,3.47,0,1.1,80,88.0
1129,2,17,0,136.28,20.1,5.439,0.0,0.0,3.51,1,1.1,100,110.00000000000001
1130,2,17,1,137.04,19.2,5.439,0.0,0.0,4.67,1,1.1,100,110.00000000000001
1131,2,17,2,125.04,18.3,5.439,0.0,0.0,4.73,1,1.1,100,110.00000000000001
1132,2,17,3,122.81,17.6,5.439,0.0,0.0,4.82,1,1.1,100,110.00000000000001
1133,2,17,4,138.57,17.2,5.439,0.0,0.0,6.52,1,1.1,100,110.00000000000001
1134,2,17,5,143.16,17.2,5.439,0.0,0.0,11.36,1,1.1,100,110.00000000000001
1135,2,17,6,143.54,17.2,5.439,0.0,0.0,13.27,1,1.1,100,110.00000000000001
1136,2,17,7,160.78,16.9,5.439,26.9,24.0,10.86,1,1.1,100,110.00000000000001
1137,2,17,8,165.81,16.5,5.439,59.9,67.0,12.95,0,1.1,80,88.0
1138,2,17,9,155.05,16.2,5.439,190.3,209.0,12.84,0,1.1,80,88.0
1139,2,17,10,167.53,16.3,5.439,305.6,328.0,14.83,0,1.1,80,88.0
1140,2,17,11,163.58,17.1,5.439,374.2,400.0,14.4,0,1.1,80,88.0
1141,2,17,12,154.99,17.8,5.439,522.7,509.0,17.98,0,1.1,80,88.0
1142,2,17,13,151.93,18.5,5.439,263.8,293.0,17.72,0,1.1,80,88.0
1143,2,17,14,155.82,18.7,5.439,150.1,168.0,18.77,0,1.1,80,88.0
1144,2,17,15,163.39,18.7,5.439,81.3,91.0,19.84,0,1.1,80,88.0
1145,2,17,16,166.44,18.1,5.439,607.5,222.0,19.13,0,1.1,80,88.0
1146,2,17,17,206.13,17.4,5.439,0.0,37.0,16.24,0,1.1,80,88.0
1147,2,17,18,215.69,17.1,5.439,0.0,0.0,15.62,0,1.1,80,88.0
1148,2,17,19,198.7,16.9,5.439,0.0,0.0,18.07,0,1.1,80,88.0
1149,2,17,20,197.17,16.5,5.439,0.0,0.0,17.41,0,1.1,80,88.0
1150,2,17,21,180.33,16.0,5.439,0.0,0.0,15.36,0,1.1,80,88.0
1151,2,17,22,164.59,15.3,5.439,0.0,0.0,13.39,0,1.1,80,88.0
1152,2,17,23,178.06,14.7,5.439,0.0,0.0,13.3,0,1.1,80,88.0
1153,2,18,0,147.89,14.2,5.439,0.0,0.0,12.65,0,1.1,80,88.0
1154,2,18,1,143.32,13.8,5.439,0.0,0.0,14.25,0,1.1,80,88.0
1155,2,18,2,140.82,13.5,5.439,0.0,0.0,15.07,0,1.1,80,88.0
1156,2,18,3,139.04,13.3,5.439,0.0,0.0,13.11,0,1.1,80,88.0
1157,2,18,4,144.06,13.1,5.439,0.0,0.0,14.82,0,1.1,80,88.0
1158,2,18,5,155.72,12.7,5.439,0.0,0.0,14.47,0,1.1,80,88.0
1159,2,18,6,206.53,12.4,5.439,0.0,0.0,13.98,0,1.1,80,88.0
1160,2,18,7,237.06,12.6,5.439,16.1,18.0,12.29,0,1.1,80,88.0
1161,2,18,8,196.46,13.1,5.439,121.8,134.0,12.57,0,1.1,80,88.0
1162,2,18,9,176.41,13.6,5.439,602.4,344.0,12.54,1,1.1,100,110.00000000000001
1163,2,18,10,168.27,14.2,5.439,791.8,462.0,12.37,1,1.1,100,110.00000000000001
1164,2,18,11,163.44,14.9,5.439,576.4,541.0,13.88,1,1.1,100,110.00000000000001
1165,2,18,12,153.01,15.3,5.439,983.2,658.0,11.21,1,1.1,100,110.00000000000001
1166,2,18,13,152.23,15.3,5.439,336.2,372.0,9.77,1,1.1,100,110.00000000000001
1167,2,18,14,156.14,15.1,5.439,410.0,411.0,9.45,1,1.1,100,110.00000000000001
1168,2,18,15,154.73,14.7,5.439,230.3,246.0,9.18,1,1.1,100,110.00000000000001
1169,2,18,16,166.21,14.2,5.439,24.1,27.0,7.42,1,1.1,100,110.00000000000001
1170,2,18,17,228.55,13.6,5.439,0.0,26.0,6.5,0,1.1,80,88.0
1171,2,18,18,238.26,13.1,5.439,0.0,0.0,4.06,0,1.1,80,88.0
1172,2,18,19,220.96,12.7,5.439,0.0,0.0,3.94,0,1.1,80,88.0
1173,2,18,20,199.14,12.4,5.439,0.0,0.0,3.43,0,1.1,80,88.0
1174,2,18,21,162.43,12.4,5.439,0.0,0.0,3.23,0,1.1,80,88.0
1175,2,18,22,159.93,12.4,5.439,0.0,0.0,3.02,0,1.1,80,88.0
1176,2,18,23,170.89,12.6,5.439,0.0,0.0,3.0,0,1.1,80,88.0
1177,2,19,0,140.79,12.4,5.439,0.0,0.0,2.27,0,1.1,80,88.0
1178,2,19,1,138.24,12.0,5.439,0.0,0.0,1.63,0,1.1,80,88.0
1179,2,19,2,136.59,11.3,5.439,0.0,0.0,1.95,0,1.1,80,88.0
1180,2,19,3,136.01,10.0,5.439,0.0,0.0,4.16,0,1.1,80,88.0
1181,2,19,4,141.51,8.8,5.439,0.0,0.0,5.07,0,1.1,80,88.0
1182,2,19,5,150.19,7.3,5.439,0.0,0.0,4.86,0,1.1,80,88.0
1183,2,19,6,182.33,5.4,5.439,0.0,0.0,4.97,0,1.1,80,88.0
1184,2,19,7,207.73,5.0,5.439,77.6,36.0,5.29,0,1.1,80,88.0
1185,2,19,8,179.76,6.6,5.439,362.7,185.0,3.16,0,1.1,80,88.0
1186,2,19,9,156.38,8.8,5.439,279.8,287.0,5.44,1,1.1,100,110.00000000000001
1187,2,19,10,142.65,11.3,5.439,385.3,392.0,4.27,1,1.1,100,110.00000000000001
1188,2,19,11,140.58,14.0,5.439,554.8,519.0,5.17,1,1.1,100,110.00000000000001
1189,2,19,12,134.27,16.2,5.439,549.6,530.0,8.87,1,1.1,100,110.00000000000001
1190,2,19,13,133.69,17.8,5.439,1102.1,640.0,8.97,1,1.1,100,110.00000000000001
1191,2,19,14,136.53,18.5,5.439,697.9,448.0,8.87,1,1.1,100,110.00000000000001
1192,2,19,15,136.55,18.7,5.439,810.5,411.0,9.22,1,1.1,100,110.00000000000001
1193,2,19,16,163.62,18.0,5.439,618.6,234.0,9.18,1,1.1,100,110.00000000000001
1194,2,19,17,197.64,16.7,5.439,0.0,54.0,10.52,0,1.1,80,88.0
1195,2,19,18,198.4,16.2,5.439,0.0,0.0,8.46,0,1.1,80,88.0
1196,2,19,19,185.3,15.6,5.439,0.0,0.0,9.58,0,1.1,80,88.0
1197,2,19,20,172.34,14.9,5.439,0.0,0.0,10.95,0,1.1,80,88.0
1198,2,19,21,156.18,13.3,5.439,0.0,0.0,11.92,0,1.1,80,88.0
1199,2,19,22,144.18,10.8,5.439,0.0,0.0,11.53,0,1.1,80,88.0
1200,2,19,23,156.27,7.7,5.439,0.0,0.0,11.18,0,1.1,80,88.0
1201,2,20,0,148.97,5.0,5.439,0.0,0.0,11.62,1,1.1,100,110.00000000000001
1202,2,20,1,145.07,3.4,5.439,0.0,0.0,9.71,1,1.1,100,110.00000000000001
1203,2,20,2,140.77,1.9,5.439,0.0,0.0,10.75,1,1.1,100,110.00000000000001
1204,2,20,3,147.24,1.2,5.439,0.0,0.0,11.36,1,1.1,100,110.00000000000001
1205,2,20,4,152.61,0.7,5.439,0.0,0.0,12.09,1,1.1,100,110.00000000000001
1206,2,20,5,184.67,0.5,5.439,0.0,0.0,11.34,1,1.1,100,110.00000000000001
1207,2,20,6,173.23,0.3,5.439,0.0,0.0,9.54,1,1.1,100,110.00000000000001
1208,2,20,7,219.12,2.8,5.439,28.4,29.0,6.47,1,1.1,100,110.00000000000001
1209,2,20,8,199.96,7.7,5.439,360.6,189.0,3.29,0,1.1,80,88.0
1210,2,20,9,182.62,12.7,5.439,694.0,395.0,7.1,0,1.1,80,88.0
1211,2,20,10,200.62,16.7,5.439,385.6,393.0,9.65,0,1.1,80,88.0
1212,2,20,11,160.83,19.2,5.439,560.8,523.0,10.85,0,1.1,80,88.0
1213,2,20,12,153.18,21.0,5.439,554.7,534.0,10.63,0,1.1,80,88.0
1214,2,20,13,158.26,22.1,5.439,469.7,437.0,9.56,0,1.1,80,88.0
1215,2,20,14,168.37,22.3,5.439,480.2,400.0,12.77,0,1.1,80,88.0
1216,2,20,15,182.39,21.9,5.439,361.3,305.0,13.09,0,1.1,80,88.0
1217,2,20,16,189.88,21.2,5.439,295.6,182.0,14.76,0,1.1,80,88.0
1218,2,20,17,200.18,19.8,5.439,0.0,39.0,14.12,0,1.1,80,88.0
1219,2,20,18,206.02,19.2,5.439,0.0,0.0,13.82,0,1.1,80,88.0
1220,2,20,19,192.88,18.5,5.439,0.0,0.0,11.33,0,1.1,80,88.0
1221,2,20,20,165.23,17.6,5.439,0.0,0.0,9.39,0,1.1,80,88.0
1222,2,20,21,160.3,16.5,5.439,0.0,0.0,9.94,0,1.1,80,88.0
1223,2,20,22,152.35,15.4,5.439,0.0,0.0,9.49,0,1.1,80,88.0
1224,2,20,23,162.69,14.4,5.439,0.0,0.0,7.1,0,1.1,80,88.0
1225,2,21,0,138.66,13.5,5.439,0.0,0.0,4.48,0,1.1,80,88.0
1226,2,21,1,132.77,12.7,5.439,0.0,0.0,1.12,0,1.1,80,88.0
1227,2,21,2,130.62,11.8,5.439,0.0,0.0,0.83,0,1.1,80,88.0
1228,2,21,3,130.58,11.3,5.439,0.0,0.0,1.42,0,1.1,80,88.0
1229,2,21,4,132.9,11.1,5.439,0.0,0.0,3.75,0,1.1,80,88.0
1230,2,21,5,144.65,11.1,5.439,0.0,0.0,3.79,0,1.1,80,88.0
1231,2,21,6,169.09,11.1,5.439,0.0,0.0,3.97,0,1.1,80,88.0
1232,2,21,7,180.9,11.8,5.439,6.3,7.0,4.1,0,1.1,80,88.0
1233,2,21,8,161.37,13.6,5.439,196.2,172.0,3.94,0,1.1,80,88.0
1234,2,21,9,140.98,14.9,5.439,387.0,317.0,5.39,1,1.1,100,110.00000000000001
1235,2,21,10,131.99,16.5,5.439,587.6,453.0,5.1,1,1.1,100,110.00000000000001
1236,2,21,11,130.29,18.1,5.439,489.1,483.0,5.65,1,1.1,100,110.00000000000001
1237,2,21,12,121.25,19.4,5.439,547.5,533.0,5.69,1,1.1,100,110.00000000000001
1238,2,21,13,114.5,20.3,5.439,1117.7,658.0,5.64,1,1.1,100,110.00000000000001
1239,2,21,14,123.5,20.7,5.439,993.8,563.0,6.04,1,1.1,100,110.00000000000001
1240,2,21,15,130.13,20.3,5.439,812.8,422.0,4.9,1,1.1,100,110.00000000000001
1241,2,21,16,137.42,19.2,5.439,612.2,244.0,5.04,1,1.1,100,110.00000000000001
1242,2,21,17,157.79,17.8,5.439,0.0,62.0,5.89,0,1.1,80,88.0
1243,2,21,18,161.96,16.3,5.439,0.0,0.0,8.08,0,1.1,80,88.0
1244,2,21,19,154.02,14.9,5.439,0.0,0.0,8.07,0,1.1,80,88.0
1245,2,21,20,151.54,13.5,5.439,0.0,0.0,11.09,0,1.1,80,88.0
1246,2,21,21,139.01,12.4,5.439,0.0,0.0,12.38,0,1.1,80,88.0
1247,2,21,22,130.41,11.5,5.439,0.0,0.0,17.12,0,1.1,80,88.0
1248,2,21,23,135.48,10.8,5.439,0.0,0.0,18.12,0,1.1,80,88.0
1249,2,22,0,129.68,10.4,5.439,0.0,0.0,16.86,0,1.1,80,88.0
1250,2,22,1,129.06,10.0,5.439,0.0,0.0,15.14,0,1.1,80,88.0
1251,2,22,2,128.41,9.9,5.439,0.0,0.0,10.72,0,1.1,80,88.0
1252,2,22,3,128.61,9.7,5.439,0.0,0.0,11.0,0,1.1,80,88.0
1253,2,22,4,128.87,9.1,5.439,0.0,0.0,9.12,0,1.1,80,88.0
1254,2,22,5,156.43,8.2,5.439,0.0,0.0,8.94,0,1.1,80,88.0
1255,2,22,6,173.88,7.2,5.439,0.0,0.0,8.42,0,1.1,80,88.0
1256,2,22,7,162.63,9.1,5.439,35.4,37.0,5.81,0,1.1,80,88.0
1257,2,22,8,134.99,14.0,5.439,345.4,188.0,5.2,0,1.1,80,88.0
1258,2,22,9,125.67,18.3,5.439,620.8,348.0,5.27,1,1.1,100,110.00000000000001
1259,2,22,10,104.13,21.9,5.439,793.2,469.0,5.08,1,1.1,100,110.00000000000001
1260,2,22,11,100.97,24.8,5.439,565.0,533.0,6.0,1,1.1,100,110.00000000000001
1261,2,22,12,100.59,26.8,5.439,567.1,547.0,7.59,1,1.1,100,110.00000000000001
1262,2,22,13,98.64,28.2,5.439,1117.2,663.0,6.9,1,1.1,100,110.00000000000001
1263,2,22,14,104.4,28.9,5.439,1000.6,573.0,5.03,1,1.1,100,110.00000000000001
1264,2,22,15,111.15,29.1,5.439,806.7,426.0,5.33,1,1.1,100,110.00000000000001
1265,2,22,16,130.14,26.8,5.439,596.5,246.0,4.14,1,1.1,100,110.00000000000001
1266,2,22,17,183.91,20.3,5.439,0.0,63.0,2.8,0,1.1,80,88.0
1267,2,22,18,136.62,16.0,5.439,0.0,0.0,1.13,0,1.1,80,88.0
1268,2,22,19,130.39,14.2,5.439,0.0,0.0,1.12,0,1.1,80,88.0
1269,2,22,20,129.48,14.2,5.439,0.0,0.0,3.32,0,1.1,80,88.0
1270,2,22,21,129.38,16.2,5.439,0.0,0.0,5.17,0,1.1,80,88.0
1271,2,22,22,113.89,20.3,5.439,0.0,0.0,5.34,0,1.1,80,88.0
1272,2,22,23,118.74,22.8,5.439,0.0,0.0,5.65,0,1.1,80,88.0
1273,2,23,0,118.16,23.2,5.439,0.0,0.0,6.23,0,1.1,80,88.0
1274,2,23,1,112.67,23.5,5.439,0.0,0.0,6.95,0,1.1,80,88.0
1275,2,23,2,108.13,24.1,5.439,0.0,0.0,7.53,0,1.1,80,88.0
1276,2,23,3,107.7,24.8,5.439,0.0,0.0,8.5,0,1.1,80,88.0
1277,2,23,4,110.97,25.7,5.439,0.0,0.0,9.1,0,1.1,80,88.0
1278,2,23,5,126.07,26.2,5.439,0.0,0.0,7.68,0,1.1,80,88.0
1279,2,23,6,127.57,26.2,5.439,0.0,0.0,7.66,0,1.1,80,88.0
1280,2,23,7,120.03,27.0,5.439,42.0,42.0,9.49,0,1.1,80,88.0
1281,2,23,8,112.89,28.6,5.439,379.1,218.0,9.51,1,1.1,100,110.00000000000001
1282,2,23,9,110.43,29.8,5.439,392.9,326.0,7.91,1,1.1,100,110.00000000000001
1283,2,23,10,101.54,30.7,5.439,411.4,412.0,6.58,1,1.1,100,110.00000000000001
1284,2,23,11,96.9,31.8,5.439,442.9,451.0,5.07,1,1.1,100,110.00000000000001
1285,2,23,12,97.86,32.5,5.439,320.1,356.0,3.39,1,1.1,100,110.00000000000001
1286,2,23,13,95.83,32.9,5.439,196.6,220.0,4.49,1,1.1,100,110.00000000000001
1287,2,23,14,100.97,33.1,5.439,165.3,185.0,4.63,1,1.1,100,110.00000000000001
1288,2,23,15,105.99,32.7,5.439,196.1,217.0,5.1,1,1.1,100,110.00000000000001
1289,2,23,16,129.76,31.1,5.439,205.2,191.0,5.34,0,1.1,80,88.0
1290,2,23,17,132.27,27.7,5.439,0.0,57.0,5.53,0,1.1,80,88.0
1291,2,23,18,136.28,24.8,5.439,0.0,0.0,6.17,0,1.1,80,88.0
1292,2,23,19,132.34,23.7,5.439,0.0,0.0,7.58,0,1.1,80,88.0
1293,2,23,20,130.09,23.5,5.439,0.0,0.0,7.77,0,1.1,80,88.0
1294,2,23,21,129.91,23.4,5.439,0.0,0.0,5.77,0,1.1,80,88.0
1295,2,23,22,118.99,23.2,5.439,0.0,0.0,3.72,0,1.1,80,88.0
1296,2,23,23,114.34,22.6,5.439,0.0,0.0,8.75,0,1.1,80,88.0
1297,2,24,0,96.59,21.9,5.439,0.0,0.0,9.78,0,1.1,80,88.0
1298,2,24,1,101.25,21.6,5.439,0.0,0.0,10.93,0,1.1,80,88.0
1299,2,24,2,97.45,21.2,5.439,0.0,0.0,15.35,0,1.1,80,88.0
1300,2,24,3,101.47,19.8,5.439,0.0,0.0,16.77,0,1.1,80,88.0
1301,2,24,4,105.74,18.7,5.439,0.0,0.0,16.79,0,1.1,80,88.0
1302,2,24,5,128.47,18.9,5.439,0.0,0.0,17.45,0,1.1,80,88.0
1303,2,24,6,136.27,19.4,5.439,0.0,0.0,18.35,0,1.1,80,88.0
1304,2,24,7,139.13,20.8,5.439,87.3,50.0,17.53,0,1.1,80,88.0
1305,2,24,8,125.32,25.3,5.439,62.6,70.0,17.8,0,1.1,80,88.0
1306,2,24,9,97.86,30.6,5.439,253.4,269.0,18.14,1,1.1,100,110.00000000000001
1307,2,24,10,86.37,33.8,5.439,391.9,401.0,17.74,1,1.1,100,110.00000000000001
1308,2,24,11,86.4,34.7,5.439,626.0,549.0,18.36,1,1.1,100,110.00000000000001
1309,2,24,12,81.93,34.9,5.439,710.3,566.0,16.64,1,1.1,100,110.00000000000001
1310,2,24,13,80.15,34.9,5.439,613.8,509.0,14.81,1,1.1,100,110.00000000000001
1311,2,24,14,82.61,35.1,5.439,586.2,455.0,15.4,1,1.1,100,110.00000000000001
1312,2,24,15,86.03,35.1,5.439,418.5,335.0,14.91,1,1.1,100,110.00000000000001
1313,2,24,16,110.02,34.9,5.439,115.0,123.0,13.61,1,1.1,100,110.00000000000001
1314,2,24,17,126.56,34.7,5.439,0.0,42.0,12.85,0,1.1,80,88.0
1315,2,24,18,133.12,34.7,5.439,0.0,0.0,14.59,0,1.1,80,88.0
1316,2,24,19,127.79,34.7,5.439,0.0,0.0,13.81,0,1.1,80,88.0
1317,2,24,20,111.75,34.7,5.439,0.0,0.0,13.38,0,1.1,80,88.0
1318,2,24,21,91.69,34.7,5.439,0.0,0.0,14.45,0,1.1,80,88.0
1319,2,24,22,86.2,34.7,5.439,0.0,0.0,14.07,0,1.1,80,88.0
1320,2,24,23,81.97,34.7,5.439,0.0,0.0,14.66,0,1.1,80,88.0
1321,2,25,0,53.19,34.5,5.439,0.0,0.0,13.93,1,1.1,100,110.00000000000001
1322,2,25,1,54.01,34.3,5.439,0.0,0.0,11.45,1,1.1,100,110.00000000000001
1323,2,25,2,50.67,33.8,5.439,0.0,0.0,9.52,1,1.1,100,110.00000000000001
1324,2,25,3,50.49,33.1,5.439,0.0,0.0,7.11,1,1.1,100,110.00000000000001
1325,2,25,4,54.37,33.1,5.439,0.0,0.0,2.02,1,1.1,100,110.00000000000001
1326,2,25,5,57.54,33.6,5.439,0.0,0.0,1.73,1,1.1,100,110.00000000000001
1327,2,25,6,69.37,33.6,5.439,0.0,0.0,1.58,1,1.1,100,110.00000000000001
1328,2,25,7,83.09,34.0,5.439,21.4,24.0,0.66,1,1.1,100,110.00000000000001
1329,2,25,8,76.55,34.7,5.439,6.3,7.0,0.47,0,1.1,80,88.0
1330,2,25,9,67.66,35.1,5.439,156.1,170.0,1.84,0,1.1,80,88.0
1331,2,25,10,59.52,35.2,5.439,513.1,433.0,1.84,0,1.1,80,88.0
1332,2,25,11,62.09,35.6,5.439,230.6,258.0,4.19,0,1.1,80,88.0
1333,2,25,12,60.05,36.0,5.439,541.7,522.0,3.87,0,1.1,80,88.0
1334,2,25,13,69.6,36.3,5.439,573.8,490.0,4.79,0,1.1,80,88.0
1335,2,25,14,69.92,36.7,5.439,385.9,372.0,5.44,0,1.1,80,88.0
1336,2,25,15,69.68,36.0,5.439,149.9,164.0,5.29,0,1.1,80,88.0
1337,2,25,16,74.23,35.6,5.439,117.5,126.0,3.6,0,1.1,80,88.0
1338,2,25,17,89.54,35.2,5.439,0.0,27.0,4.02,0,1.1,80,88.0
1339,2,25,18,98.42,35.1,5.439,0.0,0.0,3.55,0,1.1,80,88.0
1340,2,25,19,76.32,34.9,5.439,0.0,0.0,2.75,0,1.1,80,88.0
1341,2,25,20,74.11,34.9,5.439,0.0,0.0,2.12,0,1.1,80,88.0
1342,2,25,21,72.02,34.9,5.439,0.0,0.0,2.72,0,1.1,80,88.0
1343,2,25,22,53.66,34.7,5.439,0.0,0.0,2.3,0,1.1,80,88.0
1344,2,25,23,51.29,34.5,5.439,0.0,0.0,3.23,0,1.1,80,88.0
1345,2,26,0,42.31,34.3,5.439,0.0,0.0,3.42,0,1.1,80,88.0
1346,2,26,1,40.32,34.3,5.439,0.0,0.0,5.09,0,1.1,80,88.0
1347,2,26,2,38.73,34.3,5.439,0.0,0.0,3.93,0,1.1,80,88.0
1348,2,26,3,39.07,34.3,5.439,0.0,0.0,4.19,0,1.1,80,88.0
1349,2,26,4,39.29,34.3,5.439,0.0,0.0,2.9,0,1.1,80,88.0
1350,2,26,5,45.5,34.0,5.439,0.0,0.0,3.49,0,1.1,80,88.0
1351,2,26,6,78.15,33.6,5.439,0.0,0.0,4.65,0,1.1,80,88.0
1352,2,26,7,70.23,34.2,5.439,104.7,59.0,4.11,0,1.1,80,88.0
1353,2,26,8,48.1,35.1,5.439,139.1,152.0,5.12,0,1.1,80,88.0
1354,2,26,9,42.67,36.0,5.439,288.4,297.0,7.46,1,1.1,100,110.00000000000001
1355,2,26,10,40.38,36.7,5.439,379.7,389.0,8.49,1,1.1,100,110.00000000000001
1356,2,26,11,38.59,37.4,5.439,542.8,516.0,10.12,1,1.1,100,110.00000000000001
1357,2,26,12,35.82,37.8,5.439,573.4,540.0,10.94,1,1.1,100,110.00000000000001
1358,2,26,13,35.28,37.9,5.439,197.5,221.0,10.56,1,1.1,100,110.00000000000001
1359,2,26,14,37.89,37.8,5.439,977.7,581.0,11.54,1,1.1,100,110.00000000000001
1360,2,26,15,39.67,37.2,5.439,793.0,440.0,13.06,1,1.1,100,110.00000000000001
1361,2,26,16,46.14,36.0,5.439,205.8,194.0,13.17,1,1.1,100,110.00000000000001
1362,2,26,17,53.91,32.7,5.439,0.0,54.0,14.71,0,1.1,80,88.0
1363,2,26,18,76.89,31.3,5.439,0.0,0.0,15.07,0,1.1,80,88.0
1364,2,26,19,63.48,30.6,5.439,0.0,0.0,15.58,0,1.1,80,88.0
1365,2,26,20,47.82,28.0,5.439,0.0,0.0,14.29,0,1.1,80,88.0
1366,2,26,21,47.19,28.0,5.439,0.0,0.0,13.33,0,1.1,80,88.0
1367,2,26,22,43.72,29.1,5.439,0.0,0.0,11.7,0,1.1,80,88.0
1368,2,26,23,48.5,30.7,5.439,0.0,0.0,10.88,0,1.1,80,88.0
1369,2,27,0,60.44,32.7,5.439,0.0,0.0,11.45,0,1.1,80,88.0
1370,2,27,1,60.83,31.5,5.439,0.0,0.0,10.84,0,1.1,80,88.0
1371,2,27,2,50.62,29.1,5.439,0.0,0.0,10.23,0,1.1,80,88.0
1372,2,27,3,46.84,30.2,5.439,0.0,0.0,8.01,0,1.1,80,88.0
1373,2,27,4,56.11,31.5,5.439,0.0,0.0,8.63,0,1.1,80,88.0
1374,2,27,5,54.07,31.6,5.439,0.0,0.0,7.93,0,1.1,80,88.0
1375,2,27,6,58.51,31.8,5.439,0.0,0.0,5.75,0,1.1,80,88.0
1376,2,27,7,63.27,32.5,5.439,34.0,38.0,2.85,0,1.1,80,88.0
1377,2,27,8,58.77,33.6,5.439,30.4,34.0,2.18,0,1.1,80,88.0
1378,2,27,9,65.94,34.9,5.439,26.8,30.0,2.55,0,1.1,80,88.0
1379,2,27,10,63.91,36.0,5.439,23.2,26.0,3.04,0,1.1,80,88.0
1380,2,27,11,61.7,36.7,5.439,87.6,98.0,2.61,0,1.1,80,88.0
1381,2,27,12,59.06,37.2,5.439,70.6,79.0,0.99,0,1.1,80,88.0
1382,2,27,13,56.75,37.9,5.439,214.0,235.0,2.19,0,1.1,80,88.0
1383,2,27,14,48.72,38.7,5.439,58.1,65.0,2.38,0,1.1,80,88.0
1384,2,27,15,51.66,38.8,5.439,103.7,116.0,3.11,0,1.1,80,88.0
1385,2,27,16,50.69,38.1,5.439,99.9,107.0,3.91,1,1.1,100,110.00000000000001
1386,2,27,17,54.53,37.6,5.439,0.0,38.0,4.95,1,1.1,100,110.00000000000001
1387,2,27,18,54.16,37.2,5.439,0.0,0.0,7.23,1,1.1,100,110.00000000000001
1388,2,27,19,47.55,36.9,5.439,0.0,0.0,8.2,1,1.1,100,110.00000000000001
1389,2,27,20,49.84,36.5,5.439,0.0,0.0,8.39,1,1.1,100,110.00000000000001
1390,2,27,21,45.05,35.6,5.439,0.0,0.0,9.15,1,1.1,100,110.00000000000001
1391,2,27,22,42.0,34.9,5.439,0.0,0.0,10.75,1,1.1,100,110.00000000000001
1392,2,27,23,38.25,34.2,5.439,0.0,0.0,9.26,1,1.1,100,110.00000000000001
1393,2,28,0,37.61,33.8,5.439,0.0,0.0,9.89,0,1.1,80,88.0
1394,2,28,1,36.01,33.6,5.439,0.0,0.0,10.45,0,1.1,80,88.0
1395,2,28,2,36.18,33.3,5.439,0.0,0.0,10.05,0,1.1,80,88.0
1396,2,28,3,35.66,32.9,5.439,0.0,0.0,9.68,0,1.1,80,88.0
1397,2,28,4,36.91,32.5,5.439,0.0,0.0,8.85,0,1.1,80,88.0
1398,2,28,5,40.76,32.4,5.439,0.0,0.0,8.28,0,1.1,80,88.0
1399,2,28,6,69.93,32.4,5.439,0.0,0.0,8.91,0,1.1,80,88.0
1400,2,28,7,63.74,33.8,5.439,31.2,33.0,9.02,0,1.1,80,88.0
1401,2,28,8,46.89,35.4,5.439,106.2,117.0,9.67,0,1.1,80,88.0
1402,2,28,9,39.03,35.4,5.439,306.0,312.0,8.72,1,1.1,100,110.00000000000001
1403,2,28,10,37.28,34.3,5.439,442.3,437.0,8.66,1,1.1,100,110.00000000000001
1404,2,28,11,34.64,33.6,5.439,592.9,552.0,7.4,1,1.1,100,110.00000000000001
1405,2,28,12,30.17,33.1,5.439,590.4,562.0,8.85,1,1.1,100,110.00000000000001
1406,2,28,13,31.24,32.7,5.439,1120.6,696.0,8.23,1,1.1,100,110.00000000000001
1407,2,28,14,36.0,32.2,5.439,1002.0,605.0,7.3,1,1.1,100,110.00000000000001
1408,2,28,15,42.17,31.1,5.439,541.2,366.0,6.67,1,1.1,100,110.00000000000001
1409,2,28,16,45.34,29.3,5.439,463.1,220.0,5.51,1,1.1,100,110.00000000000001
1410,2,28,17,61.1,27.1,5.439,0.0,49.0,4.99,0,1.1,80,88.0
1411,2,28,18,68.38,27.5,5.439,0.0,0.0,4.07,0,1.1,80,88.0
1412,2,28,19,64.7,27.3,5.439,0.0,0.0,4.27,0,1.1,80,88.0
1413,2,28,20,53.41,26.4,5.439,0.0,0.0,7.13,0,1.1,80,88.0
1414,2,28,21,53.48,27.7,5.439,0.0,0.0,9.9,0,1.1,80,88.0
1415,2,28,22,46.16,28.9,5.439,0.0,0.0,12.2,0,1.1,80,88.0
1416,2,28,23,46.03,29.7,5.439,0.0,0.0,12.7,0,1.1,80,88.0
1417,3,1,0,46.03,30.0,5.227,0.0,0.0,12.96,0,1.1,80,88.0
1418,3,1,1,44.54,30.4,5.227,0.0,0.0,11.37,0,1.1,80,88.0
1419,3,1,2,42.63,30.7,5.227,0.0,0.0,9.04,1,1.1,100,110.00000000000001
1420,3,1,3,41.66,31.6,5.227,0.0,0.0,7.6,1,1.1,100,110.00000000000001
1421,3,1,4,40.54,32.7,5.227,0.0,0.0,8.4,1,1.1,100,110.00000000000001
1422,3,1,5,42.9,33.6,5.227,0.0,0.0,7.05,1,1.1,100,110.00000000000001
1423,3,1,6,45.61,34.3,5.227,0.0,0.0,6.06,1,1.1,100,110.00000000000001
1424,3,1,7,49.63,35.6,5.227,4.5,5.0,4.23,1,1.1,100,110.00000000000001
1425,3,1,8,45.68,36.9,5.227,80.1,88.0,2.71,1,1.1,100,110.00000000000001
1426,3,1,9,43.61,39.0,5.227,172.5,193.0,1.95,1,1.1,100,110.00000000000001
1427,3,1,10,62.63,41.9,5.227,160.0,179.0,2.68,0,1.1,80,88.0
1428,3,1,11,55.15,44.6,5.227,458.3,460.0,2.71,0,1.1,80,88.0
1429,3,1,12,55.21,45.9,5.227,547.2,533.0,2.91,0,1.1,80,88.0
1430,3,1,13,51.64,43.0,5.227,507.6,502.0,3.6,0,1.1,80,88.0
1431,3,1,14,53.49,39.6,5.227,425.1,427.0,4.5,0,1.1,80,88.0
1432,3,1,15,53.56,34.9,5.227,67.0,75.0,5.49,0,1.1,80,88.0
1433,3,1,16,67.2,30.2,5.227,58.1,65.0,2.26,0,1.1,80,88.0
1434,3,1,17,74.84,25.3,5.227,0.0,31.0,5.27,0,1.1,80,88.0
1435,3,1,18,69.27,21.6,5.227,0.0,0.0,6.49,0,1.1,80,88.0
1436,3,1,19,68.04,19.9,5.227,0.0,0.0,8.11,0,1.1,80,88.0
1437,3,1,20,55.05,19.2,5.227,0.0,0.0,9.14,0,1.1,80,88.0
1438,3,1,21,60.85,18.5,5.227,0.0,0.0,8.27,0,1.1,80,88.0
1439,3,1,22,54.65,17.6,5.227,0.0,0.0,8.63,0,1.1,80,88.0
1440,3,1,23,49.69,16.2,5.227,0.0,0.0,8.62,0,1.1,80,88.0
1441,3,2,0,60.38,14.5,5.227,0.0,0.0,8.35,1,1.1,100,110.00000000000001
1442,3,2,1,58.26,13.1,5.227,0.0,0.0,8.19,1,1.1,100,110.00000000000001
1443,3,2,2,60.21,12.0,5.227,0.0,0.0,8.11,1,1.1,100,110.00000000000001
1444,3,2,3,61.74,10.9,5.227,0.0,0.0,7.48,1,1.1,100,110.00000000000001
1445,3,2,4,61.29,9.9,5.227,0.0,0.0,5.84,1,1.1,100,110.00000000000001
1446,3,2,5,65.4,9.0,5.227,0.0,0.0,5.37,1,1.1,100,110.00000000000001
1447,3,2,6,65.84,8.2,5.227,0.0,0.0,5.33,1,1.1,100,110.00000000000001
1448,3,2,7,70.91,8.8,5.227,153.9,85.0,4.86,1,1.1,100,110.00000000000001
1449,3,2,8,62.33,10.0,5.227,474.8,282.0,4.96,0,1.1,80,88.0
1450,3,2,9,63.39,11.8,5.227,675.8,411.0,1.94,0,1.1,80,88.0
1451,3,2,10,66.61,14.0,5.227,984.6,622.0,1.99,0,1.1,80,88.0
1452,3,2,11,63.64,16.3,5.227,1130.3,719.0,2.5,0,1.1,80,88.0
1453,3,2,12,65.76,18.1,5.227,646.2,621.0,7.24,0,1.1,80,88.0
1454,3,2,13,63.21,19.0,5.227,1154.7,726.0,11.92,0,1.1,80,88.0
1455,3,2,14,67.36,18.9,5.227,1017.4,624.0,19.7,0,1.1,80,88.0
1456,3,2,15,70.84,18.0,5.227,824.4,478.0,20.42,0,1.1,80,88.0
1457,3,2,16,82.24,16.2,5.227,593.3,293.0,19.92,0,1.1,80,88.0
1458,3,2,17,114.46,14.0,5.227,0.0,97.0,18.45,0,1.1,80,88.0
1459,3,2,18,125.08,12.6,5.227,0.0,0.0,16.74,0,1.1,80,88.0
1460,3,2,19,118.88,11.3,5.227,0.0,0.0,13.99,0,1.1,80,88.0
1461,3,2,20,113.28,10.6,5.227,0.0,0.0,13.38,0,1.1,80,88.0
1462,3,2,21,105.71,9.9,5.227,0.0,0.0,14.41,0,1.1,80,88.0
1463,3,2,22,84.4,8.6,5.227,0.0,0.0,13.41,0,1.1,80,88.0
1464,3,2,23,105.69,7.0,5.227,0.0,0.0,14.12,0,1.1,80,88.0
1465,3,3,0,103.89,6.3,5.227,0.0,0.0,13.39,0,1.1,80,88.0
1466,3,3,1,96.65,5.9,5.227,0.0,0.0,14.52,0,1.1,80,88.0
1467,3,3,2,78.87,5.9,5.227,0.0,0.0,14.05,0,1.1,80,88.0
1468,3,3,3,88.57,5.5,5.227,0.0,0.0,12.64,0,1.1,80,88.0
1469,3,3,4,97.17,4.8,5.227,0.0,0.0,12.05,0,1.1,80,88.0
1470,3,3,5,126.76,3.7,5.227,0.0,0.0,11.17,0,1.1,80,88.0
1471,3,3,6,174.53,3.9,5.227,0.0,0.0,7.66,0,1.1,80,88.0
1472,3,3,7,169.91,8.8,5.227,66.3,67.0,6.58,0,1.1,80,88.0
1473,3,3,8,146.9,14.2,5.227,479.5,288.0,6.25,0,1.1,80,88.0
1474,3,3,9,104.96,18.9,5.227,374.3,374.0,2.42,1,1.1,100,110.00000000000001
1475,3,3,10,93.89,22.6,5.227,489.1,490.0,1.15,1,1.1,100,110.00000000000001
1476,3,3,11,77.92,25.5,5.227,676.2,624.0,2.43,1,1.1,100,110.00000000000001
1477,3,3,12,76.99,27.5,5.227,672.7,639.0,1.97,1,1.1,100,110.00000000000001
1478,3,3,13,75.0,28.6,5.227,622.0,593.0,2.47,1,1.1,100,110.00000000000001
1479,3,3,14,76.12,28.8,5.227,1020.2,631.0,3.15,1,1.1,100,110.00000000000001
1480,3,3,15,89.39,28.0,5.227,815.7,479.0,3.51,1,1.1,100,110.00000000000001
1481,3,3,16,116.13,25.9,5.227,579.3,294.0,3.32,1,1.1,100,110.00000000000001
1482,3,3,17,148.7,21.2,5.227,0.0,97.0,5.55,0,1.1,80,88.0
1483,3,3,18,180.47,18.5,5.227,0.0,0.0,5.75,0,1.1,80,88.0
1484,3,3,19,151.81,16.5,5.227,0.0,0.0,7.21,0,1.1,80,88.0
1485,3,3,20,141.52,16.7,5.227,0.0,0.0,8.74,0,1.1,80,88.0
1486,3,3,21,115.34,16.9,5.227,0.0,0.0,10.37,0,1.1,80,88.0
1487,3,3,22,87.12,16.0,5.227,0.0,0.0,11.16,0,1.1,80,88.0
1488,3,3,23,85.74,14.5,5.227,0.0,0.0,10.83,0,1.1,80,88.0
1489,3,4,0,93.04,13.3,5.227,0.0,0.0,11.92,0,1.1,80,88.0
1490,3,4,1,87.61,13.1,5.227,0.0,0.0,14.04,0,1.1,80,88.0
1491,3,4,2,85.77,14.0,5.227,0.0,0.0,13.28,0,1.1,80,88.0
1492,3,4,3,87.3,15.3,5.227,0.0,0.0,14.87,0,1.1,80,88.0
1493,3,4,4,89.09,15.4,5.227,0.0,0.0,15.54,0,1.1,80,88.0
1494,3,4,5,112.59,16.2,5.227,0.0,0.0,15.85,0,1.1,80,88.0
1495,3,4,6,118.7,18.3,5.227,0.0,0.0,13.04,0,1.1,80,88.0
1496,3,4,7,96.1,23.4,5.227,58.9,64.0,12.38,0,1.1,80,88.0
1497,3,4,8,69.81,28.8,5.227,115.3,126.0,11.15,0,1.1,80,88.0
1498,3,4,9,53.49,35.1,5.227,145.7,163.0,11.03,1,1.1,100,110.00000000000001
1499,3,4,10,40.94,38.8,5.227,287.2,318.0,11.18,1,1.1,100,110.00000000000001
1500,3,4,11,37.82,41.0,5.227,414.9,439.0,10.98,1,1.1,100,110.00000000000001
1501,3,4,12,36.47,42.3,5.227,346.1,375.0,9.97,1,1.1,100,110.00000000000001
1502,3,4,13,36.52,42.3,5.227,325.3,362.0,8.98,1,1.1,100,110.00000000000001
1503,3,4,14,37.93,41.9,5.227,440.0,423.0,9.1,1,1.1,100,110.00000000000001
1504,3,4,15,40.37,41.5,5.227,383.9,368.0,7.15,1,1.1,100,110.00000000000001
1505,3,4,16,41.89,40.3,5.227,178.0,190.0,5.64,1,1.1,100,110.00000000000001
1506,3,4,17,60.52,37.6,5.227,0.0,82.0,4.25,0,1.1,80,88.0
1507,3,4,18,67.28,36.3,5.227,0.0,0.0,2.24,0,1.1,80,88.0
1508,3,4,19,37.51,35.8,5.227,0.0,0.0,1.43,0,1.1,80,88.0
1509,3,4,20,45.92,35.2,5.227,0.0,0.0,2.86,0,1.1,80,88.0
1510,3,4,21,33.63,35.4,5.227,0.0,0.0,2.41,0,1.1,80,88.0
1511,3,4,22,33.64,35.6,5.227,0.0,0.0,4.75,0,1.1,80,88.0
1512,3,4,23,48.3,35.4,5.227,0.0,0.0,6.9,0,1.1,80,88.0
1513,3,5,0,45.62,35.1,5.227,0.0,0.0,5.74,0,1.1,80,88.0
1514,3,5,1,50.98,34.9,5.227,0.0,0.0,6.48,0,1.1,80,88.0
1515,3,5,2,48.95,34.7,5.227,0.0,0.0,6.41,0,1.1,80,88.0
1516,3,5,3,47.4,34.9,5.227,0.0,0.0,6.11,0,1.1,80,88.0
1517,3,5,4,48.57,35.2,5.227,0.0,0.0,6.71,0,1.1,80,88.0
1518,3,5,5,44.93,36.0,5.227,0.0,0.0,6.98,0,1.1,80,88.0
1519,3,5,6,51.39,36.7,5.227,0.0,0.0,6.63,0,1.1,80,88.0
1520,3,5,7,35.82,38.3,5.227,108.4,77.0,7.52,0,1.1,80,88.0
1521,3,5,8,35.27,40.3,5.227,33.1,37.0,7.46,0,1.1,80,88.0
1522,3,5,9,45.44,42.3,5.227,26.8,30.0,8.27,0,1.1,80,88.0
1523,3,5,10,47.8,44.1,5.227,62.6,70.0,8.96,0,1.1,80,88.0
1524,3,5,11,45.1,45.9,5.227,125.1,140.0,8.02,0,1.1,80,88.0
1525,3,5,12,41.96,47.7,5.227,184.6,205.0,9.13,0,1.1,80,88.0
1526,3,5,13,43.34,48.9,5.227,100.1,112.0,8.99,0,1.1,80,88.0
1527,3,5,14,42.27,49.5,5.227,104.6,117.0,11.3,0,1.1,80,88.0
1528,3,5,15,43.26,49.1,5.227,38.4,43.0,12.87,0,1.1,80,88.0
1529,3,5,16,38.76,48.4,5.227,109.2,120.0,12.51,1,1.1,100,110.00000000000001
1530,3,5,17,33.34,47.5,5.227,0.0,49.0,13.2,1,1.1,100,110.00000000000001
1531,3,5,18,34.67,47.1,5.227,0.0,0.0,13.17,1,1.1,100,110.00000000000001
1532,3,5,19,30.73,47.3,5.227,0.0,0.0,12.93,1,1.1,100,110.00000000000001
1533,3,5,20,32.86,47.5,5.227,0.0,0.0,12.27,1,1.1,100,110.00000000000001
1534,3,5,21,31.14,48.2,5.227,0.0,0.0,12.93,1,1.1,100,110.00000000000001
1535,3,5,22,32.87,48.9,5.227,0.0,0.0,12.55,1,1.1,100,110.00000000000001
1536,3,5,23,36.53,49.6,5.227,0.0,0.0,14.16,1,1.1,100,110.00000000000001
1537,3,6,0,39.68,49.3,5.227,0.0,0.0,14.07,1,1.1,100,110.00000000000001
1538,3,6,1,39.79,48.6,5.227,0.0,0.0,12.96,1,1.1,100,110.00000000000001
1539,3,6,2,39.76,47.1,5.227,0.0,0.0,13.3,1,1.1,100,110.00000000000001
1540,3,6,3,38.81,44.6,5.227,0.0,0.0,12.29,1,1.1,100,110.00000000000001
1541,3,6,4,38.6,43.9,5.227,0.0,0.0,10.48,1,1.1,100,110.00000000000001
1542,3,6,5,42.12,43.3,5.227,0.0,0.0,9.66,1,1.1,100,110.00000000000001
1543,3,6,6,48.48,43.7,5.227,0.0,0.0,11.13,1,1.1,100,110.00000000000001
1544,3,6,7,55.71,45.3,5.227,119.1,84.0,13.09,1,1.1,100,110.00000000000001
1545,3,6,8,57.08,45.5,5.227,126.6,140.0,16.34,0,1.1,80,88.0
1546,3,6,9,52.02,45.0,5.227,220.2,242.0,17.68,0,1.1,80,88.0
1547,3,6,10,50.68,46.2,5.227,337.9,359.0,17.76,0,1.1,80,88.0
1548,3,6,11,47.86,49.1,5.227,605.8,528.0,16.88,0,1.1,80,88.0
1549,3,6,12,46.38,50.7,5.227,235.9,264.0,15.22,0,1.1,80,88.0
1550,3,6,13,43.71,50.2,5.227,365.5,394.0,10.6,0,1.1,80,88.0
1551,3,6,14,43.53,48.2,5.227,121.5,136.0,13.14,0,1.1,80,88.0
1552,3,6,15,46.16,45.1,5.227,75.1,84.0,13.99,0,1.1,80,88.0
1553,3,6,16,48.76,42.4,5.227,508.8,282.0,13.73,0,1.1,80,88.0
1554,3,6,17,53.01,39.2,5.227,0.0,97.0,12.05,0,1.1,80,88.0
1555,3,6,18,61.28,36.0,5.227,0.0,0.0,13.54,0,1.1,80,88.0
1556,3,6,19,52.03,32.7,5.227,0.0,0.0,12.28,0,1.1,80,88.0
1557,3,6,20,48.76,30.0,5.227,0.0,0.0,12.54,0,1.1,80,88.0
1558,3,6,21,45.79,28.0,5.227,0.0,0.0,11.85,0,1.1,80,88.0
1559,3,6,22,44.56,27.0,5.227,0.0,0.0,8.93,0,1.1,80,88.0
1560,3,6,23,40.43,26.4,5.227,0.0,0.0,8.79,0,1.1,80,88.0
1561,3,7,0,48.89,26.1,5.227,0.0,0.0,11.78,0,1.1,80,88.0
1562,3,7,1,43.62,25.5,5.227,0.0,0.0,9.71,0,1.1,80,88.0
1563,3,7,2,43.36,25.0,5.227,0.0,0.0,8.9,0,1.1,80,88.0
1564,3,7,3,41.79,24.6,5.227,0.0,0.0,9.17,0,1.1,80,88.0
1565,3,7,4,45.47,24.4,5.227,0.0,0.0,10.55,0,1.1,80,88.0
1566,3,7,5,54.61,23.9,5.227,0.0,0.0,12.07,0,1.1,80,88.0
1567,3,7,6,70.25,24.1,5.227,0.0,0.0,12.89,0,1.1,80,88.0
1568,3,7,7,66.86,25.9,5.227,64.1,70.0,12.18,0,1.1,80,88.0
1569,3,7,8,46.55,29.3,5.227,212.1,222.0,13.3,0,1.1,80,88.0
1570,3,7,9,39.2,32.7,5.227,393.4,387.0,13.78,1,1.1,100,110.00000000000001
1571,3,7,10,37.11,35.1,5.227,525.3,511.0,13.7,1,1.1,100,110.00000000000001
1572,3,7,11,35.82,36.7,5.227,624.5,591.0,14.52,1,1.1,100,110.00000000000001
1573,3,7,12,34.98,37.4,5.227,592.5,581.0,13.66,1,1.1,100,110.00000000000001
1574,3,7,13,34.9,37.2,5.227,544.2,542.0,12.49,1,1.1,100,110.00000000000001
1575,3,7,14,35.78,36.0,5.227,585.1,531.0,12.97,1,1.1,100,110.00000000000001
1576,3,7,15,38.86,33.8,5.227,97.4,109.0,13.42,1,1.1,100,110.00000000000001
1577,3,7,16,45.86,31.5,5.227,16.1,18.0,14.12,1,1.1,100,110.00000000000001
1578,3,7,17,58.45,29.5,5.227,0.0,69.0,14.62,0,1.1,80,88.0
1579,3,7,18,66.19,28.4,5.227,0.0,0.0,13.46,0,1.1,80,88.0
1580,3,7,19,60.16,27.7,5.227,0.0,0.0,12.85,0,1.1,80,88.0
1581,3,7,20,56.81,27.3,5.227,0.0,0.0,15.41,0,1.1,80,88.0
1582,3,7,21,58.16,27.1,5.227,0.0,0.0,15.53,0,1.1,80,88.0
1583,3,7,22,45.2,27.0,5.227,0.0,0.0,16.17,0,1.1,80,88.0
1584,3,7,23,43.82,27.0,5.227,0.0,0.0,16.06,0,1.1,80,88.0
1585,3,8,0,49.69,26.8,5.227,0.0,0.0,14.38,0,1.1,80,88.0
1586,3,8,1,45.85,26.6,5.227,0.0,0.0,14.68,0,1.1,80,88.0
1587,3,8,2,43.64,26.8,5.227,0.0,0.0,14.39,0,1.1,80,88.0
1588,3,8,3,45.38,27.1,5.227,0.0,0.0,14.17,0,1.1,80,88.0
1589,3,8,4,45.4,27.7,5.227,0.0,0.0,13.85,0,1.1,80,88.0
1590,3,8,5,47.6,27.9,5.227,0.0,0.0,14.66,0,1.1,80,88.0
1591,3,8,6,53.7,28.6,5.227,0.0,0.0,14.44,0,1.1,80,88.0
1592,3,8,7,46.54,30.6,5.227,9.8,11.0,13.06,0,1.1,80,88.0
1593,3,8,8,45.12,31.6,5.227,145.4,161.0,14.65,1,1.1,100,110.00000000000001
1594,3,8,9,43.61,31.8,5.227,379.0,377.0,13.23,1,1.1,100,110.00000000000001
1595,3,8,10,47.45,32.5,5.227,509.6,504.0,11.24,1,1.1,100,110.00000000000001
1596,3,8,11,44.34,32.9,5.227,731.9,644.0,12.05,1,1.1,100,110.00000000000001
1597,3,8,12,42.55,32.4,5.227,710.2,653.0,11.46,1,1.1,100,110.00000000000001
1598,3,8,13,38.65,31.5,5.227,537.6,535.0,9.92,1,1.1,100,110.00000000000001
1599,3,8,14,36.8,30.2,5.227,565.7,524.0,11.47,1,1.1,100,110.00000000000001
1600,3,8,15,38.62,28.9,5.227,800.2,500.0,11.95,1,1.1,100,110.00000000000001
1601,3,8,16,53.47,28.0,5.227,547.1,311.0,11.9,0,1.1,80,88.0
1602,3,8,17,68.2,27.3,5.227,0.0,115.0,12.51,0,1.1,80,88.0
1603,3,8,18,74.01,27.1,5.227,0.0,0.0,13.05,0,1.1,80,88.0
1604,3,8,19,60.91,27.0,5.227,0.0,0.0,12.88,0,1.1,80,88.0
1605,3,8,20,55.78,26.8,5.227,0.0,0.0,12.03,0,1.1,80,88.0
1606,3,8,21,55.88,26.6,5.227,0.0,0.0,11.91,0,1.1,80,88.0
1607,3,8,22,48.91,26.4,5.227,0.0,0.0,12.39,0,1.1,80,88.0
1608,3,8,23,50.86,25.9,5.227,0.0,0.0,12.12,0,1.1,80,88.0
1609,3,9,0,41.36,25.5,5.227,0.0,0.0,10.58,0,1.1,80,88.0
1610,3,9,1,54.16,24.8,5.227,0.0,0.0,11.14,0,1.1,80,88.0
1611,3,9,2,39.11,24.1,5.227,0.0,0.0,10.55,0,1.1,80,88.0
1612,3,9,3,44.49,23.4,5.227,0.0,0.0,11.41,0,1.1,80,88.0
1613,3,9,4,51.91,23.0,5.227,0.0,0.0,9.99,0,1.1,80,88.0
1614,3,9,5,44.66,22.6,5.227,0.0,0.0,10.19,0,1.1,80,88.0
1615,3,9,6,50.17,22.6,5.227,0.0,0.0,10.56,0,1.1,80,88.0
1616,3,9,7,47.1,26.8,5.227,11.6,13.0,9.72,1,1.1,100,110.00000000000001
1617,3,9,8,43.45,31.3,5.227,151.9,167.0,9.58,1,1.1,100,110.00000000000001
1618,3,9,9,41.22,35.1,5.227,274.1,294.0,8.63,1,1.1,100,110.00000000000001
1619,3,9,10,41.33,37.4,5.227,351.2,380.0,9.61,1,1.1,100,110.00000000000001
1620,3,9,11,42.64,38.1,5.227,547.5,546.0,8.33,1,1.1,100,110.00000000000001
1621,3,9,12,44.1,38.8,5.227,223.4,250.0,9.71,1,1.1,100,110.00000000000001
1622,3,9,13,42.09,39.4,5.227,535.4,536.0,9.57,1,1.1,100,110.00000000000001
1623,3,9,14,41.95,39.6,5.227,416.1,429.0,9.26,1,1.1,100,110.00000000000001
1624,3,9,15,48.27,39.0,5.227,137.6,154.0,9.11,0,1.1,80,88.0
1625,3,9,16,58.93,37.8,5.227,107.2,120.0,9.39,0,1.1,80,88.0
1626,3,9,17,58.21,34.9,5.227,33.1,37.0,8.61,0,1.1,80,88.0
1627,3,9,18,76.56,32.9,5.227,0.0,0.0,7.85,0,1.1,80,88.0
1628,3,9,19,68.24,31.5,5.227,0.0,0.0,8.42,0,1.1,80,88.0
1629,3,9,20,50.14,30.2,5.227,0.0,0.0,7.77,0,1.1,80,88.0
1630,3,9,21,52.2,29.1,5.227,0.0,0.0,7.95,0,1.1,80,88.0
1631,3,9,22,49.0,29.1,5.227,0.0,0.0,8.96,0,1.1,80,88.0
1632,3,9,23,43.41,30.4,5.227,0.0,0.0,7.37,0,1.1,80,88.0
1633,3,10,0,43.44,31.5,5.227,0.0,0.0,6.68,0,1.1,80,88.0
1634,3,10,1,42.17,32.2,5.227,0.0,0.0,7.04,0,1.1,80,88.0
1635,3,10,2,42.41,33.1,5.227,0.0,0.0,5.27,0,1.1,80,88.0
1636,3,10,3,44.48,34.0,5.227,0.0,0.0,3.81,0,1.1,80,88.0
1637,3,10,4,52.85,34.2,5.227,0.0,0.0,5.07,0,1.1,80,88.0
1638,3,10,5,87.18,34.0,5.227,0.0,0.0,5.03,0,1.1,80,88.0
1639,3,10,6,90.0,35.1,5.227,0.0,0.0,5.83,0,1.1,80,88.0
1640,3,10,7,79.91,39.0,5.227,187.5,121.0,5.11,0,1.1,80,88.0
1641,3,10,8,53.07,43.5,5.227,487.5,320.0,3.7,0,1.1,80,88.0
1642,3,10,9,43.37,46.4,5.227,760.9,507.0,1.37,1,1.1,100,110.00000000000001
1643,3,10,10,39.39,48.6,5.227,974.2,654.0,0.96,1,1.1,100,110.00000000000001
1644,3,10,11,37.6,50.5,5.227,1002.3,683.0,0.17,1,1.1,100,110.00000000000001
1645,3,10,12,35.71,52.0,5.227,1154.2,776.0,0.96,1,1.1,100,110.00000000000001
1646,3,10,13,32.61,52.5,5.227,1114.2,745.0,1.67,1,1.1,100,110.00000000000001
1647,3,10,14,37.71,52.2,5.227,983.2,648.0,1.49,1,1.1,100,110.00000000000001
1648,3,10,15,36.53,50.7,5.227,787.7,503.0,2.63,1,1.1,100,110.00000000000001
1649,3,10,16,39.58,44.8,5.227,546.3,320.0,2.89,1,1.1,100,110.00000000000001
1650,3,10,17,59.38,38.7,5.227,398.9,123.0,4.08,0,1.1,80,88.0
1651,3,10,18,79.45,39.7,5.227,0.0,0.0,2.75,0,1.1,80,88.0
1652,3,10,19,80.17,42.1,5.227,0.0,0.0,3.97,0,1.1,80,88.0
1653,3,10,20,65.0,42.8,5.227,0.0,0.0,3.44,0,1.1,80,88.0
1654,3,10,21,51.37,40.1,5.227,0.0,0.0,4.34,0,1.1,80,88.0
1655,3,10,22,45.74,36.1,5.227,0.0,0.0,3.82,0,1.1,80,88.0
1656,3,10,23,40.06,33.1,5.227,0.0,0.0,5.7,0,1.1,80,88.0
1657,3,11,0,39.34,31.6,5.227,0.0,0.0,3.1,0,1.1,80,88.0
1658,3,11,1,36.64,31.6,5.227,0.0,0.0,3.15,0,1.1,80,88.0
1659,3,11,2,35.18,31.5,5.227,0.0,0.0,5.76,0,1.1,80,88.0
1660,3,11,3,36.99,31.3,5.227,0.0,0.0,5.62,0,1.1,80,88.0
1661,3,11,4,43.06,31.8,5.227,0.0,0.0,5.46,0,1.1,80,88.0
1662,3,11,5,67.18,32.0,5.227,0.0,0.0,7.77,0,1.1,80,88.0
1663,3,11,6,76.74,34.7,5.227,0.0,0.0,6.9,0,1.1,80,88.0
1664,3,11,7,50.25,40.8,5.227,172.1,116.0,6.87,0,1.1,80,88.0
1665,3,11,8,38.37,45.9,5.227,457.7,308.0,5.7,1,1.1,100,110.00000000000001
1666,3,11,9,37.29,51.6,5.227,722.2,490.0,6.99,1,1.1,100,110.00000000000001
1667,3,11,10,34.56,55.8,5.227,938.5,638.0,7.94,1,1.104,100,110.4
1668,3,11,11,26.85,58.1,5.227,1071.7,730.0,8.39,1,1.1155000000000002,100,111.55000000000001
1669,3,11,12,24.6,59.2,5.227,1119.2,761.0,6.02,1,1.121,100,112.1
1670,3,11,13,24.65,59.5,5.227,1077.7,728.0,6.9,1,1.1225,100,112.25
1671,3,11,14,33.12,59.2,5.227,948.3,633.0,7.78,1,1.121,100,112.1
1672,3,11,15,36.32,58.3,5.227,748.2,487.0,6.28,1,1.1165,100,111.65
1673,3,11,16,42.75,55.8,5.227,507.5,307.0,5.59,0,1.104,80,88.32000000000001
1674,3,11,17,53.46,51.8,5.227,335.7,114.0,5.42,0,1.1,80,88.0
1675,3,11,18,50.97,49.5,5.227,0.0,0.0,6.41,0,1.1,80,88.0
1676,3,11,19,56.17,48.4,5.227,0.0,0.0,7.78,0,1.1,80,88.0
1677,3,11,20,38.32,47.5,5.227,0.0,0.0,6.79,0,1.1,80,88.0
1678,3,11,21,38.71,44.8,5.227,0.0,0.0,8.07,0,1.1,80,88.0
1679,3,11,22,31.75,41.4,5.227,0.0,0.0,8.17,0,1.1,80,88.0
1680,3,11,23,42.92,39.0,5.227,0.0,0.0,8.1,0,1.1,80,88.0
1681,3,12,0,43.63,36.9,5.227,0.0,0.0,7.38,0,1.1,80,88.0
1682,3,12,1,36.93,34.9,5.227,0.0,0.0,5.61,0,1.1,80,88.0
1683,3,12,2,38.28,32.2,5.227,0.0,0.0,4.63,0,1.1,80,88.0
1684,3,12,3,40.76,29.8,5.227,0.0,0.0,4.12,0,1.1,80,88.0
1685,3,12,4,40.76,28.2,5.227,0.0,0.0,4.55,0,1.1,80,88.0
1686,3,12,5,55.13,27.0,5.227,0.0,0.0,4.95,0,1.1,80,88.0
1687,3,12,6,76.26,26.8,5.227,0.0,0.0,4.05,0,1.1,80,88.0
1688,3,12,7,55.26,29.1,5.227,114.8,109.0,3.99,0,1.1,80,88.0
1689,3,12,8,41.14,32.5,5.227,484.3,328.0,6.21,1,1.1,100,110.00000000000001
1690,3,12,9,40.5,36.7,5.227,756.4,515.0,5.83,1,1.1,100,110.00000000000001
1691,3,12,10,38.93,39.7,5.227,972.4,664.0,6.05,1,1.1,100,110.00000000000001
1692,3,12,11,38.1,41.4,5.227,891.0,676.0,2.28,1,1.1,100,110.00000000000001
1693,3,12,12,39.27,42.8,5.227,731.9,629.0,1.67,1,1.1,100,110.00000000000001
1694,3,12,13,37.97,43.5,5.227,708.7,603.0,1.99,1,1.1,100,110.00000000000001
1695,3,12,14,40.47,41.9,5.227,616.6,524.0,1.93,1,1.1,100,110.00000000000001
1696,3,12,15,49.63,39.6,5.227,565.2,436.0,3.42,1,1.1,100,110.00000000000001
1697,3,12,16,63.0,37.0,5.227,224.0,220.0,4.07,0,1.1,80,88.0
1698,3,12,17,69.66,34.3,5.227,314.0,119.0,2.69,0,1.1,80,88.0
1699,3,12,18,86.68,32.9,5.227,0.0,0.0,3.13,0,1.1,80,88.0
1700,3,12,19,65.37,32.2,5.227,0.0,0.0,3.91,0,1.1,80,88.0
1701,3,12,20,54.86,31.5,5.227,0.0,0.0,4.75,0,1.1,80,88.0
1702,3,12,21,47.8,31.1,5.227,0.0,0.0,9.34,0,1.1,80,88.0
1703,3,12,22,43.66,30.9,5.227,0.0,0.0,8.85,0,1.1,80,88.0
1704,3,12,23,38.42,30.6,5.227,0.0,0.0,7.53,0,1.1,80,88.0
1705,3,13,0,36.16,30.6,5.227,0.0,0.0,7.12,0,1.1,80,88.0
1706,3,13,1,36.19,30.4,5.227,0.0,0.0,6.7,0,1.1,80,88.0
1707,3,13,2,36.61,30.4,5.227,0.0,0.0,5.96,0,1.1,80,88.0
1708,3,13,3,37.44,30.2,5.227,0.0,0.0,5.64,0,1.1,80,88.0
1709,3,13,4,46.24,30.2,5.227,0.0,0.0,5.1,0,1.1,80,88.0
1710,3,13,5,63.94,29.8,5.227,0.0,0.0,4.29,0,1.1,80,88.0
1711,3,13,6,73.18,30.9,5.227,0.0,0.0,4.73,0,1.1,80,88.0
1712,3,13,7,62.07,34.2,5.227,73.3,82.0,3.5,0,1.1,80,88.0
1713,3,13,8,43.73,37.4,5.227,262.6,261.0,4.9,1,1.1,100,110.00000000000001
1714,3,13,9,41.45,40.6,5.227,695.9,492.0,5.96,1,1.1,100,110.00000000000001
1715,3,13,10,37.47,43.3,5.227,775.2,593.0,5.85,1,1.1,100,110.00000000000001
1716,3,13,11,35.24,45.1,5.227,816.6,646.0,5.79,1,1.1,100,110.00000000000001
1717,3,13,12,34.47,46.8,5.227,749.4,631.0,6.19,1,1.1,100,110.00000000000001
1718,3,13,13,35.12,47.7,5.227,671.1,587.0,6.01,1,1.1,100,110.00000000000001
1719,3,13,14,34.01,47.8,5.227,699.6,551.0,6.31,1,1.1,100,110.00000000000001
1720,3,13,15,37.04,47.1,5.227,665.3,477.0,7.0,1,1.1,100,110.00000000000001
1721,3,13,16,45.73,44.8,5.227,387.3,290.0,6.3,0,1.1,80,88.0
1722,3,13,17,57.65,39.2,5.227,188.8,115.0,6.63,0,1.1,80,88.0
1723,3,13,18,58.69,36.3,5.227,0.0,0.0,7.32,0,1.1,80,88.0
1724,3,13,19,56.67,35.2,5.227,0.0,0.0,7.61,0,1.1,80,88.0
1725,3,13,20,59.56,33.6,5.227,0.0,0.0,6.46,0,1.1,80,88.0
1726,3,13,21,41.13,32.0,5.227,0.0,0.0,6.42,0,1.1,80,88.0
1727,3,13,22,36.21,30.6,5.227,0.0,0.0,7.11,0,1.1,80,88.0
1728,3,13,23,38.58,30.0,5.227,0.0,0.0,8.02,0,1.1,80,88.0
1729,3,14,0,36.89,30.0,5.227,0.0,0.0,9.28,0,1.1,80,88.0
1730,3,14,1,35.74,29.7,5.227,0.0,0.0,10.38,0,1.1,80,88.0
1731,3,14,2,35.95,29.3,5.227,0.0,0.0,11.03,0,1.1,80,88.0
1732,3,14,3,40.01,29.3,5.227,0.0,0.0,12.8,0,1.1,80,88.0
1733,3,14,4,48.41,29.3,5.227,0.0,0.0,14.35,0,1.1,80,88.0
1734,3,14,5,60.34,29.5,5.227,0.0,0.0,15.43,0,1.1,80,88.0
1735,3,14,6,69.92,31.1,5.227,0.0,0.0,15.01,0,1.1,80,88.0
1736,3,14,7,57.43,35.8,5.227,90.9,99.0,14.3,0,1.1,80,88.0
1737,3,14,8,43.61,41.7,5.227,481.0,333.0,14.15,0,1.1,80,88.0
1738,3,14,9,39.21,47.1,5.227,745.2,517.0,15.12,1,1.1,100,110.00000000000001
1739,3,14,10,38.31,51.8,5.227,957.3,664.0,16.4,1,1.1,100,110.00000000000001
1740,3,14,11,33.21,54.9,5.227,1089.8,756.0,16.89,1,1.1,100,110.00000000000001
1741,3,14,12,32.23,57.0,5.227,1138.1,788.0,15.38,1,1.11,100,111.00000000000001
1742,3,14,13,31.51,58.3,5.227,1090.7,752.0,12.71,1,1.1165,100,111.65
1743,3,14,14,32.88,58.6,5.227,959.9,656.0,12.38,1,1.118,100,111.80000000000001
1744,3,14,15,33.82,57.9,5.227,760.4,510.0,11.84,1,1.1145,100,111.45
1745,3,14,16,40.12,54.0,5.227,511.5,326.0,12.07,1,1.1,100,110.00000000000001
1746,3,14,17,53.0,45.0,5.227,124.2,101.0,12.86,0,1.1,80,88.0
1747,3,14,18,56.09,40.6,5.227,0.0,0.0,14.49,0,1.1,80,88.0
1748,3,14,19,49.89,39.6,5.227,0.0,0.0,14.71,0,1.1,80,88.0
1749,3,14,20,42.75,38.7,5.227,0.0,0.0,16.92,0,1.1,80,88.0
1750,3,14,21,47.73,38.1,5.227,0.0,0.0,17.14,0,1.1,80,88.0
1751,3,14,22,39.78,37.4,5.227,0.0,0.0,17.36,0,1.1,80,88.0
1752,3,14,23,37.24,36.5,5.227,0.0,0.0,18.04,0,1.1,80,88.0
1753,3,15,0,34.03,35.8,5.227,0.0,0.0,18.29,0,1.1,80,88.0
1754,3,15,1,31.79,35.2,5.227,0.0,0.0,17.11,0,1.1,80,88.0
1755,3,15,2,30.25,35.1,5.227,0.0,0.0,16.32,0,1.1,80,88.0
1756,3,15,3,29.55,35.6,5.227,0.0,0.0,16.67,0,1.1,80,88.0
1757,3,15,4,30.69,36.3,5.227,0.0,0.0,15.46,0,1.1,80,88.0
1758,3,15,5,38.72,36.3,5.227,0.0,0.0,16.47,0,1.1,80,88.0
1759,3,15,6,48.22,36.7,5.227,0.0,0.0,18.1,0,1.1,80,88.0
1760,3,15,7,53.3,37.9,5.227,35.7,40.0,17.66,0,1.1,80,88.0
1761,3,15,8,44.23,40.1,5.227,77.8,87.0,17.81,0,1.1,80,88.0
1762,3,15,9,36.48,43.2,5.227,138.5,155.0,17.28,1,1.1,100,110.00000000000001
1763,3,15,10,30.45,48.0,5.227,206.5,231.0,14.82,1,1.1,100,110.00000000000001
1764,3,15,11,29.32,52.3,5.227,274.1,305.0,17.12,1,1.1,100,110.00000000000001
1765,3,15,12,27.68,55.4,5.227,478.0,494.0,17.03,1,1.102,100,110.2
1766,3,15,13,26.43,57.0,5.227,1045.6,733.0,18.41,1,1.11,100,111.00000000000001
1767,3,15,14,28.54,57.4,5.227,824.6,614.0,16.81,1,1.112,100,111.20000000000002
1768,3,15,15,30.97,56.3,5.227,571.1,450.0,16.41,1,1.1065,100,110.65
1769,3,15,16,35.92,53.2,5.227,101.4,112.0,16.52,1,1.1,100,110.00000000000001
1770,3,15,17,42.36,49.5,5.227,31.3,35.0,16.29,0,1.1,80,88.0
1771,3,15,18,47.7,47.1,5.227,0.0,0.0,15.08,0,1.1,80,88.0
1772,3,15,19,42.15,45.9,5.227,0.0,0.0,18.17,0,1.1,80,88.0
1773,3,15,20,38.26,45.5,5.227,0.0,0.0,17.74,0,1.1,80,88.0
1774,3,15,21,31.95,45.5,5.227,0.0,0.0,17.17,0,1.1,80,88.0
1775,3,15,22,30.25,46.0,5.227,0.0,0.0,16.44,0,1.1,80,88.0
1776,3,15,23,32.02,46.4,5.227,0.0,0.0,16.54,0,1.1,80,88.0
1777,3,16,0,30.06,46.2,5.227,0.0,0.0,15.91,1,1.1,100,110.00000000000001
1778,3,16,1,28.17,46.2,5.227,0.0,0.0,14.68,1,1.1,100,110.00000000000001
1779,3,16,2,27.09,46.0,5.227,0.0,0.0,14.12,1,1.1,100,110.00000000000001
1780,3,16,3,27.26,45.9,5.227,0.0,0.0,13.83,1,1.1,100,110.00000000000001
1781,3,16,4,27.15,45.9,5.227,0.0,0.0,13.54,1,1.1,100,110.00000000000001
1782,3,16,5,26.68,45.9,5.227,0.0,0.0,10.62,1,1.1,100,110.00000000000001
1783,3,16,6,27.79,46.2,5.227,0.0,0.0,8.61,1,1.1,100,110.00000000000001
1784,3,16,7,28.66,47.8,5.227,4.5,5.0,9.89,1,1.1,100,110.00000000000001
1785,3,16,8,33.04,50.9,5.227,71.6,79.0,11.72,0,1.1,80,88.0
1786,3,16,9,35.52,54.9,5.227,63.5,71.0,13.58,0,1.1,80,88.0
1787,3,16,10,33.49,57.7,5.227,206.6,224.0,11.26,0,1.1135000000000002,80,89.08000000000001
1788,3,16,11,34.56,59.2,5.227,133.4,148.0,10.84,0,1.121,80,89.68
1789,3,16,12,34.16,60.3,5.227,152.2,169.0,11.03,0,1.1265,80,90.12
1790,3,16,13,33.76,60.6,5.227,42.9,48.0,12.84,0,1.1280000000000001,80,90.24000000000001
1791,3,16,14,34.96,60.3,5.227,84.0,94.0,11.78,0,1.1265,80,90.12
1792,3,16,15,36.41,59.7,5.227,91.2,102.0,12.37,0,1.1235000000000002,80,89.88000000000001
1793,3,16,16,50.77,59.0,5.227,21.4,24.0,13.84,0,1.12,80,89.60000000000001
1794,3,16,17,49.53,58.5,5.227,29.5,33.0,14.33,0,1.1175000000000002,80,89.4
1795,3,16,18,46.76,57.9,5.227,0.0,0.0,15.73,0,1.1145,80,89.16
1796,3,16,19,47.84,57.6,5.227,0.0,0.0,16.39,0,1.113,80,89.03999999999999
1797,3,16,20,35.17,57.6,5.227,0.0,0.0,15.04,0,1.113,80,89.03999999999999
1798,3,16,21,32.22,58.3,5.227,0.0,0.0,13.17,0,1.1165,80,89.32000000000001
1799,3,16,22,28.69,58.3,5.227,0.0,0.0,10.17,0,1.1165,80,89.32000000000001
1800,3,16,23,35.53,57.9,5.227,0.0,0.0,9.2,0,1.1145,80,89.16
1801,3,17,0,30.54,57.4,5.227,0.0,0.0,8.24,1,1.112,100,111.20000000000002
1802,3,17,1,31.42,56.7,5.227,0.0,0.0,6.15,1,1.1085,100,110.85000000000001
1803,3,17,2,30.34,54.9,5.227,0.0,0.0,3.32,1,1.1,100,110.00000000000001
1804,3,17,3,32.38,52.3,5.227,0.0,0.0,3.13,1,1.1,100,110.00000000000001
1805,3,17,4,39.08,50.5,5.227,0.0,0.0,3.48,1,1.1,100,110.00000000000001
1806,3,17,5,41.66,48.4,5.227,0.0,0.0,4.95,1,1.1,100,110.00000000000001
1807,3,17,6,50.44,48.9,5.227,0.0,0.0,6.19,1,1.1,100,110.00000000000001
1808,3,17,7,48.15,50.2,5.227,78.0,84.0,6.22,1,1.1,100,110.00000000000001
1809,3,17,8,50.52,52.2,5.227,44.7,50.0,5.89,0,1.1,80,88.0
1810,3,17,9,49.57,56.3,5.227,28.6,32.0,5.6,0,1.1065,80,88.52000000000001
1811,3,17,10,49.39,54.5,5.227,60.8,68.0,5.21,0,1.1,80,88.0
1812,3,17,11,45.45,51.4,5.227,136.1,151.0,6.75,0,1.1,80,88.0
1813,3,17,12,46.02,49.3,5.227,123.5,137.0,5.44,0,1.1,80,88.0
1814,3,17,13,43.17,47.5,5.227,159.4,176.0,6.84,0,1.1,80,88.0
1815,3,17,14,42.95,45.1,5.227,40.2,44.0,6.89,0,1.1,80,88.0
1816,3,17,15,44.54,43.9,5.227,80.4,90.0,6.54,0,1.1,80,88.0
1817,3,17,16,40.92,42.6,5.227,47.4,53.0,6.46,0,1.1,80,88.0
1818,3,17,17,48.15,41.0,5.227,229.2,129.0,5.7,0,1.1,80,88.0
1819,3,17,18,48.69,38.8,5.227,0.0,0.0,6.15,0,1.1,80,88.0
1820,3,17,19,45.36,36.5,5.227,0.0,0.0,7.88,0,1.1,80,88.0
1821,3,17,20,44.79,34.5,5.227,0.0,0.0,5.3,0,1.1,80,88.0
1822,3,17,21,40.54,33.3,5.227,0.0,0.0,5.16,0,1.1,80,88.0
1823,3,17,22,38.13,32.7,5.227,0.0,0.0,6.63,0,1.1,80,88.0
1824,3,17,23,33.47,32.4,5.227,0.0,0.0,6.02,0,1.1,80,88.0
1825,3,18,0,33.3,32.2,5.227,0.0,0.0,8.27,0,1.1,80,88.0
1826,3,18,1,31.27,31.6,5.227,0.0,0.0,12.88,0,1.1,80,88.0
1827,3,18,2,31.47,31.3,5.227,0.0,0.0,14.11,0,1.1,80,88.0
1828,3,18,3,33.34,30.6,5.227,0.0,0.0,13.48,0,1.1,80,88.0
1829,3,18,4,37.23,30.0,5.227,0.0,0.0,10.32,0,1.1,80,88.0
1830,3,18,5,55.77,29.7,5.227,0.0,0.0,10.18,0,1.1,80,88.0
1831,3,18,6,62.18,29.7,5.227,0.0,0.0,9.9,0,1.1,80,88.0
1832,3,18,7,50.76,31.3,5.227,67.2,74.0,11.08,0,1.1,80,88.0
1833,3,18,8,35.46,34.7,5.227,528.5,374.0,12.09,1,1.1,100,110.00000000000001
1834,3,18,9,32.46,39.4,5.227,759.5,555.0,13.89,1,1.1,100,110.00000000000001
1835,3,18,10,28.41,44.2,5.227,897.8,664.0,12.82,1,1.1,100,110.00000000000001
1836,3,18,11,28.06,46.8,5.227,1042.6,743.0,12.79,1,1.1,100,110.00000000000001
1837,3,18,12,24.19,49.1,5.227,1050.3,752.0,11.15,1,1.1,100,110.00000000000001
1838,3,18,13,22.33,50.9,5.227,1084.0,766.0,12.35,1,1.1,100,110.00000000000001
1839,3,18,14,28.43,52.0,5.227,860.3,617.0,11.01,1,1.1,100,110.00000000000001
1840,3,18,15,31.23,51.8,5.227,620.0,460.0,10.78,1,1.1,100,110.00000000000001
1841,3,18,16,36.55,50.2,5.227,505.6,344.0,10.13,0,1.1,80,88.0
1842,3,18,17,48.32,47.5,5.227,260.1,149.0,9.07,0,1.1,80,88.0
1843,3,18,18,56.32,46.2,5.227,0.0,0.0,7.26,0,1.1,80,88.0
1844,3,18,19,56.09,43.9,5.227,0.0,0.0,7.64,0,1.1,80,88.0
1845,3,18,20,44.19,41.4,5.227,0.0,0.0,12.25,0,1.1,80,88.0
1846,3,18,21,38.11,39.2,5.227,0.0,0.0,11.31,0,1.1,80,88.0
1847,3,18,22,32.49,37.6,5.227,0.0,0.0,11.2,0,1.1,80,88.0
1848,3,18,23,36.14,36.1,5.227,0.0,0.0,12.66,0,1.1,80,88.0
1849,3,19,0,35.12,34.7,5.227,0.0,0.0,13.78,0,1.1,80,88.0
1850,3,19,1,33.96,34.2,5.227,0.0,0.0,18.17,0,1.1,80,88.0
1851,3,19,2,34.74,34.5,5.227,0.0,0.0,18.43,0,1.1,80,88.0
1852,3,19,3,34.25,34.7,5.227,0.0,0.0,17.83,0,1.1,80,88.0
1853,3,19,4,39.13,33.8,5.227,0.0,0.0,19.13,0,1.1,80,88.0
1854,3,19,5,72.42,32.2,5.227,0.0,0.0,18.39,0,1.1,80,88.0
1855,3,19,6,72.52,34.5,5.227,0.0,0.0,19.11,0,1.1,80,88.0
1856,3,19,7,44.26,40.3,5.227,215.2,159.0,18.63,0,1.1,80,88.0
1857,3,19,8,31.76,45.9,5.227,486.3,351.0,16.64,1,1.1,100,110.00000000000001
1858,3,19,9,31.89,50.7,5.227,737.6,529.0,19.07,1,1.1,100,110.00000000000001
1859,3,19,10,29.02,54.7,5.227,933.7,668.0,19.88,1,1.1,100,110.00000000000001
1860,3,19,11,26.58,57.9,5.227,1058.0,756.0,17.86,1,1.1145,100,111.45
1861,3,19,12,26.3,60.4,5.227,1098.5,784.0,18.0,1,1.127,100,112.7
1862,3,19,13,25.72,61.9,5.227,1054.4,751.0,16.26,1,1.1345,100,113.45
1863,3,19,14,28.82,62.2,5.227,932.6,662.0,15.25,1,1.1360000000000001,100,113.60000000000001
1864,3,19,15,33.3,61.2,5.227,588.3,451.0,17.73,1,1.131,100,113.1
1865,3,19,16,37.16,57.6,5.227,492.8,342.0,18.15,0,1.113,80,89.03999999999999
1866,3,19,17,44.83,51.3,5.227,81.5,86.0,18.81,0,1.1,80,88.0
1867,3,19,18,54.59,48.7,5.227,0.0,0.0,17.33,0,1.1,80,88.0
1868,3,19,19,48.2,46.6,5.227,0.0,0.0,16.15,0,1.1,80,88.0
1869,3,19,20,38.94,44.6,5.227,0.0,0.0,15.18,0,1.1,80,88.0
1870,3,19,21,33.86,43.0,5.227,0.0,0.0,15.23,0,1.1,80,88.0
1871,3,19,22,31.21,42.1,5.227,0.0,0.0,16.99,0,1.1,80,88.0
1872,3,19,23,32.93,41.4,5.227,0.0,0.0,16.51,0,1.1,80,88.0
1873,3,20,0,30.81,41.0,5.227,0.0,0.0,15.47,0,1.1,80,88.0
1874,3,20,1,31.01,40.8,5.227,0.0,0.0,12.38,0,1.1,80,88.0
1875,3,20,2,30.6,40.6,5.227,0.0,0.0,11.04,0,1.1,80,88.0
1876,3,20,3,31.45,40.6,5.227,0.0,0.0,7.81,0,1.1,80,88.0
1877,3,20,4,35.01,40.6,5.227,0.0,0.0,5.21,0,1.1,80,88.0
1878,3,20,5,39.39,40.6,5.227,0.0,0.0,4.53,0,1.1,80,88.0
1879,3,20,6,53.37,41.0,5.227,0.0,0.0,6.7,0,1.1,80,88.0
1880,3,20,7,50.52,42.1,5.227,38.4,43.0,6.77,0,1.1,80,88.0
1881,3,20,8,44.99,43.7,5.227,52.7,59.0,6.98,0,1.1,80,88.0
1882,3,20,9,39.17,45.7,5.227,344.2,346.0,9.71,1,1.1,100,110.00000000000001
1883,3,20,10,35.41,48.0,5.227,632.0,543.0,9.75,1,1.1,100,110.00000000000001
1884,3,20,11,34.13,50.7,5.227,289.3,319.0,10.05,1,1.1,100,110.00000000000001
1885,3,20,12,35.53,54.3,5.227,180.5,202.0,11.11,1,1.1,100,110.00000000000001
1886,3,20,13,35.0,57.4,5.227,151.9,170.0,11.18,1,1.112,100,111.20000000000002
1887,3,20,14,32.71,58.8,5.227,139.4,156.0,10.3,1,1.119,100,111.9
1888,3,20,15,34.28,57.6,5.227,163.0,181.0,10.34,1,1.113,100,111.3
1889,3,20,16,41.6,55.6,5.227,118.3,131.0,9.71,1,1.1030000000000002,100,110.30000000000003
1890,3,20,17,39.96,53.6,5.227,65.2,73.0,9.55,0,1.1,80,88.0
1891,3,20,18,45.29,51.4,5.227,0.0,0.0,10.33,0,1.1,80,88.0
1892,3,20,19,47.23,50.4,5.227,0.0,0.0,10.53,0,1.1,80,88.0
1893,3,20,20,44.99,49.6,5.227,0.0,0.0,9.83,0,1.1,80,88.0
1894,3,20,21,40.13,48.6,5.227,0.0,0.0,8.51,0,1.1,80,88.0
1895,3,20,22,36.83,46.8,5.227,0.0,0.0,8.7,0,1.1,80,88.0
1896,3,20,23,34.46,45.7,5.227,0.0,0.0,7.56,0,1.1,80,88.0
1897,3,21,0,34.59,45.1,5.227,0.0,0.0,7.87,0,1.1,80,88.0
1898,3,21,1,33.95,44.6,5.227,0.0,0.0,9.29,0,1.1,80,88.0
1899,3,21,2,34.05,43.3,5.227,0.0,0.0,7.65,0,1.1,80,88.0
1900,3,21,3,33.79,41.2,5.227,0.0,0.0,5.21,0,1.1,80,88.0
1901,3,21,4,39.49,39.2,5.227,0.0,0.0,4.25,0,1.1,80,88.0
1902,3,21,5,55.04,37.6,5.227,0.0,0.0,4.22,0,1.1,80,88.0
1903,3,21,6,60.02,36.9,5.227,11.5,12.0,4.66,0,1.1,80,88.0
1904,3,21,7,57.12,36.1,5.227,39.3,44.0,3.62,0,1.1,80,88.0
1905,3,21,8,47.47,35.8,5.227,191.9,206.0,5.2,0,1.1,80,88.0
1906,3,21,9,43.51,37.2,5.227,264.9,279.0,7.3,0,1.1,80,88.0
1907,3,21,10,37.45,39.2,5.227,486.8,467.0,7.16,1,1.1,100,110.00000000000001
1908,3,21,11,32.41,41.0,5.227,424.0,432.0,6.5,1,1.1,100,110.00000000000001
1909,3,21,12,29.11,42.1,5.227,627.6,579.0,7.11,1,1.1,100,110.00000000000001
1910,3,21,13,26.29,42.3,5.227,627.8,572.0,8.0,1,1.1,100,110.00000000000001
1911,3,21,14,26.73,41.9,5.227,697.1,574.0,7.09,1,1.1,100,110.00000000000001
1912,3,21,15,28.67,40.8,5.227,774.8,556.0,7.16,1,1.1,100,110.00000000000001
1913,3,21,16,32.64,39.6,5.227,518.5,370.0,6.17,1,1.1,100,110.00000000000001
1914,3,21,17,43.15,37.2,5.227,244.8,167.0,3.65,1,1.1,100,110.00000000000001
1915,3,21,18,45.98,34.9,5.227,0.0,0.0,5.41,0,1.1,80,88.0
1916,3,21,19,49.06,33.8,5.227,0.0,0.0,8.07,0,1.1,80,88.0
1917,3,21,20,42.93,32.7,5.227,0.0,0.0,7.27,0,1.1,80,88.0
1918,3,21,21,36.21,31.5,5.227,0.0,0.0,7.82,0,1.1,80,88.0
1919,3,21,22,35.49,30.6,5.227,0.0,0.0,5.82,0,1.1,80,88.0
1920,3,21,23,38.96,30.0,5.227,0.0,0.0,6.53,0,1.1,80,88.0
1921,3,22,0,32.47,29.5,5.227,0.0,0.0,6.21,0,1.1,80,88.0
1922,3,22,1,32.0,28.9,5.227,0.0,0.0,6.44,0,1.1,80,88.0
1923,3,22,2,31.24,28.6,5.227,0.0,0.0,5.54,0,1.1,80,88.0
1924,3,22,3,31.66,28.4,5.227,0.0,0.0,3.69,0,1.1,80,88.0
1925,3,22,4,36.45,28.4,5.227,0.0,0.0,0.48,0,1.1,80,88.0
1926,3,22,5,47.26,28.6,5.227,0.0,0.0,1.76,0,1.1,80,88.0
1927,3,22,6,47.26,32.0,5.227,17.6,17.0,1.33,0,1.1,80,88.0
1928,3,22,7,35.55,36.9,5.227,228.7,177.0,2.05,0,1.1,80,88.0
1929,3,22,8,29.57,43.2,5.227,502.9,375.0,3.15,1,1.1,100,110.00000000000001
1930,3,22,9,28.12,48.4,5.227,752.3,554.0,3.26,1,1.1,100,110.00000000000001
1931,3,22,10,25.24,51.3,5.227,955.0,698.0,3.61,1,1.1,100,110.00000000000001
1932,3,22,11,24.04,53.6,5.227,1070.8,781.0,4.48,1,1.1,100,110.00000000000001
1933,3,22,12,24.44,54.5,5.227,1096.5,800.0,4.23,1,1.1,100,110.00000000000001
1934,3,22,13,27.04,54.0,5.227,654.8,562.0,3.71,1,1.1,100,110.00000000000001
1935,3,22,14,30.55,52.3,5.227,638.9,529.0,4.7,1,1.1,100,110.00000000000001
1936,3,22,15,31.36,51.3,5.227,402.6,361.0,5.89,1,1.1,100,110.00000000000001
1937,3,22,16,39.79,50.0,5.227,209.3,219.0,6.21,0,1.1,80,88.0
1938,3,22,17,51.31,47.5,5.227,24.1,27.0,6.52,0,1.1,80,88.0
1939,3,22,18,52.56,44.6,5.227,0.0,0.0,7.87,0,1.1,80,88.0
1940,3,22,19,46.35,41.2,5.227,0.0,0.0,9.89,0,1.1,80,88.0
1941,3,22,20,40.37,36.7,5.227,0.0,0.0,9.29,0,1.1,80,88.0
1942,3,22,21,36.12,33.8,5.227,0.0,0.0,8.73,0,1.1,80,88.0
1943,3,22,22,33.19,31.5,5.227,0.0,0.0,9.03,0,1.1,80,88.0
1944,3,22,23,37.35,28.9,5.227,0.0,0.0,7.43,0,1.1,80,88.0
1945,3,23,0,41.02,27.0,5.227,0.0,0.0,7.93,0,1.1,80,88.0
1946,3,23,1,41.23,25.0,5.227,0.0,0.0,5.92,0,1.1,80,88.0
1947,3,23,2,45.21,23.4,5.227,0.0,0.0,7.12,0,1.1,80,88.0
1948,3,23,3,49.99,22.1,5.227,0.0,0.0,6.48,0,1.1,80,88.0
1949,3,23,4,54.95,21.4,5.227,0.0,0.0,6.08,0,1.1,80,88.0
1950,3,23,5,56.07,21.0,5.227,0.0,0.0,8.14,0,1.1,80,88.0
1951,3,23,6,40.92,21.9,5.227,25.6,23.0,9.01,0,1.1,80,88.0
1952,3,23,7,35.74,24.6,5.227,262.2,200.0,7.05,0,1.1,80,88.0
1953,3,23,8,30.41,27.9,5.227,544.2,404.0,7.98,1,1.1,100,110.00000000000001
1954,3,23,9,29.47,31.3,5.227,798.5,587.0,7.34,1,1.1,100,110.00000000000001
1955,3,23,10,30.83,34.3,5.227,997.2,730.0,5.76,1,1.1,100,110.00000000000001
1956,3,23,11,26.37,36.9,5.227,1122.9,820.0,7.02,1,1.1,100,110.00000000000001
1957,3,23,12,23.67,39.0,5.227,1162.4,848.0,11.6,1,1.1,100,110.00000000000001
1958,3,23,13,22.51,40.1,5.227,1114.4,813.0,10.58,1,1.1,100,110.00000000000001
1959,3,23,14,21.43,40.6,5.227,981.7,717.0,12.36,1,1.1,100,110.00000000000001
1960,3,23,15,29.54,40.1,5.227,776.7,569.0,12.11,1,1.1,100,110.00000000000001
1961,3,23,16,33.97,38.5,5.227,478.0,368.0,13.1,0,1.1,80,88.0
1962,3,23,17,49.88,32.4,5.227,230.6,175.0,14.8,0,1.1,80,88.0
1963,3,23,18,64.41,29.5,5.227,0.0,0.0,10.95,0,1.1,80,88.0
1964,3,23,19,61.04,31.3,5.227,0.0,0.0,9.99,0,1.1,80,88.0
1965,3,23,20,50.99,32.5,5.227,0.0,0.0,13.25,0,1.1,80,88.0
1966,3,23,21,46.87,32.5,5.227,0.0,0.0,13.68,0,1.1,80,88.0
1967,3,23,22,44.5,30.9,5.227,0.0,0.0,13.47,0,1.1,80,88.0
1968,3,23,23,41.66,30.0,5.227,0.0,0.0,14.97,0,1.1,80,88.0
1969,3,24,0,40.69,30.6,5.227,0.0,0.0,16.93,1,1.1,100,110.00000000000001
1970,3,24,1,38.74,30.6,5.227,0.0,0.0,18.05,1,1.1,100,110.00000000000001
1971,3,24,2,38.15,30.2,5.227,0.0,0.0,18.45,1,1.1,100,110.00000000000001
1972,3,24,3,39.34,30.2,5.227,0.0,0.0,18.27,1,1.1,100,110.00000000000001
1973,3,24,4,49.7,30.0,5.227,0.0,0.0,15.98,1,1.1,100,110.00000000000001
1974,3,24,5,49.48,30.7,5.227,0.0,0.0,14.11,1,1.1,100,110.00000000000001
1975,3,24,6,62.99,31.3,5.227,16.2,17.0,13.48,1,1.1,100,110.00000000000001
1976,3,24,7,69.66,32.4,5.227,17.0,19.0,10.3,1,1.1,100,110.00000000000001
1977,3,24,8,53.09,34.0,5.227,18.8,21.0,8.06,0,1.1,80,88.0
1978,3,24,9,64.14,35.1,5.227,20.6,23.0,10.23,0,1.1,80,88.0
1979,3,24,10,62.65,35.6,5.227,33.1,37.0,9.12,0,1.1,80,88.0
1980,3,24,11,60.43,36.0,5.227,34.9,39.0,8.56,0,1.1,80,88.0
1981,3,24,12,65.56,36.5,5.227,26.8,30.0,8.87,0,1.1,80,88.0
1982,3,24,13,51.19,36.5,5.227,25.0,28.0,9.84,0,1.1,80,88.0
1983,3,24,14,51.07,36.3,5.227,38.4,43.0,9.5,0,1.1,80,88.0
1984,3,24,15,63.75,36.0,5.227,14.3,16.0,10.0,0,1.1,80,88.0
1985,3,24,16,65.33,35.6,5.227,6.3,7.0,7.99,0,1.1,80,88.0
1986,3,24,17,65.88,34.9,5.227,2.7,3.0,7.22,0,1.1,80,88.0
1987,3,24,18,53.97,34.2,5.227,0.0,0.0,6.55,0,1.1,80,88.0
1988,3,24,19,61.88,34.0,5.227,0.0,0.0,6.52,0,1.1,80,88.0
1989,3,24,20,48.28,34.0,5.227,0.0,0.0,4.6,0,1.1,80,88.0
1990,3,24,21,40.87,34.2,5.227,0.0,0.0,5.24,0,1.1,80,88.0
1991,3,24,22,42.91,34.7,5.227,0.0,0.0,5.05,0,1.1,80,88.0
1992,3,24,23,41.07,35.1,5.227,0.0,0.0,6.94,0,1.1,80,88.0
1993,3,25,0,35.9,35.1,5.227,0.0,0.0,6.76,0,1.1,80,88.0
1994,3,25,1,35.31,35.1,5.227,0.0,0.0,7.53,0,1.1,80,88.0
1995,3,25,2,35.79,34.7,5.227,0.0,0.0,6.07,0,1.1,80,88.0
1996,3,25,3,37.55,34.2,5.227,0.0,0.0,6.29,0,1.1,80,88.0
1997,3,25,4,41.77,33.6,5.227,0.0,0.0,5.46,0,1.1,80,88.0
1998,3,25,5,58.42,33.1,5.227,0.0,0.0,4.34,0,1.1,80,88.0
1999,3,25,6,60.31,33.8,5.227,5.4,6.0,4.33,0,1.1,80,88.0
2000,3,25,7,47.27,36.1,5.227,43.8,49.0,5.56,0,1.1,80,88.0
2001,3,25,8,35.22,39.0,5.227,114.4,128.0,5.9,1,1.1,100,110.00000000000001
2002,3,25,9,35.46,41.4,5.227,281.1,296.0,8.58,1,1.1,100,110.00000000000001
2003,3,25,10,32.2,43.0,5.227,192.2,215.0,8.62,1,1.1,100,110.00000000000001
2004,3,25,11,30.92,43.5,5.227,324.3,354.0,10.24,1,1.1,100,110.00000000000001
2005,3,25,12,30.78,44.2,5.227,207.3,232.0,8.97,1,1.1,100,110.00000000000001
2006,3,25,13,30.13,44.6,5.227,177.9,199.0,11.73,1,1.1,100,110.00000000000001
2007,3,25,14,31.32,44.4,5.227,83.1,93.0,12.25,1,1.1,100,110.00000000000001
2008,3,25,15,32.08,44.1,5.227,263.4,278.0,13.43,1,1.1,100,110.00000000000001
2009,3,25,16,37.3,42.3,5.227,158.1,173.0,12.24,0,1.1,80,88.0
2010,3,25,17,51.89,36.3,5.227,24.1,27.0,13.11,0,1.1,80,88.0
2011,3,25,18,62.11,31.6,5.227,0.0,3.0,11.93,0,1.1,80,88.0
2012,3,25,19,58.87,30.9,5.227,0.0,0.0,11.2,0,1.1,80,88.0
2013,3,25,20,46.65,30.7,5.227,0.0,0.0,9.38,0,1.1,80,88.0
2014,3,25,21,36.87,31.3,5.227,0.0,0.0,7.94,0,1.1,80,88.0
2015,3,25,22,34.55,31.1,5.227,0.0,0.0,8.1,0,1.1,80,88.0
2016,3,25,23,39.22,29.8,5.227,0.0,0.0,6.4,0,1.1,80,88.0
2017,3,26,0,40.72,28.8,5.227,0.0,0.0,4.16,0,1.1,80,88.0
2018,3,26,1,38.15,28.8,5.227,0.0,0.0,4.68,0,1.1,80,88.0
2019,3,26,2,38.29,28.9,5.227,0.0,0.0,4.51,0,1.1,80,88.0
2020,3,26,3,41.41,28.8,5.227,0.0,0.0,5.36,0,1.1,80,88.0
2021,3,26,4,45.28,28.4,5.227,0.0,0.0,10.45,0,1.1,80,88.0
2022,3,26,5,63.5,28.0,5.227,0.0,0.0,12.55,0,1.1,80,88.0
2023,3,26,6,69.8,31.6,5.227,31.1,30.0,15.14,0,1.1,80,88.0
2024,3,26,7,50.08,36.0,5.227,131.6,141.0,18.63,0,1.1,80,88.0
2025,3,26,8,37.53,39.0,5.227,528.4,406.0,19.87,1,1.1,100,110.00000000000001
2026,3,26,9,35.03,41.7,5.227,776.0,586.0,19.46,1,1.1,100,110.00000000000001
2027,3,26,10,35.21,43.7,5.227,973.0,728.0,19.0,1,1.1,100,110.00000000000001
2028,3,26,11,35.36,45.0,5.227,636.0,588.0,18.58,1,1.1,100,110.00000000000001
2029,3,26,12,35.33,45.3,5.227,161.1,179.0,18.13,1,1.1,100,110.00000000000001
2030,3,26,13,35.76,45.0,5.227,479.4,475.0,16.17,1,1.1,100,110.00000000000001
2031,3,26,14,37.18,43.2,5.227,419.0,400.0,16.71,1,1.1,100,110.00000000000001
2032,3,26,15,42.13,41.2,5.227,451.3,401.0,14.88,1,1.1,100,110.00000000000001
2033,3,26,16,43.64,38.8,5.227,170.4,186.0,14.34,0,1.1,80,88.0
2034,3,26,17,48.36,36.0,5.227,100.9,109.0,14.46,0,1.1,80,88.0
2035,3,26,18,65.0,33.4,5.227,0.0,15.0,14.86,0,1.1,80,88.0
2036,3,26,19,66.53,32.5,5.227,0.0,0.0,16.06,0,1.1,80,88.0
2037,3,26,20,57.26,31.5,5.227,0.0,0.0,16.74,0,1.1,80,88.0
2038,3,26,21,40.97,30.7,5.227,0.0,0.0,18.03,0,1.1,80,88.0
2039,3,26,22,36.14,30.2,5.227,0.0,0.0,17.1,0,1.1,80,88.0
2040,3,26,23,36.19,29.3,5.227,0.0,0.0,15.87,0,1.1,80,88.0
2041,3,27,0,32.12,28.6,5.227,0.0,0.0,14.75,0,1.1,80,88.0
2042,3,27,1,33.89,28.2,5.227,0.0,0.0,11.15,0,1.1,80,88.0
2043,3,27,2,31.3,27.9,5.227,0.0,0.0,8.07,0,1.1,80,88.0
2044,3,27,3,32.74,27.7,5.227,0.0,0.0,3.31,0,1.1,80,88.0
2045,3,27,4,41.07,27.3,5.227,0.0,0.0,2.39,0,1.1,80,88.0
2046,3,27,5,65.85,26.8,5.227,0.0,0.0,1.25,0,1.1,80,88.0
2047,3,27,6,56.82,28.8,5.227,36.4,35.0,4.34,0,1.1,80,88.0
2048,3,27,7,43.71,32.0,5.227,267.6,216.0,1.99,0,1.1,80,88.0
2049,3,27,8,35.27,35.1,5.227,541.1,418.0,0.98,1,1.1,100,110.00000000000001
2050,3,27,9,32.58,37.8,5.227,783.9,595.0,3.65,1,1.1,100,110.00000000000001
2051,3,27,10,30.38,40.1,5.227,975.8,734.0,0.7,1,1.1,100,110.00000000000001
2052,3,27,11,29.23,42.4,5.227,1095.7,821.0,0.73,1,1.1,100,110.00000000000001
2053,3,27,12,27.26,43.9,5.227,1132.8,848.0,0.09,1,1.1,100,110.00000000000001
2054,3,27,13,24.57,44.6,5.227,567.2,543.0,1.44,1,1.1,100,110.00000000000001
2055,3,27,14,27.09,44.6,5.227,948.9,716.0,1.23,1,1.1,100,110.00000000000001
2056,3,27,15,30.66,43.9,5.227,746.0,570.0,1.76,1,1.1,100,110.00000000000001
2057,3,27,16,35.76,42.4,5.227,495.0,390.0,0.58,0,1.1,80,88.0
2058,3,27,17,50.75,37.6,5.227,203.9,188.0,3.37,0,1.1,80,88.0
2059,3,27,18,66.79,32.4,5.227,0.0,19.0,3.85,0,1.1,80,88.0
2060,3,27,19,65.44,31.5,5.227,0.0,0.0,0.63,0,1.1,80,88.0
2061,3,27,20,47.39,29.3,5.227,0.0,0.0,4.03,0,1.1,80,88.0
2062,3,27,21,40.13,30.6,5.227,0.0,0.0,3.7,0,1.1,80,88.0
2063,3,27,22,33.2,31.6,5.227,0.0,0.0,4.08,0,1.1,80,88.0
2064,3,27,23,31.74,32.4,5.227,0.0,0.0,4.06,0,1.1,80,88.0
2065,3,28,0,31.19,32.7,5.227,0.0,0.0,4.62,0,1.1,80,88.0
2066,3,28,1,30.3,33.8,5.227,0.0,0.0,3.47,0,1.1,80,88.0
2067,3,28,2,29.79,34.9,5.227,0.0,0.0,4.29,0,1.1,80,88.0
2068,3,28,3,29.52,35.4,5.227,0.0,0.0,7.11,0,1.1,80,88.0
2069,3,28,4,35.19,35.4,5.227,0.0,0.0,7.7,0,1.1,80,88.0
2070,3,28,5,52.8,35.2,5.227,0.0,0.0,8.97,0,1.1,80,88.0
2071,3,28,6,56.24,36.9,5.227,38.5,38.0,7.15,0,1.1,80,88.0
2072,3,28,7,44.22,39.4,5.227,266.7,219.0,7.33,0,1.1,80,88.0
2073,3,28,8,37.69,41.5,5.227,537.4,420.0,5.94,1,1.1,100,110.00000000000001
2074,3,28,9,35.99,43.7,5.227,718.9,564.0,5.28,1,1.1,100,110.00000000000001
2075,3,28,10,30.25,45.5,5.227,709.4,585.0,6.29,1,1.1,100,110.00000000000001
2076,3,28,11,28.31,47.5,5.227,1010.4,767.0,6.65,1,1.1,100,110.00000000000001
2077,3,28,12,28.28,49.6,5.227,912.3,708.0,8.52,1,1.1,100,110.00000000000001
2078,3,28,13,30.21,50.5,5.227,267.6,298.0,7.91,1,1.1,100,110.00000000000001
2079,3,28,14,30.67,51.1,5.227,439.5,440.0,7.78,1,1.1,100,110.00000000000001
2080,3,28,15,33.19,50.4,5.227,186.7,203.0,7.43,1,1.1,100,110.00000000000001
2081,3,28,16,38.88,47.5,5.227,107.6,118.0,7.68,0,1.1,80,88.0
2082,3,28,17,42.2,43.0,5.227,170.7,167.0,8.02,0,1.1,80,88.0
2083,3,28,18,53.03,40.1,5.227,0.0,15.0,8.93,0,1.1,80,88.0
2084,3,28,19,46.34,39.6,5.227,0.0,0.0,8.93,0,1.1,80,88.0
2085,3,28,20,40.92,38.7,5.227,0.0,0.0,8.31,0,1.1,80,88.0
2086,3,28,21,35.19,37.6,5.227,0.0,0.0,8.08,0,1.1,80,88.0
2087,3,28,22,33.76,37.6,5.227,0.0,0.0,6.82,0,1.1,80,88.0
2088,3,28,23,36.62,37.6,5.227,0.0,0.0,5.23,0,1.1,80,88.0
2089,3,29,0,40.0,37.2,5.227,0.0,0.0,6.06,1,1.1,100,110.00000000000001
2090,3,29,1,36.75,37.2,5.227,0.0,0.0,7.43,1,1.1,100,110.00000000000001
2091,3,29,2,36.45,37.6,5.227,0.0,0.0,7.6,1,1.1,100,110.00000000000001
2092,3,29,3,36.53,37.8,5.227,0.0,0.0,8.23,1,1.1,100,110.00000000000001
2093,3,29,4,32.98,38.5,5.227,0.0,0.0,5.27,1,1.1,100,110.00000000000001
2094,3,29,5,35.1,39.0,5.227,0.0,0.0,6.8,1,1.1,100,110.00000000000001
2095,3,29,6,35.58,39.6,5.227,22.3,25.0,7.22,1,1.1,100,110.00000000000001
2096,3,29,7,36.47,40.3,5.227,34.9,39.0,7.26,1,1.1,100,110.00000000000001
2097,3,29,8,40.55,40.8,5.227,66.9,74.0,6.23,0,1.1,80,88.0
2098,3,29,9,39.65,41.5,5.227,46.5,52.0,5.74,0,1.1,80,88.0
2099,3,29,10,39.67,41.7,5.227,26.8,30.0,5.07,0,1.1,80,88.0
2100,3,29,11,36.9,41.2,5.227,104.6,117.0,4.19,0,1.1,80,88.0
2101,3,29,12,39.57,40.3,5.227,45.6,51.0,4.11,0,1.1,80,88.0
2102,3,29,13,45.79,39.4,5.227,63.5,71.0,4.47,0,1.1,80,88.0
2103,3,29,14,44.73,38.5,5.227,70.6,79.0,4.55,0,1.1,80,88.0
2104,3,29,15,45.95,37.4,5.227,27.7,31.0,6.17,0,1.1,80,88.0
2105,3,29,16,53.27,36.7,5.227,32.2,36.0,6.58,0,1.1,80,88.0
2106,3,29,17,48.41,35.6,5.227,7.1,8.0,6.13,0,1.1,80,88.0
2107,3,29,18,51.1,34.5,5.227,0.0,12.0,6.61,0,1.1,80,88.0
2108,3,29,19,47.79,33.8,5.227,0.0,0.0,7.26,0,1.1,80,88.0
2109,3,29,20,43.95,33.3,5.227,0.0,0.0,9.65,0,1.1,80,88.0
2110,3,29,21,41.98,32.5,5.227,0.0,0.0,9.7,0,1.1,80,88.0
2111,3,29,22,39.78,32.2,5.227,0.0,0.0,12.15,0,1.1,80,88.0
2112,3,29,23,45.32,32.0,5.227,0.0,0.0,16.05,0,1.1,80,88.0
2113,3,30,0,33.02,31.6,5.227,0.0,0.0,15.24,1,1.1,100,110.00000000000001
2114,3,30,1,33.06,31.5,5.227,0.0,0.0,16.52,1,1.1,100,110.00000000000001
2115,3,30,2,32.4,31.6,5.227,0.0,0.0,17.01,1,1.1,100,110.00000000000001
2116,3,30,3,33.04,32.0,5.227,0.0,0.0,15.83,1,1.1,100,110.00000000000001
2117,3,30,4,34.86,32.5,5.227,0.0,0.0,14.15,1,1.1,100,110.00000000000001
2118,3,30,5,37.45,32.7,5.227,0.0,0.0,13.67,1,1.1,100,110.00000000000001
2119,3,30,6,37.55,33.4,5.227,3.6,4.0,13.55,1,1.1,100,110.00000000000001
2120,3,30,7,43.69,34.7,5.227,12.5,14.0,14.15,1,1.1,100,110.00000000000001
2121,3,30,8,46.6,36.0,5.227,45.6,51.0,14.35,0,1.1,80,88.0
2122,3,30,9,49.64,37.2,5.227,81.3,91.0,13.67,0,1.1,80,88.0
2123,3,30,10,53.45,38.7,5.227,76.0,85.0,13.41,0,1.1,80,88.0
2124,3,30,11,46.4,39.7,5.227,126.9,142.0,12.72,0,1.1,80,88.0
2125,3,30,12,42.15,40.5,5.227,109.0,122.0,12.4,0,1.1,80,88.0
2126,3,30,13,39.49,41.0,5.227,104.6,117.0,12.81,0,1.1,80,88.0
2127,3,30,14,42.37,41.4,5.227,99.2,111.0,12.14,0,1.1,80,88.0
2128,3,30,15,52.53,41.2,5.227,69.7,78.0,11.79,0,1.1,80,88.0
2129,3,30,16,56.79,40.6,5.227,12.5,14.0,11.96,0,1.1,80,88.0
2130,3,30,17,67.91,39.9,5.227,10.7,12.0,11.06,0,1.1,80,88.0
2131,3,30,18,69.74,39.4,5.227,0.0,4.0,10.5,0,1.1,80,88.0
2132,3,30,19,54.19,39.0,5.227,0.0,0.0,10.14,0,1.1,80,88.0
2133,3,30,20,45.0,39.0,5.227,0.0,0.0,11.25,0,1.1,80,88.0
2134,3,30,21,42.11,39.2,5.227,0.0,0.0,12.68,0,1.1,80,88.0
2135,3,30,22,32.85,39.2,5.227,0.0,0.0,12.62,0,1.1,80,88.0
2136,3,30,23,30.41,39.0,5.227,0.0,0.0,11.91,0,1.1,80,88.0
2137,3,31,0,30.02,38.7,5.227,0.0,0.0,7.84,0,1.1,80,88.0
2138,3,31,1,28.87,38.5,5.227,0.0,0.0,5.6,0,1.1,80,88.0
2139,3,31,2,26.71,39.2,5.227,0.0,0.0,6.05,0,1.1,80,88.0
2140,3,31,3,30.29,39.9,5.227,0.0,0.0,4.88,0,1.1,80,88.0
2141,3,31,4,30.56,40.3,5.227,0.0,0.0,3.66,0,1.1,80,88.0
2142,3,31,5,37.06,40.5,5.227,0.0,0.0,4.33,0,1.1,80,88.0
2143,3,31,6,51.72,41.2,5.227,36.4,40.0,2.57,0,1.1,80,88.0
2144,3,31,7,52.43,43.0,5.227,38.4,43.0,3.16,0,1.1,80,88.0
2145,3,31,8,41.55,45.7,5.227,91.2,102.0,5.05,0,1.1,80,88.0
2146,3,31,9,45.87,48.9,5.227,108.1,121.0,4.62,0,1.1,80,88.0
2147,3,31,10,39.26,53.8,5.227,30.2,33.0,3.39,0,1.1,80,88.0
2148,3,31,11,31.06,59.7,5.227,148.4,166.0,3.75,1,1.1235000000000002,100,112.35000000000002
2149,3,31,12,33.99,64.0,5.227,35.7,40.0,4.75,1,1.145,100,114.5
2150,3,31,13,30.47,66.0,5.227,92.9,104.0,5.84,1,1.155,100,115.5
2151,3,31,14,30.26,65.7,5.227,216.6,241.0,8.48,1,1.1535000000000002,100,115.35000000000002
2152,3,31,15,30.1,64.2,5.227,169.8,190.0,11.11,1,1.1460000000000001,100,114.60000000000001
2153,3,31,16,44.6,62.8,5.227,114.4,128.0,10.75,1,1.139,100,113.9
2154,3,31,17,34.74,61.3,5.227,55.8,62.0,10.55,1,1.1315000000000002,100,113.15000000000002
2155,3,31,18,36.59,59.5,5.227,0.0,19.0,11.25,1,1.1225,100,112.25
2156,3,31,19,34.2,57.6,5.227,0.0,0.0,10.68,0,1.113,80,89.03999999999999
2157,3,31,20,34.11,55.0,5.227,0.0,0.0,9.31,0,1.1,80,88.0
2158,3,31,21,30.7,53.1,5.227,0.0,0.0,5.86,0,1.1,80,88.0
2159,3,31,22,29.28,49.6,5.227,0.0,0.0,4.56,0,1.1,80,88.0
2160,3,31,23,32.86,45.9,5.227,0.0,0.0,4.7,0,1.1,80,88.0
2161,4,1,0,32.24,42.8,5.063,0.0,0.0,4.22,0,1.1,80,88.0
2162,4,1,1,31.77,40.1,5.063,0.0,0.0,4.13,0,1.1,80,88.0
2163,4,1,2,30.58,38.7,5.063,0.0,0.0,4.25,0,1.1,80,88.0
2164,4,1,3,30.84,37.8,5.063,0.0,0.0,5.06,0,1.1,80,88.0
2165,4,1,4,34.86,36.9,5.063,0.0,0.0,4.76,0,1.1,80,88.0
2166,4,1,5,45.55,35.6,5.063,0.0,0.0,6.71,0,1.1,80,88.0
2167,4,1,6,50.67,34.2,5.063,45.6,48.0,5.78,0,1.1,80,88.0
2168,4,1,7,48.99,34.2,5.063,265.9,231.0,7.27,0,1.1,80,88.0
2169,4,1,8,36.35,36.9,5.063,543.8,441.0,5.84,1,1.1,100,110.00000000000001
2170,4,1,9,36.51,39.7,5.063,798.2,629.0,11.73,1,1.1,100,110.00000000000001
2171,4,1,10,32.49,42.3,5.063,990.4,770.0,14.15,1,1.1,100,110.00000000000001
2172,4,1,11,29.82,44.4,5.063,1107.6,856.0,11.65,1,1.1,100,110.00000000000001
2173,4,1,12,27.62,45.5,5.063,1140.5,881.0,13.05,1,1.1,100,110.00000000000001
2174,4,1,13,28.74,46.0,5.063,1086.5,843.0,13.33,1,1.1,100,110.00000000000001
2175,4,1,14,30.1,45.9,5.063,942.9,740.0,12.79,1,1.1,100,110.00000000000001
2176,4,1,15,32.16,45.0,5.063,739.3,594.0,10.22,1,1.1,100,110.00000000000001
2177,4,1,16,37.03,43.0,5.063,478.5,408.0,9.51,0,1.1,80,88.0
2178,4,1,17,51.42,39.7,5.063,177.4,203.0,6.99,0,1.1,80,88.0
2179,4,1,18,67.68,35.2,5.063,0.0,27.0,9.58,0,1.1,80,88.0
2180,4,1,19,67.35,32.5,5.063,0.0,0.0,15.56,0,1.1,80,88.0
2181,4,1,20,58.01,30.6,5.063,0.0,0.0,12.34,0,1.1,80,88.0
2182,4,1,21,39.08,28.2,5.063,0.0,0.0,15.81,0,1.1,80,88.0
2183,4,1,22,35.2,27.3,5.063,0.0,0.0,17.04,0,1.1,80,88.0
2184,4,1,23,36.67,26.8,5.063,0.0,0.0,13.86,0,1.1,80,88.0
2185,4,2,0,35.6,26.6,5.063,0.0,0.0,12.73,0,1.1,80,88.0
2186,4,2,1,35.7,26.6,5.063,0.0,0.0,12.26,0,1.1,80,88.0
2187,4,2,2,35.74,26.8,5.063,0.0,0.0,16.09,0,1.1,80,88.0
2188,4,2,3,38.7,26.8,5.063,0.0,0.0,14.57,0,1.1,80,88.0
2189,4,2,4,37.1,26.4,5.063,0.0,0.0,13.01,0,1.1,80,88.0
2190,4,2,5,55.49,25.9,5.063,0.0,0.0,15.35,0,1.1,80,88.0
2191,4,2,6,53.5,27.1,5.063,49.7,53.0,17.06,0,1.1,80,88.0
2192,4,2,7,44.56,29.1,5.063,167.4,172.0,16.47,0,1.1,80,88.0
2193,4,2,8,42.16,32.0,5.063,486.9,415.0,13.76,1,1.1,100,110.00000000000001
2194,4,2,9,39.94,34.3,5.063,656.8,542.0,14.11,1,1.1,100,110.00000000000001
2195,4,2,10,38.31,36.9,5.063,765.1,637.0,14.62,1,1.1,100,110.00000000000001
2196,4,2,11,38.23,39.0,5.063,776.7,664.0,13.45,1,1.1,100,110.00000000000001
2197,4,2,12,38.45,40.3,5.063,777.8,673.0,12.12,1,1.1,100,110.00000000000001
2198,4,2,13,38.83,40.5,5.063,816.6,667.0,12.12,1,1.1,100,110.00000000000001
2199,4,2,14,48.63,41.2,5.063,680.7,580.0,11.25,1,1.1,100,110.00000000000001
2200,4,2,15,41.62,40.5,5.063,361.1,359.0,11.2,1,1.1,100,110.00000000000001
2201,4,2,16,46.31,38.8,5.063,215.4,227.0,10.88,0,1.1,80,88.0
2202,4,2,17,56.4,36.7,5.063,40.2,45.0,9.57,0,1.1,80,88.0
2203,4,2,18,63.35,34.5,5.063,0.0,22.0,8.08,0,1.1,80,88.0
2204,4,2,19,51.21,34.5,5.063,0.0,0.0,8.46,0,1.1,80,88.0
2205,4,2,20,44.13,33.1,5.063,0.0,0.0,8.8,0,1.1,80,88.0
2206,4,2,21,49.49,33.1,5.063,0.0,0.0,7.69,0,1.1,80,88.0
2207,4,2,22,42.39,33.4,5.063,0.0,0.0,5.6,0,1.1,80,88.0
2208,4,2,23,40.59,33.8,5.063,0.0,0.0,6.72,0,1.1,80,88.0
2209,4,3,0,36.6,34.2,5.063,0.0,0.0,5.65,0,1.1,80,88.0
2210,4,3,1,35.67,34.5,5.063,0.0,0.0,5.54,0,1.1,80,88.0
2211,4,3,2,35.96,34.9,5.063,0.0,0.0,4.38,0,1.1,80,88.0
2212,4,3,3,33.47,35.1,5.063,0.0,0.0,1.17,0,1.1,80,88.0
2213,4,3,4,34.15,35.4,5.063,0.0,0.0,3.58,0,1.1,80,88.0
2214,4,3,5,50.58,36.3,5.063,0.0,0.0,4.57,0,1.1,80,88.0
2215,4,3,6,47.18,37.0,5.063,41.4,45.0,7.29,0,1.1,80,88.0
2216,4,3,7,48.89,38.3,5.063,16.1,18.0,7.1,0,1.1,80,88.0
2217,4,3,8,50.99,40.1,5.063,60.8,68.0,8.23,0,1.1,80,88.0
2218,4,3,9,47.97,42.3,5.063,210.5,230.0,8.2,0,1.1,80,88.0
2219,4,3,10,47.14,45.3,5.063,233.9,256.0,8.99,0,1.1,80,88.0
2220,4,3,11,38.71,47.8,5.063,182.3,202.0,9.2,0,1.1,80,88.0
2221,4,3,12,38.74,50.0,5.063,365.5,383.0,10.11,0,1.1,80,88.0
2222,4,3,13,33.53,53.1,5.063,345.7,365.0,11.25,1,1.1,100,110.00000000000001
2223,4,3,14,33.48,56.3,5.063,510.7,480.0,11.2,1,1.1065,100,110.65
2224,4,3,15,33.01,58.5,5.063,311.4,317.0,11.24,1,1.1175000000000002,100,111.75000000000001
2225,4,3,16,34.58,58.8,5.063,309.0,302.0,11.32,1,1.119,100,111.9
2226,4,3,17,34.67,58.3,5.063,23.2,26.0,9.27,1,1.1165,100,111.65
2227,4,3,18,35.33,58.1,5.063,0.0,24.0,12.83,1,1.1155000000000002,100,111.55000000000001
2228,4,3,19,33.79,56.8,5.063,0.0,0.0,13.79,1,1.109,100,110.9
2229,4,3,20,34.66,55.0,5.063,0.0,0.0,13.85,1,1.1,100,110.00000000000001
2230,4,3,21,36.8,52.7,5.063,0.0,0.0,9.39,0,1.1,80,88.0
2231,4,3,22,32.74,51.6,5.063,0.0,0.0,3.75,0,1.1,80,88.0
2232,4,3,23,35.24,49.5,5.063,0.0,0.0,1.99,0,1.1,80,88.0
2233,4,4,0,31.07,49.8,5.063,0.0,0.0,4.79,0,1.1,80,88.0
2234,4,4,1,30.14,50.2,5.063,0.0,0.0,6.49,0,1.1,80,88.0
2235,4,4,2,27.86,49.1,5.063,0.0,0.0,4.57,0,1.1,80,88.0
2236,4,4,3,33.67,48.2,5.063,0.0,0.0,2.96,0,1.1,80,88.0
2237,4,4,4,33.86,46.9,5.063,0.0,0.0,2.35,0,1.1,80,88.0
2238,4,4,5,47.01,45.7,5.063,0.0,0.0,1.94,0,1.1,80,88.0
2239,4,4,6,50.3,45.5,5.063,36.0,40.0,1.06,0,1.1,80,88.0
2240,4,4,7,46.18,46.2,5.063,85.2,94.0,1.04,0,1.1,80,88.0
2241,4,4,8,33.59,47.7,5.063,166.2,180.0,2.78,0,1.1,80,88.0
2242,4,4,9,33.13,50.2,5.063,510.5,461.0,1.12,1,1.1,100,110.00000000000001
2243,4,4,10,33.18,53.4,5.063,800.1,658.0,1.59,1,1.1,100,110.00000000000001
2244,4,4,11,29.01,55.9,5.063,964.3,766.0,2.66,1,1.1045,100,110.45
2245,4,4,12,27.59,57.6,5.063,937.9,753.0,2.83,1,1.113,100,111.3
2246,4,4,13,26.59,58.3,5.063,927.0,745.0,3.49,1,1.1165,100,111.65
2247,4,4,14,26.83,58.3,5.063,908.2,730.0,3.6,1,1.1165,100,111.65
2248,4,4,15,29.63,57.6,5.063,615.4,527.0,2.49,1,1.113,100,111.3
2249,4,4,16,31.99,55.6,5.063,453.2,405.0,4.76,1,1.1030000000000002,100,110.30000000000003
2250,4,4,17,34.97,51.6,5.063,159.7,204.0,5.6,0,1.1,80,88.0
2251,4,4,18,37.08,46.2,5.063,0.0,22.0,5.42,0,1.1,80,88.0
2252,4,4,19,43.63,43.9,5.063,0.0,0.0,6.35,0,1.1,80,88.0
2253,4,4,20,41.52,42.4,5.063,0.0,0.0,8.58,0,1.1,80,88.0
2254,4,4,21,37.8,41.5,5.063,0.0,0.0,7.4,0,1.1,80,88.0
2255,4,4,22,36.9,37.9,5.063,0.0,0.0,6.98,0,1.1,80,88.0
2256,4,4,23,32.03,39.0,5.063,0.0,0.0,6.54,0,1.1,80,88.0
2257,4,5,0,32.21,37.8,5.063,0.0,0.0,7.32,1,1.1,100,110.00000000000001
2258,4,5,1,34.12,36.9,5.063,0.0,0.0,7.35,1,1.1,100,110.00000000000001
2259,4,5,2,34.07,37.8,5.063,0.0,0.0,6.07,1,1.1,100,110.00000000000001
2260,4,5,3,33.18,38.3,5.063,0.0,0.0,5.95,1,1.1,100,110.00000000000001
2261,4,5,4,30.22,37.8,5.063,0.0,0.0,5.14,1,1.1,100,110.00000000000001
2262,4,5,5,31.96,38.5,5.063,0.0,0.0,5.16,1,1.1,100,110.00000000000001
2263,4,5,6,30.45,40.5,5.063,56.3,62.0,6.06,1,1.1,100,110.00000000000001
2264,4,5,7,30.84,43.0,5.063,86.1,95.0,8.81,1,1.1,100,110.00000000000001
2265,4,5,8,33.26,44.2,5.063,69.7,78.0,8.83,0,1.1,80,88.0
2266,4,5,9,45.85,44.6,5.063,167.9,186.0,8.88,0,1.1,80,88.0
2267,4,5,10,46.0,45.7,5.063,152.0,169.0,8.77,0,1.1,80,88.0
2268,4,5,11,46.05,46.2,5.063,303.7,326.0,9.15,0,1.1,80,88.0
2269,4,5,12,46.22,46.2,5.063,101.0,113.0,9.18,0,1.1,80,88.0
2270,4,5,13,47.04,45.5,5.063,96.5,108.0,9.47,0,1.1,80,88.0
2271,4,5,14,43.12,43.5,5.063,177.0,198.0,8.72,0,1.1,80,88.0
2272,4,5,15,45.34,41.4,5.063,70.6,79.0,8.48,0,1.1,80,88.0
2273,4,5,16,45.68,39.9,5.063,65.2,73.0,8.0,0,1.1,80,88.0
2274,4,5,17,39.32,38.7,5.063,3.6,4.0,7.46,0,1.1,80,88.0
2275,4,5,18,39.4,37.6,5.063,0.0,9.0,6.78,0,1.1,80,88.0
2276,4,5,19,34.98,37.2,5.063,0.0,0.0,6.5,0,1.1,80,88.0
2277,4,5,20,43.02,37.0,5.063,0.0,0.0,4.75,0,1.1,80,88.0
2278,4,5,21,40.88,37.0,5.063,0.0,0.0,3.72,0,1.1,80,88.0
2279,4,5,22,32.05,37.2,5.063,0.0,0.0,3.44,0,1.1,80,88.0
2280,4,5,23,54.0,37.4,5.063,0.0,0.0,3.93,0,1.1,80,88.0
2281,4,6,0,46.68,37.4,5.063,0.0,0.0,4.75,0,1.1,80,88.0
2282,4,6,1,37.12,37.8,5.063,0.0,0.0,5.49,0,1.1,80,88.0
2283,4,6,2,37.16,38.1,5.063,0.0,0.0,4.05,0,1.1,80,88.0
2284,4,6,3,35.92,38.5,5.063,0.0,0.0,7.06,0,1.1,80,88.0
2285,4,6,4,44.31,38.5,5.063,0.0,0.0,8.41,0,1.1,80,88.0
2286,4,6,5,39.54,38.3,5.063,0.0,0.0,6.54,0,1.1,80,88.0
2287,4,6,6,42.2,40.1,5.063,50.6,56.0,7.07,0,1.1,80,88.0
2288,4,6,7,53.7,41.9,5.063,15.2,17.0,7.46,0,1.1,80,88.0
2289,4,6,8,62.87,44.1,5.063,55.4,62.0,8.34,0,1.1,80,88.0
2290,4,6,9,63.62,45.1,5.063,188.6,206.0,8.41,0,1.1,80,88.0
2291,4,6,10,53.53,45.9,5.063,81.3,91.0,5.94,0,1.1,80,88.0
2292,4,6,11,41.05,46.4,5.063,78.6,88.0,6.59,1,1.1,100,110.00000000000001
2293,4,6,12,36.98,51.1,5.063,348.4,369.0,8.66,1,1.1,100,110.00000000000001
2294,4,6,13,36.18,54.1,5.063,53.6,60.0,8.77,1,1.1,100,110.00000000000001
2295,4,6,14,32.72,54.7,5.063,358.5,376.0,7.94,1,1.1,100,110.00000000000001
2296,4,6,15,33.9,51.8,5.063,277.7,292.0,10.53,1,1.1,100,110.00000000000001
2297,4,6,16,44.86,51.4,5.063,296.0,298.0,10.5,1,1.1,100,110.00000000000001
2298,4,6,17,40.04,47.7,5.063,155.5,202.0,12.03,1,1.1,100,110.00000000000001
2299,4,6,18,53.17,43.5,5.063,0.0,35.0,12.53,1,1.1,100,110.00000000000001
2300,4,6,19,47.5,41.9,5.063,0.0,0.0,12.13,0,1.1,80,88.0
2301,4,6,20,42.27,40.8,5.063,0.0,0.0,9.83,0,1.1,80,88.0
2302,4,6,21,41.54,39.6,5.063,0.0,0.0,11.02,0,1.1,80,88.0
2303,4,6,22,38.06,38.7,5.063,0.0,0.0,12.18,0,1.1,80,88.0
2304,4,6,23,41.68,37.4,5.063,0.0,0.0,11.8,0,1.1,80,88.0
2305,4,7,0,41.54,36.3,5.063,0.0,0.0,12.32,1,1.1,100,110.00000000000001
2306,4,7,1,40.64,36.3,5.063,0.0,0.0,12.42,1,1.1,100,110.00000000000001
2307,4,7,2,41.61,35.2,5.063,0.0,0.0,11.53,1,1.1,100,110.00000000000001
2308,4,7,3,41.95,34.9,5.063,0.0,0.0,11.98,1,1.1,100,110.00000000000001
2309,4,7,4,44.98,33.6,5.063,0.0,0.0,9.59,1,1.1,100,110.00000000000001
2310,4,7,5,51.29,31.8,5.063,0.0,0.0,8.88,1,1.1,100,110.00000000000001
2311,4,7,6,53.76,35.8,5.063,58.6,65.0,6.22,1,1.1,100,110.00000000000001
2312,4,7,7,50.75,38.8,5.063,82.4,91.0,15.12,1,1.1,100,110.00000000000001
2313,4,7,8,49.66,41.2,5.063,55.4,62.0,18.18,0,1.1,80,88.0
2314,4,7,9,59.86,43.3,5.063,280.2,298.0,19.4,0,1.1,80,88.0
2315,4,7,10,49.84,44.2,5.063,838.6,697.0,17.76,0,1.1,80,88.0
2316,4,7,11,60.62,45.5,5.063,151.1,168.0,20.06,0,1.1,80,88.0
2317,4,7,12,58.57,45.7,5.063,97.4,109.0,19.39,0,1.1,80,88.0
2318,4,7,13,50.73,43.3,5.063,258.8,284.0,16.78,0,1.1,80,88.0
2319,4,7,14,49.72,41.5,5.063,110.8,124.0,14.6,0,1.1,80,88.0
2320,4,7,15,52.34,40.1,5.063,148.0,164.0,12.91,0,1.1,80,88.0
2321,4,7,16,53.95,39.0,5.063,72.4,81.0,11.64,0,1.1,80,88.0
2322,4,7,17,73.7,37.9,5.063,25.9,29.0,11.25,0,1.1,80,88.0
2323,4,7,18,71.62,36.5,5.063,0.0,32.0,11.33,0,1.1,80,88.0
2324,4,7,19,73.39,36.0,5.063,0.0,0.0,11.26,0,1.1,80,88.0
2325,4,7,20,62.15,35.4,5.063,0.0,0.0,11.27,0,1.1,80,88.0
2326,4,7,21,50.41,35.2,5.063,0.0,0.0,13.14,0,1.1,80,88.0
2327,4,7,22,46.6,34.9,5.063,0.0,0.0,11.23,0,1.1,80,88.0
2328,4,7,23,55.01,34.5,5.063,0.0,0.0,7.96,0,1.1,80,88.0
2329,4,8,0,51.97,34.3,5.063,0.0,0.0,9.97,0,1.1,80,88.0
2330,4,8,1,48.15,34.2,5.063,0.0,0.0,11.13,0,1.1,80,88.0
2331,4,8,2,46.86,34.0,5.063,0.0,0.0,10.24,0,1.1,80,88.0
2332,4,8,3,51.55,33.3,5.063,0.0,0.0,9.42,0,1.1,80,88.0
2333,4,8,4,58.95,32.7,5.063,0.0,0.0,9.24,0,1.1,80,88.0
2334,4,8,5,91.32,32.7,5.063,0.0,0.0,10.11,0,1.1,80,88.0
2335,4,8,6,102.85,33.1,5.063,3.6,4.0,8.99,0,1.1,80,88.0
2336,4,8,7,102.17,33.1,5.063,53.6,60.0,7.78,0,1.1,80,88.0
2337,4,8,8,73.42,33.6,5.063,47.4,53.0,7.22,0,1.1,80,88.0
2338,4,8,9,59.59,35.8,5.063,83.1,93.0,7.07,1,1.1,100,110.00000000000001
2339,4,8,10,50.18,37.6,5.063,726.7,661.0,7.66,1,1.1,100,110.00000000000001
2340,4,8,11,46.63,38.1,5.063,783.1,716.0,7.47,1,1.1,100,110.00000000000001
2341,4,8,12,46.82,37.6,5.063,400.9,434.0,7.33,1,1.1,100,110.00000000000001
2342,4,8,13,45.91,36.5,5.063,735.8,683.0,7.33,1,1.1,100,110.00000000000001
2343,4,8,14,47.56,35.2,5.063,810.0,707.0,6.19,1,1.1,100,110.00000000000001
2344,4,8,15,50.55,33.6,5.063,487.0,477.0,5.52,1,1.1,100,110.00000000000001
2345,4,8,16,51.57,31.5,5.063,448.3,424.0,5.81,1,1.1,100,110.00000000000001
2346,4,8,17,80.18,29.1,5.063,90.3,101.0,5.92,0,1.1,80,88.0
2347,4,8,18,87.6,27.1,5.063,0.0,26.0,5.37,0,1.1,80,88.0
2348,4,8,19,86.16,26.1,5.063,0.0,0.0,4.46,0,1.1,80,88.0
2349,4,8,20,78.25,25.2,5.063,0.0,0.0,2.37,0,1.1,80,88.0
2350,4,8,21,62.6,24.8,5.063,0.0,0.0,2.24,0,1.1,80,88.0
2351,4,8,22,54.17,24.6,5.063,0.0,0.0,3.02,0,1.1,80,88.0
2352,4,8,23,43.46,24.6,5.063,0.0,0.0,4.0,0,1.1,80,88.0
2353,4,9,0,48.93,24.6,5.063,0.0,0.0,4.98,0,1.1,80,88.0
2354,4,9,1,41.0,24.6,5.063,0.0,0.0,4.18,0,1.1,80,88.0
2355,4,9,2,41.29,24.6,5.063,0.0,0.0,4.24,0,1.1,80,88.0
2356,4,9,3,49.65,24.4,5.063,0.0,0.0,3.64,0,1.1,80,88.0
2357,4,9,4,57.65,24.1,5.063,0.0,0.0,3.04,0,1.1,80,88.0
2358,4,9,5,93.0,23.7,5.063,0.0,0.0,2.34,0,1.1,80,88.0
2359,4,9,6,109.9,25.2,5.063,81.1,95.0,2.14,0,1.1,80,88.0
2360,4,9,7,59.81,27.9,5.063,319.3,297.0,1.35,0,1.1,80,88.0
2361,4,9,8,43.12,31.3,5.063,585.9,503.0,1.56,1,1.1,100,110.00000000000001
2362,4,9,9,49.34,34.9,5.063,824.9,683.0,1.28,1,1.1,100,110.00000000000001
2363,4,9,10,50.3,37.9,5.063,1009.3,821.0,1.8,1,1.1,100,110.00000000000001
2364,4,9,11,38.95,40.3,5.063,1110.9,897.0,2.37,1,1.1,100,110.00000000000001
2365,4,9,12,36.59,41.9,5.063,1137.6,919.0,1.65,1,1.1,100,110.00000000000001
2366,4,9,13,36.93,42.8,5.063,1068.7,871.0,2.58,1,1.1,100,110.00000000000001
2367,4,9,14,32.96,42.8,5.063,928.9,772.0,3.93,1,1.1,100,110.00000000000001
2368,4,9,15,34.4,41.9,5.063,709.7,615.0,3.58,1,1.1,100,110.00000000000001
2369,4,9,16,53.56,40.3,5.063,447.0,428.0,3.81,0,1.1,80,88.0
2370,4,9,17,56.32,36.3,5.063,147.1,223.0,5.04,0,1.1,80,88.0
2371,4,9,18,98.73,30.4,5.063,0.0,44.0,4.65,0,1.1,80,88.0
2372,4,9,19,74.17,29.1,5.063,0.0,0.0,4.27,0,1.1,80,88.0
2373,4,9,20,63.65,28.6,5.063,0.0,0.0,3.49,0,1.1,80,88.0
2374,4,9,21,55.18,28.4,5.063,0.0,0.0,2.1,0,1.1,80,88.0
2375,4,9,22,53.84,28.0,5.063,0.0,0.0,4.11,0,1.1,80,88.0
2376,4,9,23,41.73,28.2,5.063,0.0,0.0,3.04,0,1.1,80,88.0
2377,4,10,0,38.79,28.4,5.063,0.0,0.0,2.68,0,1.1,80,88.0
2378,4,10,1,37.99,27.9,5.063,0.0,0.0,5.33,0,1.1,80,88.0
2379,4,10,2,38.67,27.7,5.063,0.0,0.0,6.48,0,1.1,80,88.0
2380,4,10,3,37.82,28.6,5.063,0.0,0.0,6.19,0,1.1,80,88.0
2381,4,10,4,44.97,28.6,5.063,0.0,0.0,7.07,0,1.1,80,88.0
2382,4,10,5,68.57,28.4,5.063,0.0,0.0,6.92,0,1.1,80,88.0
2383,4,10,6,72.61,32.2,5.063,24.1,27.0,8.8,0,1.1,80,88.0
2384,4,10,7,38.27,36.7,5.063,280.6,276.0,7.68,1,1.1,100,110.00000000000001
2385,4,10,8,37.29,39.0,5.063,545.4,476.0,5.63,1,1.1,100,110.00000000000001
2386,4,10,9,32.93,40.3,5.063,743.4,627.0,4.25,1,1.1,100,110.00000000000001
2387,4,10,10,33.3,44.2,5.063,607.5,554.0,3.18,1,1.1,100,110.00000000000001
2388,4,10,11,34.22,47.3,5.063,527.0,531.0,2.66,1,1.1,100,110.00000000000001
2389,4,10,12,36.52,48.7,5.063,647.8,603.0,2.9,1,1.1,100,110.00000000000001
2390,4,10,13,38.12,48.2,5.063,421.2,445.0,3.67,1,1.1,100,110.00000000000001
2391,4,10,14,41.52,48.0,5.063,599.8,555.0,4.79,1,1.1,100,110.00000000000001
2392,4,10,15,40.3,46.2,5.063,344.5,356.0,4.86,0,1.1,80,88.0
2393,4,10,16,61.19,44.1,5.063,243.4,261.0,5.1,0,1.1,80,88.0
2394,4,10,17,65.99,39.9,5.063,144.5,177.0,6.19,0,1.1,80,88.0
2395,4,10,18,64.45,36.0,5.063,0.0,15.0,6.93,0,1.1,80,88.0
2396,4,10,19,62.01,36.9,5.063,0.0,0.0,8.18,0,1.1,80,88.0
2397,4,10,20,59.18,36.1,5.063,0.0,0.0,9.12,0,1.1,80,88.0
2398,4,10,21,46.96,35.4,5.063,0.0,0.0,9.52,0,1.1,80,88.0
2399,4,10,22,38.33,34.5,5.063,0.0,0.0,9.52,0,1.1,80,88.0
2400,4,10,23,38.13,34.2,5.063,0.0,0.0,9.41,0,1.1,80,88.0
2401,4,11,0,38.61,33.6,5.063,0.0,0.0,10.49,0,1.1,80,88.0
2402,4,11,1,38.19,33.4,5.063,0.0,0.0,11.14,0,1.1,80,88.0
2403,4,11,2,37.86,33.3,5.063,0.0,0.0,11.01,0,1.1,80,88.0
2404,4,11,3,37.75,33.1,5.063,0.0,0.0,10.9,0,1.1,80,88.0
2405,4,11,4,43.58,32.5,5.063,0.0,0.0,11.1,0,1.1,80,88.0
2406,4,11,5,59.76,32.4,5.063,0.0,0.0,9.75,0,1.1,80,88.0
2407,4,11,6,63.5,34.2,5.063,3.6,4.0,10.93,0,1.1,80,88.0
2408,4,11,7,60.61,36.5,5.063,58.1,65.0,12.0,0,1.1,80,88.0
2409,4,11,8,63.22,39.0,5.063,198.8,219.0,10.98,0,1.1,80,88.0
2410,4,11,9,53.12,41.7,5.063,203.8,228.0,11.32,0,1.1,80,88.0
2411,4,11,10,46.34,44.6,5.063,205.7,229.0,11.34,1,1.1,100,110.00000000000001
2412,4,11,11,39.58,46.8,5.063,296.0,329.0,11.46,1,1.1,100,110.00000000000001
2413,4,11,12,39.45,47.8,5.063,476.8,487.0,11.4,1,1.1,100,110.00000000000001
2414,4,11,13,38.36,48.0,5.063,358.9,384.0,11.55,1,1.1,100,110.00000000000001
2415,4,11,14,35.55,46.9,5.063,278.5,303.0,12.49,1,1.1,100,110.00000000000001
2416,4,11,15,44.47,45.1,5.063,65.2,73.0,12.84,1,1.1,100,110.00000000000001
2417,4,11,16,49.73,43.5,5.063,55.9,62.0,13.97,1,1.1,100,110.00000000000001
2418,4,11,17,52.53,41.9,5.063,54.5,61.0,13.13,1,1.1,100,110.00000000000001
2419,4,11,18,55.24,40.1,5.063,0.0,39.0,12.76,0,1.1,80,88.0
2420,4,11,19,52.95,38.5,5.063,0.0,0.0,12.85,0,1.1,80,88.0
2421,4,11,20,53.51,37.2,5.063,0.0,0.0,16.64,0,1.1,80,88.0
2422,4,11,21,54.09,36.7,5.063,0.0,0.0,19.19,0,1.1,80,88.0
2423,4,11,22,49.71,35.8,5.063,0.0,0.0,21.94,0,1.1,80,88.0
2424,4,11,23,65.4,35.1,5.063,0.0,0.0,19.38,0,1.1,80,88.0
2425,4,12,0,61.24,34.5,5.063,0.0,0.0,18.1,1,1.1,100,110.00000000000001
2426,4,12,1,55.66,33.8,5.063,0.0,0.0,15.89,1,1.1,100,110.00000000000001
2427,4,12,2,50.91,33.4,5.063,0.0,0.0,17.56,1,1.1,100,110.00000000000001
2428,4,12,3,59.44,32.9,5.063,0.0,0.0,17.98,1,1.1,100,110.00000000000001
2429,4,12,4,63.22,32.7,5.063,0.0,0.0,17.37,1,1.1,100,110.00000000000001
2430,4,12,5,65.6,32.5,5.063,0.0,0.0,18.88,1,1.1,100,110.00000000000001
2431,4,12,6,60.99,33.4,5.063,28.6,32.0,19.63,1,1.1,100,110.00000000000001
2432,4,12,7,66.6,34.5,5.063,9.8,11.0,18.7,1,1.1,100,110.00000000000001
2433,4,12,8,70.64,36.0,5.063,58.1,65.0,18.88,0,1.1,80,88.0
2434,4,12,9,72.42,37.6,5.063,135.8,152.0,16.43,0,1.1,80,88.0
2435,4,12,10,72.44,39.2,5.063,119.8,134.0,15.12,0,1.1,80,88.0
2436,4,12,11,70.73,39.9,5.063,353.8,390.0,12.71,0,1.1,80,88.0
2437,4,12,12,70.95,40.6,5.063,318.8,353.0,11.4,0,1.1,80,88.0
2438,4,12,13,71.13,41.0,5.063,98.3,110.0,10.68,0,1.1,80,88.0
2439,4,12,14,72.39,41.0,5.063,287.8,318.0,10.68,0,1.1,80,88.0
2440,4,12,15,71.57,40.6,5.063,114.4,128.0,11.21,0,1.1,80,88.0
2441,4,12,16,66.7,39.7,5.063,38.4,43.0,10.62,0,1.1,80,88.0
2442,4,12,17,71.47,38.7,5.063,10.7,12.0,11.06,0,1.1,80,88.0
2443,4,12,18,67.51,37.2,5.063,0.0,41.0,8.93,0,1.1,80,88.0
2444,4,12,19,72.12,36.7,5.063,0.0,0.0,9.77,0,1.1,80,88.0
2445,4,12,20,66.16,36.1,5.063,0.0,0.0,11.49,0,1.1,80,88.0
2446,4,12,21,66.38,35.8,5.063,0.0,0.0,11.95,0,1.1,80,88.0
2447,4,12,22,64.95,35.6,5.063,0.0,0.0,12.91,0,1.1,80,88.0
2448,4,12,23,65.1,35.6,5.063,0.0,0.0,10.83,0,1.1,80,88.0
2449,4,13,0,61.17,35.6,5.063,0.0,0.0,7.07,0,1.1,80,88.0
2450,4,13,1,53.23,35.6,5.063,0.0,0.0,10.53,0,1.1,80,88.0
2451,4,13,2,51.03,35.6,5.063,0.0,0.0,12.4,0,1.1,80,88.0
2452,4,13,3,51.82,35.6,5.063,0.0,0.0,13.07,0,1.1,80,88.0
2453,4,13,4,55.39,35.4,5.063,0.0,0.0,13.4,0,1.1,80,88.0
2454,4,13,5,62.8,35.4,5.063,0.0,0.0,12.59,0,1.1,80,88.0
2455,4,13,6,64.32,36.1,5.063,64.5,72.0,12.06,0,1.1,80,88.0
2456,4,13,7,65.37,37.8,5.063,185.5,201.0,14.07,0,1.1,80,88.0
2457,4,13,8,65.09,40.5,5.063,256.2,282.0,13.98,0,1.1,80,88.0
2458,4,13,9,54.89,43.9,5.063,282.7,315.0,14.04,1,1.1,100,110.00000000000001
2459,4,13,10,51.88,47.1,5.063,307.7,343.0,12.13,1,1.1,100,110.00000000000001
2460,4,13,11,52.41,49.1,5.063,288.1,321.0,11.29,1,1.1,100,110.00000000000001
2461,4,13,12,50.4,50.2,5.063,246.7,276.0,11.1,1,1.1,100,110.00000000000001
2462,4,13,13,38.73,50.5,5.063,303.0,339.0,11.97,1,1.1,100,110.00000000000001
2463,4,13,14,39.88,50.4,5.063,380.8,421.0,12.33,1,1.1,100,110.00000000000001
2464,4,13,15,45.18,49.8,5.063,228.8,256.0,12.32,1,1.1,100,110.00000000000001
2465,4,13,16,52.27,49.1,5.063,169.8,190.0,13.17,1,1.1,100,110.00000000000001
2466,4,13,17,56.16,47.5,5.063,12.5,14.0,12.67,0,1.1,80,88.0
2467,4,13,18,55.42,44.2,5.063,0.0,34.0,11.3,0,1.1,80,88.0
2468,4,13,19,62.79,42.8,5.063,0.0,0.0,13.0,0,1.1,80,88.0
2469,4,13,20,58.65,41.5,5.063,0.0,0.0,13.03,0,1.1,80,88.0
2470,4,13,21,39.76,39.9,5.063,0.0,0.0,14.93,0,1.1,80,88.0
2471,4,13,22,39.08,38.8,5.063,0.0,0.0,14.45,0,1.1,80,88.0
2472,4,13,23,33.35,38.8,5.063,0.0,0.0,14.67,0,1.1,80,88.0
2473,4,14,0,33.64,38.8,5.063,0.0,0.0,13.75,0,1.1,80,88.0
2474,4,14,1,34.1,38.8,5.063,0.0,0.0,11.32,0,1.1,80,88.0
2475,4,14,2,34.42,38.7,5.063,0.0,0.0,12.38,0,1.1,80,88.0
2476,4,14,3,38.81,38.1,5.063,0.0,0.0,13.89,0,1.1,80,88.0
2477,4,14,4,44.95,37.0,5.063,0.0,0.0,11.57,0,1.1,80,88.0
2478,4,14,5,56.55,36.9,5.063,0.0,0.0,11.68,0,1.1,80,88.0
2479,4,14,6,63.75,39.7,5.063,89.5,111.0,11.98,0,1.1,80,88.0
2480,4,14,7,54.51,45.3,5.063,316.3,309.0,8.73,0,1.1,80,88.0
2481,4,14,8,34.51,51.3,5.063,570.5,509.0,7.37,1,1.1,100,110.00000000000001
2482,4,14,9,34.57,55.9,5.063,794.9,680.0,5.09,1,1.1045,100,110.45
2483,4,14,10,30.82,59.5,5.063,915.9,769.0,4.86,1,1.1225,100,112.25
2484,4,14,11,29.79,62.2,5.063,943.2,795.0,5.54,1,1.1360000000000001,100,113.60000000000001
2485,4,14,12,29.74,63.9,5.063,1095.0,910.0,3.96,1,1.1445,100,114.45
2486,4,14,13,29.6,64.6,5.063,725.3,660.0,3.84,1,1.1480000000000001,100,114.80000000000001
2487,4,14,14,31.04,63.3,5.063,827.0,717.0,2.67,1,1.1415000000000002,100,114.15000000000002
2488,4,14,15,35.05,62.6,5.063,491.4,476.0,4.59,1,1.1380000000000001,100,113.80000000000001
2489,4,14,16,38.09,61.3,5.063,413.6,423.0,3.94,0,1.1315000000000002,80,90.52000000000001
2490,4,14,17,57.72,56.5,5.063,130.6,223.0,3.36,0,1.1075000000000002,80,88.60000000000001
2491,4,14,18,61.24,49.5,5.063,0.0,46.0,3.87,0,1.1,80,88.0
2492,4,14,19,62.11,48.4,5.063,0.0,0.0,3.72,0,1.1,80,88.0
2493,4,14,20,50.96,47.1,5.063,0.0,0.0,4.28,0,1.1,80,88.0
2494,4,14,21,41.44,47.5,5.063,0.0,0.0,5.6,0,1.1,80,88.0
2495,4,14,22,36.91,48.2,5.063,0.0,0.0,4.47,0,1.1,80,88.0
2496,4,14,23,33.92,48.7,5.063,0.0,0.0,4.31,0,1.1,80,88.0
2497,4,15,0,36.55,48.4,5.063,0.0,0.0,6.04,0,1.1,80,88.0
2498,4,15,1,35.32,48.0,5.063,0.0,0.0,4.84,0,1.1,80,88.0
2499,4,15,2,33.7,47.3,5.063,0.0,0.0,6.78,0,1.1,80,88.0
2500,4,15,3,34.55,46.8,5.063,0.0,0.0,6.56,0,1.1,80,88.0
2501,4,15,4,39.25,45.5,5.063,0.0,0.0,6.27,0,1.1,80,88.0
2502,4,15,5,53.32,46.4,5.063,0.0,0.0,5.95,0,1.1,80,88.0
2503,4,15,6,55.5,47.8,5.063,71.6,80.0,5.02,0,1.1,80,88.0
2504,4,15,7,43.61,50.7,5.063,220.5,233.0,3.43,0,1.1,80,88.0
2505,4,15,8,39.65,55.6,5.063,469.7,448.0,2.89,1,1.1030000000000002,100,110.30000000000003
2506,4,15,9,33.52,60.1,5.063,743.0,645.0,2.5,1,1.1255000000000002,100,112.55000000000001
2507,4,15,10,32.14,63.0,5.063,935.6,790.0,2.54,1,1.1400000000000001,100,114.00000000000001
2508,4,15,11,31.67,64.2,5.063,868.3,759.0,3.37,1,1.1460000000000001,100,114.60000000000001
2509,4,15,12,31.9,64.2,5.063,362.3,399.0,4.99,1,1.1460000000000001,100,114.60000000000001
2510,4,15,13,31.9,63.3,5.063,590.7,574.0,5.76,1,1.1415000000000002,100,114.15000000000002
2511,4,15,14,30.86,60.3,5.063,95.6,107.0,6.71,1,1.1265,100,112.65
2512,4,15,15,31.87,55.6,5.063,141.2,158.0,7.26,1,1.1030000000000002,100,110.30000000000003
2513,4,15,16,40.45,52.7,5.063,17.9,20.0,6.72,0,1.1,80,88.0
2514,4,15,17,48.37,51.1,5.063,61.7,69.0,8.31,0,1.1,80,88.0
2515,4,15,18,53.24,48.0,5.063,0.0,4.0,8.98,0,1.1,80,88.0
2516,4,15,19,51.61,46.4,5.063,0.0,0.0,6.84,0,1.1,80,88.0
2517,4,15,20,46.49,44.8,5.063,0.0,0.0,6.46,0,1.1,80,88.0
2518,4,15,21,40.39,41.9,5.063,0.0,0.0,5.88,0,1.1,80,88.0
2519,4,15,22,30.74,39.7,5.063,0.0,0.0,6.08,0,1.1,80,88.0
2520,4,15,23,32.5,38.8,5.063,0.0,0.0,4.68,0,1.1,80,88.0
2521,4,16,0,31.67,38.3,5.063,0.0,0.0,4.74,0,1.1,80,88.0
2522,4,16,1,31.28,37.6,5.063,0.0,0.0,6.88,0,1.1,80,88.0
2523,4,16,2,30.88,36.9,5.063,0.0,0.0,4.86,0,1.1,80,88.0
2524,4,16,3,31.56,36.1,5.063,0.0,0.0,4.1,0,1.1,80,88.0
2525,4,16,4,34.41,35.4,5.063,0.0,0.0,3.55,0,1.1,80,88.0
2526,4,16,5,45.07,35.4,5.063,0.0,0.0,2.01,0,1.1,80,88.0
2527,4,16,6,49.09,37.0,5.063,5.4,6.0,2.57,0,1.1,80,88.0
2528,4,16,7,38.88,39.4,5.063,305.4,305.0,2.53,0,1.1,80,88.0
2529,4,16,8,32.43,41.7,5.063,191.8,213.0,3.06,1,1.1,100,110.00000000000001
2530,4,16,9,32.4,43.5,5.063,67.9,76.0,3.23,1,1.1,100,110.00000000000001
2531,4,16,10,33.08,44.6,5.063,479.0,492.0,3.28,1,1.1,100,110.00000000000001
2532,4,16,11,31.74,45.1,5.063,371.0,407.0,3.37,1,1.1,100,110.00000000000001
2533,4,16,12,32.22,45.1,5.063,545.6,552.0,4.1,1,1.1,100,110.00000000000001
2534,4,16,13,31.0,45.0,5.063,400.2,431.0,3.85,1,1.1,100,110.00000000000001
2535,4,16,14,33.0,44.2,5.063,739.1,682.0,4.06,1,1.1,100,110.00000000000001
2536,4,16,15,32.96,43.5,5.063,373.4,395.0,5.37,1,1.1,100,110.00000000000001
2537,4,16,16,40.03,42.3,5.063,189.4,210.0,5.67,0,1.1,80,88.0
2538,4,16,17,47.97,40.5,5.063,17.9,20.0,6.87,0,1.1,80,88.0
2539,4,16,18,54.47,38.3,5.063,0.0,58.0,5.91,0,1.1,80,88.0
2540,4,16,19,52.16,37.0,5.063,0.0,0.0,5.11,0,1.1,80,88.0
2541,4,16,20,46.54,36.1,5.063,0.0,0.0,6.79,0,1.1,80,88.0
2542,4,16,21,38.78,35.4,5.063,0.0,0.0,6.29,0,1.1,80,88.0
2543,4,16,22,35.57,35.2,5.063,0.0,0.0,8.3,0,1.1,80,88.0
2544,4,16,23,34.02,35.6,5.063,0.0,0.0,7.71,0,1.1,80,88.0
2545,4,17,0,32.76,35.8,5.063,0.0,0.0,8.17,0,1.1,80,88.0
2546,4,17,1,31.69,35.8,5.063,0.0,0.0,6.9,0,1.1,80,88.0
2547,4,17,2,32.86,35.4,5.063,0.0,0.0,6.01,0,1.1,80,88.0
2548,4,17,3,33.19,34.7,5.063,0.0,0.0,6.79,0,1.1,80,88.0
2549,4,17,4,37.64,34.0,5.063,0.0,0.0,6.1,0,1.1,80,88.0
2550,4,17,5,52.12,33.6,5.063,0.0,0.0,7.08,0,1.1,80,88.0
2551,4,17,6,55.98,36.0,5.063,95.5,123.0,7.35,0,1.1,80,88.0
2552,4,17,7,35.66,39.0,5.063,323.4,324.0,6.9,0,1.1,80,88.0
2553,4,17,8,33.05,42.6,5.063,583.7,531.0,6.83,1,1.1,100,110.00000000000001
2554,4,17,9,29.65,46.0,5.063,820.3,713.0,7.96,1,1.1,100,110.00000000000001
2555,4,17,10,28.55,48.7,5.063,996.7,847.0,7.23,1,1.1,100,110.00000000000001
2556,4,17,11,26.27,51.1,5.063,1102.3,928.0,7.2,1,1.1,100,110.00000000000001
2557,4,17,12,24.45,52.7,5.063,1124.9,948.0,6.66,1,1.1,100,110.00000000000001
2558,4,17,13,20.82,53.6,5.063,1053.7,899.0,6.59,1,1.1,100,110.00000000000001
2559,4,17,14,24.37,53.8,5.063,911.6,799.0,6.05,1,1.1,100,110.00000000000001
2560,4,17,15,28.13,53.1,5.063,695.8,645.0,6.74,1,1.1,100,110.00000000000001
2561,4,17,16,33.34,51.6,5.063,432.0,458.0,3.28,0,1.1,80,88.0
2562,4,17,17,50.73,48.9,5.063,131.0,254.0,6.78,0,1.1,80,88.0
2563,4,17,18,55.25,43.3,5.063,0.0,66.0,11.57,0,1.1,80,88.0
2564,4,17,19,57.26,39.6,5.063,0.0,0.0,8.52,0,1.1,80,88.0
2565,4,17,20,55.17,37.0,5.063,0.0,0.0,12.15,0,1.1,80,88.0
2566,4,17,21,50.18,35.1,5.063,0.0,0.0,11.51,0,1.1,80,88.0
2567,4,17,22,35.7,34.0,5.063,0.0,0.0,8.81,0,1.1,80,88.0
2568,4,17,23,33.23,32.7,5.063,0.0,0.0,8.23,0,1.1,80,88.0
2569,4,18,0,33.84,31.6,5.063,0.0,0.0,11.82,0,1.1,80,88.0
2570,4,18,1,32.48,31.3,5.063,0.0,0.0,10.54,0,1.1,80,88.0
2571,4,18,2,32.32,31.8,5.063,0.0,0.0,6.76,0,1.1,80,88.0
2572,4,18,3,32.74,32.5,5.063,0.0,0.0,5.81,0,1.1,80,88.0
2573,4,18,4,34.62,32.2,5.063,0.0,0.0,5.91,0,1.1,80,88.0
2574,4,18,5,44.51,33.4,5.063,0.0,0.0,5.79,0,1.1,80,88.0
2575,4,18,6,44.55,40.3,5.063,101.2,132.0,8.74,0,1.1,80,88.0
2576,4,18,7,37.04,46.6,5.063,331.6,335.0,9.3,0,1.1,80,88.0
2577,4,18,8,30.58,52.3,5.063,581.9,533.0,7.89,1,1.1,100,110.00000000000001
2578,4,18,9,27.64,56.3,5.063,802.1,702.0,9.78,1,1.1065,100,110.65
2579,4,18,10,26.39,59.0,5.063,760.6,685.0,9.37,1,1.12,100,112.00000000000001
2580,4,18,11,25.63,61.2,5.063,1048.7,890.0,9.11,1,1.131,100,113.1
2581,4,18,12,25.61,63.3,5.063,1052.0,895.0,10.14,1,1.1415000000000002,100,114.15000000000002
2582,4,18,13,25.92,64.0,5.063,856.1,752.0,9.87,1,1.145,100,114.5
2583,4,18,14,31.6,63.0,5.063,617.2,589.0,9.88,1,1.1400000000000001,100,114.00000000000001
2584,4,18,15,33.52,60.1,5.063,313.1,329.0,10.96,1,1.1255000000000002,100,112.55000000000001
2585,4,18,16,42.6,57.9,5.063,310.4,336.0,9.59,0,1.1145,80,89.16
2586,4,18,17,45.4,55.9,5.063,12.5,14.0,9.24,0,1.1045,80,88.36
2587,4,18,18,51.58,53.4,5.063,0.0,59.0,7.92,0,1.1,80,88.0
2588,4,18,19,50.35,51.8,5.063,0.0,0.0,7.2,0,1.1,80,88.0
2589,4,18,20,41.89,50.5,5.063,0.0,0.0,9.59,0,1.1,80,88.0
2590,4,18,21,36.3,49.5,5.063,0.0,0.0,11.06,0,1.1,80,88.0
2591,4,18,22,31.5,48.2,5.063,0.0,0.0,10.27,0,1.1,80,88.0
2592,4,18,23,41.4,48.2,5.063,0.0,0.0,13.3,0,1.1,80,88.0
2593,4,19,0,30.51,48.6,5.063,0.0,0.0,13.86,1,1.1,100,110.00000000000001
2594,4,19,1,26.47,48.6,5.063,0.0,0.0,14.04,1,1.1,100,110.00000000000001
2595,4,19,2,25.8,49.1,5.063,0.0,0.0,11.56,1,1.1,100,110.00000000000001
2596,4,19,3,26.52,49.8,5.063,0.0,0.0,14.52,1,1.1,100,110.00000000000001
2597,4,19,4,27.28,50.9,5.063,0.0,0.0,14.02,1,1.1,100,110.00000000000001
2598,4,19,5,42.04,52.0,5.063,0.0,0.0,9.03,1,1.1,100,110.00000000000001
2599,4,19,6,32.27,54.0,5.063,39.3,44.0,8.21,1,1.1,100,110.00000000000001
2600,4,19,7,36.14,56.5,5.063,128.3,142.0,10.06,1,1.1075000000000002,100,110.75000000000001
2601,4,19,8,38.86,60.3,5.063,214.9,235.0,10.67,0,1.1265,80,90.12
2602,4,19,9,30.97,62.4,5.063,393.3,413.0,11.35,0,1.137,80,90.96000000000001
2603,4,19,10,28.62,66.6,5.063,186.5,207.0,10.71,0,1.1580000000000001,80,92.64000000000001
2604,4,19,11,28.0,72.0,5.063,225.6,250.0,11.63,0,1.185,80,94.80000000000001
2605,4,19,12,28.02,74.1,5.063,339.3,370.0,11.67,0,1.1955,80,95.64
2606,4,19,13,27.62,74.5,5.063,381.0,403.0,11.24,0,1.1975,80,95.8
2607,4,19,14,31.41,74.7,5.063,633.7,595.0,11.58,0,1.1985000000000001,80,95.88000000000001
2608,4,19,15,35.9,73.8,5.063,392.2,402.0,12.14,0,1.1940000000000002,80,95.52000000000001
2609,4,19,16,46.09,72.0,5.063,364.1,395.0,11.69,0,1.185,80,94.80000000000001
2610,4,19,17,51.59,70.9,5.063,122.4,142.0,11.92,0,1.1795000000000002,80,94.36000000000001
2611,4,19,18,50.53,69.6,5.063,0.0,47.0,11.57,0,1.173,80,93.84
2612,4,19,19,48.27,68.0,5.063,0.0,0.0,11.55,0,1.165,80,93.2
2613,4,19,20,48.51,65.8,5.063,0.0,0.0,11.37,0,1.1540000000000001,80,92.32000000000001
2614,4,19,21,48.06,63.3,5.063,0.0,0.0,7.99,0,1.1415000000000002,80,91.32000000000002
2615,4,19,22,36.4,61.7,5.063,0.0,0.0,5.83,0,1.1335000000000002,80,90.68
2616,4,19,23,30.33,58.8,5.063,0.0,0.0,8.86,0,1.119,80,89.52
2617,4,20,0,29.08,56.1,5.063,0.0,0.0,8.36,0,1.1055000000000001,80,88.44000000000001
2618,4,20,1,26.91,53.6,5.063,0.0,0.0,9.16,0,1.1,80,88.0
2619,4,20,2,26.13,51.3,5.063,0.0,0.0,7.9,0,1.1,80,88.0
2620,4,20,3,25.87,49.5,5.063,0.0,0.0,7.56,0,1.1,80,88.0
2621,4,20,4,26.23,47.8,5.063,0.0,0.0,6.52,0,1.1,80,88.0
2622,4,20,5,26.64,46.6,5.063,0.0,0.0,6.17,0,1.1,80,88.0
2623,4,20,6,27.24,46.9,5.063,104.3,139.0,3.96,0,1.1,80,88.0
2624,4,20,7,25.02,47.8,5.063,254.0,270.0,5.08,1,1.1,100,110.00000000000001
2625,4,20,8,25.17,48.7,5.063,582.1,540.0,5.61,1,1.1,100,110.00000000000001
2626,4,20,9,24.26,50.2,5.063,812.2,718.0,6.43,1,1.1,100,110.00000000000001
2627,4,20,10,22.65,52.0,5.063,986.6,851.0,6.56,1,1.1,100,110.00000000000001
2628,4,20,11,21.29,53.6,5.063,1088.6,930.0,6.13,1,1.1,100,110.00000000000001
2629,4,20,12,18.29,55.0,5.063,1109.4,949.0,7.61,1,1.1,100,110.00000000000001
2630,4,20,13,17.01,55.9,5.063,1046.7,907.0,6.96,1,1.1045,100,110.45
2631,4,20,14,19.65,55.9,5.063,845.7,758.0,5.78,1,1.1045,100,110.45
2632,4,20,15,25.84,55.4,5.063,655.5,625.0,5.82,0,1.102,80,88.16000000000001
2633,4,20,16,29.74,53.8,5.063,407.5,447.0,6.36,0,1.1,80,88.0
2634,4,20,17,41.64,51.1,5.063,126.3,268.0,5.75,0,1.1,80,88.0
2635,4,20,18,61.51,46.2,5.063,0.0,77.0,4.24,0,1.1,80,88.0
2636,4,20,19,59.87,42.3,5.063,0.0,0.0,4.2,0,1.1,80,88.0
2637,4,20,20,39.3,39.7,5.063,0.0,0.0,3.99,0,1.1,80,88.0
2638,4,20,21,43.08,37.6,5.063,0.0,0.0,1.13,0,1.1,80,88.0
2639,4,20,22,32.3,35.8,5.063,0.0,0.0,2.75,0,1.1,80,88.0
2640,4,20,23,27.68,34.3,5.063,0.0,0.0,4.49,0,1.1,80,88.0
2641,4,21,0,28.26,33.8,5.063,0.0,0.0,4.25,0,1.1,80,88.0
2642,4,21,1,27.84,33.8,5.063,0.0,0.0,3.02,0,1.1,80,88.0
2643,4,21,2,27.66,34.5,5.063,0.0,0.0,3.6,0,1.1,80,88.0
2644,4,21,3,28.0,35.1,5.063,0.0,0.0,3.9,0,1.1,80,88.0
2645,4,21,4,39.95,34.2,5.063,0.0,0.0,3.32,0,1.1,80,88.0
2646,4,21,5,47.36,34.0,5.063,0.0,0.0,2.45,0,1.1,80,88.0
2647,4,21,6,49.31,39.4,5.063,103.5,136.0,3.82,0,1.1,80,88.0
2648,4,21,7,35.04,44.8,5.063,236.2,254.0,2.14,1,1.1,100,110.00000000000001
2649,4,21,8,30.24,49.6,5.063,438.2,435.0,3.62,1,1.1,100,110.00000000000001
2650,4,21,9,28.39,53.6,5.063,732.6,661.0,3.12,1,1.1,100,110.00000000000001
2651,4,21,10,28.12,57.0,5.063,922.7,806.0,4.12,1,1.11,100,111.00000000000001
2652,4,21,11,26.02,59.9,5.063,1012.8,876.0,5.19,1,1.1245,100,112.45
2653,4,21,12,30.73,60.4,5.063,321.5,357.0,6.13,1,1.127,100,112.7
2654,4,21,13,33.13,59.5,5.063,351.1,379.0,7.0,1,1.1225,100,112.25
2655,4,21,14,35.58,58.1,5.063,261.2,287.0,7.15,1,1.1155000000000002,100,111.55000000000001
2656,4,21,15,48.05,56.3,5.063,24.1,27.0,6.62,0,1.1065,80,88.52000000000001
2657,4,21,16,55.52,54.3,5.063,181.7,202.0,8.03,0,1.1,80,88.0
2658,4,21,17,57.49,52.5,5.063,142.7,172.0,8.36,0,1.1,80,88.0
2659,4,21,18,57.44,49.8,5.063,0.0,26.0,9.34,0,1.1,80,88.0
2660,4,21,19,51.74,47.7,5.063,0.0,0.0,10.81,0,1.1,80,88.0
2661,4,21,20,49.73,46.6,5.063,0.0,0.0,9.32,0,1.1,80,88.0
2662,4,21,21,37.5,45.5,5.063,0.0,0.0,9.74,0,1.1,80,88.0
2663,4,21,22,36.86,45.0,5.063,0.0,0.0,8.65,0,1.1,80,88.0
2664,4,21,23,38.23,44.6,5.063,0.0,0.0,7.47,0,1.1,80,88.0
2665,4,22,0,31.63,44.8,5.063,0.0,0.0,8.45,0,1.1,80,88.0
2666,4,22,1,30.03,45.1,5.063,0.0,0.0,5.96,0,1.1,80,88.0
2667,4,22,2,28.44,46.0,5.063,0.0,0.0,6.07,0,1.1,80,88.0
2668,4,22,3,29.49,46.6,5.063,0.0,0.0,5.36,0,1.1,80,88.0
2669,4,22,4,35.48,46.8,5.063,0.0,0.0,6.83,0,1.1,80,88.0
2670,4,22,5,43.47,47.3,5.063,0.0,0.0,5.59,0,1.1,80,88.0
2671,4,22,6,53.27,49.1,5.063,18.8,21.0,5.99,0,1.1,80,88.0
2672,4,22,7,55.71,52.3,5.063,68.8,77.0,5.82,0,1.1,80,88.0
2673,4,22,8,49.74,57.7,5.063,280.4,304.0,5.79,0,1.1135000000000002,80,89.08000000000001
2674,4,22,9,33.8,63.1,5.063,549.3,546.0,6.05,1,1.1405,100,114.05000000000001
2675,4,22,10,32.53,66.0,5.063,936.6,819.0,6.22,1,1.155,100,115.5
2676,4,22,11,29.08,67.8,5.063,686.3,674.0,6.37,1,1.1640000000000001,100,116.40000000000002
2677,4,22,12,29.3,68.7,5.063,1050.7,911.0,7.34,1,1.1685,100,116.85000000000001
2678,4,22,13,27.67,69.1,5.063,993.3,873.0,7.71,1,1.1705,100,117.05000000000001
2679,4,22,14,28.72,69.3,5.063,856.2,776.0,8.24,1,1.1715,100,117.15
2680,4,22,15,30.28,68.4,5.063,654.3,632.0,9.21,1,1.167,100,116.7
2681,4,22,16,36.17,66.2,5.063,404.3,454.0,9.58,1,1.1560000000000001,100,115.60000000000001
2682,4,22,17,47.06,62.4,5.063,144.7,217.0,9.9,0,1.137,80,90.96000000000001
2683,4,22,18,51.39,56.3,5.063,0.0,66.0,9.38,0,1.1065,80,88.52000000000001
2684,4,22,19,47.25,52.5,5.063,0.0,0.0,9.48,0,1.1,80,88.0
2685,4,22,20,40.01,49.6,5.063,0.0,0.0,8.14,0,1.1,80,88.0
2686,4,22,21,36.38,47.1,5.063,0.0,0.0,9.31,0,1.1,80,88.0
2687,4,22,22,28.78,45.0,5.063,0.0,0.0,9.38,0,1.1,80,88.0
2688,4,22,23,27.83,43.9,5.063,0.0,0.0,8.86,0,1.1,80,88.0
2689,4,23,0,28.85,43.0,5.063,0.0,0.0,6.52,0,1.1,80,88.0
2690,4,23,1,26.93,42.3,5.063,0.0,0.0,5.99,0,1.1,80,88.0
2691,4,23,2,26.49,41.5,5.063,0.0,0.0,7.95,0,1.1,80,88.0
2692,4,23,3,28.29,40.5,5.063,0.0,0.0,10.08,0,1.1,80,88.0
2693,4,23,4,31.77,39.6,5.063,0.0,0.0,8.99,0,1.1,80,88.0
2694,4,23,5,43.04,39.9,5.063,0.0,0.0,11.67,0,1.1,80,88.0
2695,4,23,6,39.76,44.2,5.063,106.8,145.0,9.11,0,1.1,80,88.0
2696,4,23,7,25.85,48.9,5.063,325.3,342.0,6.53,1,1.1,100,110.00000000000001
2697,4,23,8,26.7,52.9,5.063,566.9,537.0,7.12,1,1.1,100,110.00000000000001
2698,4,23,9,26.15,56.3,5.063,785.2,707.0,7.46,1,1.1065,100,110.65
2699,4,23,10,25.47,59.5,5.063,960.7,842.0,7.78,1,1.1225,100,112.25
2700,4,23,11,23.78,62.2,5.063,1060.8,920.0,8.27,1,1.1360000000000001,100,113.60000000000001
2701,4,23,12,23.89,64.2,5.063,1078.4,937.0,6.6,1,1.1460000000000001,100,114.60000000000001
2702,4,23,13,24.84,65.5,5.063,1008.0,889.0,5.88,1,1.1525,100,115.25000000000001
2703,4,23,14,26.79,65.8,5.063,867.6,790.0,4.67,1,1.1540000000000001,100,115.40000000000002
2704,4,23,15,28.4,65.3,5.063,660.3,642.0,4.2,0,1.1515,80,92.12
2705,4,23,16,36.01,64.0,5.063,407.6,463.0,4.81,0,1.145,80,91.6
2706,4,23,17,37.33,61.0,5.063,117.9,266.0,3.79,0,1.1300000000000001,80,90.4
2707,4,23,18,43.38,54.9,5.063,0.0,80.0,3.58,0,1.1,80,88.0
2708,4,23,19,46.54,51.6,5.063,0.0,0.0,4.54,0,1.1,80,88.0
2709,4,23,20,40.06,50.0,5.063,0.0,0.0,5.33,0,1.1,80,88.0
2710,4,23,21,34.35,47.7,5.063,0.0,0.0,2.24,0,1.1,80,88.0
2711,4,23,22,28.46,45.5,5.063,0.0,0.0,3.78,0,1.1,80,88.0
2712,4,23,23,27.9,44.1,5.063,0.0,0.0,2.81,0,1.1,80,88.0
2713,4,24,0,26.98,43.2,5.063,0.0,0.0,5.08,0,1.1,80,88.0
2714,4,24,1,26.2,42.6,5.063,0.0,0.0,5.46,0,1.1,80,88.0
2715,4,24,2,26.43,43.2,5.063,0.0,0.0,6.35,0,1.1,80,88.0
2716,4,24,3,27.1,44.2,5.063,0.0,0.0,5.03,0,1.1,80,88.0
2717,4,24,4,29.37,44.6,5.063,0.0,0.0,4.86,0,1.1,80,88.0
2718,4,24,5,40.54,44.6,5.063,0.0,0.0,4.92,0,1.1,80,88.0
2719,4,24,6,43.5,49.3,5.063,18.8,21.0,4.96,0,1.1,80,88.0
2720,4,24,7,31.19,54.9,5.063,309.3,328.0,3.05,1,1.1,100,110.00000000000001
2721,4,24,8,26.46,60.6,5.063,174.2,194.0,1.54,1,1.1280000000000001,100,112.80000000000001
2722,4,24,9,24.91,63.9,5.063,240.5,268.0,3.43,1,1.1445,100,114.45
2723,4,24,10,25.01,66.6,5.063,915.4,809.0,5.59,1,1.1580000000000001,100,115.80000000000001
2724,4,24,11,24.61,68.9,5.063,811.3,759.0,4.56,1,1.1695000000000002,100,116.95000000000002
2725,4,24,12,24.98,70.9,5.063,1030.7,902.0,5.44,1,1.1795000000000002,100,117.95000000000002
2726,4,24,13,25.35,71.2,5.063,954.8,850.0,7.68,1,1.181,100,118.10000000000001
2727,4,24,14,28.81,71.4,5.063,820.0,754.0,6.12,1,1.1820000000000002,100,118.20000000000002
2728,4,24,15,33.17,71.6,5.063,620.9,610.0,6.08,0,1.183,80,94.64
2729,4,24,16,39.34,70.3,5.063,309.5,346.0,6.44,0,1.1765,80,94.12
2730,4,24,17,49.42,66.0,5.063,122.3,236.0,5.54,0,1.155,80,92.4
2731,4,24,18,51.33,61.7,5.063,0.0,47.0,6.2,0,1.1335000000000002,80,90.68
2732,4,24,19,49.73,59.9,5.063,0.0,0.0,6.11,0,1.1245,80,89.96000000000001
2733,4,24,20,43.09,58.5,5.063,0.0,0.0,8.36,0,1.1175000000000002,80,89.4
2734,4,24,21,39.6,57.4,5.063,0.0,0.0,5.33,0,1.112,80,88.96000000000001
2735,4,24,22,28.98,55.8,5.063,0.0,0.0,6.4,0,1.104,80,88.32000000000001
2736,4,24,23,33.45,54.5,5.063,0.0,0.0,5.61,0,1.1,80,88.0
2737,4,25,0,28.75,54.1,5.063,0.0,0.0,6.23,0,1.1,80,88.0
2738,4,25,1,27.1,54.7,5.063,0.0,0.0,5.75,0,1.1,80,88.0
2739,4,25,2,26.61,54.3,5.063,0.0,0.0,5.59,0,1.1,80,88.0
2740,4,25,3,27.7,54.1,5.063,0.0,0.0,5.86,0,1.1,80,88.0
2741,4,25,4,30.82,53.6,5.063,0.0,0.0,5.7,0,1.1,80,88.0
2742,4,25,5,38.34,54.1,5.063,0.0,0.0,4.7,0,1.1,80,88.0
2743,4,25,6,37.81,57.9,5.063,88.1,99.0,5.06,0,1.1145,80,89.16
2744,4,25,7,33.85,62.4,5.063,113.4,126.0,3.33,1,1.137,100,113.7
2745,4,25,8,27.61,69.3,5.063,126.7,141.0,1.54,1,1.1715,100,117.15
2746,4,25,9,27.75,70.0,5.063,299.3,324.0,0.12,1,1.175,100,117.5
2747,4,25,10,27.34,69.8,5.063,696.5,658.0,1.59,1,1.1740000000000002,100,117.40000000000002
2748,4,25,11,26.52,70.2,5.063,833.3,766.0,4.99,1,1.1760000000000002,100,117.60000000000002
2749,4,25,12,27.34,70.9,5.063,792.3,740.0,4.36,1,1.1795000000000002,100,117.95000000000002
2750,4,25,13,30.3,71.8,5.063,568.6,571.0,4.57,1,1.1840000000000002,100,118.40000000000002
2751,4,25,14,34.25,71.4,5.063,459.0,476.0,4.85,1,1.1820000000000002,100,118.20000000000002
2752,4,25,15,38.41,69.6,5.063,165.0,183.0,5.04,0,1.173,80,93.84
2753,4,25,16,49.4,67.3,5.063,149.2,166.0,6.58,0,1.1615,80,92.92
2754,4,25,17,46.0,64.9,5.063,74.8,84.0,6.02,0,1.1495000000000002,80,91.96000000000001
2755,4,25,18,49.39,62.4,5.063,0.0,76.0,5.3,0,1.137,80,90.96000000000001
2756,4,25,19,49.88,60.8,5.063,0.0,0.0,7.47,0,1.129,80,90.32
2757,4,25,20,36.83,59.2,5.063,0.0,0.0,7.27,0,1.121,80,89.68
2758,4,25,21,30.43,57.7,5.063,0.0,0.0,6.4,0,1.1135000000000002,80,89.08000000000001
2759,4,25,22,29.88,56.3,5.063,0.0,0.0,6.07,0,1.1065,80,88.52000000000001
2760,4,25,23,29.94,55.6,5.063,0.0,0.0,4.68,0,1.1030000000000002,80,88.24000000000001
2761,4,26,0,27.5,55.6,5.063,0.0,0.0,5.69,1,1.1030000000000002,100,110.30000000000003
2762,4,26,1,26.31,56.1,5.063,0.0,0.0,4.06,1,1.1055000000000001,100,110.55000000000001
2763,4,26,2,25.29,56.8,5.063,0.0,0.0,3.38,1,1.109,100,110.9
2764,4,26,3,25.27,57.4,5.063,0.0,0.0,2.85,1,1.112,100,111.20000000000002
2765,4,26,4,26.73,57.4,5.063,0.0,0.0,1.59,1,1.112,100,111.20000000000002
2766,4,26,5,27.62,57.4,5.063,8.9,10.0,1.62,1,1.112,100,111.20000000000002
2767,4,26,6,29.2,57.7,5.063,2.7,3.0,0.72,1,1.1135000000000002,100,111.35000000000002
2768,4,26,7,36.5,58.5,5.063,15.2,17.0,0.32,1,1.1175000000000002,100,111.75000000000001
2769,4,26,8,42.8,59.9,5.063,21.4,24.0,1.54,0,1.1245,80,89.96000000000001
2770,4,26,9,41.6,61.5,5.063,75.1,84.0,2.55,0,1.1325,80,90.60000000000001
2771,4,26,10,42.91,62.4,5.063,190.9,212.0,3.21,0,1.137,80,90.96000000000001
2772,4,26,11,42.62,63.5,5.063,86.7,97.0,3.7,0,1.1425,80,91.4
2773,4,26,12,42.45,64.8,5.063,249.3,276.0,3.84,0,1.149,80,91.92
2774,4,26,13,38.58,65.3,5.063,132.3,148.0,3.39,0,1.1515,80,92.12
2775,4,26,14,39.86,65.1,5.063,101.9,114.0,3.95,0,1.1505,80,92.04
2776,4,26,15,43.37,65.3,5.063,153.0,170.0,3.87,0,1.1515,80,92.12
2777,4,26,16,47.2,64.8,5.063,207.8,231.0,4.85,0,1.149,80,91.92
2778,4,26,17,47.09,63.0,5.063,4.5,5.0,5.02,0,1.1400000000000001,80,91.20000000000002
2779,4,26,18,49.58,59.5,5.063,0.0,44.0,4.18,0,1.1225,80,89.80000000000001
2780,4,26,19,47.91,53.4,5.063,0.0,0.0,8.15,0,1.1,80,88.0
2781,4,26,20,38.95,48.4,5.063,0.0,0.0,7.38,0,1.1,80,88.0
2782,4,26,21,37.38,45.9,5.063,0.0,0.0,6.48,0,1.1,80,88.0
2783,4,26,22,31.12,44.2,5.063,0.0,0.0,5.38,0,1.1,80,88.0
2784,4,26,23,30.8,43.2,5.063,0.0,0.0,1.06,0,1.1,80,88.0
2785,4,27,0,27.79,42.3,5.063,0.0,0.0,1.18,0,1.1,80,88.0
2786,4,27,1,27.19,41.7,5.063,0.0,0.0,0.93,0,1.1,80,88.0
2787,4,27,2,26.5,41.5,5.063,0.0,0.0,1.7,0,1.1,80,88.0
2788,4,27,3,26.32,41.4,5.063,0.0,0.0,2.19,0,1.1,80,88.0
2789,4,27,4,26.18,41.0,5.063,0.0,0.0,1.84,1,1.1,100,110.00000000000001
2790,4,27,5,26.06,41.0,5.063,3.6,4.0,0.74,1,1.1,100,110.00000000000001
2791,4,27,6,25.46,42.3,5.063,72.4,81.0,1.35,1,1.1,100,110.00000000000001
2792,4,27,7,25.8,44.1,5.063,205.9,227.0,0.87,1,1.1,100,110.00000000000001
2793,4,27,8,26.08,45.9,5.063,439.3,448.0,0.87,1,1.1,100,110.00000000000001
2794,4,27,9,24.33,47.5,5.063,679.3,638.0,1.46,1,1.1,100,110.00000000000001
2795,4,27,10,25.58,49.3,5.063,511.1,516.0,2.23,1,1.1,100,110.00000000000001
2796,4,27,11,26.06,50.4,5.063,349.8,380.0,3.83,1,1.1,100,110.00000000000001
2797,4,27,12,26.53,50.7,5.063,612.3,622.0,3.54,0,1.1,80,88.0
2798,4,27,13,26.83,50.4,5.063,666.9,666.0,3.71,0,1.1,80,88.0
2799,4,27,14,27.24,48.9,5.063,662.9,633.0,3.65,0,1.1,80,88.0
2800,4,27,15,31.82,47.8,5.063,559.2,567.0,3.53,0,1.1,80,88.0
2801,4,27,16,27.93,47.8,5.063,194.9,217.0,2.61,0,1.1,80,88.0
2802,4,27,17,35.88,48.4,5.063,112.9,269.0,1.01,0,1.1,80,88.0
2803,4,27,18,41.0,48.0,5.063,0.0,88.0,1.39,0,1.1,80,88.0
2804,4,27,19,46.33,47.7,5.063,0.0,0.0,1.32,0,1.1,80,88.0
2805,4,27,20,40.78,46.6,5.063,0.0,0.0,1.56,0,1.1,80,88.0
2806,4,27,21,30.96,46.0,5.063,0.0,0.0,3.26,0,1.1,80,88.0
2807,4,27,22,26.1,45.7,5.063,0.0,0.0,3.5,0,1.1,80,88.0
2808,4,27,23,24.57,45.9,5.063,0.0,0.0,4.79,0,1.1,80,88.0
2809,4,28,0,22.95,45.1,5.063,0.0,0.0,5.48,0,1.1,80,88.0
2810,4,28,1,22.67,44.2,5.063,0.0,0.0,5.32,0,1.1,80,88.0
2811,4,28,2,22.54,43.2,5.063,0.0,0.0,3.66,0,1.1,80,88.0
2812,4,28,3,22.74,42.8,5.063,0.0,0.0,3.6,0,1.1,80,88.0
2813,4,28,4,28.24,42.1,5.063,0.0,0.0,4.85,0,1.1,80,88.0
2814,4,28,5,38.66,42.6,5.063,11.7,16.0,4.59,0,1.1,80,88.0
2815,4,28,6,39.9,47.5,5.063,116.9,167.0,3.31,0,1.1,80,88.0
2816,4,28,7,28.75,54.1,5.063,338.7,369.0,2.12,0,1.1,80,88.0
2817,4,28,8,23.35,59.9,5.063,581.2,566.0,1.99,1,1.1245,100,112.45
2818,4,28,9,23.43,63.7,5.063,799.4,737.0,3.51,1,1.1435000000000002,100,114.35000000000002
2819,4,28,10,22.77,66.0,5.063,968.1,868.0,4.59,1,1.155,100,115.5
2820,4,28,11,20.71,68.0,5.063,1061.1,941.0,6.37,1,1.165,100,116.5
2821,4,28,12,19.32,69.6,5.063,1074.8,955.0,6.35,1,1.173,100,117.30000000000001
2822,4,28,13,22.94,70.7,5.063,1009.1,911.0,6.04,1,1.1785,100,117.85000000000001
2823,4,28,14,22.61,70.7,5.063,864.4,809.0,6.36,1,1.1785,100,117.85000000000001
2824,4,28,15,26.52,70.7,5.063,658.3,663.0,6.55,1,1.1785,100,117.85000000000001
2825,4,28,16,38.99,70.0,5.063,403.4,483.0,7.23,0,1.175,80,94.0
2826,4,28,17,53.03,66.4,5.063,112.0,284.0,6.6,0,1.157,80,92.56
2827,4,28,18,61.74,60.8,5.063,0.0,95.0,7.23,0,1.129,80,90.32
2828,4,28,19,61.61,57.6,5.063,0.0,0.0,8.35,0,1.113,80,89.03999999999999
2829,4,28,20,44.27,55.0,5.063,0.0,0.0,6.49,0,1.1,80,88.0
2830,4,28,21,35.0,51.6,5.063,0.0,0.0,6.74,0,1.1,80,88.0
2831,4,28,22,29.15,49.5,5.063,0.0,0.0,8.34,0,1.1,80,88.0
2832,4,28,23,28.5,48.2,5.063,0.0,0.0,7.26,0,1.1,80,88.0
2833,4,29,0,26.81,48.0,5.063,0.0,0.0,6.32,0,1.1,80,88.0
2834,4,29,1,24.43,47.7,5.063,0.0,0.0,8.52,0,1.1,80,88.0
2835,4,29,2,23.96,47.3,5.063,0.0,0.0,8.55,0,1.1,80,88.0
2836,4,29,3,26.13,47.1,5.063,0.0,0.0,8.02,0,1.1,80,88.0
2837,4,29,4,29.2,46.9,5.063,0.0,0.0,7.65,0,1.1,80,88.0
2838,4,29,5,42.76,48.4,5.063,8.9,10.0,8.8,0,1.1,80,88.0
2839,4,29,6,38.49,53.4,5.063,116.0,166.0,9.38,0,1.1,80,88.0
2840,4,29,7,28.95,58.8,5.063,325.6,357.0,9.87,1,1.119,100,111.9
2841,4,29,8,23.87,63.7,5.063,551.3,541.0,9.51,1,1.1435000000000002,100,114.35000000000002
2842,4,29,9,25.86,67.5,5.063,709.9,664.0,10.35,1,1.1625,100,116.25000000000001
2843,4,29,10,26.12,70.5,5.063,903.4,816.0,9.53,1,1.1775,100,117.75
2844,4,29,11,25.9,73.0,5.063,992.4,886.0,11.02,1,1.1900000000000002,100,119.00000000000001
2845,4,29,12,26.24,74.8,5.063,1005.1,899.0,10.56,1,1.199,100,119.9
2846,4,29,13,30.2,75.4,5.063,867.5,792.0,11.14,1,1.2020000000000002,100,120.20000000000002
2847,4,29,14,35.21,75.2,5.063,792.0,749.0,11.33,1,1.201,100,120.10000000000001
2848,4,29,15,31.29,74.3,5.063,489.2,508.0,11.73,0,1.1965000000000001,80,95.72000000000001
2849,4,29,16,42.61,72.1,5.063,363.3,435.0,11.59,0,1.1855,80,94.84
2850,4,29,17,48.63,69.1,5.063,150.2,195.0,12.33,0,1.1705,80,93.64000000000001
2851,4,29,18,47.15,66.4,5.063,51.1,59.0,10.86,0,1.157,80,92.56
2852,4,29,19,55.94,64.9,5.063,0.0,0.0,9.83,0,1.1495000000000002,80,91.96000000000001
2853,4,29,20,46.53,64.2,5.063,0.0,0.0,9.34,0,1.1460000000000001,80,91.68
2854,4,29,21,33.63,64.0,5.063,0.0,0.0,8.69,0,1.145,80,91.6
2855,4,29,22,27.79,64.6,5.063,0.0,0.0,8.01,0,1.1480000000000001,80,91.84
2856,4,29,23,33.43,65.1,5.063,0.0,0.0,8.42,0,1.1505,80,92.04
2857,4,30,0,30.42,65.1,5.063,0.0,0.0,7.5,0,1.1505,80,92.04
2858,4,30,1,28.61,64.2,5.063,0.0,0.0,7.43,0,1.1460000000000001,80,91.68
2859,4,30,2,26.99,61.7,5.063,0.0,0.0,7.29,0,1.1335000000000002,80,90.68
2860,4,30,3,29.02,57.4,5.063,0.0,0.0,6.85,0,1.112,80,88.96000000000001
2861,4,30,4,33.19,53.4,5.063,0.0,0.0,6.16,0,1.1,80,88.0
2862,4,30,5,50.5,51.3,5.063,14.3,20.0,6.29,0,1.1,80,88.0
2863,4,30,6,48.19,51.3,5.063,107.8,123.0,6.58,0,1.1,80,88.0
2864,4,30,7,32.65,52.3,5.063,218.2,241.0,9.44,0,1.1,80,88.0
2865,4,30,8,28.34,54.1,5.063,581.9,573.0,8.65,1,1.1,100,110.00000000000001
2866,4,30,9,26.13,56.1,5.063,802.5,747.0,8.45,1,1.1055000000000001,100,110.55000000000001
2867,4,30,10,25.21,58.1,5.063,973.3,880.0,8.5,1,1.1155000000000002,100,111.55000000000001
2868,4,30,11,24.38,59.7,5.063,1069.3,956.0,9.72,1,1.1235000000000002,100,112.35000000000002
2869,4,30,12,23.36,61.2,5.063,1085.8,973.0,9.83,1,1.131,100,113.1
2870,4,30,13,24.64,61.9,5.063,1021.7,931.0,10.21,1,1.1345,100,113.45
2871,4,30,14,23.65,61.9,5.063,879.7,832.0,10.14,1,1.1345,100,113.45
2872,4,30,15,26.69,61.2,5.063,671.1,685.0,11.05,1,1.131,100,113.1
2873,4,30,16,28.99,59.5,5.063,410.2,501.0,12.37,0,1.1225,80,89.80000000000001
2874,4,30,17,47.33,56.7,5.063,139.8,267.0,14.72,0,1.1085,80,88.68
2875,4,30,18,52.1,50.4,5.063,2.8,105.0,13.74,0,1.1,80,88.0
2876,4,30,19,61.65,46.0,5.063,0.0,0.0,12.86,0,1.1,80,88.0
2877,4,30,20,54.12,45.9,5.063,0.0,0.0,10.57,0,1.1,80,88.0
2878,4,30,21,42.6,45.1,5.063,0.0,0.0,11.22,0,1.1,80,88.0
2879,4,30,22,30.5,44.1,5.063,0.0,0.0,11.39,0,1.1,80,88.0
2880,4,30,23,39.8,43.0,5.063,0.0,0.0,8.78,0,1.1,80,88.0
2881,5,1,0,27.8,42.1,4.648,0.0,0.0,10.16,0,1.1,80,88.0
2882,5,1,1,25.71,41.2,4.648,0.0,0.0,7.93,0,1.1,80,88.0
2883,5,1,2,25.35,40.5,4.648,0.0,0.0,7.23,0,1.1,80,88.0
2884,5,1,3,27.91,40.1,4.648,0.0,0.0,5.32,0,1.1,80,88.0
2885,5,1,4,35.29,39.0,4.648,0.0,0.0,1.19,0,1.1,80,88.0
2886,5,1,5,35.66,40.8,4.648,14.3,22.0,14.71,0,1.1,80,88.0
2887,5,1,6,43.5,46.8,4.648,122.3,180.0,14.89,0,1.1,80,88.0
2888,5,1,7,31.48,52.7,4.648,338.4,376.0,14.85,0,1.1,80,88.0
2889,5,1,8,27.67,57.0,4.648,572.6,567.0,17.58,1,1.11,100,111.00000000000001
2890,5,1,9,29.13,60.8,4.648,646.3,616.0,17.32,1,1.129,100,112.9
2891,5,1,10,26.58,63.9,4.648,938.3,853.0,13.64,1,1.1445,100,114.45
2892,5,1,11,25.59,66.9,4.648,844.4,800.0,12.46,1,1.1595000000000002,100,115.95000000000002
2893,5,1,12,25.91,68.9,4.648,1037.9,935.0,11.16,1,1.1695000000000002,100,116.95000000000002
2894,5,1,13,26.15,70.2,4.648,968.9,888.0,10.16,1,1.1760000000000002,100,117.60000000000002
2895,5,1,14,28.43,70.0,4.648,824.4,785.0,9.58,1,1.175,100,117.5
2896,5,1,15,27.39,69.1,4.648,617.4,635.0,8.68,1,1.1705,100,117.05000000000001
2897,5,1,16,33.82,68.0,4.648,374.3,459.0,11.12,0,1.165,80,93.2
2898,5,1,17,49.41,65.1,4.648,139.6,245.0,9.54,0,1.1505,80,92.04
2899,5,1,18,46.85,58.6,4.648,52.4,84.0,11.83,0,1.118,80,89.44000000000001
2900,5,1,19,46.65,56.3,4.648,0.0,0.0,10.24,0,1.1065,80,88.52000000000001
2901,5,1,20,41.39,55.2,4.648,0.0,0.0,8.19,0,1.1010000000000002,80,88.08000000000001
2902,5,1,21,32.5,54.0,4.648,0.0,0.0,8.98,0,1.1,80,88.0
2903,5,1,22,27.81,52.5,4.648,0.0,0.0,7.73,0,1.1,80,88.0
2904,5,1,23,28.8,51.8,4.648,0.0,0.0,6.54,0,1.1,80,88.0
2905,5,2,0,26.59,51.3,4.648,0.0,0.0,3.85,1,1.1,100,110.00000000000001
2906,5,2,1,24.79,50.9,4.648,0.0,0.0,4.17,1,1.1,100,110.00000000000001
2907,5,2,2,24.71,50.5,4.648,0.0,0.0,4.33,1,1.1,100,110.00000000000001
2908,5,2,3,25.8,50.4,4.648,0.0,0.0,3.33,1,1.1,100,110.00000000000001
2909,5,2,4,29.77,50.4,4.648,0.0,0.0,2.81,1,1.1,100,110.00000000000001
2910,5,2,5,28.29,50.4,4.648,14.4,18.0,3.6,1,1.1,100,110.00000000000001
2911,5,2,6,40.92,51.8,4.648,23.2,26.0,4.17,1,1.1,100,110.00000000000001
2912,5,2,7,42.11,54.3,4.648,45.6,51.0,6.13,1,1.1,100,110.00000000000001
2913,5,2,8,46.12,56.8,4.648,19.7,22.0,7.6,0,1.109,80,88.72
2914,5,2,9,38.78,60.1,4.648,81.3,91.0,8.29,0,1.1255000000000002,80,90.04000000000002
2915,5,2,10,30.4,66.9,4.648,484.3,498.0,6.28,0,1.1595000000000002,80,92.76000000000002
2916,5,2,11,28.92,72.5,4.648,715.3,706.0,6.17,0,1.1875,80,95.0
2917,5,2,12,30.27,75.2,4.648,887.7,814.0,4.57,0,1.201,80,96.08000000000001
2918,5,2,13,28.88,76.3,4.648,926.2,856.0,2.05,0,1.2065000000000001,80,96.52000000000001
2919,5,2,14,36.32,75.9,4.648,792.9,761.0,2.78,0,1.2045000000000001,80,96.36000000000001
2920,5,2,15,40.3,75.0,4.648,188.4,210.0,3.54,0,1.2000000000000002,80,96.00000000000001
2921,5,2,16,46.35,73.8,4.648,367.5,454.0,3.33,0,1.1940000000000002,80,95.52000000000001
2922,5,2,17,52.82,71.2,4.648,107.8,268.0,5.38,0,1.181,80,94.48
2923,5,2,18,51.85,66.7,4.648,41.6,48.0,6.55,0,1.1585,80,92.68
2924,5,2,19,54.81,64.0,4.648,0.0,0.0,5.61,0,1.145,80,91.6
2925,5,2,20,48.22,63.0,4.648,0.0,0.0,5.44,0,1.1400000000000001,80,91.20000000000002
2926,5,2,21,53.32,61.9,4.648,0.0,0.0,4.87,0,1.1345,80,90.76
2927,5,2,22,37.23,60.6,4.648,0.0,0.0,5.02,0,1.1280000000000001,80,90.24000000000001
2928,5,2,23,45.81,59.7,4.648,0.0,0.0,4.46,0,1.1235000000000002,80,89.88000000000001
2929,5,3,0,35.69,58.8,4.648,0.0,0.0,2.45,0,1.119,80,89.52
2930,5,3,1,35.13,58.1,4.648,0.0,0.0,3.42,0,1.1155000000000002,80,89.24000000000001
2931,5,3,2,32.55,57.2,4.648,0.0,0.0,2.86,1,1.1110000000000002,100,111.10000000000002
2932,5,3,3,33.04,56.8,4.648,0.0,0.0,2.86,1,1.109,100,110.9
2933,5,3,4,33.01,56.3,4.648,0.0,0.0,4.73,1,1.1065,100,110.65
2934,5,3,5,34.94,58.5,4.648,16.2,22.0,3.42,1,1.1175000000000002,100,111.75000000000001
2935,5,3,6,33.21,63.5,4.648,73.3,82.0,1.45,1,1.1425,100,114.25
2936,5,3,7,38.7,66.9,4.648,220.5,244.0,1.58,1,1.1595000000000002,100,115.95000000000002
2937,5,3,8,33.79,70.3,4.648,103.7,116.0,2.75,1,1.1765,100,117.65
2938,5,3,9,33.06,72.1,4.648,715.7,680.0,3.69,1,1.1855,100,118.55
2939,5,3,10,33.28,73.0,4.648,453.2,476.0,3.04,0,1.1900000000000002,80,95.20000000000002
2940,5,3,11,37.05,72.1,4.648,797.2,743.0,3.91,0,1.1855,80,94.84
2941,5,3,12,35.52,70.5,4.648,955.3,875.0,4.0,0,1.1775,80,94.2
2942,5,3,13,43.33,69.8,4.648,114.4,128.0,7.64,0,1.1740000000000002,80,93.92000000000002
2943,5,3,14,46.0,69.3,4.648,22.3,25.0,4.8,0,1.1715,80,93.72
2944,5,3,15,55.33,68.0,4.648,26.8,30.0,1.62,0,1.165,80,93.2
2945,5,3,16,55.92,65.8,4.648,8.9,10.0,6.36,0,1.1540000000000001,80,92.32000000000001
2946,5,3,17,60.11,63.0,4.648,128.3,246.0,6.12,0,1.1400000000000001,80,91.20000000000002
2947,5,3,18,57.59,59.7,4.648,67.3,81.0,6.58,0,1.1235000000000002,80,89.88000000000001
2948,5,3,19,55.49,57.6,4.648,0.0,0.0,8.27,0,1.113,80,89.03999999999999
2949,5,3,20,52.0,56.1,4.648,0.0,0.0,8.72,0,1.1055000000000001,80,88.44000000000001
2950,5,3,21,45.6,54.7,4.648,0.0,0.0,9.39,0,1.1,80,88.0
2951,5,3,22,45.34,53.8,4.648,0.0,0.0,7.96,0,1.1,80,88.0
2952,5,3,23,34.08,53.4,4.648,0.0,0.0,7.7,0,1.1,80,88.0
2953,5,4,0,33.56,53.4,4.648,0.0,0.0,7.87,0,1.1,80,88.0
2954,5,4,1,31.78,54.3,4.648,0.0,0.0,8.03,1,1.1,100,110.00000000000001
2955,5,4,2,33.33,54.3,4.648,0.0,0.0,7.38,1,1.1,100,110.00000000000001
2956,5,4,3,30.93,54.5,4.648,0.0,0.0,5.98,1,1.1,100,110.00000000000001
2957,5,4,4,31.02,54.1,4.648,0.0,0.0,7.11,1,1.1,100,110.00000000000001
2958,5,4,5,30.76,54.3,4.648,14.4,17.0,6.46,1,1.1,100,110.00000000000001
2959,5,4,6,32.69,56.1,4.648,83.8,94.0,6.1,1,1.1055000000000001,100,110.55000000000001
2960,5,4,7,35.16,59.2,4.648,119.5,133.0,5.19,1,1.121,100,112.1
2961,5,4,8,33.06,62.8,4.648,194.6,215.0,3.88,1,1.139,100,113.9
2962,5,4,9,41.53,65.8,4.648,198.3,220.0,4.57,0,1.1540000000000001,80,92.32000000000001
2963,5,4,10,40.23,68.4,4.648,275.3,304.0,4.65,0,1.167,80,93.36
2964,5,4,11,40.09,69.6,4.648,245.1,272.0,5.17,0,1.173,80,93.84
2965,5,4,12,41.47,70.9,4.648,106.4,119.0,4.44,0,1.1795000000000002,80,94.36000000000001
2966,5,4,13,40.87,71.2,4.648,81.3,91.0,4.9,0,1.181,80,94.48
2967,5,4,14,43.65,70.2,4.648,421.3,450.0,5.11,0,1.1760000000000002,80,94.08000000000001
2968,5,4,15,46.6,68.4,4.648,67.0,75.0,5.11,0,1.167,80,93.36
2969,5,4,16,51.81,66.2,4.648,21.4,24.0,4.59,0,1.1560000000000001,80,92.48000000000002
2970,5,4,17,54.58,64.0,4.648,19.7,22.0,5.16,0,1.145,80,91.6
2971,5,4,18,53.93,62.2,4.648,64.1,77.0,5.1,0,1.1360000000000001,80,90.88000000000001
2972,5,4,19,55.61,61.0,4.648,0.0,0.0,4.98,0,1.1300000000000001,80,90.4
2973,5,4,20,43.4,60.3,4.648,0.0,0.0,5.34,0,1.1265,80,90.12
2974,5,4,21,42.42,59.4,4.648,0.0,0.0,3.69,0,1.122,80,89.76
2975,5,4,22,31.85,58.6,4.648,0.0,0.0,3.67,0,1.118,80,89.44000000000001
2976,5,4,23,37.96,57.6,4.648,0.0,0.0,3.95,0,1.113,80,89.03999999999999
2977,5,5,0,35.64,56.5,4.648,0.0,0.0,4.56,1,1.1075000000000002,100,110.75000000000001
2978,5,5,1,35.67,55.4,4.648,0.0,0.0,6.22,1,1.102,100,110.2
2979,5,5,2,30.35,54.7,4.648,0.0,0.0,5.51,1,1.1,100,110.00000000000001
2980,5,5,3,35.38,54.1,4.648,0.0,0.0,5.25,1,1.1,100,110.00000000000001
2981,5,5,4,37.28,54.0,4.648,0.0,0.0,4.18,1,1.1,100,110.00000000000001
2982,5,5,5,41.11,54.0,4.648,20.6,23.0,3.04,1,1.1,100,110.00000000000001
2983,5,5,6,44.9,54.7,4.648,28.6,32.0,3.01,1,1.1,100,110.00000000000001
2984,5,5,7,48.18,55.8,4.648,39.3,44.0,2.23,1,1.104,100,110.4
2985,5,5,8,53.78,56.8,4.648,91.2,102.0,5.03,0,1.109,80,88.72
2986,5,5,9,65.41,57.6,4.648,215.4,238.0,4.41,0,1.113,80,89.03999999999999
2987,5,5,10,49.39,58.1,4.648,134.1,150.0,4.03,0,1.1155000000000002,80,89.24000000000001
2988,5,5,11,50.33,58.5,4.648,150.0,167.0,4.75,0,1.1175000000000002,80,89.4
2989,5,5,12,47.51,59.0,4.648,194.8,217.0,3.93,0,1.12,80,89.60000000000001
2990,5,5,13,43.64,59.2,4.648,129.6,145.0,3.56,0,1.121,80,89.68
2991,5,5,14,49.23,58.8,4.648,49.2,55.0,3.32,0,1.119,80,89.52
2992,5,5,15,53.34,57.9,4.648,116.7,130.0,3.72,0,1.1145,80,89.16
2993,5,5,16,52.14,56.7,4.648,91.2,102.0,3.81,0,1.1085,80,88.68
2994,5,5,17,47.16,55.4,4.648,42.0,47.0,4.41,0,1.102,80,88.16000000000001
2995,5,5,18,54.47,54.0,4.648,58.3,94.0,3.88,0,1.1,80,88.0
2996,5,5,19,53.05,52.7,4.648,0.0,0.0,5.88,0,1.1,80,88.0
2997,5,5,20,43.43,51.6,4.648,0.0,0.0,6.55,0,1.1,80,88.0
2998,5,5,21,39.66,50.9,4.648,0.0,0.0,6.38,0,1.1,80,88.0
2999,5,5,22,32.96,50.5,4.648,0.0,0.0,7.64,0,1.1,80,88.0
3000,5,5,23,35.9,50.4,4.648,0.0,0.0,8.13,0,1.1,80,88.0
3001,5,6,0,33.21,50.5,4.648,0.0,0.0,7.57,1,1.1,100,110.00000000000001
3002,5,6,1,31.67,50.5,4.648,0.0,0.0,8.15,1,1.1,100,110.00000000000001
3003,5,6,2,29.45,50.7,4.648,0.0,0.0,8.2,1,1.1,100,110.00000000000001
3004,5,6,3,29.79,51.1,4.648,0.0,0.0,8.21,1,1.1,100,110.00000000000001
3005,5,6,4,31.93,51.3,4.648,0.0,0.0,8.13,1,1.1,100,110.00000000000001
3006,5,6,5,35.78,51.6,4.648,23.4,27.0,8.66,1,1.1,100,110.00000000000001
3007,5,6,6,45.76,52.5,4.648,5.4,6.0,8.99,1,1.1,100,110.00000000000001
3008,5,6,7,45.37,54.5,4.648,9.8,11.0,10.21,1,1.1,100,110.00000000000001
3009,5,6,8,50.24,57.4,4.648,21.4,24.0,9.34,0,1.112,80,88.96000000000001
3010,5,6,9,52.67,60.6,4.648,166.5,185.0,8.65,0,1.1280000000000001,80,90.24000000000001
3011,5,6,10,45.41,63.7,4.648,215.4,239.0,9.19,0,1.1435000000000002,80,91.48000000000002
3012,5,6,11,47.69,66.7,4.648,344.8,378.0,8.48,0,1.1585,80,92.68
3013,5,6,12,46.17,68.4,4.648,212.7,237.0,8.81,0,1.167,80,93.36
3014,5,6,13,44.43,68.0,4.648,41.1,46.0,8.4,0,1.165,80,93.2
3015,5,6,14,48.15,66.9,4.648,279.8,308.0,7.4,0,1.1595000000000002,80,92.76000000000002
3016,5,6,15,52.4,65.8,4.648,118.9,133.0,7.89,0,1.1540000000000001,80,92.32000000000001
3017,5,6,16,46.91,64.9,4.648,83.4,93.0,7.89,0,1.1495000000000002,80,91.96000000000001
3018,5,6,17,56.86,64.2,4.648,85.5,96.0,8.33,0,1.1460000000000001,80,91.68
3019,5,6,18,55.83,63.0,4.648,65.9,77.0,8.01,0,1.1400000000000001,80,91.20000000000002
3020,5,6,19,56.6,61.7,4.648,0.0,0.0,9.21,0,1.1335000000000002,80,90.68
3021,5,6,20,47.54,61.2,4.648,0.0,0.0,8.54,0,1.131,80,90.48
3022,5,6,21,42.6,60.3,4.648,0.0,0.0,9.82,0,1.1265,80,90.12
3023,5,6,22,32.66,59.4,4.648,0.0,0.0,9.64,0,1.122,80,89.76
3024,5,6,23,34.98,58.5,4.648,0.0,0.0,9.34,0,1.1175000000000002,80,89.4
3025,5,7,0,31.02,57.6,4.648,0.0,0.0,10.14,0,1.113,80,89.03999999999999
3026,5,7,1,29.09,56.8,4.648,0.0,0.0,10.27,0,1.109,80,88.72
3027,5,7,2,29.79,56.1,4.648,0.0,0.0,9.6,0,1.1055000000000001,80,88.44000000000001
3028,5,7,3,30.34,55.2,4.648,0.0,0.0,9.93,0,1.1010000000000002,80,88.08000000000001
3029,5,7,4,35.04,53.8,4.648,0.0,0.0,10.36,0,1.1,80,88.0
3030,5,7,5,39.92,54.7,4.648,18.5,33.0,10.81,0,1.1,80,88.0
3031,5,7,6,47.62,56.8,4.648,5.4,6.0,10.16,0,1.109,80,88.72
3032,5,7,7,44.52,60.3,4.648,91.2,102.0,8.52,0,1.1265,80,90.12
3033,5,7,8,33.89,63.7,4.648,554.5,566.0,8.54,1,1.1435000000000002,100,114.35000000000002
3034,5,7,9,34.56,65.8,4.648,755.5,726.0,6.08,1,1.1540000000000001,100,115.40000000000002
3035,5,7,10,33.96,67.5,4.648,907.2,846.0,6.19,1,1.1625,100,116.25000000000001
3036,5,7,11,31.94,68.4,4.648,57.2,64.0,6.85,1,1.167,100,116.7
3037,5,7,12,35.54,68.2,4.648,58.1,65.0,7.37,1,1.1660000000000001,100,116.60000000000001
3038,5,7,13,33.18,66.7,4.648,131.4,147.0,7.68,1,1.1585,100,115.85000000000001
3039,5,7,14,31.8,66.0,4.648,40.2,45.0,7.6,1,1.155,100,115.5
3040,5,7,15,42.04,65.5,4.648,129.6,145.0,8.35,1,1.1525,100,115.25000000000001
3041,5,7,16,45.27,64.4,4.648,232.0,260.0,8.47,0,1.147,80,91.76
3042,5,7,17,54.94,63.0,4.648,150.5,172.0,8.48,0,1.1400000000000001,80,91.20000000000002
3043,5,7,18,47.64,59.7,4.648,56.3,63.0,8.5,0,1.1235000000000002,80,89.88000000000001
3044,5,7,19,59.67,55.0,4.648,0.0,0.0,8.87,0,1.1,80,88.0
3045,5,7,20,50.48,53.4,4.648,0.0,0.0,8.36,0,1.1,80,88.0
3046,5,7,21,42.63,52.7,4.648,0.0,0.0,10.25,0,1.1,80,88.0
3047,5,7,22,37.2,52.5,4.648,0.0,0.0,11.25,0,1.1,80,88.0
3048,5,7,23,37.32,52.5,4.648,0.0,0.0,8.0,0,1.1,80,88.0
3049,5,8,0,35.04,52.3,4.648,0.0,0.0,7.81,0,1.1,80,88.0
3050,5,8,1,31.5,51.6,4.648,0.0,0.0,7.43,0,1.1,80,88.0
3051,5,8,2,29.86,50.9,4.648,0.0,0.0,8.03,0,1.1,80,88.0
3052,5,8,3,30.13,50.9,4.648,0.0,0.0,8.88,0,1.1,80,88.0
3053,5,8,4,33.51,50.7,4.648,0.0,0.0,11.34,0,1.1,80,88.0
3054,5,8,5,39.83,52.3,4.648,19.3,35.0,10.69,0,1.1,80,88.0
3055,5,8,6,42.12,54.9,4.648,93.9,105.0,9.65,0,1.1,80,88.0
3056,5,8,7,37.26,59.4,4.648,231.2,257.0,7.9,1,1.122,100,112.20000000000002
3057,5,8,8,32.72,64.2,4.648,403.8,425.0,10.27,1,1.1460000000000001,100,114.60000000000001
3058,5,8,9,32.89,67.5,4.648,699.5,680.0,9.73,1,1.1625,100,116.25000000000001
3059,5,8,10,32.72,68.7,4.648,643.2,651.0,9.28,1,1.1685,100,116.85000000000001
3060,5,8,11,31.65,69.1,4.648,633.2,648.0,9.81,1,1.1705,100,117.05000000000001
3061,5,8,12,30.86,68.9,4.648,503.9,532.0,10.71,1,1.1695000000000002,100,116.95000000000002
3062,5,8,13,31.55,68.7,4.648,237.7,266.0,10.53,1,1.1685,100,116.85000000000001
3063,5,8,14,32.61,68.0,4.648,553.1,580.0,10.98,1,1.165,100,116.5
3064,5,8,15,42.65,66.0,4.648,183.3,204.0,10.35,0,1.155,80,92.4
3065,5,8,16,44.97,63.3,4.648,74.2,83.0,10.09,0,1.1415000000000002,80,91.32000000000002
3066,5,8,17,52.62,61.0,4.648,94.7,107.0,9.2,0,1.1300000000000001,80,90.4
3067,5,8,18,53.84,58.6,4.648,5.4,6.0,8.77,0,1.118,80,89.44000000000001
3068,5,8,19,57.13,56.5,4.648,0.0,0.0,7.77,0,1.1075000000000002,80,88.60000000000001
3069,5,8,20,47.73,54.9,4.648,0.0,0.0,8.06,0,1.1,80,88.0
3070,5,8,21,44.25,53.2,4.648,0.0,0.0,9.36,0,1.1,80,88.0
3071,5,8,22,34.73,52.2,4.648,0.0,0.0,7.84,0,1.1,80,88.0
3072,5,8,23,29.99,51.6,4.648,0.0,0.0,6.24,0,1.1,80,88.0
3073,5,9,0,31.09,51.3,4.648,0.0,0.0,7.07,1,1.1,100,110.00000000000001
3074,5,9,1,30.27,51.1,4.648,0.0,0.0,7.12,1,1.1,100,110.00000000000001
3075,5,9,2,29.47,51.1,4.648,0.0,0.0,6.48,1,1.1,100,110.00000000000001
3076,5,9,3,29.87,50.9,4.648,0.0,0.0,5.51,1,1.1,100,110.00000000000001
3077,5,9,4,31.36,50.9,4.648,0.0,0.0,5.79,1,1.1,100,110.00000000000001
3078,5,9,5,32.12,51.1,4.648,8.9,10.0,7.37,1,1.1,100,110.00000000000001
3079,5,9,6,37.08,51.8,4.648,9.8,11.0,7.81,1,1.1,100,110.00000000000001
3080,5,9,7,36.14,52.7,4.648,127.6,142.0,6.28,1,1.1,100,110.00000000000001
3081,5,9,8,44.99,53.4,4.648,63.5,71.0,4.84,0,1.1,80,88.0
3082,5,9,9,44.77,54.0,4.648,92.6,103.0,4.57,0,1.1,80,88.0
3083,5,9,10,45.88,54.0,4.648,67.0,75.0,4.85,0,1.1,80,88.0
3084,5,9,11,41.55,54.1,4.648,96.5,108.0,4.48,0,1.1,80,88.0
3085,5,9,12,47.03,54.5,4.648,145.7,163.0,4.1,0,1.1,80,88.0
3086,5,9,13,46.4,54.3,4.648,147.5,165.0,5.7,0,1.1,80,88.0
3087,5,9,14,47.44,53.4,4.648,46.5,52.0,5.94,0,1.1,80,88.0
3088,5,9,15,48.01,51.6,4.648,34.0,38.0,6.98,0,1.1,80,88.0
3089,5,9,16,48.69,49.8,4.648,14.3,16.0,7.92,0,1.1,80,88.0
3090,5,9,17,44.35,48.7,4.648,5.4,6.0,7.29,0,1.1,80,88.0
3091,5,9,18,45.65,47.8,4.648,3.6,4.0,7.09,0,1.1,80,88.0
3092,5,9,19,43.55,47.1,4.648,0.0,0.0,7.52,0,1.1,80,88.0
3093,5,9,20,36.72,46.6,4.648,0.0,0.0,6.62,0,1.1,80,88.0
3094,5,9,21,35.41,46.2,4.648,0.0,0.0,7.85,0,1.1,80,88.0
3095,5,9,22,33.51,46.0,4.648,0.0,0.0,7.64,0,1.1,80,88.0
3096,5,9,23,36.05,46.0,4.648,0.0,0.0,4.8,0,1.1,80,88.0
3097,5,10,0,34.31,46.0,4.648,0.0,0.0,3.7,1,1.1,100,110.00000000000001
3098,5,10,1,32.97,46.0,4.648,0.0,0.0,2.69,1,1.1,100,110.00000000000001
3099,5,10,2,31.91,46.0,4.648,0.0,0.0,4.02,1,1.1,100,110.00000000000001
3100,5,10,3,32.53,46.0,4.648,0.0,0.0,3.65,1,1.1,100,110.00000000000001
3101,5,10,4,34.12,46.2,4.648,0.0,0.0,5.37,1,1.1,100,110.00000000000001
3102,5,10,5,34.24,46.8,4.648,16.1,18.0,7.73,1,1.1,100,110.00000000000001
3103,5,10,6,34.37,47.7,4.648,6.3,7.0,8.39,1,1.1,100,110.00000000000001
3104,5,10,7,45.21,48.7,4.648,47.4,53.0,9.22,1,1.1,100,110.00000000000001
3105,5,10,8,51.84,50.4,4.648,156.7,174.0,8.06,0,1.1,80,88.0
3106,5,10,9,51.81,51.6,4.648,319.2,347.0,8.34,0,1.1,80,88.0
3107,5,10,10,51.62,52.7,4.648,286.6,316.0,8.05,0,1.1,80,88.0
3108,5,10,11,40.7,54.3,4.648,384.3,420.0,8.41,0,1.1,80,88.0
3109,5,10,12,45.2,56.7,4.648,176.1,197.0,9.08,0,1.1085,80,88.68
3110,5,10,13,29.64,58.8,4.648,468.8,501.0,9.25,0,1.119,80,89.52
3111,5,10,14,27.92,60.3,4.648,402.2,433.0,8.96,0,1.1265,80,90.12
3112,5,10,15,36.44,61.7,4.648,162.4,181.0,9.56,0,1.1335000000000002,80,90.68
3113,5,10,16,37.51,62.4,4.648,374.2,495.0,9.49,0,1.137,80,90.96000000000001
3114,5,10,17,43.94,61.2,4.648,96.5,108.0,11.09,0,1.131,80,90.48
3115,5,10,18,47.67,56.3,4.648,12.8,121.0,11.11,0,1.1065,80,88.52000000000001
3116,5,10,19,49.01,52.7,4.648,0.0,0.0,11.66,0,1.1,80,88.0
3117,5,10,20,49.82,52.5,4.648,0.0,0.0,12.99,0,1.1,80,88.0
3118,5,10,21,40.73,51.3,4.648,0.0,0.0,13.43,0,1.1,80,88.0
3119,5,10,22,39.21,49.8,4.648,0.0,0.0,12.43,0,1.1,80,88.0
3120,5,10,23,28.07,48.2,4.648,0.0,0.0,11.5,0,1.1,80,88.0
3121,5,11,0,29.8,47.3,4.648,0.0,0.0,12.77,0,1.1,80,88.0
3122,5,11,1,27.38,47.3,4.648,0.0,0.0,11.47,0,1.1,80,88.0
3123,5,11,2,26.9,46.8,4.648,0.0,0.0,10.58,0,1.1,80,88.0
3124,5,11,3,29.04,46.6,4.648,0.0,0.0,10.08,0,1.1,80,88.0
3125,5,11,4,29.17,46.2,4.648,0.0,0.0,9.41,0,1.1,80,88.0
3126,5,11,5,29.06,47.7,4.648,26.8,30.0,9.95,0,1.1,80,88.0
3127,5,11,6,27.24,50.2,4.648,131.5,208.0,9.52,0,1.1,80,88.0
3128,5,11,7,26.13,53.2,4.648,348.3,411.0,8.92,1,1.1,100,110.00000000000001
3129,5,11,8,20.65,56.1,4.648,584.3,607.0,7.39,1,1.1055000000000001,100,110.55000000000001
3130,5,11,9,23.23,58.6,4.648,798.0,778.0,6.19,1,1.118,100,111.80000000000001
3131,5,11,10,22.53,60.4,4.648,953.2,900.0,7.53,1,1.127,100,112.7
3132,5,11,11,23.03,62.1,4.648,1043.5,973.0,7.57,1,1.1355000000000002,100,113.55000000000001
3133,5,11,12,19.1,63.1,4.648,1051.8,984.0,6.54,1,1.1405,100,114.05000000000001
3134,5,11,13,19.13,63.9,4.648,984.8,940.0,8.22,1,1.1445,100,114.45
3135,5,11,14,23.5,63.7,4.648,846.2,844.0,8.36,1,1.1435000000000002,100,114.35000000000002
3136,5,11,15,27.85,62.8,4.648,643.1,701.0,7.49,0,1.139,80,91.12
3137,5,11,16,25.29,61.3,4.648,390.4,523.0,9.43,0,1.1315000000000002,80,90.52000000000001
3138,5,11,17,51.02,58.6,4.648,103.1,327.0,9.04,0,1.118,80,89.44000000000001
3139,5,11,18,76.01,52.5,4.648,5.3,135.0,8.1,0,1.1,80,88.0
3140,5,11,19,72.27,47.3,4.648,0.0,0.0,6.15,0,1.1,80,88.0
3141,5,11,20,53.27,45.7,4.648,0.0,0.0,9.98,0,1.1,80,88.0
3142,5,11,21,37.94,44.4,4.648,0.0,0.0,9.99,0,1.1,80,88.0
3143,5,11,22,30.52,43.2,4.648,0.0,0.0,9.39,0,1.1,80,88.0
3144,5,11,23,27.07,42.4,4.648,0.0,0.0,7.42,0,1.1,80,88.0
3145,5,12,0,26.34,42.8,4.648,0.0,0.0,6.58,0,1.1,80,88.0
3146,5,12,1,27.13,43.0,4.648,0.0,0.0,5.39,0,1.1,80,88.0
3147,5,12,2,27.16,43.2,4.648,0.0,0.0,5.41,0,1.1,80,88.0
3148,5,12,3,29.89,43.9,4.648,0.0,0.0,5.47,0,1.1,80,88.0
3149,5,12,4,42.04,45.5,4.648,0.0,0.0,6.19,0,1.1,80,88.0
3150,5,12,5,54.16,46.4,4.648,28.6,32.0,10.81,0,1.1,80,88.0
3151,5,12,6,53.35,50.9,4.648,131.9,216.0,11.65,0,1.1,80,88.0
3152,5,12,7,30.39,55.6,4.648,345.1,410.0,7.37,1,1.1030000000000002,100,110.30000000000003
3153,5,12,8,27.01,59.5,4.648,573.1,598.0,6.7,1,1.1225,100,112.25
3154,5,12,9,27.04,62.6,4.648,773.2,757.0,8.12,1,1.1380000000000001,100,113.80000000000001
3155,5,12,10,26.48,65.5,4.648,925.3,877.0,8.29,1,1.1525,100,115.25000000000001
3156,5,12,11,25.56,68.2,4.648,1007.4,943.0,8.42,1,1.1660000000000001,100,116.60000000000001
3157,5,12,12,26.1,70.0,4.648,1013.4,952.0,9.68,1,1.175,100,117.5
3158,5,12,13,24.02,71.4,4.648,940.3,902.0,9.79,1,1.1820000000000002,100,118.20000000000002
3159,5,12,14,25.08,72.5,4.648,802.0,804.0,10.37,1,1.1875,100,118.75
3160,5,12,15,31.29,72.7,4.648,604.5,662.0,10.62,0,1.1885000000000001,80,95.08000000000001
3161,5,12,16,50.77,72.1,4.648,364.8,488.0,10.61,0,1.1855,80,94.84
3162,5,12,17,63.61,69.6,4.648,103.4,299.0,10.7,0,1.173,80,93.84
3163,5,12,18,62.89,64.2,4.648,17.1,120.0,8.65,0,1.1460000000000001,80,91.68
3164,5,12,19,68.3,60.4,4.648,0.0,0.0,9.6,0,1.127,80,90.16
3165,5,12,20,54.99,59.4,4.648,0.0,0.0,10.86,0,1.122,80,89.76
3166,5,12,21,49.95,59.0,4.648,0.0,0.0,8.62,0,1.12,80,89.60000000000001
3167,5,12,22,33.72,58.5,4.648,0.0,0.0,6.77,0,1.1175000000000002,80,89.4
3168,5,12,23,33.17,57.2,4.648,0.0,0.0,7.84,0,1.1110000000000002,80,88.88000000000002
3169,5,13,0,31.32,55.8,4.648,0.0,0.0,6.44,0,1.104,80,88.32000000000001
3170,5,13,1,30.14,54.1,4.648,0.0,0.0,6.16,0,1.1,80,88.0
3171,5,13,2,29.6,52.7,4.648,0.0,0.0,5.96,0,1.1,80,88.0
3172,5,13,3,33.18,51.6,4.648,0.0,0.0,6.79,0,1.1,80,88.0
3173,5,13,4,43.19,50.9,4.648,0.0,0.0,7.2,0,1.1,80,88.0
3174,5,13,5,49.83,53.8,4.648,31.4,36.0,7.9,0,1.1,80,88.0
3175,5,13,6,46.56,57.2,4.648,127.2,201.0,6.7,0,1.1110000000000002,80,88.88000000000002
3176,5,13,7,34.28,61.3,4.648,327.2,389.0,6.05,1,1.1315000000000002,100,113.15000000000002
3177,5,13,8,30.87,64.4,4.648,530.4,557.0,7.26,1,1.147,100,114.7
3178,5,13,9,29.62,66.9,4.648,687.3,680.0,9.35,1,1.1595000000000002,100,115.95000000000002
3179,5,13,10,28.89,68.9,4.648,826.4,791.0,10.13,1,1.1695000000000002,100,116.95000000000002
3180,5,13,11,29.62,70.7,4.648,892.1,845.0,9.81,1,1.1785,100,117.85000000000001
3181,5,13,12,31.26,71.8,4.648,905.6,859.0,9.52,1,1.1840000000000002,100,118.40000000000002
3182,5,13,13,29.64,72.1,4.648,936.6,902.0,10.9,1,1.1855,100,118.55
3183,5,13,14,32.45,71.6,4.648,803.6,809.0,10.82,1,1.183,100,118.30000000000001
3184,5,13,15,37.34,69.8,4.648,609.7,671.0,10.43,0,1.1740000000000002,80,93.92000000000002
3185,5,13,16,49.07,67.8,4.648,356.0,453.0,11.56,0,1.1640000000000001,80,93.12
3186,5,13,17,50.63,64.8,4.648,104.2,309.0,12.05,0,1.149,80,91.92
3187,5,13,18,54.56,60.8,4.648,16.2,127.0,11.48,0,1.129,80,90.32
3188,5,13,19,53.85,57.4,4.648,0.0,0.0,9.77,0,1.112,80,88.96000000000001
3189,5,13,20,48.57,55.4,4.648,0.0,0.0,10.44,0,1.102,80,88.16000000000001
3190,5,13,21,40.0,53.6,4.648,0.0,0.0,10.48,0,1.1,80,88.0
3191,5,13,22,31.62,52.3,4.648,0.0,0.0,10.52,0,1.1,80,88.0
3192,5,13,23,33.02,51.3,4.648,0.0,0.0,9.53,0,1.1,80,88.0
3193,5,14,0,32.53,50.4,4.648,0.0,0.0,6.21,1,1.1,100,110.00000000000001
3194,5,14,1,30.87,49.8,4.648,0.0,0.0,4.3,1,1.1,100,110.00000000000001
3195,5,14,2,30.24,49.5,4.648,0.0,0.0,4.81,1,1.1,100,110.00000000000001
3196,5,14,3,32.01,49.5,4.648,0.0,0.0,5.19,1,1.1,100,110.00000000000001
3197,5,14,4,32.92,49.6,4.648,0.0,0.0,5.79,1,1.1,100,110.00000000000001
3198,5,14,5,40.52,52.9,4.648,12.5,14.0,5.62,1,1.1,100,110.00000000000001
3199,5,14,6,44.95,57.2,4.648,38.4,43.0,5.62,1,1.1110000000000002,100,111.10000000000002
3200,5,14,7,43.07,62.8,4.648,161.7,180.0,7.74,1,1.139,100,113.9
3201,5,14,8,38.39,66.6,4.648,365.0,393.0,8.04,0,1.1580000000000001,80,92.64000000000001
3202,5,14,9,36.22,69.3,4.648,630.5,634.0,8.24,0,1.1715,80,93.72
3203,5,14,10,35.94,71.2,4.648,711.2,691.0,8.55,0,1.181,80,94.48
3204,5,14,11,36.71,72.7,4.648,309.9,345.0,9.11,0,1.1885000000000001,80,95.08000000000001
3205,5,14,12,36.08,73.6,4.648,295.5,329.0,8.98,0,1.193,80,95.44
3206,5,14,13,34.13,73.9,4.648,693.3,708.0,9.73,0,1.1945000000000001,80,95.56
3207,5,14,14,35.34,73.8,4.648,139.4,156.0,9.78,0,1.1940000000000002,80,95.52000000000001
3208,5,14,15,43.63,72.9,4.648,456.2,501.0,9.9,0,1.1895000000000002,80,95.16000000000003
3209,5,14,16,49.9,71.1,4.648,17.9,20.0,10.08,0,1.1805,80,94.44000000000001
3210,5,14,17,53.54,68.5,4.648,9.8,11.0,9.95,0,1.1675,80,93.4
3211,5,14,18,54.99,64.9,4.648,27.7,31.0,9.11,0,1.1495000000000002,80,91.96000000000001
3212,5,14,19,57.0,62.4,4.648,0.0,0.0,8.02,0,1.137,80,90.96000000000001
3213,5,14,20,46.06,61.5,4.648,0.0,0.0,3.39,0,1.1325,80,90.60000000000001
3214,5,14,21,38.78,60.8,4.648,0.0,0.0,6.13,0,1.129,80,90.32
3215,5,14,22,35.75,60.3,4.648,0.0,0.0,9.29,0,1.1265,80,90.12
3216,5,14,23,31.13,59.7,4.648,0.0,0.0,8.93,0,1.1235000000000002,80,89.88000000000001
3217,5,15,0,30.85,59.2,4.648,0.0,0.0,8.69,1,1.121,100,112.1
3218,5,15,1,29.49,58.8,4.648,0.0,0.0,10.17,1,1.119,100,111.9
3219,5,15,2,29.59,58.5,4.648,0.0,0.0,8.4,1,1.1175000000000002,100,111.75000000000001
3220,5,15,3,28.85,58.1,4.648,0.0,0.0,7.91,1,1.1155000000000002,100,111.55000000000001
3221,5,15,4,31.26,57.9,4.648,0.0,0.0,7.61,1,1.1145,100,111.45
3222,5,15,5,36.6,58.5,4.648,34.1,39.0,7.83,1,1.1175000000000002,100,111.75000000000001
3223,5,15,6,42.84,59.9,4.648,99.0,115.0,7.54,1,1.1245,100,112.45
3224,5,15,7,36.97,61.9,4.648,143.4,160.0,6.69,1,1.1345,100,113.45
3225,5,15,8,43.44,64.8,4.648,214.7,237.0,6.35,0,1.149,80,91.92
3226,5,15,9,35.08,68.0,4.648,443.9,466.0,5.86,0,1.165,80,93.2
3227,5,15,10,34.85,71.1,4.648,391.5,426.0,8.08,0,1.1805,80,94.44000000000001
3228,5,15,11,31.45,73.4,4.648,150.0,167.0,8.38,0,1.1920000000000002,80,95.36000000000001
3229,5,15,12,30.93,75.0,4.648,145.7,163.0,10.57,0,1.2000000000000002,80,96.00000000000001
3230,5,15,13,30.39,75.6,4.648,115.0,128.0,12.02,0,1.203,80,96.24000000000001
3231,5,15,14,30.39,75.0,4.648,360.1,395.0,13.24,0,1.2000000000000002,80,96.00000000000001
3232,5,15,15,44.11,73.8,4.648,417.8,460.0,14.09,0,1.1940000000000002,80,95.52000000000001
3233,5,15,16,48.3,72.1,4.648,352.0,476.0,13.83,0,1.1855,80,94.84
3234,5,15,17,43.08,70.7,4.648,177.7,227.0,13.3,0,1.1785,80,94.28
3235,5,15,18,52.22,67.3,4.648,25.2,121.0,12.78,0,1.1615,80,92.92
3236,5,15,19,58.43,64.0,4.648,0.0,0.0,13.41,0,1.145,80,91.6
3237,5,15,20,49.34,63.1,4.648,0.0,0.0,12.69,0,1.1405,80,91.24000000000001
3238,5,15,21,41.85,62.4,4.648,0.0,0.0,9.88,0,1.137,80,90.96000000000001
3239,5,15,22,32.82,61.9,4.648,0.0,0.0,12.84,0,1.1345,80,90.76
3240,5,15,23,36.04,61.5,4.648,0.0,0.0,12.16,0,1.1325,80,90.60000000000001
3241,5,16,0,32.73,61.2,4.648,0.0,0.0,12.69,1,1.131,100,113.1
3242,5,16,1,31.89,60.6,4.648,0.0,0.0,13.18,1,1.1280000000000001,100,112.80000000000001
3243,5,16,2,31.16,59.9,4.648,0.0,0.0,12.21,1,1.1245,100,112.45
3244,5,16,3,31.76,59.7,4.648,0.0,0.0,12.14,1,1.1235000000000002,100,112.35000000000002
3245,5,16,4,34.56,59.4,4.648,0.0,0.0,12.05,1,1.122,100,112.20000000000002
3246,5,16,5,38.11,61.7,4.648,26.0,47.0,13.26,1,1.1335000000000002,100,113.35000000000002
3247,5,16,6,44.41,64.6,4.648,128.2,201.0,13.04,1,1.1480000000000001,100,114.80000000000001
3248,5,16,7,46.37,68.9,4.648,157.9,176.0,11.21,1,1.1695000000000002,100,116.95000000000002
3249,5,16,8,34.61,75.0,4.648,483.4,515.0,11.43,0,1.2000000000000002,80,96.00000000000001
3250,5,16,9,37.67,78.3,4.648,732.7,729.0,12.06,0,1.2165000000000001,80,97.32000000000001
3251,5,16,10,38.08,80.1,4.648,810.2,782.0,11.98,0,1.2255,80,98.04
3252,5,16,11,35.78,80.4,4.648,728.9,722.0,12.09,0,1.227,80,98.16000000000001
3253,5,16,12,36.77,80.4,4.648,817.1,790.0,11.31,0,1.227,80,98.16000000000001
3254,5,16,13,39.37,79.9,4.648,826.7,811.0,11.48,0,1.2245000000000001,80,97.96000000000001
3255,5,16,14,46.4,79.5,4.648,776.4,791.0,12.1,0,1.2225000000000001,80,97.80000000000001
3256,5,16,15,52.38,78.1,4.648,586.2,654.0,13.11,0,1.2155,80,97.24000000000001
3257,5,16,16,62.21,76.3,4.648,354.1,484.0,13.64,0,1.2065000000000001,80,96.52000000000001
3258,5,16,17,52.2,74.5,4.648,104.3,300.0,13.25,0,1.1975,80,95.8
3259,5,16,18,57.1,71.6,4.648,24.5,125.0,12.05,0,1.183,80,94.64
3260,5,16,19,54.24,68.2,4.648,0.0,0.0,10.47,0,1.1660000000000001,80,93.28000000000002
3261,5,16,20,51.81,67.1,4.648,0.0,0.0,7.46,0,1.1605,80,92.84
3262,5,16,21,45.92,66.4,4.648,0.0,0.0,7.3,0,1.157,80,92.56
3263,5,16,22,38.84,65.3,4.648,0.0,0.0,7.7,0,1.1515,80,92.12
3264,5,16,23,35.16,64.4,4.648,0.0,0.0,9.32,0,1.147,80,91.76
3265,5,17,0,36.32,63.9,4.648,0.0,0.0,8.97,1,1.1445,100,114.45
3266,5,17,1,31.61,63.3,4.648,0.0,0.0,9.35,1,1.1415000000000002,100,114.15000000000002
3267,5,17,2,30.3,62.8,4.648,0.0,0.0,9.31,1,1.139,100,113.9
3268,5,17,3,30.34,62.8,4.648,0.0,0.0,9.12,1,1.139,100,113.9
3269,5,17,4,30.74,62.6,4.648,0.0,0.0,9.62,1,1.1380000000000001,100,113.80000000000001
3270,5,17,5,30.71,63.1,4.648,33.1,37.0,10.45,1,1.1405,100,114.05000000000001
3271,5,17,6,29.76,65.5,4.648,79.5,89.0,9.99,1,1.1525,100,115.25000000000001
3272,5,17,7,30.38,68.5,4.648,124.8,139.0,10.63,1,1.1675,100,116.75
3273,5,17,8,36.51,71.1,4.648,166.7,185.0,10.39,0,1.1805,80,94.44000000000001
3274,5,17,9,32.26,73.0,4.648,237.8,263.0,11.57,0,1.1900000000000002,80,95.20000000000002
3275,5,17,10,30.2,75.0,4.648,194.3,216.0,12.25,0,1.2000000000000002,80,96.00000000000001
3276,5,17,11,35.12,77.0,4.648,167.0,186.0,11.2,0,1.2100000000000002,80,96.80000000000001
3277,5,17,12,32.59,78.3,4.648,405.7,445.0,11.72,0,1.2165000000000001,80,97.32000000000001
3278,5,17,13,38.08,78.6,4.648,614.7,642.0,12.25,0,1.218,80,97.44
3279,5,17,14,39.34,77.7,4.648,774.6,792.0,11.68,0,1.2135,80,97.08
3280,5,17,15,48.8,75.6,4.648,582.1,652.0,11.86,0,1.203,80,96.24000000000001
3281,5,17,16,49.09,73.4,4.648,295.5,340.0,12.15,0,1.1920000000000002,80,95.36000000000001
3282,5,17,17,53.09,71.8,4.648,10.7,12.0,11.1,0,1.1840000000000002,80,94.72000000000001
3283,5,17,18,53.39,70.2,4.648,2.7,3.0,10.48,0,1.1760000000000002,80,94.08000000000001
3284,5,17,19,54.23,68.9,4.648,0.0,0.0,9.3,0,1.1695000000000002,80,93.56000000000002
3285,5,17,20,47.39,67.5,4.648,0.0,0.0,8.87,0,1.1625,80,93.0
3286,5,17,21,43.3,65.3,4.648,0.0,0.0,6.71,0,1.1515,80,92.12
3287,5,17,22,38.22,61.7,4.648,0.0,0.0,5.39,0,1.1335000000000002,80,90.68
3288,5,17,23,29.89,57.9,4.648,0.0,0.0,3.75,0,1.1145,80,89.16
3289,5,18,0,28.5,55.9,4.648,0.0,0.0,3.95,0,1.1045,80,88.36
3290,5,18,1,26.38,54.7,4.648,0.0,0.0,4.84,0,1.1,80,88.0
3291,5,18,2,28.45,53.6,4.648,0.0,0.0,4.62,0,1.1,80,88.0
3292,5,18,3,28.81,52.7,4.648,0.0,0.0,5.1,0,1.1,80,88.0
3293,5,18,4,28.7,52.2,4.648,0.0,0.0,5.44,0,1.1,80,88.0
3294,5,18,5,27.6,53.2,4.648,24.5,56.0,6.53,1,1.1,100,110.00000000000001
3295,5,18,6,25.89,55.8,4.648,7.1,8.0,6.62,1,1.104,100,110.4
3296,5,18,7,24.41,58.6,4.648,134.5,150.0,5.65,1,1.118,100,111.80000000000001
3297,5,18,8,21.51,61.0,4.648,408.2,443.0,5.41,1,1.1300000000000001,100,113.00000000000001
3298,5,18,9,24.99,62.2,4.648,190.4,213.0,4.28,1,1.1360000000000001,100,113.60000000000001
3299,5,18,10,26.62,62.8,4.648,246.6,275.0,3.39,1,1.139,100,113.9
3300,5,18,11,27.93,63.3,4.648,452.0,488.0,2.92,1,1.1415000000000002,100,114.15000000000002
3301,5,18,12,28.35,62.4,4.648,272.1,302.0,3.82,1,1.137,100,113.7
3302,5,18,13,27.94,61.5,4.648,305.8,338.0,3.95,0,1.1325,80,90.60000000000001
3303,5,18,14,27.99,61.0,4.648,163.6,182.0,3.79,0,1.1300000000000001,80,90.4
3304,5,18,15,27.62,60.1,4.648,28.6,32.0,4.48,0,1.1255000000000002,80,90.04000000000002
3305,5,18,16,31.34,59.0,4.648,152.8,171.0,4.65,0,1.12,80,89.60000000000001
3306,5,18,17,46.95,58.3,4.648,68.8,77.0,4.88,0,1.1165,80,89.32000000000001
3307,5,18,18,44.69,57.2,4.648,69.6,79.0,5.6,0,1.1110000000000002,80,88.88000000000002
3308,5,18,19,46.06,56.1,4.648,0.0,5.0,5.68,0,1.1055000000000001,80,88.44000000000001
3309,5,18,20,38.02,55.0,4.648,0.0,0.0,5.98,0,1.1,80,88.0
3310,5,18,21,29.26,53.2,4.648,0.0,0.0,5.65,0,1.1,80,88.0
3311,5,18,22,25.52,51.3,4.648,0.0,0.0,7.32,0,1.1,80,88.0
3312,5,18,23,24.71,49.3,4.648,0.0,0.0,8.32,0,1.1,80,88.0
3313,5,19,0,22.87,47.8,4.648,0.0,0.0,8.17,0,1.1,80,88.0
3314,5,19,1,23.71,46.9,4.648,0.0,0.0,7.59,0,1.1,80,88.0
3315,5,19,2,23.32,46.4,4.648,0.0,0.0,7.95,0,1.1,80,88.0
3316,5,19,3,22.51,46.0,4.648,0.0,0.0,6.5,0,1.1,80,88.0
3317,5,19,4,26.82,45.7,4.648,0.0,0.0,6.59,0,1.1,80,88.0
3318,5,19,5,32.09,46.2,4.648,23.5,59.0,7.24,0,1.1,80,88.0
3319,5,19,6,35.27,47.3,4.648,92.0,103.0,8.13,0,1.1,80,88.0
3320,5,19,7,24.91,48.7,4.648,273.0,309.0,8.42,0,1.1,80,88.0
3321,5,19,8,23.62,51.1,4.648,310.6,341.0,8.85,1,1.1,100,110.00000000000001
3322,5,19,9,25.59,53.8,4.648,357.1,390.0,9.13,1,1.1,100,110.00000000000001
3323,5,19,10,25.58,56.1,4.648,632.2,655.0,9.15,1,1.1055000000000001,100,110.55000000000001
3324,5,19,11,25.2,57.2,4.648,411.3,451.0,9.28,1,1.1110000000000002,100,111.10000000000002
3325,5,19,12,27.12,57.6,4.648,433.2,473.0,9.79,1,1.113,100,111.3
3326,5,19,13,23.77,57.0,4.648,350.3,389.0,10.63,1,1.11,100,111.00000000000001
3327,5,19,14,24.65,55.9,4.648,264.5,295.0,11.1,1,1.1045,100,110.45
3328,5,19,15,24.25,54.3,4.648,359.0,397.0,10.71,1,1.1,100,110.00000000000001
3329,5,19,16,34.89,52.3,4.648,171.9,192.0,10.39,0,1.1,80,88.0
3330,5,19,17,44.21,50.4,4.648,115.3,129.0,10.25,0,1.1,80,88.0
3331,5,19,18,44.69,48.2,4.648,8.9,10.0,9.27,0,1.1,80,88.0
3332,5,19,19,47.07,46.2,4.648,0.0,6.0,8.81,0,1.1,80,88.0
3333,5,19,20,40.78,45.1,4.648,0.0,0.0,9.83,0,1.1,80,88.0
3334,5,19,21,32.65,44.2,4.648,0.0,0.0,9.55,0,1.1,80,88.0
3335,5,19,22,26.53,43.9,4.648,0.0,0.0,8.96,0,1.1,80,88.0
3336,5,19,23,25.86,43.9,4.648,0.0,0.0,9.28,0,1.1,80,88.0
3337,5,20,0,23.84,43.7,4.648,0.0,0.0,8.55,0,1.1,80,88.0
3338,5,20,1,23.01,43.5,4.648,0.0,0.0,8.0,0,1.1,80,88.0
3339,5,20,2,22.08,43.3,4.648,0.0,0.0,7.2,0,1.1,80,88.0
3340,5,20,3,24.04,43.2,4.648,0.0,0.0,6.01,0,1.1,80,88.0
3341,5,20,4,25.22,43.0,4.648,0.0,0.0,4.95,0,1.1,80,88.0
3342,5,20,5,30.18,43.5,4.648,36.6,41.0,5.02,0,1.1,80,88.0
3343,5,20,6,27.57,45.3,4.648,144.5,184.0,5.55,0,1.1,80,88.0
3344,5,20,7,29.52,48.0,4.648,258.9,292.0,6.87,0,1.1,80,88.0
3345,5,20,8,25.01,51.4,4.648,417.0,453.0,6.9,1,1.1,100,110.00000000000001
3346,5,20,9,24.1,54.5,4.648,423.8,456.0,7.09,1,1.1,100,110.00000000000001
3347,5,20,10,23.79,56.3,4.648,609.5,635.0,7.23,1,1.1065,100,110.65
3348,5,20,11,23.17,57.4,4.648,418.6,458.0,7.5,1,1.112,100,111.20000000000002
3349,5,20,12,22.85,57.9,4.648,349.7,389.0,6.58,1,1.1145,100,111.45
3350,5,20,13,23.94,57.9,4.648,500.1,535.0,7.28,1,1.1145,100,111.45
3351,5,20,14,23.02,57.7,4.648,326.3,362.0,7.78,1,1.1135000000000002,100,111.35000000000002
3352,5,20,15,25.12,57.4,4.648,210.9,236.0,7.59,1,1.112,100,111.20000000000002
3353,5,20,16,28.89,56.5,4.648,112.6,126.0,6.16,0,1.1075000000000002,80,88.60000000000001
3354,5,20,17,30.63,55.4,4.648,24.1,27.0,6.42,0,1.102,80,88.16000000000001
3355,5,20,18,42.62,53.4,4.648,7.1,8.0,3.75,0,1.1,80,88.0
3356,5,20,19,41.38,50.9,4.648,0.0,8.0,6.4,0,1.1,80,88.0
3357,5,20,20,38.87,50.2,4.648,0.0,0.0,8.46,0,1.1,80,88.0
3358,5,20,21,31.81,49.3,4.648,0.0,0.0,8.1,0,1.1,80,88.0
3359,5,20,22,28.79,48.4,4.648,0.0,0.0,7.16,0,1.1,80,88.0
3360,5,20,23,29.27,47.8,4.648,0.0,0.0,8.28,0,1.1,80,88.0
3361,5,21,0,26.18,47.7,4.648,0.0,0.0,13.76,0,1.1,80,88.0
3362,5,21,1,25.76,47.1,4.648,0.0,0.0,13.53,0,1.1,80,88.0
3363,5,21,2,23.98,46.8,4.648,0.0,0.0,14.78,0,1.1,80,88.0
3364,5,21,3,24.34,46.2,4.648,0.0,0.0,13.93,0,1.1,80,88.0
3365,5,21,4,27.49,45.7,4.648,0.0,0.0,15.1,0,1.1,80,88.0
3366,5,21,5,33.24,47.3,4.648,42.2,48.0,15.25,0,1.1,80,88.0
3367,5,21,6,39.34,48.6,4.648,7.1,8.0,16.65,0,1.1,80,88.0
3368,5,21,7,29.95,50.2,4.648,223.2,251.0,14.77,0,1.1,80,88.0
3369,5,21,8,28.25,52.0,4.648,216.0,239.0,12.1,1,1.1,100,110.00000000000001
3370,5,21,9,29.02,53.6,4.648,244.8,271.0,11.75,1,1.1,100,110.00000000000001
3371,5,21,10,28.35,54.3,4.648,293.6,325.0,12.95,1,1.1,100,110.00000000000001
3372,5,21,11,25.39,54.9,4.648,226.1,252.0,11.71,1,1.1,100,110.00000000000001
3373,5,21,12,26.65,54.3,4.648,311.3,345.0,11.47,1,1.1,100,110.00000000000001
3374,5,21,13,26.49,53.4,4.648,220.8,247.0,11.42,1,1.1,100,110.00000000000001
3375,5,21,14,25.87,52.2,4.648,67.0,75.0,9.87,1,1.1,100,110.00000000000001
3376,5,21,15,26.66,50.7,4.648,186.5,208.0,9.31,1,1.1,100,110.00000000000001
3377,5,21,16,32.73,49.3,4.648,111.0,124.0,8.85,0,1.1,80,88.0
3378,5,21,17,39.73,48.0,4.648,47.4,53.0,8.84,0,1.1,80,88.0
3379,5,21,18,42.34,46.8,4.648,2.7,3.0,7.88,0,1.1,80,88.0
3380,5,21,19,41.51,45.7,4.648,0.0,9.0,6.95,0,1.1,80,88.0
3381,5,21,20,29.38,45.1,4.648,0.0,0.0,5.65,0,1.1,80,88.0
3382,5,21,21,28.52,44.8,4.648,0.0,0.0,6.42,0,1.1,80,88.0
3383,5,21,22,26.48,44.6,4.648,0.0,0.0,6.86,0,1.1,80,88.0
3384,5,21,23,31.92,44.6,4.648,0.0,0.0,7.8,0,1.1,80,88.0
3385,5,22,0,28.65,44.4,4.648,0.0,0.0,6.62,1,1.1,100,110.00000000000001
3386,5,22,1,27.9,44.4,4.648,0.0,0.0,6.53,1,1.1,100,110.00000000000001
3387,5,22,2,26.9,44.2,4.648,0.0,0.0,7.0,1,1.1,100,110.00000000000001
3388,5,22,3,28.53,44.1,4.648,0.0,0.0,6.25,1,1.1,100,110.00000000000001
3389,5,22,4,31.02,43.9,4.648,0.0,0.0,6.07,1,1.1,100,110.00000000000001
3390,5,22,5,35.56,44.1,4.648,37.5,42.0,6.49,1,1.1,100,110.00000000000001
3391,5,22,6,37.72,44.6,4.648,16.1,18.0,5.91,1,1.1,100,110.00000000000001
3392,5,22,7,37.14,45.3,4.648,55.4,62.0,3.6,1,1.1,100,110.00000000000001
3393,5,22,8,37.32,46.4,4.648,91.2,102.0,6.43,0,1.1,80,88.0
3394,5,22,9,39.17,48.4,4.648,135.8,152.0,4.5,0,1.1,80,88.0
3395,5,22,10,39.59,50.7,4.648,167.0,186.0,2.31,0,1.1,80,88.0
3396,5,22,11,39.16,51.6,4.648,290.1,321.0,2.08,0,1.1,80,88.0
3397,5,22,12,38.49,51.3,4.648,252.0,280.0,2.59,0,1.1,80,88.0
3398,5,22,13,34.66,50.2,4.648,356.7,393.0,0.83,0,1.1,80,88.0
3399,5,22,14,33.09,48.7,4.648,167.8,187.0,1.64,0,1.1,80,88.0
3400,5,22,15,29.93,47.1,4.648,143.5,160.0,1.48,0,1.1,80,88.0
3401,5,22,16,39.48,45.9,4.648,83.1,93.0,1.35,0,1.1,80,88.0
3402,5,22,17,34.34,45.0,4.648,48.3,54.0,3.39,0,1.1,80,88.0
3403,5,22,18,40.01,44.2,4.648,2.7,3.0,3.32,0,1.1,80,88.0
3404,5,22,19,36.99,43.5,4.648,0.0,7.0,1.5,0,1.1,80,88.0
3405,5,22,20,37.39,43.0,4.648,0.0,0.0,3.79,0,1.1,80,88.0
3406,5,22,21,32.1,42.3,4.648,0.0,0.0,4.61,0,1.1,80,88.0
3407,5,22,22,30.12,41.7,4.648,0.0,0.0,3.51,0,1.1,80,88.0
3408,5,22,23,28.6,41.4,4.648,0.0,0.0,2.72,0,1.1,80,88.0
3409,5,23,0,27.37,41.4,4.648,0.0,0.0,3.62,0,1.1,80,88.0
3410,5,23,1,28.25,41.4,4.648,0.0,0.0,4.1,0,1.1,80,88.0
3411,5,23,2,27.38,41.5,4.648,0.0,0.0,5.01,0,1.1,80,88.0
3412,5,23,3,28.19,41.9,4.648,0.0,0.0,4.7,0,1.1,80,88.0
3413,5,23,4,32.54,42.1,4.648,0.0,0.0,3.69,0,1.1,80,88.0
3414,5,23,5,37.85,42.8,4.648,44.7,53.0,5.08,0,1.1,80,88.0
3415,5,23,6,45.36,44.2,4.648,142.0,186.0,5.25,0,1.1,80,88.0
3416,5,23,7,41.53,46.4,4.648,248.9,284.0,3.97,0,1.1,80,88.0
3417,5,23,8,38.88,49.6,4.648,413.6,450.0,3.85,0,1.1,80,88.0
3418,5,23,9,35.82,53.2,4.648,283.2,315.0,3.7,0,1.1,80,88.0
3419,5,23,10,35.29,55.4,4.648,273.5,305.0,3.9,1,1.102,100,110.2
3420,5,23,11,34.18,55.4,4.648,163.6,183.0,4.3,1,1.102,100,110.2
3421,5,23,12,33.47,55.0,4.648,227.8,254.0,4.05,1,1.1,100,110.00000000000001
3422,5,23,13,30.52,54.3,4.648,364.3,404.0,5.2,1,1.1,100,110.00000000000001
3423,5,23,14,28.63,53.6,4.648,157.0,175.0,5.59,1,1.1,100,110.00000000000001
3424,5,23,15,28.77,52.7,4.648,69.7,78.0,6.16,1,1.1,100,110.00000000000001
3425,5,23,16,31.62,52.0,4.648,164.2,184.0,6.99,1,1.1,100,110.00000000000001
3426,5,23,17,35.34,51.3,4.648,71.1,80.0,7.34,1,1.1,100,110.00000000000001
3427,5,23,18,44.07,50.0,4.648,62.5,75.0,7.6,0,1.1,80,88.0
3428,5,23,19,49.09,48.6,4.648,0.0,16.0,7.45,0,1.1,80,88.0
3429,5,23,20,44.64,48.4,4.648,0.0,0.0,8.7,0,1.1,80,88.0
3430,5,23,21,34.71,48.0,4.648,0.0,0.0,7.91,0,1.1,80,88.0
3431,5,23,22,31.75,47.5,4.648,0.0,0.0,6.28,0,1.1,80,88.0
3432,5,23,23,24.95,47.1,4.648,0.0,0.0,5.15,0,1.1,80,88.0
3433,5,24,0,23.22,46.8,4.648,0.0,0.0,5.63,0,1.1,80,88.0
3434,5,24,1,21.32,46.4,4.648,0.0,0.0,6.4,0,1.1,80,88.0
3435,5,24,2,21.03,46.2,4.648,0.0,0.0,7.63,0,1.1,80,88.0
3436,5,24,3,22.24,46.2,4.648,0.0,0.0,7.81,0,1.1,80,88.0
3437,5,24,4,24.71,46.0,4.648,0.0,0.0,7.9,0,1.1,80,88.0
3438,5,24,5,23.24,46.4,4.648,26.8,64.0,6.3,0,1.1,80,88.0
3439,5,24,6,21.72,47.5,4.648,95.5,108.0,7.59,0,1.1,80,88.0
3440,5,24,7,26.34,48.9,4.648,289.4,340.0,7.16,0,1.1,80,88.0
3441,5,24,8,26.27,51.8,4.648,401.7,438.0,8.34,1,1.1,100,110.00000000000001
3442,5,24,9,22.95,54.7,4.648,250.2,279.0,7.87,1,1.1,100,110.00000000000001
3443,5,24,10,21.73,56.7,4.648,244.0,273.0,6.74,1,1.1085,100,110.85000000000001
3444,5,24,11,22.83,58.3,4.648,150.1,168.0,7.92,1,1.1165,100,111.65
3445,5,24,12,22.32,59.2,4.648,749.7,768.0,7.15,1,1.121,100,112.1
3446,5,24,13,23.01,59.5,4.648,158.2,177.0,8.42,1,1.1225,100,112.25
3447,5,24,14,22.01,59.0,4.648,275.4,305.0,12.66,1,1.12,100,112.00000000000001
3448,5,24,15,22.47,57.6,4.648,311.8,346.0,12.54,1,1.113,100,111.3
3449,5,24,16,31.13,56.3,4.648,126.0,141.0,14.26,0,1.1065,80,88.52000000000001
3450,5,24,17,35.03,55.0,4.648,60.8,68.0,11.33,0,1.1,80,88.0
3451,5,24,18,41.63,53.1,4.648,38.4,43.0,9.43,0,1.1,80,88.0
3452,5,24,19,35.69,50.4,4.648,0.0,12.0,9.39,0,1.1,80,88.0
3453,5,24,20,33.7,48.9,4.648,0.0,0.0,9.75,0,1.1,80,88.0
3454,5,24,21,30.76,47.3,4.648,0.0,0.0,9.52,0,1.1,80,88.0
3455,5,24,22,23.92,46.6,4.648,0.0,0.0,11.06,0,1.1,80,88.0
3456,5,24,23,21.43,46.2,4.648,0.0,0.0,10.31,0,1.1,80,88.0
3457,5,25,0,22.21,46.6,4.648,0.0,0.0,12.1,0,1.1,80,88.0
3458,5,25,1,20.87,46.6,4.648,0.0,0.0,11.66,0,1.1,80,88.0
3459,5,25,2,19.72,46.4,4.648,0.0,0.0,11.59,0,1.1,80,88.0
3460,5,25,3,19.64,46.2,4.648,0.0,0.0,12.21,0,1.1,80,88.0
3461,5,25,4,20.57,46.2,4.648,0.0,0.0,11.32,0,1.1,80,88.0
3462,5,25,5,22.51,47.1,4.648,45.6,55.0,10.72,0,1.1,80,88.0
3463,5,25,6,19.64,49.1,4.648,134.2,240.0,11.0,0,1.1,80,88.0
3464,5,25,7,18.3,52.3,4.648,211.0,236.0,9.57,1,1.1,100,110.00000000000001
3465,5,25,8,16.97,55.8,4.648,271.2,300.0,8.5,1,1.104,100,110.4
3466,5,25,9,17.89,58.6,4.648,174.3,195.0,8.44,1,1.118,100,111.80000000000001
3467,5,25,10,18.68,60.1,4.648,200.2,224.0,8.02,1,1.1255000000000002,100,112.55000000000001
3468,5,25,11,21.68,60.8,4.648,141.2,158.0,8.0,1,1.129,100,112.9
3469,5,25,12,21.83,61.9,4.648,168.9,189.0,8.78,1,1.1345,100,113.45
3470,5,25,13,17.46,62.1,4.648,131.4,147.0,9.37,1,1.1355000000000002,100,113.55000000000001
3471,5,25,14,17.82,61.9,4.648,72.4,81.0,8.32,1,1.1345,100,113.45
3472,5,25,15,20.19,60.8,4.648,101.0,113.0,8.12,0,1.129,80,90.32
3473,5,25,16,21.88,59.7,4.648,100.1,112.0,8.19,0,1.1235000000000002,80,89.88000000000001
3474,5,25,17,25.34,58.5,4.648,104.2,340.0,8.69,0,1.1175000000000002,80,89.4
3475,5,25,18,39.03,55.8,4.648,4.5,5.0,7.52,0,1.104,80,88.32000000000001
3476,5,25,19,44.11,52.9,4.648,0.0,10.0,7.85,0,1.1,80,88.0
3477,5,25,20,36.11,52.2,4.648,0.0,0.0,7.99,0,1.1,80,88.0
3478,5,25,21,29.68,51.1,4.648,0.0,0.0,6.69,0,1.1,80,88.0
3479,5,25,22,25.1,50.5,4.648,0.0,0.0,7.21,0,1.1,80,88.0
3480,5,25,23,26.41,50.2,4.648,0.0,0.0,6.43,0,1.1,80,88.0
3481,5,26,0,21.82,49.6,4.648,0.0,0.0,4.86,0,1.1,80,88.0
3482,5,26,1,22.34,49.1,4.648,0.0,0.0,5.21,0,1.1,80,88.0
3483,5,26,2,18.23,48.7,4.648,0.0,0.0,6.66,0,1.1,80,88.0
3484,5,26,3,20.61,48.0,4.648,0.0,0.0,7.7,0,1.1,80,88.0
3485,5,26,4,26.52,47.7,4.648,0.0,0.0,8.78,0,1.1,80,88.0
3486,5,26,5,25.37,50.2,4.648,40.2,45.0,8.47,0,1.1,80,88.0
3487,5,26,6,21.91,53.8,4.648,139.4,160.0,7.94,0,1.1,80,88.0
3488,5,26,7,17.96,57.7,4.648,271.9,310.0,7.4,1,1.1135000000000002,100,111.35000000000002
3489,5,26,8,14.94,61.2,4.648,563.6,620.0,5.41,1,1.131,100,113.1
3490,5,26,9,15.92,63.9,4.648,759.8,778.0,6.65,1,1.1445,100,114.45
3491,5,26,10,14.92,66.0,4.648,798.3,805.0,7.0,1,1.155,100,115.5
3492,5,26,11,17.59,67.8,4.648,991.1,965.0,8.05,1,1.1640000000000001,100,116.40000000000002
3493,5,26,12,17.28,69.3,4.648,1000.7,978.0,8.51,1,1.1715,100,117.15
3494,5,26,13,16.8,69.8,4.648,935.1,935.0,8.97,1,1.1740000000000002,100,117.40000000000002
3495,5,26,14,17.89,69.6,4.648,799.4,840.0,8.58,1,1.173,100,117.30000000000001
3496,5,26,15,24.05,68.9,4.648,267.6,298.0,7.65,0,1.1695000000000002,80,93.56000000000002
3497,5,26,16,31.28,67.8,4.648,366.8,531.0,7.06,0,1.1640000000000001,80,93.12
3498,5,26,17,43.78,66.4,4.648,102.3,343.0,7.29,0,1.157,80,92.56
3499,5,26,18,41.05,62.2,4.648,16.1,160.0,5.77,0,1.1360000000000001,80,90.88000000000001
3500,5,26,19,47.72,58.8,4.648,0.0,21.0,5.03,0,1.119,80,89.52
3501,5,26,20,38.18,57.2,4.648,0.0,0.0,4.86,0,1.1110000000000002,80,88.88000000000002
3502,5,26,21,28.3,55.4,4.648,0.0,0.0,3.45,0,1.102,80,88.16000000000001
3503,5,26,22,21.43,52.9,4.648,0.0,0.0,5.24,0,1.1,80,88.0
3504,5,26,23,20.65,51.1,4.648,0.0,0.0,5.54,0,1.1,80,88.0
3505,5,27,0,21.68,50.2,4.648,0.0,0.0,4.5,0,1.1,80,88.0
3506,5,27,1,21.23,49.1,4.648,0.0,0.0,3.83,0,1.1,80,88.0
3507,5,27,2,20.05,48.6,4.648,0.0,0.0,5.64,0,1.1,80,88.0
3508,5,27,3,18.63,48.2,4.648,0.0,0.0,5.95,0,1.1,80,88.0
3509,5,27,4,22.82,48.0,4.648,0.0,0.0,6.05,0,1.1,80,88.0
3510,5,27,5,29.62,52.5,4.648,25.3,73.0,4.76,0,1.1,80,88.0
3511,5,27,6,37.96,57.4,4.648,135.4,243.0,6.68,0,1.112,80,88.96000000000001
3512,5,27,7,26.37,63.5,4.648,340.9,434.0,6.32,1,1.1425,100,114.25
3513,5,27,8,23.59,68.4,4.648,561.1,619.0,3.44,1,1.167,100,116.7
3514,5,27,9,21.83,71.4,4.648,757.7,778.0,2.81,1,1.1820000000000002,100,118.20000000000002
3515,5,27,10,23.98,73.9,4.648,903.8,895.0,2.77,1,1.1945000000000001,100,119.45000000000002
3516,5,27,11,22.3,75.7,4.648,986.5,963.0,3.11,1,1.2035,100,120.35
3517,5,27,12,23.16,76.6,4.648,914.8,898.0,2.76,1,1.208,100,120.8
3518,5,27,13,25.04,76.6,4.648,932.7,935.0,2.45,1,1.208,100,120.8
3519,5,27,14,25.35,75.7,4.648,720.4,760.0,3.77,1,1.2035,100,120.35
3520,5,27,15,34.94,75.2,4.648,546.2,628.0,2.08,0,1.201,80,96.08000000000001
3521,5,27,16,42.21,74.3,4.648,326.6,428.0,1.27,0,1.1965000000000001,80,95.72000000000001
3522,5,27,17,47.01,69.1,4.648,167.8,268.0,1.28,0,1.1705,80,93.64000000000001
3523,5,27,18,50.12,64.4,4.648,77.4,89.0,1.54,0,1.147,80,91.76
3524,5,27,19,48.12,61.7,4.648,0.0,19.0,5.23,0,1.1335000000000002,80,90.68
3525,5,27,20,39.0,60.3,4.648,0.0,0.0,4.76,0,1.1265,80,90.12
3526,5,27,21,29.62,59.0,4.648,0.0,0.0,6.63,0,1.12,80,89.60000000000001
3527,5,27,22,24.41,57.7,4.648,0.0,0.0,6.79,0,1.1135000000000002,80,89.08000000000001
3528,5,27,23,27.4,56.7,4.648,0.0,0.0,7.54,0,1.1085,80,88.68
3529,5,28,0,25.43,55.6,4.648,0.0,0.0,7.39,1,1.1030000000000002,100,110.30000000000003
3530,5,28,1,23.6,54.9,4.648,0.0,0.0,8.36,1,1.1,100,110.00000000000001
3531,5,28,2,22.96,54.1,4.648,0.0,0.0,8.61,1,1.1,100,110.00000000000001
3532,5,28,3,24.75,53.6,4.648,0.0,0.0,8.77,1,1.1,100,110.00000000000001
3533,5,28,4,33.68,53.2,4.648,0.0,0.0,8.59,1,1.1,100,110.00000000000001
3534,5,28,5,30.48,56.5,4.648,46.5,52.0,8.53,1,1.1075000000000002,100,110.75000000000001
3535,5,28,6,38.25,60.1,4.648,134.6,235.0,8.05,1,1.1255000000000002,100,112.55000000000001
3536,5,28,7,27.79,63.9,4.648,340.1,423.0,5.29,1,1.1445,100,114.45
3537,5,28,8,26.68,68.4,4.648,513.1,566.0,4.44,0,1.167,80,93.36
3538,5,28,9,29.18,70.7,4.648,659.5,685.0,3.12,0,1.1785,80,94.28
3539,5,28,10,28.66,72.1,4.648,754.3,761.0,2.39,0,1.1855,80,94.84
3540,5,28,11,29.32,72.7,4.648,819.3,818.0,3.69,0,1.1885000000000001,80,95.08000000000001
3541,5,28,12,31.12,72.5,4.648,793.1,801.0,4.22,0,1.1875,80,95.0
3542,5,28,13,31.63,71.6,4.648,856.1,862.0,5.51,0,1.183,80,94.64
3543,5,28,14,31.07,70.5,4.648,744.7,787.0,5.28,0,1.1775,80,94.2
3544,5,28,15,31.59,69.1,4.648,546.4,628.0,5.95,0,1.1705,80,93.64000000000001
3545,5,28,16,41.31,67.1,4.648,335.0,428.0,5.59,0,1.1605,80,92.84
3546,5,28,17,39.88,64.4,4.648,177.6,257.0,5.67,0,1.147,80,91.76
3547,5,28,18,50.43,61.2,4.648,76.8,87.0,5.48,0,1.131,80,90.48
3548,5,28,19,50.53,58.8,4.648,0.0,21.0,6.48,0,1.119,80,89.52
3549,5,28,20,42.72,57.6,4.648,0.0,0.0,7.59,0,1.113,80,89.03999999999999
3550,5,28,21,34.67,56.5,4.648,0.0,0.0,8.73,0,1.1075000000000002,80,88.60000000000001
3551,5,28,22,31.61,55.6,4.648,0.0,0.0,7.96,0,1.1030000000000002,80,88.24000000000001
3552,5,28,23,28.03,54.7,4.648,0.0,0.0,7.63,0,1.1,80,88.0
3553,5,29,0,27.02,54.0,4.648,0.0,0.0,7.17,1,1.1,100,110.00000000000001
3554,5,29,1,23.77,53.2,4.648,0.0,0.0,7.08,1,1.1,100,110.00000000000001
3555,5,29,2,23.76,52.7,4.648,0.0,0.0,10.45,1,1.1,100,110.00000000000001
3556,5,29,3,23.34,52.7,4.648,0.0,0.0,9.9,1,1.1,100,110.00000000000001
3557,5,29,4,27.48,52.5,4.648,0.0,0.0,8.97,1,1.1,100,110.00000000000001
3558,5,29,5,30.99,55.0,4.648,34.9,39.0,8.24,1,1.1,100,110.00000000000001
3559,5,29,6,32.92,58.5,4.648,54.5,61.0,8.28,1,1.1175000000000002,100,111.75000000000001
3560,5,29,7,33.2,61.9,4.648,93.8,105.0,6.59,1,1.1345,100,113.45
3561,5,29,8,40.4,65.1,4.648,143.9,161.0,6.52,0,1.1505,80,92.04
3562,5,29,9,38.28,67.3,4.648,183.2,205.0,6.13,0,1.1615,80,92.92
3563,5,29,10,34.28,68.5,4.648,276.1,308.0,4.75,0,1.1675,80,93.4
3564,5,29,11,36.35,69.4,4.648,434.2,474.0,4.69,0,1.1720000000000002,80,93.76000000000002
3565,5,29,12,35.2,70.3,4.648,190.4,213.0,4.49,0,1.1765,80,94.12
3566,5,29,13,34.27,70.9,4.648,221.6,248.0,4.17,0,1.1795000000000002,80,94.36000000000001
3567,5,29,14,32.97,70.9,4.648,302.7,337.0,3.73,0,1.1795000000000002,80,94.36000000000001
3568,5,29,15,33.02,70.2,4.648,226.7,253.0,4.65,0,1.1760000000000002,80,94.08000000000001
3569,5,29,16,37.58,69.1,4.648,174.3,195.0,5.01,0,1.1705,80,93.64000000000001
3570,5,29,17,36.99,67.5,4.648,149.4,170.0,5.25,0,1.1625,80,93.0
3571,5,29,18,38.26,65.1,4.648,90.7,104.0,8.53,0,1.1505,80,92.04
3572,5,29,19,37.98,62.6,4.648,0.0,13.0,9.17,0,1.1380000000000001,80,91.04
3573,5,29,20,39.63,61.3,4.648,0.0,0.0,7.94,0,1.1315000000000002,80,90.52000000000001
3574,5,29,21,33.02,59.5,4.648,0.0,0.0,7.84,0,1.1225,80,89.80000000000001
3575,5,29,22,32.19,58.6,4.648,0.0,0.0,6.99,0,1.118,80,89.44000000000001
3576,5,29,23,28.83,58.3,4.648,0.0,0.0,5.77,0,1.1165,80,89.32000000000001
3577,5,30,0,26.96,58.1,4.648,0.0,0.0,5.56,1,1.1155000000000002,100,111.55000000000001
3578,5,30,1,26.42,57.6,4.648,0.0,0.0,4.93,1,1.113,100,111.3
3579,5,30,2,25.72,56.8,4.648,0.0,0.0,3.45,1,1.109,100,110.9
3580,5,30,3,26.23,56.5,4.648,0.0,0.0,5.32,1,1.1075000000000002,100,110.75000000000001
3581,5,30,4,29.02,56.3,4.648,0.0,0.0,4.75,1,1.1065,100,110.65
3582,5,30,5,31.38,59.0,4.648,32.2,36.0,4.02,1,1.12,100,112.00000000000001
3583,5,30,6,30.4,62.1,4.648,84.0,94.0,2.19,1,1.1355000000000002,100,113.55000000000001
3584,5,30,7,31.42,65.1,4.648,213.5,239.0,2.18,1,1.1505,100,115.05000000000001
3585,5,30,8,29.02,66.7,4.648,410.5,452.0,3.31,0,1.1585,80,92.68
3586,5,30,9,28.61,67.8,4.648,559.7,589.0,2.19,0,1.1640000000000001,80,93.12
3587,5,30,10,30.2,68.5,4.648,753.5,761.0,1.52,0,1.1675,80,93.4
3588,5,30,11,28.72,68.9,4.648,691.4,702.0,3.06,0,1.1695000000000002,80,93.56000000000002
3589,5,30,12,30.28,69.6,4.648,544.2,577.0,2.92,0,1.173,80,93.84
3590,5,30,13,31.0,70.9,4.648,122.4,137.0,2.89,0,1.1795000000000002,80,94.36000000000001
3591,5,30,14,30.02,72.0,4.648,339.2,376.0,4.43,0,1.185,80,94.80000000000001
3592,5,30,15,30.08,72.1,4.648,586.4,687.0,5.69,0,1.1855,80,94.84
3593,5,30,16,38.26,71.1,4.648,355.8,518.0,4.62,0,1.1805,80,94.44000000000001
3594,5,30,17,39.06,69.3,4.648,31.3,35.0,4.7,0,1.1715,80,93.72
3595,5,30,18,43.55,66.4,4.648,84.2,98.0,4.5,0,1.157,80,92.56
3596,5,30,19,39.17,63.5,4.648,0.0,22.0,5.53,0,1.1425,80,91.4
3597,5,30,20,42.77,62.4,4.648,0.0,0.0,6.74,0,1.137,80,90.96000000000001
3598,5,30,21,36.25,61.9,4.648,0.0,0.0,6.6,0,1.1345,80,90.76
3599,5,30,22,31.82,61.5,4.648,0.0,0.0,4.99,0,1.1325,80,90.60000000000001
3600,5,30,23,30.86,61.2,4.648,0.0,0.0,4.62,0,1.131,80,90.48
3601,5,31,0,24.56,59.9,4.648,0.0,0.0,4.0,0,1.1245,80,89.96000000000001
3602,5,31,1,25.21,59.2,4.648,0.0,0.0,2.92,0,1.121,80,89.68
3603,5,31,2,23.5,59.0,4.648,0.0,0.0,2.24,0,1.12,80,89.60000000000001
3604,5,31,3,22.96,58.6,4.648,0.0,0.0,3.33,0,1.118,80,89.44000000000001
3605,5,31,4,23.18,58.5,4.648,0.0,0.0,2.97,0,1.1175000000000002,80,89.4
3606,5,31,5,24.65,58.8,4.648,46.6,54.0,1.71,0,1.119,80,89.52
3607,5,31,6,28.41,59.4,4.648,42.0,47.0,2.24,0,1.122,80,89.76
3608,5,31,7,31.66,60.1,4.648,26.8,30.0,3.33,0,1.1255000000000002,80,90.04000000000002
3609,5,31,8,31.66,61.0,4.648,96.5,108.0,1.49,0,1.1300000000000001,80,90.4
3610,5,31,9,34.03,62.2,4.648,112.6,126.0,0.72,0,1.1360000000000001,80,90.88000000000001
3611,5,31,10,26.62,64.6,4.648,65.2,73.0,0.4,0,1.1480000000000001,80,91.84
3612,5,31,11,25.37,66.9,4.648,185.9,208.0,0.88,0,1.1595000000000002,80,92.76000000000002
3613,5,31,12,24.12,67.3,4.648,139.4,156.0,2.27,1,1.1615,100,116.14999999999999
3614,5,31,13,21.71,66.4,4.648,354.4,390.0,0.56,1,1.157,100,115.7
3615,5,31,14,21.85,64.9,4.648,227.4,253.0,1.49,1,1.1495000000000002,100,114.95000000000002
3616,5,31,15,23.54,62.4,4.648,126.5,141.0,1.95,1,1.137,100,113.7
3617,5,31,16,24.31,59.7,4.648,159.9,179.0,0.82,1,1.1235000000000002,100,112.35000000000002
3618,5,31,17,24.69,56.5,4.648,163.4,196.0,3.38,1,1.1075000000000002,100,110.75000000000001
3619,5,31,18,24.82,52.9,4.648,34.0,38.0,4.28,1,1.1,100,110.00000000000001
3620,5,31,19,24.94,50.0,4.648,0.0,22.0,5.03,1,1.1,100,110.00000000000001
3621,5,31,20,24.76,48.4,4.648,0.0,0.0,4.57,0,1.1,80,88.0
3622,5,31,21,24.53,47.5,4.648,0.0,0.0,4.2,0,1.1,80,88.0
3623,5,31,22,22.36,47.3,4.648,0.0,0.0,6.65,0,1.1,80,88.0
3624,5,31,23,22.91,47.1,4.648,0.0,0.0,6.06,0,1.1,80,88.0
3625,6,1,0,20.63,47.1,4.291,0.0,0.0,6.41,0,1.1,80,88.0
3626,6,1,1,18.77,47.1,4.291,0.0,0.0,5.15,0,1.1,80,88.0
3627,6,1,2,15.62,47.1,4.291,0.0,0.0,6.8,0,1.1,80,88.0
3628,6,1,3,18.77,46.9,4.291,0.0,0.0,6.27,0,1.1,80,88.0
3629,6,1,4,19.97,46.6,4.291,0.0,0.0,5.06,0,1.1,80,88.0
3630,6,1,5,20.58,47.1,4.291,28.8,75.0,7.06,0,1.1,80,88.0
3631,6,1,6,15.7,48.9,4.291,109.5,123.0,6.24,1,1.1,100,110.00000000000001
3632,6,1,7,14.25,51.6,4.291,233.5,262.0,5.65,1,1.1,100,110.00000000000001
3633,6,1,8,13.39,54.1,4.291,394.4,435.0,3.05,1,1.1,100,110.00000000000001
3634,6,1,9,13.38,56.3,4.291,260.4,290.0,2.41,1,1.1065,100,110.65
3635,6,1,10,13.37,57.7,4.291,503.1,541.0,2.73,1,1.1135000000000002,100,111.35000000000002
3636,6,1,11,13.64,58.1,4.291,478.9,520.0,4.17,1,1.1155000000000002,100,111.55000000000001
3637,6,1,12,13.7,58.5,4.291,587.2,622.0,4.46,1,1.1175000000000002,100,111.75000000000001
3638,6,1,13,13.94,58.5,4.291,783.9,813.0,4.01,1,1.1175000000000002,100,111.75000000000001
3639,6,1,14,17.29,57.9,4.291,421.9,463.0,4.19,0,1.1145,80,89.16
3640,6,1,15,20.36,56.8,4.291,344.2,383.0,4.37,0,1.109,80,88.72
3641,6,1,16,24.08,55.9,4.291,372.0,547.0,2.85,0,1.1045,80,88.36
3642,6,1,17,27.81,55.2,4.291,107.8,361.0,1.39,0,1.1010000000000002,80,88.08000000000001
3643,6,1,18,34.68,53.2,4.291,64.3,72.0,1.7,0,1.1,80,88.0
3644,6,1,19,34.67,50.0,4.291,0.0,29.0,7.76,0,1.1,80,88.0
3645,6,1,20,31.52,48.0,4.291,0.0,0.0,8.51,0,1.1,80,88.0
3646,6,1,21,20.72,46.9,4.291,0.0,0.0,6.3,0,1.1,80,88.0
3647,6,1,22,16.73,45.7,4.291,0.0,0.0,6.19,0,1.1,80,88.0
3648,6,1,23,11.37,45.0,4.291,0.0,0.0,7.74,0,1.1,80,88.0
3649,6,2,0,10.6,44.2,4.291,0.0,0.0,7.2,1,1.1,100,110.00000000000001
3650,6,2,1,9.82,43.5,4.291,0.0,0.0,7.1,1,1.1,100,110.00000000000001
3651,6,2,2,9.09,43.2,4.291,0.0,0.0,6.78,1,1.1,100,110.00000000000001
3652,6,2,3,11.56,42.8,4.291,0.0,0.0,6.08,1,1.1,100,110.00000000000001
3653,6,2,4,15.27,42.8,4.291,0.0,0.0,5.85,1,1.1,100,110.00000000000001
3654,6,2,5,27.66,46.2,4.291,26.7,79.0,8.12,1,1.1,100,110.00000000000001
3655,6,2,6,29.18,50.4,4.291,132.7,156.0,6.9,1,1.1,100,110.00000000000001
3656,6,2,7,20.64,54.7,4.291,278.7,321.0,5.64,1,1.1,100,110.00000000000001
3657,6,2,8,19.93,58.3,4.291,559.0,627.0,4.44,0,1.1165,80,89.32000000000001
3658,6,2,9,19.2,61.3,4.291,517.3,557.0,3.39,0,1.1315000000000002,80,90.52000000000001
3659,6,2,10,15.18,63.9,4.291,904.5,907.0,2.46,0,1.1445,80,91.56
3660,6,2,11,18.54,65.7,4.291,988.8,977.0,3.16,0,1.1535000000000002,80,92.28000000000002
3661,6,2,12,19.42,67.1,4.291,773.7,800.0,5.28,0,1.1605,80,92.84
3662,6,2,13,19.08,68.0,4.291,933.0,947.0,4.62,0,1.165,80,93.2
3663,6,2,14,21.86,68.2,4.291,798.1,852.0,6.54,0,1.1660000000000001,80,93.28000000000002
3664,6,2,15,22.52,67.8,4.291,606.2,715.0,7.61,0,1.1640000000000001,80,93.12
3665,6,2,16,25.5,66.6,4.291,365.1,529.0,7.66,0,1.1580000000000001,80,92.64000000000001
3666,6,2,17,35.63,64.4,4.291,174.6,201.0,7.49,0,1.147,80,91.76
3667,6,2,18,35.02,59.7,4.291,39.6,160.0,7.73,0,1.1235000000000002,80,89.88000000000001
3668,6,2,19,39.37,55.6,4.291,0.0,21.0,3.97,0,1.1030000000000002,80,88.24000000000001
3669,6,2,20,34.82,54.3,4.291,0.0,0.0,4.48,0,1.1,80,88.0
3670,6,2,21,24.68,52.5,4.291,0.0,0.0,3.97,0,1.1,80,88.0
3671,6,2,22,23.72,51.1,4.291,0.0,0.0,6.75,0,1.1,80,88.0
3672,6,2,23,24.84,50.2,4.291,0.0,0.0,3.12,0,1.1,80,88.0
3673,6,3,0,21.18,49.3,4.291,0.0,0.0,4.51,0,1.1,80,88.0
3674,6,3,1,19.84,48.6,4.291,0.0,0.0,6.72,0,1.1,80,88.0
3675,6,3,2,18.19,47.7,4.291,0.0,0.0,4.69,0,1.1,80,88.0
3676,6,3,3,19.88,46.8,4.291,0.0,0.0,3.37,0,1.1,80,88.0
3677,6,3,4,26.51,46.6,4.291,0.0,0.0,4.99,0,1.1,80,88.0
3678,6,3,5,28.24,50.7,4.291,32.5,73.0,6.86,0,1.1,80,88.0
3679,6,3,6,33.78,56.5,4.291,137.6,241.0,6.61,0,1.1075000000000002,80,88.60000000000001
3680,6,3,7,22.92,62.2,4.291,334.6,432.0,5.29,1,1.1360000000000001,100,113.60000000000001
3681,6,3,8,18.1,66.9,4.291,548.8,616.0,5.53,1,1.1595000000000002,100,115.95000000000002
3682,6,3,9,18.79,69.6,4.291,739.3,772.0,7.8,1,1.173,100,117.30000000000001
3683,6,3,10,21.98,71.8,4.291,907.3,911.0,5.22,1,1.1840000000000002,100,118.40000000000002
3684,6,3,11,22.94,73.4,4.291,987.8,977.0,6.12,1,1.1920000000000002,100,119.20000000000002
3685,6,3,12,23.23,74.7,4.291,993.1,986.0,7.78,1,1.1985000000000001,100,119.85000000000001
3686,6,3,13,24.71,74.7,4.291,917.5,933.0,6.58,1,1.1985000000000001,100,119.85000000000001
3687,6,3,14,25.71,74.3,4.291,777.9,832.0,7.58,1,1.1965000000000001,100,119.65
3688,6,3,15,31.15,74.5,4.291,583.5,688.0,8.88,0,1.1975,80,95.8
3689,6,3,16,39.83,76.5,4.291,350.9,462.0,7.96,0,1.2075,80,96.6
3690,6,3,17,54.26,75.2,4.291,121.6,333.0,7.93,0,1.201,80,96.08000000000001
3691,6,3,18,56.68,70.3,4.291,42.3,156.0,7.6,0,1.1765,80,94.12
3692,6,3,19,46.79,65.3,4.291,0.0,22.0,6.55,0,1.1515,80,92.12
3693,6,3,20,41.47,61.0,4.291,0.0,0.0,6.37,0,1.1300000000000001,80,90.4
3694,6,3,21,28.11,58.5,4.291,0.0,0.0,4.87,0,1.1175000000000002,80,89.4
3695,6,3,22,25.95,57.7,4.291,0.0,0.0,5.7,0,1.1135000000000002,80,89.08000000000001
3696,6,3,23,25.8,57.2,4.291,0.0,0.0,5.58,0,1.1110000000000002,80,88.88000000000002
3697,6,4,0,24.59,56.7,4.291,0.0,0.0,3.95,1,1.1085,100,110.85000000000001
3698,6,4,1,23.92,55.8,4.291,0.0,0.0,4.06,1,1.104,100,110.4
3699,6,4,2,23.12,55.0,4.291,0.0,0.0,4.65,1,1.1,100,110.00000000000001
3700,6,4,3,23.96,54.5,4.291,0.0,0.0,5.6,1,1.1,100,110.00000000000001
3701,6,4,4,25.57,54.3,4.291,0.0,0.0,6.12,1,1.1,100,110.00000000000001
3702,6,4,5,28.17,58.1,4.291,7.1,8.0,7.73,1,1.1155000000000002,100,111.55000000000001
3703,6,4,6,37.43,61.9,4.291,139.3,204.0,7.44,1,1.1345,100,113.45
3704,6,4,7,29.63,66.4,4.291,281.5,346.0,10.05,1,1.157,100,115.7
3705,6,4,8,25.22,71.2,4.291,495.4,553.0,10.42,0,1.181,80,94.48
3706,6,4,9,27.67,74.3,4.291,669.8,704.0,10.53,0,1.1965000000000001,80,95.72000000000001
3707,6,4,10,32.77,76.6,4.291,820.2,832.0,10.13,0,1.208,80,96.64
3708,6,4,11,31.75,78.6,4.291,912.0,910.0,9.99,0,1.218,80,97.44
3709,6,4,12,34.22,80.1,4.291,874.9,879.0,9.11,0,1.2255,80,98.04
3710,6,4,13,34.16,81.0,4.291,833.6,852.0,8.89,0,1.23,80,98.4
3711,6,4,14,36.68,81.3,4.291,727.9,780.0,9.08,0,1.2315,80,98.52000000000001
3712,6,4,15,43.22,81.1,4.291,593.4,702.0,9.36,0,1.2305000000000001,80,98.44000000000001
3713,6,4,16,52.57,80.1,4.291,365.3,530.0,9.84,0,1.2255,80,98.04
3714,6,4,17,58.55,78.1,4.291,111.1,351.0,8.42,0,1.2155,80,97.24000000000001
3715,6,4,18,63.48,73.9,4.291,25.4,170.0,7.0,0,1.1945000000000001,80,95.56
3716,6,4,19,55.22,69.4,4.291,0.0,28.0,7.35,0,1.1720000000000002,80,93.76000000000002
3717,6,4,20,47.95,68.4,4.291,0.0,0.0,8.45,0,1.167,80,93.36
3718,6,4,21,38.66,66.7,4.291,0.0,0.0,8.98,0,1.1585,80,92.68
3719,6,4,22,39.32,65.1,4.291,0.0,0.0,8.85,0,1.1505,80,92.04
3720,6,4,23,41.24,64.0,4.291,0.0,0.0,7.45,0,1.145,80,91.6
3721,6,5,0,32.77,63.7,4.291,0.0,0.0,5.73,1,1.1435000000000002,100,114.35000000000002
3722,6,5,1,31.03,63.1,4.291,0.0,0.0,6.66,1,1.1405,100,114.05000000000001
3723,6,5,2,30.99,62.6,4.291,0.0,0.0,6.01,1,1.1380000000000001,100,113.80000000000001
3724,6,5,3,30.51,62.2,4.291,0.0,0.0,6.36,1,1.1360000000000001,100,113.60000000000001
3725,6,5,4,32.44,62.6,4.291,0.0,0.0,7.44,1,1.1380000000000001,100,113.80000000000001
3726,6,5,5,33.71,66.9,4.291,33.6,71.0,9.3,1,1.1595000000000002,100,115.95000000000002
3727,6,5,6,42.11,70.9,4.291,133.4,230.0,8.77,1,1.1795000000000002,100,117.95000000000002
3728,6,5,7,34.37,76.1,4.291,319.0,412.0,8.53,1,1.2055,100,120.55
3729,6,5,8,33.04,80.8,4.291,522.0,588.0,7.69,0,1.229,80,98.32000000000001
3730,6,5,9,37.41,83.5,4.291,707.7,742.0,9.31,0,1.2425000000000002,80,99.4
3731,6,5,10,40.6,85.5,4.291,860.3,868.0,10.17,0,1.2525000000000002,80,100.20000000000002
3732,6,5,11,46.55,86.7,4.291,943.0,937.0,9.3,0,1.2585000000000002,80,100.68
3733,6,5,12,48.65,87.1,4.291,648.4,683.0,9.3,0,1.2605,80,100.84
3734,6,5,13,49.79,86.7,4.291,487.9,529.0,10.19,0,1.2585000000000002,80,100.68
3735,6,5,14,56.25,86.4,4.291,738.9,793.0,9.86,0,1.2570000000000001,80,100.56
3736,6,5,15,64.49,86.0,4.291,564.0,664.0,8.73,0,1.2550000000000001,80,100.4
3737,6,5,16,88.03,84.9,4.291,349.6,502.0,8.86,0,1.2495,80,99.96000000000001
3738,6,5,17,84.73,82.2,4.291,125.0,327.0,8.2,0,1.2360000000000002,80,98.88000000000002
3739,6,5,18,76.2,77.7,4.291,43.2,156.0,6.89,0,1.2135,80,97.08
3740,6,5,19,60.44,73.8,4.291,0.0,8.0,7.3,0,1.1940000000000002,80,95.52000000000001
3741,6,5,20,61.26,72.3,4.291,0.0,0.0,8.72,0,1.1865,80,94.92000000000002
3742,6,5,21,48.95,71.4,4.291,0.0,0.0,8.17,0,1.1820000000000002,80,94.56000000000002
3743,6,5,22,41.26,70.5,4.291,0.0,0.0,9.95,0,1.1775,80,94.2
3744,6,5,23,46.79,69.6,4.291,0.0,0.0,9.08,0,1.173,80,93.84
3745,6,6,0,44.0,69.3,4.291,0.0,0.0,9.3,0,1.1715,80,93.72
3746,6,6,1,41.77,68.4,4.291,0.0,0.0,9.88,0,1.167,80,93.36
3747,6,6,2,37.87,67.8,4.291,0.0,0.0,9.56,1,1.1640000000000001,100,116.40000000000002
3748,6,6,3,39.15,66.7,4.291,0.0,0.0,10.28,1,1.1585,100,115.85000000000001
3749,6,6,4,38.87,65.7,4.291,0.0,0.0,10.5,1,1.1535000000000002,100,115.35000000000002
3750,6,6,5,46.59,66.2,4.291,34.9,39.0,10.34,1,1.1560000000000001,100,115.60000000000001
3751,6,6,6,46.41,68.2,4.291,148.0,177.0,10.55,1,1.1660000000000001,100,116.60000000000001
3752,6,6,7,49.24,71.4,4.291,135.0,151.0,8.06,1,1.1820000000000002,100,118.20000000000002
3753,6,6,8,48.34,75.0,4.291,144.4,161.0,8.39,1,1.2000000000000002,100,120.00000000000001
3754,6,6,9,35.65,77.4,4.291,262.1,292.0,8.07,1,1.2120000000000002,100,121.20000000000002
3755,6,6,10,42.53,78.3,4.291,531.3,570.0,10.03,0,1.2165000000000001,80,97.32000000000001
3756,6,6,11,47.61,78.4,4.291,676.8,699.0,8.63,0,1.217,80,97.36000000000001
3757,6,6,12,50.58,79.0,4.291,730.4,752.0,9.55,0,1.2200000000000002,80,97.60000000000002
3758,6,6,13,51.92,79.5,4.291,644.4,678.0,9.46,0,1.2225000000000001,80,97.80000000000001
3759,6,6,14,53.68,78.3,4.291,251.1,279.0,7.05,0,1.2165000000000001,80,97.32000000000001
3760,6,6,15,54.61,76.8,4.291,31.3,35.0,6.36,0,1.209,80,96.72
3761,6,6,16,54.05,75.0,4.291,37.5,42.0,8.58,0,1.2000000000000002,80,96.00000000000001
3762,6,6,17,51.35,72.9,4.291,6.3,7.0,8.75,0,1.1895000000000002,80,95.16000000000003
3763,6,6,18,35.16,70.5,4.291,3.6,4.0,8.58,0,1.1775,80,94.2
3764,6,6,19,45.01,68.2,4.291,0.0,3.0,8.65,0,1.1660000000000001,80,93.28000000000002
3765,6,6,20,49.03,67.3,4.291,0.0,0.0,10.32,0,1.1615,80,92.92
3766,6,6,21,36.45,66.9,4.291,0.0,0.0,10.7,0,1.1595000000000002,80,92.76000000000002
3767,6,6,22,34.01,66.4,4.291,0.0,0.0,9.99,0,1.157,80,92.56
3768,6,6,23,51.69,66.0,4.291,0.0,0.0,11.51,0,1.155,80,92.4
3769,6,7,0,36.11,65.3,4.291,0.0,0.0,11.18,1,1.1515,100,115.14999999999999
3770,6,7,1,33.53,64.6,4.291,0.0,0.0,12.24,1,1.1480000000000001,100,114.80000000000001
3771,6,7,2,36.78,64.2,4.291,0.0,0.0,11.69,1,1.1460000000000001,100,114.60000000000001
3772,6,7,3,33.56,63.7,4.291,0.0,0.0,11.27,1,1.1435000000000002,100,114.35000000000002
3773,6,7,4,36.5,63.3,4.291,0.0,0.0,10.48,1,1.1415000000000002,100,114.15000000000002
3774,6,7,5,33.31,65.3,4.291,20.6,23.0,9.44,1,1.1515,100,115.14999999999999
3775,6,7,6,27.97,66.9,4.291,46.5,52.0,9.92,1,1.1595000000000002,100,115.95000000000002
3776,6,7,7,30.07,68.0,4.291,177.7,199.0,10.5,1,1.165,100,116.5
3777,6,7,8,43.41,68.9,4.291,194.4,216.0,8.92,0,1.1695000000000002,80,93.56000000000002
3778,6,7,9,33.95,69.4,4.291,70.6,79.0,8.99,0,1.1720000000000002,80,93.76000000000002
3779,6,7,10,35.95,70.0,4.291,59.9,67.0,10.11,0,1.175,80,94.0
3780,6,7,11,32.38,70.5,4.291,53.6,60.0,9.37,0,1.1775,80,94.2
3781,6,7,12,34.13,68.7,4.291,119.8,134.0,9.21,0,1.1685,80,93.48
3782,6,7,13,33.29,67.5,4.291,58.1,65.0,9.19,0,1.1625,80,93.0
3783,6,7,14,30.95,66.2,4.291,143.9,161.0,8.57,0,1.1560000000000001,80,92.48000000000002
3784,6,7,15,36.9,64.9,4.291,233.6,260.0,6.55,0,1.1495000000000002,80,91.96000000000001
3785,6,7,16,35.98,63.9,4.291,36.6,41.0,7.04,0,1.1445,80,91.56
3786,6,7,17,29.23,63.9,4.291,151.1,171.0,8.14,0,1.1445,80,91.56
3787,6,7,18,37.01,63.0,4.291,50.9,157.0,6.97,0,1.1400000000000001,80,91.20000000000002
3788,6,7,19,35.3,60.3,4.291,0.0,24.0,5.84,0,1.1265,80,90.12
3789,6,7,20,35.97,59.4,4.291,0.0,0.0,6.36,0,1.122,80,89.76
3790,6,7,21,35.32,58.3,4.291,0.0,0.0,8.1,0,1.1165,80,89.32000000000001
3791,6,7,22,28.33,57.2,4.291,0.0,0.0,9.25,0,1.1110000000000002,80,88.88000000000002
3792,6,7,23,33.09,56.8,4.291,0.0,0.0,8.25,0,1.109,80,88.72
3793,6,8,0,25.54,56.7,4.291,0.0,0.0,7.56,0,1.1085,80,88.68
3794,6,8,1,25.23,56.5,4.291,0.0,0.0,7.77,0,1.1075000000000002,80,88.60000000000001
3795,6,8,2,23.16,56.1,4.291,0.0,0.0,6.12,0,1.1055000000000001,80,88.44000000000001
3796,6,8,3,23.22,56.1,4.291,0.0,0.0,6.58,0,1.1055000000000001,80,88.44000000000001
3797,6,8,4,23.99,56.3,4.291,0.0,0.0,7.23,0,1.1065,80,88.52000000000001
3798,6,8,5,25.72,58.5,4.291,18.8,21.0,5.54,0,1.1175000000000002,80,89.4
3799,6,8,6,23.07,60.8,4.291,58.1,65.0,4.92,1,1.129,100,112.9
3800,6,8,7,19.97,64.0,4.291,139.4,156.0,4.86,1,1.145,100,114.5
3801,6,8,8,19.91,67.3,4.291,253.6,282.0,2.81,1,1.1615,100,116.14999999999999
3802,6,8,9,21.68,70.2,4.291,442.5,483.0,4.1,1,1.1760000000000002,100,117.60000000000002
3803,6,8,10,22.27,72.3,4.291,798.2,817.0,3.1,1,1.1865,100,118.65
3804,6,8,11,24.41,73.8,4.291,873.7,882.0,4.87,1,1.1940000000000002,100,119.40000000000002
3805,6,8,12,24.1,74.5,4.291,678.0,723.0,5.03,1,1.1975,100,119.75
3806,6,8,13,22.15,74.5,4.291,548.9,593.0,5.61,1,1.1975,100,119.75
3807,6,8,14,27.96,72.9,4.291,687.7,742.0,4.9,0,1.1895000000000002,80,95.16000000000003
3808,6,8,15,32.04,70.9,4.291,528.3,606.0,4.51,0,1.1795000000000002,80,94.36000000000001
3809,6,8,16,45.18,69.6,4.291,343.5,426.0,5.22,0,1.173,80,93.84
3810,6,8,17,52.36,68.5,4.291,196.6,254.0,5.12,0,1.1675,80,93.4
3811,6,8,18,45.07,66.0,4.291,101.7,122.0,5.52,0,1.155,80,92.4
3812,6,8,19,43.59,63.1,4.291,0.0,16.0,4.6,0,1.1405,80,91.24000000000001
3813,6,8,20,38.55,61.3,4.291,0.0,0.0,2.83,0,1.1315000000000002,80,90.52000000000001
3814,6,8,21,32.44,60.8,4.291,0.0,0.0,6.48,0,1.129,80,90.32
3815,6,8,22,29.52,60.1,4.291,0.0,0.0,5.81,0,1.1255000000000002,80,90.04000000000002
3816,6,8,23,27.98,59.4,4.291,0.0,0.0,7.12,0,1.122,80,89.76
3817,6,9,0,28.06,59.0,4.291,0.0,0.0,8.06,1,1.12,100,112.00000000000001
3818,6,9,1,27.11,58.5,4.291,0.0,0.0,4.62,1,1.1175000000000002,100,111.75000000000001
3819,6,9,2,26.14,57.7,4.291,0.0,0.0,4.51,1,1.1135000000000002,100,111.35000000000002
3820,6,9,3,26.14,57.0,4.291,0.0,0.0,4.9,1,1.11,100,111.00000000000001
3821,6,9,4,26.34,56.7,4.291,0.0,0.0,5.03,1,1.1085,100,110.85000000000001
3822,6,9,5,27.33,56.7,4.291,26.8,30.0,5.53,1,1.1085,100,110.85000000000001
3823,6,9,6,36.6,57.2,4.291,53.6,60.0,6.07,1,1.1110000000000002,100,111.10000000000002
3824,6,9,7,35.98,58.5,4.291,238.4,273.0,4.43,1,1.1175000000000002,100,111.75000000000001
3825,6,9,8,34.71,60.4,4.291,218.0,243.0,2.77,0,1.127,80,90.16
3826,6,9,9,31.09,63.5,4.291,240.3,268.0,3.21,0,1.1425,80,91.4
3827,6,9,10,30.61,66.9,4.291,305.2,340.0,4.25,0,1.1595000000000002,80,92.76000000000002
3828,6,9,11,30.57,69.4,4.291,233.2,260.0,4.28,0,1.1720000000000002,80,93.76000000000002
3829,6,9,12,29.51,70.7,4.291,314.2,350.0,5.96,0,1.1785,80,94.28
3830,6,9,13,30.59,70.9,4.291,187.7,210.0,5.6,0,1.1795000000000002,80,94.36000000000001
3831,6,9,14,31.8,70.5,4.291,436.6,479.0,9.61,0,1.1775,80,94.2
3832,6,9,15,34.69,70.0,4.291,85.8,96.0,6.71,0,1.175,80,94.0
3833,6,9,16,39.03,68.9,4.291,112.6,126.0,6.63,0,1.1695000000000002,80,93.56000000000002
3834,6,9,17,37.36,67.3,4.291,12.5,14.0,5.7,0,1.1615,80,92.92
3835,6,9,18,43.15,64.8,4.291,84.9,95.0,4.22,0,1.149,80,91.92
3836,6,9,19,42.27,62.2,4.291,0.0,25.0,6.23,0,1.1360000000000001,80,90.88000000000001
3837,6,9,20,37.07,59.9,4.291,0.0,0.0,6.42,0,1.1245,80,89.96000000000001
3838,6,9,21,30.81,58.5,4.291,0.0,0.0,5.62,0,1.1175000000000002,80,89.4
3839,6,9,22,27.96,57.6,4.291,0.0,0.0,5.82,0,1.113,80,89.03999999999999
3840,6,9,23,28.33,57.0,4.291,0.0,0.0,5.64,0,1.11,80,88.80000000000001
3841,6,10,0,28.41,56.7,4.291,0.0,0.0,7.02,1,1.1085,100,110.85000000000001
3842,6,10,1,26.66,56.3,4.291,0.0,0.0,6.97,1,1.1065,100,110.65
3843,6,10,2,26.26,56.1,4.291,0.0,0.0,6.53,1,1.1055000000000001,100,110.55000000000001
3844,6,10,3,26.95,55.9,4.291,0.0,0.0,7.4,1,1.1045,100,110.45
3845,6,10,4,27.99,55.9,4.291,0.0,0.0,7.45,1,1.1045,100,110.45
3846,6,10,5,28.09,56.8,4.291,53.8,62.0,7.17,1,1.109,100,110.9
3847,6,10,6,33.29,58.5,4.291,36.6,41.0,6.99,1,1.1175000000000002,100,111.75000000000001
3848,6,10,7,37.21,60.3,4.291,112.9,126.0,4.92,1,1.1265,100,112.65
3849,6,10,8,38.48,62.8,4.291,161.8,180.0,5.89,0,1.139,80,91.12
3850,6,10,9,38.76,65.5,4.291,137.6,154.0,5.25,0,1.1525,80,92.2
3851,6,10,10,32.48,68.0,4.291,135.8,152.0,6.11,0,1.165,80,93.2
3852,6,10,11,32.38,69.8,4.291,281.7,313.0,6.59,0,1.1740000000000002,80,93.92000000000002
3853,6,10,12,35.12,71.8,4.291,165.1,184.0,6.2,0,1.1840000000000002,80,94.72000000000001
3854,6,10,13,29.09,73.6,4.291,340.3,376.0,6.82,0,1.193,80,95.44
3855,6,10,14,28.92,74.7,4.291,294.4,326.0,6.5,0,1.1985000000000001,80,95.88000000000001
3856,6,10,15,29.67,74.8,4.291,282.0,314.0,7.29,0,1.199,80,95.92
3857,6,10,16,28.78,74.1,4.291,354.1,520.0,6.3,0,1.1955,80,95.64
3858,6,10,17,24.17,72.5,4.291,24.1,27.0,6.65,0,1.1875,80,95.0
3859,6,10,18,31.05,70.0,4.291,27.7,31.0,6.36,0,1.175,80,94.0
3860,6,10,19,35.33,67.1,4.291,0.0,28.0,4.67,0,1.1605,80,92.84
3861,6,10,20,38.79,65.7,4.291,0.0,0.0,3.51,0,1.1535000000000002,80,92.28000000000002
3862,6,10,21,28.4,63.5,4.291,0.0,0.0,4.08,0,1.1425,80,91.4
3863,6,10,22,27.15,61.2,4.291,0.0,0.0,4.98,0,1.131,80,90.48
3864,6,10,23,23.97,58.8,4.291,0.0,0.0,5.56,0,1.119,80,89.52
3865,6,11,0,20.37,57.2,4.291,0.0,0.0,5.32,1,1.1110000000000002,100,111.10000000000002
3866,6,11,1,20.05,56.3,4.291,0.0,0.0,5.48,1,1.1065,100,110.65
3867,6,11,2,20.22,55.8,4.291,0.0,0.0,5.07,1,1.104,100,110.4
3868,6,11,3,20.15,55.4,4.291,0.0,0.0,4.34,1,1.102,100,110.2
3869,6,11,4,21.15,55.8,4.291,0.0,0.0,5.14,1,1.104,100,110.4
3870,6,11,5,24.85,59.4,4.291,2.7,3.0,4.84,1,1.122,100,112.20000000000002
3871,6,11,6,34.77,63.3,4.291,148.8,173.0,4.85,1,1.1415000000000002,100,114.15000000000002
3872,6,11,7,27.8,68.0,4.291,315.9,413.0,4.6,1,1.165,100,116.5
3873,6,11,8,20.76,70.7,4.291,511.3,581.0,2.07,0,1.1785,80,94.28
3874,6,11,9,20.58,72.7,4.291,683.9,724.0,3.42,0,1.1885000000000001,80,95.08000000000001
3875,6,11,10,22.61,74.1,4.291,831.8,848.0,3.02,0,1.1955,80,95.64
3876,6,11,11,24.5,75.2,4.291,906.5,911.0,3.06,0,1.201,80,96.08000000000001
3877,6,11,12,27.29,75.6,4.291,912.3,921.0,3.62,0,1.203,80,96.24000000000001
3878,6,11,13,24.65,75.2,4.291,609.4,654.0,3.51,0,1.201,80,96.08000000000001
3879,6,11,14,24.35,75.6,4.291,645.1,700.0,1.83,0,1.203,80,96.24000000000001
3880,6,11,15,28.69,75.0,4.291,574.7,682.0,1.9,0,1.2000000000000002,80,96.00000000000001
3881,6,11,16,38.47,74.7,4.291,359.7,525.0,2.34,0,1.1985000000000001,80,95.88000000000001
3882,6,11,17,48.1,73.2,4.291,122.4,347.0,2.95,0,1.191,80,95.28
3883,6,11,18,51.37,70.0,4.291,34.8,171.0,4.98,0,1.175,80,94.0
3884,6,11,19,47.0,65.8,4.291,0.0,31.0,4.85,0,1.1540000000000001,80,92.32000000000001
3885,6,11,20,40.22,64.8,4.291,0.0,0.0,4.87,0,1.149,80,91.92
3886,6,11,21,26.23,64.2,4.291,0.0,0.0,5.99,0,1.1460000000000001,80,91.68
3887,6,11,22,24.89,63.7,4.291,0.0,0.0,4.22,0,1.1435000000000002,80,91.48000000000002
3888,6,11,23,27.61,63.1,4.291,0.0,0.0,2.61,0,1.1405,80,91.24000000000001
3889,6,12,0,24.38,63.1,4.291,0.0,0.0,2.77,1,1.1405,100,114.05000000000001
3890,6,12,1,23.05,62.8,4.291,0.0,0.0,3.06,1,1.139,100,113.9
3891,6,12,2,19.61,62.4,4.291,0.0,0.0,1.68,1,1.137,100,113.7
3892,6,12,3,20.5,63.0,4.291,0.0,0.0,3.23,1,1.1400000000000001,100,114.00000000000001
3893,6,12,4,24.04,63.3,4.291,0.0,0.0,3.94,1,1.1415000000000002,100,114.15000000000002
3894,6,12,5,28.51,65.1,4.291,39.3,44.0,3.93,1,1.1505,100,115.05000000000001
3895,6,12,6,30.75,68.7,4.291,130.8,227.0,2.67,1,1.1685,100,116.85000000000001
3896,6,12,7,30.06,72.3,4.291,311.7,408.0,2.3,1,1.1865,100,118.65
3897,6,12,8,26.87,74.5,4.291,515.0,587.0,3.38,0,1.1975,80,95.8
3898,6,12,9,27.11,75.6,4.291,407.9,445.0,5.81,0,1.203,80,96.24000000000001
3899,6,12,10,28.31,76.3,4.291,640.0,678.0,5.83,0,1.2065000000000001,80,96.52000000000001
3900,6,12,11,28.54,77.0,4.291,860.1,865.0,7.5,0,1.2100000000000002,80,96.80000000000001
3901,6,12,12,29.7,77.2,4.291,227.9,255.0,7.89,0,1.211,80,96.88000000000001
3902,6,12,13,29.35,77.0,4.291,899.5,925.0,8.56,0,1.2100000000000002,80,96.80000000000001
3903,6,12,14,30.43,76.3,4.291,778.6,842.0,10.02,0,1.2065000000000001,80,96.52000000000001
3904,6,12,15,33.23,75.0,4.291,596.8,713.0,10.46,0,1.2000000000000002,80,96.00000000000001
3905,6,12,16,38.91,73.4,4.291,367.7,544.0,11.04,0,1.1920000000000002,80,95.36000000000001
3906,6,12,17,48.81,71.1,4.291,120.1,362.0,9.48,0,1.1805,80,94.44000000000001
3907,6,12,18,46.06,67.8,4.291,31.0,180.0,9.21,0,1.1640000000000001,80,93.12
3908,6,12,19,45.15,64.2,4.291,0.0,35.0,9.27,0,1.1460000000000001,80,91.68
3909,6,12,20,39.72,61.9,4.291,0.0,0.0,9.9,0,1.1345,80,90.76
3910,6,12,21,34.55,60.3,4.291,0.0,0.0,10.8,0,1.1265,80,90.12
3911,6,12,22,29.89,59.4,4.291,0.0,0.0,6.78,0,1.122,80,89.76
3912,6,12,23,30.07,58.5,4.291,0.0,0.0,8.65,0,1.1175000000000002,80,89.4
3913,6,13,0,29.23,57.6,4.291,0.0,0.0,8.5,0,1.113,80,89.03999999999999
3914,6,13,1,26.57,57.0,4.291,0.0,0.0,9.16,0,1.11,80,88.80000000000001
3915,6,13,2,24.32,56.8,4.291,0.0,0.0,7.54,0,1.109,80,88.72
3916,6,13,3,23.94,56.3,4.291,0.0,0.0,6.71,0,1.1065,80,88.52000000000001
3917,6,13,4,28.82,55.6,4.291,0.0,0.0,7.75,0,1.1030000000000002,80,88.24000000000001
3918,6,13,5,28.69,56.3,4.291,35.2,74.0,8.28,0,1.1065,80,88.52000000000001
3919,6,13,6,40.48,57.2,4.291,122.4,140.0,4.57,0,1.1110000000000002,80,88.88000000000002
3920,6,13,7,32.86,58.6,4.291,80.6,90.0,7.74,0,1.118,80,89.44000000000001
3921,6,13,8,27.07,61.5,4.291,209.8,233.0,6.56,1,1.1325,100,113.25
3922,6,13,9,26.14,64.6,4.291,669.7,710.0,5.59,1,1.1480000000000001,100,114.80000000000001
3923,6,13,10,27.39,67.1,4.291,544.7,573.0,5.94,1,1.1605,100,116.05000000000001
3924,6,13,11,26.41,68.9,4.291,874.5,888.0,4.17,1,1.1695000000000002,100,116.95000000000002
3925,6,13,12,27.61,70.2,4.291,355.2,395.0,4.19,1,1.1760000000000002,100,117.60000000000002
3926,6,13,13,27.41,71.4,4.291,693.5,734.0,4.95,1,1.1820000000000002,100,118.20000000000002
3927,6,13,14,27.38,72.0,4.291,686.8,743.0,5.98,1,1.185,100,118.5
3928,6,13,15,31.52,72.0,4.291,580.8,693.0,5.05,1,1.185,100,118.5
3929,6,13,16,37.27,71.2,4.291,359.9,529.0,4.82,0,1.181,80,94.48
3930,6,13,17,42.91,72.0,4.291,201.4,284.0,6.75,0,1.185,80,94.80000000000001
3931,6,13,18,41.58,68.7,4.291,42.0,170.0,6.34,0,1.1685,80,93.48
3932,6,13,19,41.79,64.6,4.291,0.0,31.0,8.93,0,1.1480000000000001,80,91.84
3933,6,13,20,44.57,61.0,4.291,0.0,0.0,9.95,0,1.1300000000000001,80,90.4
3934,6,13,21,38.32,59.4,4.291,0.0,0.0,9.14,0,1.122,80,89.76
3935,6,13,22,30.16,58.8,4.291,0.0,0.0,5.75,0,1.119,80,89.52
3936,6,13,23,31.85,58.6,4.291,0.0,0.0,1.34,0,1.118,80,89.44000000000001
3937,6,14,0,29.75,58.5,4.291,0.0,0.0,3.93,1,1.1175000000000002,100,111.75000000000001
3938,6,14,1,28.6,58.1,4.291,0.0,0.0,3.39,1,1.1155000000000002,100,111.55000000000001
3939,6,14,2,27.34,57.7,4.291,0.0,0.0,5.58,1,1.1135000000000002,100,111.35000000000002
3940,6,14,3,29.06,57.6,4.291,0.0,0.0,5.94,1,1.113,100,111.3
3941,6,14,4,28.57,57.2,4.291,0.0,0.0,6.1,1,1.1110000000000002,100,111.10000000000002
3942,6,14,5,29.78,57.0,4.291,40.7,56.0,4.23,1,1.11,100,111.00000000000001
3943,6,14,6,32.03,57.4,4.291,40.2,45.0,2.58,1,1.112,100,111.20000000000002
3944,6,14,7,26.17,58.1,4.291,76.0,85.0,2.15,1,1.1155000000000002,100,111.55000000000001
3945,6,14,8,34.39,58.6,4.291,90.3,101.0,3.53,0,1.118,80,89.44000000000001
3946,6,14,9,34.04,59.4,4.291,244.7,272.0,4.54,0,1.122,80,89.76
3947,6,14,10,28.37,60.6,4.291,256.3,285.0,6.53,0,1.1280000000000001,80,90.24000000000001
3948,6,14,11,28.64,62.1,4.291,353.4,391.0,7.01,0,1.1355000000000002,80,90.84000000000002
3949,6,14,12,28.78,63.5,4.291,492.4,531.0,6.99,0,1.1425,80,91.4
3950,6,14,13,28.0,64.4,4.291,273.4,305.0,8.77,0,1.147,80,91.76
3951,6,14,14,28.87,64.4,4.291,327.3,362.0,9.14,0,1.147,80,91.76
3952,6,14,15,30.65,63.9,4.291,359.8,402.0,14.32,0,1.1445,80,91.56
3953,6,14,16,36.07,63.1,4.291,95.6,107.0,11.87,0,1.1405,80,91.24000000000001
3954,6,14,17,33.08,62.6,4.291,57.7,65.0,6.27,0,1.1380000000000001,80,91.04
3955,6,14,18,30.4,61.2,4.291,111.1,145.0,5.39,0,1.131,80,90.48
3956,6,14,19,34.78,57.9,4.291,0.0,10.0,6.22,0,1.1145,80,89.16
3957,6,14,20,26.29,56.3,4.291,0.0,0.0,3.88,0,1.1065,80,88.52000000000001
3958,6,14,21,27.53,55.2,4.291,0.0,0.0,1.46,0,1.1010000000000002,80,88.08000000000001
3959,6,14,22,22.49,54.5,4.291,0.0,0.0,1.54,0,1.1,80,88.0
3960,6,14,23,32.26,54.0,4.291,0.0,0.0,2.24,0,1.1,80,88.0
3961,6,15,0,26.72,53.4,4.291,0.0,0.0,2.78,0,1.1,80,88.0
3962,6,15,1,23.59,53.2,4.291,0.0,0.0,5.52,0,1.1,80,88.0
3963,6,15,2,21.64,53.2,4.291,0.0,0.0,4.65,0,1.1,80,88.0
3964,6,15,3,22.1,53.1,4.291,0.0,0.0,4.3,0,1.1,80,88.0
3965,6,15,4,23.48,53.1,4.291,0.0,0.0,6.58,0,1.1,80,88.0
3966,6,15,5,21.97,55.4,4.291,4.5,5.0,8.06,0,1.102,80,88.16000000000001
3967,6,15,6,20.71,57.9,4.291,36.6,41.0,7.4,0,1.1145,80,89.16
3968,6,15,7,20.47,61.3,4.291,145.1,162.0,8.65,1,1.1315000000000002,100,113.15000000000002
3969,6,15,8,20.22,64.6,4.291,374.2,417.0,8.63,1,1.1480000000000001,100,114.80000000000001
3970,6,15,9,20.76,67.1,4.291,454.7,491.0,8.07,1,1.1605,100,116.05000000000001
3971,6,15,10,22.15,68.5,4.291,600.8,631.0,7.01,1,1.1675,100,116.75
3972,6,15,11,22.8,69.4,4.291,774.5,788.0,6.87,1,1.1720000000000002,100,117.20000000000002
3973,6,15,12,21.83,70.3,4.291,813.7,826.0,8.51,1,1.1765,100,117.65
3974,6,15,13,21.32,70.9,4.291,692.2,725.0,8.4,1,1.1795000000000002,100,117.95000000000002
3975,6,15,14,20.37,70.7,4.291,560.5,608.0,8.02,1,1.1785,100,117.85000000000001
3976,6,15,15,25.39,70.5,4.291,423.2,480.0,8.15,0,1.1775,80,94.2
3977,6,15,16,26.35,69.8,4.291,334.3,452.0,7.74,0,1.1740000000000002,80,93.92000000000002
3978,6,15,17,38.12,68.9,4.291,185.0,328.0,8.22,0,1.1695000000000002,80,93.56000000000002
3979,6,15,18,48.73,66.2,4.291,65.3,74.0,7.65,0,1.1560000000000001,80,92.48000000000002
3980,6,15,19,47.1,62.2,4.291,0.0,26.0,9.67,0,1.1360000000000001,80,90.88000000000001
3981,6,15,20,51.06,61.2,4.291,0.0,0.0,11.37,0,1.131,80,90.48
3982,6,15,21,37.09,60.3,4.291,0.0,0.0,10.3,0,1.1265,80,90.12
3983,6,15,22,28.28,59.2,4.291,0.0,0.0,9.38,0,1.121,80,89.68
3984,6,15,23,21.35,58.3,4.291,0.0,0.0,8.31,0,1.1165,80,89.32000000000001
3985,6,16,0,21.94,57.9,4.291,0.0,0.0,8.2,1,1.1145,100,111.45
3986,6,16,1,21.32,57.4,4.291,0.0,0.0,8.9,1,1.112,100,111.20000000000002
3987,6,16,2,20.17,56.8,4.291,0.0,0.0,8.72,1,1.109,100,110.9
3988,6,16,3,20.77,56.5,4.291,0.0,0.0,7.7,1,1.1075000000000002,100,110.75000000000001
3989,6,16,4,21.68,56.5,4.291,0.0,0.0,6.72,1,1.1075000000000002,100,110.75000000000001
3990,6,16,5,25.23,59.9,4.291,55.5,64.0,6.56,1,1.1245,100,112.45
3991,6,16,6,36.49,63.3,4.291,100.9,113.0,6.65,1,1.1415000000000002,100,114.15000000000002
3992,6,16,7,36.02,66.6,4.291,200.9,225.0,5.96,1,1.1580000000000001,100,115.80000000000001
3993,6,16,8,24.44,69.3,4.291,511.2,585.0,7.08,0,1.1715,80,93.72
3994,6,16,9,23.92,71.6,4.291,700.3,744.0,6.08,0,1.183,80,94.64
3995,6,16,10,23.99,73.6,4.291,857.6,875.0,6.24,0,1.193,80,95.44
3996,6,16,11,26.24,74.8,4.291,941.4,945.0,6.05,0,1.199,80,95.92
3997,6,16,12,29.73,75.6,4.291,879.9,886.0,6.93,0,1.203,80,96.24000000000001
3998,6,16,13,25.89,75.4,4.291,819.2,845.0,5.48,0,1.2020000000000002,80,96.16000000000001
3999,6,16,14,29.05,74.7,4.291,717.1,777.0,6.29,0,1.1985000000000001,80,95.88000000000001
4000,6,16,15,30.16,73.9,4.291,545.1,647.0,5.95,0,1.1945000000000001,80,95.56
4001,6,16,16,39.76,72.5,4.291,350.5,491.0,3.75,0,1.1875,80,95.0
4002,6,16,17,37.09,70.3,4.291,92.6,104.0,2.08,0,1.1765,80,94.12
4003,6,16,18,39.53,67.5,4.291,22.3,25.0,1.69,0,1.1625,80,93.0
4004,6,16,19,43.22,64.9,4.291,0.0,26.0,2.05,0,1.1495000000000002,80,91.96000000000001
4005,6,16,20,35.72,64.0,4.291,0.0,0.0,1.67,0,1.145,80,91.6
4006,6,16,21,31.86,62.8,4.291,0.0,0.0,3.71,0,1.139,80,91.12
4007,6,16,22,22.59,60.6,4.291,0.0,0.0,5.09,0,1.1280000000000001,80,90.24000000000001
4008,6,16,23,27.72,59.5,4.291,0.0,0.0,4.62,0,1.1225,80,89.80000000000001
4009,6,17,0,30.15,59.0,4.291,0.0,0.0,2.76,1,1.12,100,112.00000000000001
4010,6,17,1,27.12,58.8,4.291,0.0,0.0,5.17,1,1.119,100,111.9
4011,6,17,2,25.63,58.8,4.291,0.0,0.0,3.02,1,1.119,100,111.9
4012,6,17,3,27.63,58.8,4.291,0.0,0.0,4.46,1,1.119,100,111.9
4013,6,17,4,29.08,59.4,4.291,0.0,0.0,4.02,1,1.122,100,112.20000000000002
4014,6,17,5,31.13,60.3,4.291,43.1,49.0,4.49,1,1.1265,100,112.65
4015,6,17,6,33.68,61.3,4.291,7.1,8.0,3.69,1,1.1315000000000002,100,113.15000000000002
4016,6,17,7,35.37,62.6,4.291,98.3,110.0,2.83,1,1.1380000000000001,100,113.80000000000001
4017,6,17,8,36.55,63.9,4.291,108.1,121.0,5.34,0,1.1445,80,91.56
4018,6,17,9,33.37,65.3,4.291,121.2,135.0,6.3,0,1.1515,80,92.12
4019,6,17,10,33.44,66.9,4.291,178.5,199.0,9.05,0,1.1595000000000002,80,92.76000000000002
4020,6,17,11,33.51,68.7,4.291,269.2,299.0,10.02,0,1.1685,80,93.48
4021,6,17,12,34.85,70.2,4.291,278.4,309.0,10.94,0,1.1760000000000002,80,94.08000000000001
4022,6,17,13,33.87,71.1,4.291,279.2,310.0,10.83,0,1.1805,80,94.44000000000001
4023,6,17,14,36.26,71.2,4.291,218.4,243.0,10.72,0,1.181,80,94.48
4024,6,17,15,35.45,70.7,4.291,105.8,118.0,10.38,0,1.1785,80,94.28
4025,6,17,16,30.67,70.0,4.291,76.0,85.0,11.93,0,1.175,80,94.0
4026,6,17,17,28.91,69.3,4.291,43.8,49.0,11.3,0,1.1715,80,93.72
4027,6,17,18,29.63,68.0,4.291,63.5,71.0,9.81,0,1.165,80,93.2
4028,6,17,19,36.54,66.9,4.291,0.0,10.0,10.32,0,1.1595000000000002,80,92.76000000000002
4029,6,17,20,33.45,66.0,4.291,0.0,0.0,8.62,0,1.155,80,92.4
4030,6,17,21,28.0,65.5,4.291,0.0,0.0,8.17,0,1.1525,80,92.2
4031,6,17,22,28.13,64.9,4.291,0.0,0.0,6.59,0,1.1495000000000002,80,91.96000000000001
4032,6,17,23,30.37,64.4,4.291,0.0,0.0,6.54,0,1.147,80,91.76
4033,6,18,0,32.23,64.0,4.291,0.0,0.0,7.87,1,1.145,100,114.5
4034,6,18,1,29.06,63.7,4.291,0.0,0.0,8.42,1,1.1435000000000002,100,114.35000000000002
4035,6,18,2,27.64,63.3,4.291,0.0,0.0,8.74,1,1.1415000000000002,100,114.15000000000002
4036,6,18,3,28.46,63.1,4.291,0.0,0.0,8.24,1,1.1405,100,114.05000000000001
4037,6,18,4,29.14,63.1,4.291,0.0,0.0,8.59,1,1.1405,100,114.05000000000001
4038,6,18,5,33.28,63.5,4.291,31.3,35.0,8.12,1,1.1425,100,114.25
4039,6,18,6,39.63,64.8,4.291,87.1,98.0,8.85,1,1.149,100,114.9
4040,6,18,7,41.3,66.6,4.291,34.9,39.0,8.93,1,1.1580000000000001,100,115.80000000000001
4041,6,18,8,39.51,68.5,4.291,194.4,216.0,11.19,0,1.1675,80,93.4
4042,6,18,9,41.83,70.9,4.291,124.2,139.0,11.25,0,1.1795000000000002,80,94.36000000000001
4043,6,18,10,41.0,73.6,4.291,397.2,435.0,10.77,0,1.193,80,95.44
4044,6,18,11,43.8,75.9,4.291,179.6,201.0,9.95,0,1.2045000000000001,80,96.36000000000001
4045,6,18,12,44.04,77.5,4.291,154.6,173.0,9.1,0,1.2125000000000001,80,97.00000000000001
4046,6,18,13,41.94,78.1,4.291,306.9,342.0,8.74,0,1.2155,80,97.24000000000001
4047,6,18,14,40.3,78.3,4.291,310.0,345.0,8.4,0,1.2165000000000001,80,97.32000000000001
4048,6,18,15,46.7,78.1,4.291,469.1,540.0,7.47,0,1.2155,80,97.24000000000001
4049,6,18,16,60.81,77.5,4.291,338.5,413.0,8.77,0,1.2125000000000001,80,97.00000000000001
4050,6,18,17,67.16,76.6,4.291,171.4,197.0,8.22,0,1.208,80,96.64
4051,6,18,18,49.53,74.5,4.291,38.2,173.0,7.43,0,1.1975,80,95.8
4052,6,18,19,67.5,70.7,4.291,0.0,36.0,5.18,0,1.1785,80,94.28
4053,6,18,20,60.54,69.6,4.291,0.0,0.0,5.09,0,1.173,80,93.84
4054,6,18,21,48.41,68.9,4.291,0.0,0.0,4.31,0,1.1695000000000002,80,93.56000000000002
4055,6,18,22,38.97,68.4,4.291,0.0,0.0,4.65,0,1.167,80,93.36
4056,6,18,23,44.2,68.2,4.291,0.0,0.0,5.04,0,1.1660000000000001,80,93.28000000000002
4057,6,19,0,38.81,68.0,4.291,0.0,0.0,4.67,1,1.165,100,116.5
4058,6,19,1,33.85,67.8,4.291,0.0,0.0,4.19,1,1.1640000000000001,100,116.40000000000002
4059,6,19,2,31.24,67.3,4.291,0.0,0.0,2.9,1,1.1615,100,116.14999999999999
4060,6,19,3,31.87,66.9,4.291,0.0,0.0,3.37,1,1.1595000000000002,100,115.95000000000002
4061,6,19,4,34.16,66.9,4.291,0.0,0.0,2.97,1,1.1595000000000002,100,115.95000000000002
4062,6,19,5,36.13,69.1,4.291,38.4,43.0,3.01,1,1.1705,100,117.05000000000001
4063,6,19,6,42.78,72.5,4.291,82.1,92.0,1.82,1,1.1875,100,118.75
4064,6,19,7,45.06,76.5,4.291,135.8,152.0,1.2,1,1.2075,100,120.75
4065,6,19,8,46.67,79.7,4.291,292.9,325.0,1.69,0,1.2235,80,97.88
4066,6,19,9,45.83,82.0,4.291,431.5,470.0,1.69,0,1.235,80,98.80000000000001
4067,6,19,10,45.22,83.8,4.291,839.9,858.0,1.75,0,1.244,80,99.52
4068,6,19,11,55.04,85.3,4.291,923.7,928.0,2.5,0,1.2515,80,100.12
4069,6,19,12,58.46,86.0,4.291,935.9,943.0,2.87,0,1.2550000000000001,80,100.4
4070,6,19,13,65.9,86.0,4.291,872.8,900.0,1.97,0,1.2550000000000001,80,100.4
4071,6,19,14,73.08,85.3,4.291,535.6,582.0,1.67,0,1.2515,80,100.12
4072,6,19,15,76.25,84.2,4.291,287.3,320.0,2.07,0,1.246,80,99.68
4073,6,19,16,84.94,83.1,4.291,325.7,423.0,3.7,0,1.2405000000000002,80,99.24000000000001
4074,6,19,17,77.57,81.5,4.291,124.5,348.0,2.46,0,1.2325000000000002,80,98.60000000000001
4075,6,19,18,75.03,79.2,4.291,88.4,148.0,1.69,0,1.221,80,97.68
4076,6,19,19,76.06,76.8,4.291,0.0,37.0,3.38,0,1.209,80,96.72
4077,6,19,20,65.91,75.2,4.291,0.0,0.0,3.47,0,1.201,80,96.08000000000001
4078,6,19,21,52.58,74.3,4.291,0.0,0.0,4.19,0,1.1965000000000001,80,95.72000000000001
4079,6,19,22,50.49,73.8,4.291,0.0,0.0,5.46,0,1.1940000000000002,80,95.52000000000001
4080,6,19,23,43.91,73.2,4.291,0.0,0.0,5.59,0,1.191,80,95.28
4081,6,20,0,46.74,72.3,4.291,0.0,0.0,5.46,0,1.1865,80,94.92000000000002
4082,6,20,1,40.48,70.7,4.291,0.0,0.0,4.43,0,1.1785,80,94.28
4083,6,20,2,35.24,68.2,4.291,0.0,0.0,1.94,0,1.1660000000000001,80,93.28000000000002
4084,6,20,3,33.76,65.7,4.291,0.0,0.0,3.28,0,1.1535000000000002,80,92.28000000000002
4085,6,20,4,33.93,63.9,4.291,0.0,0.0,3.59,0,1.1445,80,91.56
4086,6,20,5,37.91,63.9,4.291,28.8,76.0,0.3,0,1.1445,80,91.56
4087,6,20,6,37.21,64.9,4.291,53.4,60.0,0.11,0,1.1495000000000002,80,91.96000000000001
4088,6,20,7,35.65,66.6,4.291,161.2,180.0,0.98,0,1.1580000000000001,80,92.64000000000001
4089,6,20,8,34.19,68.7,4.291,320.8,356.0,1.61,1,1.1685,100,116.85000000000001
4090,6,20,9,34.67,70.9,4.291,715.9,762.0,1.82,1,1.1795000000000002,100,117.95000000000002
4091,6,20,10,34.75,72.7,4.291,866.1,885.0,0.5,1,1.1885000000000001,100,118.85000000000001
4092,6,20,11,34.45,74.1,4.291,729.5,762.0,0.79,1,1.1955,100,119.55
4093,6,20,12,37.44,75.0,4.291,960.2,968.0,2.59,1,1.2000000000000002,100,120.00000000000001
4094,6,20,13,34.91,75.4,4.291,898.7,927.0,3.72,1,1.2020000000000002,100,120.20000000000002
4095,6,20,14,34.23,75.4,4.291,774.9,840.0,3.72,1,1.2020000000000002,100,120.20000000000002
4096,6,20,15,31.27,74.8,4.291,387.0,433.0,2.61,1,1.199,100,119.9
4097,6,20,16,35.59,73.6,4.291,367.9,541.0,2.95,0,1.193,80,95.44
4098,6,20,17,42.67,72.0,4.291,140.9,158.0,4.33,0,1.185,80,94.80000000000001
4099,6,20,18,50.14,69.3,4.291,30.2,185.0,4.11,0,1.1715,80,93.72
4100,6,20,19,53.18,66.2,4.291,0.0,40.0,6.06,0,1.1560000000000001,80,92.48000000000002
4101,6,20,20,42.78,64.2,4.291,0.0,0.0,7.02,0,1.1460000000000001,80,91.68
4102,6,20,21,35.02,62.8,4.291,0.0,0.0,6.59,0,1.139,80,91.12
4103,6,20,22,33.02,61.7,4.291,0.0,0.0,5.16,0,1.1335000000000002,80,90.68
4104,6,20,23,31.69,60.3,4.291,0.0,0.0,4.85,0,1.1265,80,90.12
4105,6,21,0,32.4,59.2,4.291,0.0,0.0,6.0,0,1.121,80,89.68
4106,6,21,1,30.79,58.5,4.291,0.0,0.0,4.7,0,1.1175000000000002,80,89.4
4107,6,21,2,30.58,58.3,4.291,0.0,0.0,2.82,1,1.1165,100,111.65
4108,6,21,3,30.17,58.5,4.291,0.0,0.0,1.73,1,1.1175000000000002,100,111.75000000000001
4109,6,21,4,32.07,58.1,4.291,0.0,0.0,2.94,1,1.1155000000000002,100,111.55000000000001
4110,6,21,5,29.97,61.7,4.291,32.5,73.0,2.71,1,1.1335000000000002,100,113.35000000000002
4111,6,21,6,29.81,65.8,4.291,124.4,233.0,2.95,1,1.1540000000000001,100,115.40000000000002
4112,6,21,7,30.68,70.0,4.291,311.4,417.0,3.67,1,1.175,100,117.5
4113,6,21,8,30.44,73.0,4.291,518.7,597.0,3.44,1,1.1900000000000002,100,119.00000000000001
4114,6,21,9,29.66,75.4,4.291,708.2,754.0,3.44,1,1.2020000000000002,100,120.20000000000002
4115,6,21,10,32.68,77.2,4.291,866.2,885.0,3.71,0,1.211,80,96.88000000000001
4116,6,21,11,33.32,78.8,4.291,950.6,955.0,4.9,0,1.219,80,97.52000000000001
4117,6,21,12,34.41,79.9,4.291,968.0,975.0,3.95,0,1.2245000000000001,80,97.96000000000001
4118,6,21,13,34.42,80.8,4.291,908.2,936.0,4.68,0,1.229,80,98.32000000000001
4119,6,21,14,32.08,81.0,4.291,731.6,793.0,4.66,0,1.23,80,98.4
4120,6,21,15,42.44,80.8,4.291,565.0,673.0,5.53,0,1.229,80,98.32000000000001
4121,6,21,16,50.38,80.8,4.291,370.0,548.0,5.66,0,1.229,80,98.32000000000001
4122,6,21,17,55.52,81.5,4.291,123.4,365.0,5.42,0,1.2325000000000002,80,98.60000000000001
4123,6,21,18,63.2,75.9,4.291,80.5,166.0,6.24,0,1.2045000000000001,80,96.36000000000001
4124,6,21,19,57.15,71.2,4.291,0.0,3.0,6.31,0,1.181,80,94.48
4125,6,21,20,54.37,69.8,4.291,0.0,0.0,7.49,0,1.1740000000000002,80,93.92000000000002
4126,6,21,21,46.88,69.4,4.291,0.0,0.0,8.19,0,1.1720000000000002,80,93.76000000000002
4127,6,21,22,41.89,69.4,4.291,0.0,0.0,8.41,0,1.1720000000000002,80,93.76000000000002
4128,6,21,23,36.41,70.3,4.291,0.0,0.0,7.04,0,1.1765,80,94.12
4129,6,22,0,34.59,70.0,4.291,0.0,0.0,5.22,0,1.175,80,94.0
4130,6,22,1,33.27,69.6,4.291,0.0,0.0,2.9,1,1.173,100,117.30000000000001
4131,6,22,2,30.45,69.4,4.291,0.0,0.0,2.26,1,1.1720000000000002,100,117.20000000000002
4132,6,22,3,28.5,69.1,4.291,0.0,0.0,0.94,1,1.1705,100,117.05000000000001
4133,6,22,4,26.86,68.5,4.291,0.0,0.0,1.87,1,1.1675,100,116.75
4134,6,22,5,24.2,69.3,4.291,19.7,22.0,3.69,1,1.1715,100,117.15
4135,6,22,6,26.67,70.5,4.291,34.0,38.0,5.69,1,1.1775,100,117.75
4136,6,22,7,27.93,73.6,4.291,37.5,42.0,3.99,1,1.193,100,119.30000000000001
4137,6,22,8,29.95,77.5,4.291,309.3,344.0,4.8,1,1.2125000000000001,100,121.25000000000001
4138,6,22,9,39.02,79.3,4.291,527.6,570.0,5.44,0,1.2215,80,97.72
4139,6,22,10,44.17,81.5,4.291,813.7,833.0,5.63,0,1.2325000000000002,80,98.60000000000001
4140,6,22,11,49.98,83.5,4.291,900.8,907.0,5.15,0,1.2425000000000002,80,99.4
4141,6,22,12,63.68,84.9,4.291,502.3,541.0,4.54,0,1.2495,80,99.96000000000001
4142,6,22,13,55.34,86.2,4.291,398.5,439.0,5.11,0,1.2560000000000002,80,100.48000000000002
4143,6,22,14,66.6,86.7,4.291,554.3,604.0,5.76,0,1.2585000000000002,80,100.68
4144,6,22,15,74.8,86.5,4.291,107.2,120.0,5.21,0,1.2575,80,100.60000000000001
4145,6,22,16,89.82,85.5,4.291,360.8,527.0,5.14,0,1.2525000000000002,80,100.20000000000002
4146,6,22,17,62.21,83.8,4.291,179.1,310.0,4.96,0,1.244,80,99.52
4147,6,22,18,64.89,80.8,4.291,91.9,172.0,4.69,0,1.229,80,98.32000000000001
4148,6,22,19,63.12,77.2,4.291,0.0,31.0,4.59,0,1.211,80,96.88000000000001
4149,6,22,20,48.69,75.6,4.291,0.0,0.0,6.86,0,1.203,80,96.24000000000001
4150,6,22,21,47.29,73.9,4.291,0.0,0.0,6.27,0,1.1945000000000001,80,95.56
4151,6,22,22,45.35,72.0,4.291,0.0,0.0,5.21,0,1.185,80,94.80000000000001
4152,6,22,23,60.68,70.3,4.291,0.0,0.0,3.96,0,1.1765,80,94.12
4153,6,23,0,56.26,69.4,4.291,0.0,0.0,3.2,0,1.1720000000000002,80,93.76000000000002
4154,6,23,1,51.17,68.7,4.291,0.0,0.0,1.37,1,1.1685,100,116.85000000000001
4155,6,23,2,43.05,68.2,4.291,0.0,0.0,1.28,1,1.1660000000000001,100,116.60000000000001
4156,6,23,3,43.05,67.3,4.291,0.0,0.0,0.99,1,1.1615,100,116.14999999999999
4157,6,23,4,46.77,68.0,4.291,0.0,0.0,0.46,1,1.165,100,116.5
4158,6,23,5,51.78,72.3,4.291,20.6,23.0,0.84,1,1.1865,100,118.65
4159,6,23,6,51.4,75.9,4.291,130.0,147.0,1.06,1,1.2045000000000001,100,120.45000000000002
4160,6,23,7,51.18,80.4,4.291,222.9,251.0,1.62,1,1.227,100,122.7
4161,6,23,8,50.85,83.8,4.291,485.7,557.0,2.9,1,1.244,100,124.4
4162,6,23,9,65.88,86.5,4.291,668.3,712.0,3.59,0,1.2575,80,100.60000000000001
4163,6,23,10,67.23,88.7,4.291,814.5,834.0,4.1,0,1.2685000000000002,80,101.48000000000002
4164,6,23,11,85.44,90.1,4.291,817.5,826.0,4.87,0,1.2755,80,102.04
4165,6,23,12,124.23,90.9,4.291,710.6,744.0,4.02,0,1.2795,80,102.36000000000001
4166,6,23,13,147.99,90.9,4.291,859.5,887.0,3.78,0,1.2795,80,102.36000000000001
4167,6,23,14,194.35,90.5,4.291,744.3,806.0,4.87,0,1.2775,80,102.2
4168,6,23,15,213.11,89.6,4.291,575.2,685.0,5.08,0,1.2730000000000001,80,101.84
4169,6,23,16,235.54,88.5,4.291,363.6,532.0,5.51,0,1.2675,80,101.4
4170,6,23,17,241.68,86.7,4.291,126.4,360.0,5.25,0,1.2585000000000002,80,100.68
4171,6,23,18,239.6,83.5,4.291,100.9,134.0,5.54,0,1.2425000000000002,80,99.4
4172,6,23,19,220.68,80.1,4.291,0.0,42.0,4.23,0,1.2255,80,98.04
4173,6,23,20,190.06,79.0,4.291,0.0,0.0,5.58,0,1.2200000000000002,80,97.60000000000002
4174,6,23,21,80.9,78.4,4.291,0.0,0.0,5.51,0,1.217,80,97.36000000000001
4175,6,23,22,67.04,77.7,4.291,0.0,0.0,4.69,0,1.2135,80,97.08
4176,6,23,23,51.28,76.8,4.291,0.0,0.0,4.62,0,1.209,80,96.72
4177,6,24,0,48.98,76.8,4.291,0.0,0.0,4.07,1,1.209,100,120.9
4178,6,24,1,45.67,76.8,4.291,0.0,0.0,4.41,1,1.209,100,120.9
4179,6,24,2,43.29,76.5,4.291,0.0,0.0,4.97,1,1.2075,100,120.75
4180,6,24,3,41.85,75.6,4.291,0.0,0.0,3.28,1,1.203,100,120.30000000000001
4181,6,24,4,43.8,73.9,4.291,0.0,0.0,4.65,1,1.1945000000000001,100,119.45000000000002
4182,6,24,5,52.01,76.3,4.291,27.8,76.0,4.84,1,1.2065000000000001,100,120.65
4183,6,24,6,57.1,79.3,4.291,121.6,241.0,4.1,1,1.2215,100,122.15
4184,6,24,7,68.22,82.8,4.291,315.5,427.0,4.47,1,1.239,100,123.9
4185,6,24,8,68.11,85.8,4.291,525.3,606.0,7.23,0,1.254,80,100.32
4186,6,24,9,70.98,88.3,4.291,714.7,761.0,7.23,0,1.2665000000000002,80,101.32000000000002
4187,6,24,10,85.85,90.0,4.291,864.5,883.0,4.96,0,1.2750000000000001,80,102.00000000000001
4188,6,24,11,127.19,91.2,4.291,951.2,955.0,3.91,0,1.2810000000000001,80,102.48000000000002
4189,6,24,12,175.34,91.8,4.291,967.9,974.0,3.69,0,1.284,80,102.72
4190,6,24,13,196.52,91.9,4.291,902.1,929.0,3.37,0,1.2845000000000002,80,102.76000000000002
4191,6,24,14,288.44,91.4,4.291,772.1,836.0,4.57,0,1.282,80,102.56
4192,6,24,15,333.52,90.7,4.291,587.7,702.0,7.33,0,1.2785000000000002,80,102.28000000000002
4193,6,24,16,400.0,89.2,4.291,364.9,538.0,7.42,0,1.2710000000000001,80,101.68
4194,6,24,17,449.44,87.4,4.291,124.1,359.0,5.74,0,1.262,80,100.96000000000001
4195,6,24,18,393.19,84.6,4.291,84.9,95.0,5.37,0,1.248,80,99.84
4196,6,24,19,313.67,81.9,4.291,0.0,40.0,5.64,0,1.2345000000000002,80,98.76000000000002
4197,6,24,20,192.13,80.4,4.291,0.0,0.0,6.23,0,1.227,80,98.16000000000001
4198,6,24,21,103.27,79.0,4.291,0.0,0.0,7.74,0,1.2200000000000002,80,97.60000000000002
4199,6,24,22,51.76,77.9,4.291,0.0,0.0,6.74,0,1.2145000000000001,80,97.16000000000001
4200,6,24,23,62.93,76.8,4.291,0.0,0.0,6.84,0,1.209,80,96.72
4201,6,25,0,62.84,76.1,4.291,0.0,0.0,7.61,0,1.2055,80,96.44
4202,6,25,1,56.06,75.4,4.291,0.0,0.0,6.24,0,1.2020000000000002,80,96.16000000000001
4203,6,25,2,55.8,74.8,4.291,0.0,0.0,7.27,0,1.199,80,95.92
4204,6,25,3,64.22,74.3,4.291,0.0,0.0,7.5,0,1.1965000000000001,80,95.72000000000001
4205,6,25,4,67.16,74.3,4.291,0.0,0.0,6.82,1,1.1965000000000001,100,119.65
4206,6,25,5,67.85,75.9,4.291,33.0,67.0,6.08,1,1.2045000000000001,100,120.45000000000002
4207,6,25,6,73.14,78.8,4.291,120.0,219.0,6.11,1,1.219,100,121.9
4208,6,25,7,57.57,81.7,4.291,296.0,394.0,4.14,1,1.2335,100,123.35000000000001
4209,6,25,8,59.41,83.8,4.291,493.1,567.0,2.91,1,1.244,100,124.4
4210,6,25,9,56.97,85.3,4.291,675.1,719.0,1.56,1,1.2515,100,125.15
4211,6,25,10,55.81,86.4,4.291,830.0,848.0,0.91,1,1.2570000000000001,100,125.70000000000002
4212,6,25,11,57.52,87.1,4.291,123.3,138.0,1.95,1,1.2605,100,126.05
4213,6,25,12,91.74,87.6,4.291,742.3,769.0,1.68,0,1.2630000000000001,80,101.04
4214,6,25,13,88.45,87.6,4.291,498.4,538.0,2.37,0,1.2630000000000001,80,101.04
4215,6,25,14,119.91,87.3,4.291,468.7,512.0,2.85,0,1.2615,80,100.92
4216,6,25,15,140.0,86.4,4.291,582.5,695.0,2.87,0,1.2570000000000001,80,100.56
4217,6,25,16,157.97,85.6,4.291,360.5,521.0,2.8,0,1.2530000000000001,80,100.24000000000001
4218,6,25,17,201.27,84.2,4.291,16.1,18.0,1.49,0,1.246,80,99.68
4219,6,25,18,178.15,81.1,4.291,25.7,185.0,1.38,0,1.2305000000000001,80,98.44000000000001
4220,6,25,19,109.87,77.0,4.291,0.0,41.0,2.69,0,1.2100000000000002,80,96.80000000000001
4221,6,25,20,57.98,76.1,4.291,0.0,0.0,8.92,0,1.2055,80,96.44
4222,6,25,21,41.12,74.7,4.291,0.0,0.0,4.43,0,1.1985000000000001,80,95.88000000000001
4223,6,25,22,48.71,73.0,4.291,0.0,0.0,2.78,0,1.1900000000000002,80,95.20000000000002
4224,6,25,23,52.31,71.6,4.291,0.0,0.0,2.97,0,1.183,80,94.64
4225,6,26,0,47.73,70.2,4.291,0.0,0.0,4.27,0,1.1760000000000002,80,94.08000000000001
4226,6,26,1,47.2,68.9,4.291,0.0,0.0,2.23,0,1.1695000000000002,80,93.56000000000002
4227,6,26,2,40.16,67.6,4.291,0.0,0.0,1.95,0,1.163,80,93.04
4228,6,26,3,39.64,66.9,4.291,0.0,0.0,2.28,0,1.1595000000000002,80,92.76000000000002
4229,6,26,4,44.31,66.6,4.291,0.0,0.0,3.29,0,1.1580000000000001,80,92.64000000000001
4230,6,26,5,49.19,67.3,4.291,31.2,67.0,3.79,0,1.1615,80,92.92
4231,6,26,6,51.93,68.7,4.291,42.9,48.0,3.49,0,1.1685,80,93.48
4232,6,26,7,49.36,69.3,4.291,194.3,218.0,4.05,0,1.1715,80,93.72
4233,6,26,8,51.95,69.8,4.291,300.1,333.0,4.81,0,1.1740000000000002,80,93.92000000000002
4234,6,26,9,49.17,70.9,4.291,309.8,343.0,6.31,0,1.1795000000000002,80,94.36000000000001
4235,6,26,10,49.25,71.6,4.291,392.5,430.0,5.54,0,1.183,80,94.64
4236,6,26,11,45.24,72.0,4.291,90.3,101.0,7.07,0,1.185,80,94.80000000000001
4237,6,26,12,47.88,71.1,4.291,84.0,94.0,5.62,0,1.1805,80,94.44000000000001
4238,6,26,13,41.88,70.0,4.291,254.7,283.0,6.99,0,1.175,80,94.0
4239,6,26,14,38.37,68.9,4.291,33.1,37.0,7.8,0,1.1695000000000002,80,93.56000000000002
4240,6,26,15,48.13,67.8,4.291,196.6,219.0,7.47,0,1.1640000000000001,80,93.12
4241,6,26,16,35.74,67.1,4.291,162.6,182.0,6.22,1,1.1605,100,116.05000000000001
4242,6,26,17,25.72,66.2,4.291,30.4,34.0,4.62,1,1.1560000000000001,100,115.60000000000001
4243,6,26,18,25.95,64.8,4.291,22.3,25.0,6.16,1,1.149,100,114.9
4244,6,26,19,36.28,62.8,4.291,0.0,2.0,6.65,1,1.139,100,113.9
4245,6,26,20,32.74,61.5,4.291,0.0,0.0,11.06,1,1.1325,100,113.25
4246,6,26,21,32.79,60.8,4.291,0.0,0.0,6.75,1,1.129,100,112.9
4247,6,26,22,28.31,60.4,4.291,0.0,0.0,6.82,1,1.127,100,112.7
4248,6,26,23,40.48,60.4,4.291,0.0,0.0,4.44,1,1.127,100,112.7
4249,6,27,0,38.39,59.9,4.291,0.0,0.0,6.69,0,1.1245,80,89.96000000000001
4250,6,27,1,35.05,59.2,4.291,0.0,0.0,5.55,0,1.121,80,89.68
4251,6,27,2,32.57,58.8,4.291,0.0,0.0,7.69,0,1.119,80,89.52
4252,6,27,3,33.17,58.6,4.291,0.0,0.0,7.81,0,1.118,80,89.44000000000001
4253,6,27,4,34.53,58.6,4.291,0.0,0.0,6.68,0,1.118,80,89.44000000000001
4254,6,27,5,39.28,60.8,4.291,3.6,4.0,4.19,0,1.129,80,90.32
4255,6,27,6,38.57,63.1,4.291,62.6,70.0,5.7,0,1.1405,80,91.24000000000001
4256,6,27,7,43.77,65.7,4.291,125.4,140.0,4.6,0,1.1535000000000002,80,92.28000000000002
4257,6,27,8,37.56,67.8,4.291,208.2,232.0,5.96,0,1.1640000000000001,80,93.12
4258,6,27,9,33.59,69.3,4.291,359.9,395.0,6.48,1,1.1715,100,117.15
4259,6,27,10,34.6,70.5,4.291,651.3,685.0,6.82,1,1.1775,100,117.75
4260,6,27,11,33.28,71.4,4.291,541.4,577.0,5.64,1,1.1820000000000002,100,118.20000000000002
4261,6,27,12,29.33,72.1,4.291,528.6,567.0,7.73,1,1.1855,100,118.55
4262,6,27,13,29.34,72.5,4.291,537.4,577.0,7.76,1,1.1875,100,118.75
4263,6,27,14,29.96,71.8,4.291,758.1,819.0,6.62,1,1.1840000000000002,100,118.40000000000002
4264,6,27,15,31.03,70.7,4.291,450.7,508.0,5.42,1,1.1785,100,117.85000000000001
4265,6,27,16,34.25,69.4,4.291,220.5,247.0,5.88,1,1.1720000000000002,100,117.20000000000002
4266,6,27,17,34.98,67.8,4.291,83.1,93.0,6.29,0,1.1640000000000001,80,93.12
4267,6,27,18,35.04,66.0,4.291,34.9,39.0,7.12,0,1.155,80,92.4
4268,6,27,19,34.99,63.3,4.291,0.0,31.0,6.98,0,1.1415000000000002,80,91.32000000000002
4269,6,27,20,33.32,61.9,4.291,0.0,0.0,7.47,0,1.1345,80,90.76
4270,6,27,21,30.21,61.0,4.291,0.0,0.0,7.82,0,1.1300000000000001,80,90.4
4271,6,27,22,28.0,60.1,4.291,0.0,0.0,7.58,0,1.1255000000000002,80,90.04000000000002
4272,6,27,23,30.36,59.4,4.291,0.0,0.0,6.44,0,1.122,80,89.76
4273,6,28,0,32.84,58.6,4.291,0.0,0.0,5.78,1,1.118,100,111.80000000000001
4274,6,28,1,31.02,58.1,4.291,0.0,0.0,4.53,1,1.1155000000000002,100,111.55000000000001
4275,6,28,2,30.49,57.6,4.291,0.0,0.0,7.02,1,1.113,100,111.3
4276,6,28,3,29.79,57.2,4.291,0.0,0.0,6.43,1,1.1110000000000002,100,111.10000000000002
4277,6,28,4,29.79,57.0,4.291,0.0,0.0,5.3,1,1.11,100,111.00000000000001
4278,6,28,5,27.32,57.6,4.291,47.4,53.0,4.29,1,1.113,100,111.3
4279,6,28,6,26.15,59.5,4.291,7.1,8.0,2.99,1,1.1225,100,112.25
4280,6,28,7,26.82,62.8,4.291,61.7,69.0,3.27,1,1.139,100,113.9
4281,6,28,8,32.96,66.6,4.291,62.6,70.0,4.02,0,1.1580000000000001,80,92.64000000000001
4282,6,28,9,32.08,70.5,4.291,156.1,174.0,4.92,0,1.1775,80,94.2
4283,6,28,10,32.88,73.8,4.291,188.6,211.0,4.3,0,1.1940000000000002,80,95.52000000000001
4284,6,28,11,32.0,76.1,4.291,206.5,231.0,4.24,0,1.2055,80,96.44
4285,6,28,12,31.7,77.7,4.291,412.5,454.0,5.62,0,1.2135,80,97.08
4286,6,28,13,28.91,78.8,4.291,602.2,644.0,5.36,0,1.219,80,97.52000000000001
4287,6,28,14,32.45,79.3,4.291,746.8,806.0,7.45,0,1.2215,80,97.72
4288,6,28,15,45.99,79.0,4.291,575.2,681.0,9.11,0,1.2200000000000002,80,97.60000000000002
4289,6,28,16,47.16,78.3,4.291,363.9,523.0,9.38,0,1.2165000000000001,80,97.32000000000001
4290,6,28,17,45.97,77.2,4.291,184.0,314.0,8.75,0,1.211,80,96.88000000000001
4291,6,28,18,55.62,75.4,4.291,88.0,102.0,6.58,0,1.2020000000000002,80,96.16000000000001
4292,6,28,19,60.54,72.5,4.291,0.0,37.0,9.22,0,1.1875,80,95.0
4293,6,28,20,55.32,71.8,4.291,0.0,0.0,9.32,0,1.1840000000000002,80,94.72000000000001
4294,6,28,21,47.73,70.7,4.291,0.0,0.0,10.96,0,1.1785,80,94.28
4295,6,28,22,37.3,70.0,4.291,0.0,0.0,9.95,0,1.175,80,94.0
4296,6,28,23,35.25,69.6,4.291,0.0,0.0,9.72,0,1.173,80,93.84
4297,6,29,0,33.33,69.1,4.291,0.0,0.0,8.48,0,1.1705,80,93.64000000000001
4298,6,29,1,31.42,68.7,4.291,0.0,0.0,8.4,0,1.1685,80,93.48
4299,6,29,2,32.81,68.4,4.291,0.0,0.0,7.8,0,1.167,80,93.36
4300,6,29,3,32.28,67.5,4.291,0.0,0.0,6.85,1,1.1625,100,116.25000000000001
4301,6,29,4,31.21,66.9,4.291,0.0,0.0,7.96,1,1.1595000000000002,100,115.95000000000002
4302,6,29,5,31.11,67.6,4.291,31.9,69.0,8.35,1,1.163,100,116.3
4303,6,29,6,31.29,68.2,4.291,120.8,232.0,7.56,1,1.1660000000000001,100,116.60000000000001
4304,6,29,7,31.95,69.4,4.291,313.5,423.0,6.7,1,1.1720000000000002,100,117.20000000000002
4305,6,29,8,32.11,71.8,4.291,525.9,606.0,5.24,1,1.1840000000000002,100,118.40000000000002
4306,6,29,9,30.81,73.9,4.291,716.8,762.0,5.47,1,1.1945000000000001,100,119.45000000000002
4307,6,29,10,32.66,75.9,4.291,528.3,566.0,4.2,1,1.2045000000000001,100,120.45000000000002
4308,6,29,11,38.41,77.5,4.291,597.9,634.0,3.95,0,1.2125000000000001,80,97.00000000000001
4309,6,29,12,39.0,78.6,4.291,745.4,775.0,6.31,0,1.218,80,97.44
4310,6,29,13,39.62,79.2,4.291,536.8,576.0,4.81,0,1.221,80,97.68
4311,6,29,14,41.16,79.2,4.291,620.4,672.0,4.47,0,1.221,80,97.68
4312,6,29,15,39.88,78.6,4.291,338.4,377.0,4.41,0,1.218,80,97.44
4313,6,29,16,54.39,77.5,4.291,267.3,305.0,4.36,0,1.2125000000000001,80,97.00000000000001
4314,6,29,17,66.6,75.7,4.291,204.5,266.0,2.91,0,1.2035,80,96.28
4315,6,29,18,77.84,72.7,4.291,84.1,95.0,3.4,0,1.1885000000000001,80,95.08000000000001
4316,6,29,19,55.92,67.6,4.291,0.0,27.0,2.24,0,1.163,80,93.04
4317,6,29,20,55.26,65.8,4.291,0.0,0.0,2.89,0,1.1540000000000001,80,92.32000000000001
4318,6,29,21,49.74,64.9,4.291,0.0,0.0,2.11,0,1.1495000000000002,80,91.96000000000001
4319,6,29,22,43.16,64.0,4.291,0.0,0.0,3.69,0,1.145,80,91.6
4320,6,29,23,34.3,63.5,4.291,0.0,0.0,2.01,0,1.1425,80,91.4
4321,6,30,0,42.31,63.1,4.291,0.0,0.0,2.51,0,1.1405,80,91.24000000000001
4322,6,30,1,33.03,63.1,4.291,0.0,0.0,2.26,1,1.1405,100,114.05000000000001
4323,6,30,2,31.28,63.3,4.291,0.0,0.0,0.32,1,1.1415000000000002,100,114.15000000000002
4324,6,30,3,33.01,63.5,4.291,0.0,0.0,0.46,1,1.1425,100,114.25
4325,6,30,4,34.13,63.3,4.291,0.0,0.0,0.34,1,1.1415000000000002,100,114.15000000000002
4326,6,30,5,36.33,65.7,4.291,44.7,50.0,1.68,1,1.1535000000000002,100,115.35000000000002
4327,6,30,6,41.96,69.4,4.291,89.2,100.0,1.38,1,1.1720000000000002,100,117.20000000000002
4328,6,30,7,35.06,73.4,4.291,204.9,230.0,0.41,1,1.1920000000000002,100,119.20000000000002
4329,6,30,8,35.34,76.1,4.291,517.6,596.0,0.71,1,1.2055,100,120.55
4330,6,30,9,37.11,78.3,4.291,708.8,753.0,1.5,0,1.2165000000000001,80,97.32000000000001
4331,6,30,10,40.74,80.2,4.291,856.6,873.0,1.14,0,1.2260000000000002,80,98.08000000000001
4332,6,30,11,44.84,81.5,4.291,942.4,944.0,1.52,0,1.2325000000000002,80,98.60000000000001
4333,6,30,12,47.32,81.7,4.291,876.1,880.0,2.8,0,1.2335,80,98.68
4334,6,30,13,44.62,81.9,4.291,738.7,768.0,1.38,0,1.2345000000000002,80,98.76000000000002
4335,6,30,14,46.41,82.4,4.291,782.6,843.0,3.23,0,1.237,80,98.96000000000001
4336,6,30,15,61.01,82.6,4.291,603.2,716.0,3.91,0,1.238,80,99.03999999999999
4337,6,30,16,95.62,82.2,4.291,377.5,553.0,3.45,0,1.2360000000000002,80,98.88000000000002
4338,6,30,17,129.5,80.6,4.291,128.6,369.0,3.45,0,1.228,80,98.24
4339,6,30,18,102.42,76.1,4.291,28.6,186.0,4.12,0,1.2055,80,96.44
4340,6,30,19,96.88,72.7,4.291,0.0,39.0,2.15,0,1.1885000000000001,80,95.08000000000001
4341,6,30,20,73.92,71.6,4.291,0.0,0.0,3.36,0,1.183,80,94.64
4342,6,30,21,44.86,71.4,4.291,0.0,0.0,3.42,0,1.1820000000000002,80,94.56000000000002
4343,6,30,22,46.25,71.2,4.291,0.0,0.0,4.28,0,1.181,80,94.48
4344,6,30,23,50.63,71.2,4.291,0.0,0.0,4.13,0,1.181,80,94.48
4345,7,1,0,47.1,70.9,4.436,0.0,0.0,3.49,1,1.1795000000000002,100,117.95000000000002
4346,7,1,1,43.77,70.7,4.436,0.0,0.0,4.25,1,1.1785,100,117.85000000000001
4347,7,1,2,38.82,70.5,4.436,0.0,0.0,4.67,1,1.1775,100,117.75
4348,7,1,3,39.53,70.7,4.436,0.0,0.0,2.67,1,1.1785,100,117.85000000000001
4349,7,1,4,44.14,70.9,4.436,0.0,0.0,2.22,1,1.1795000000000002,100,117.95000000000002
4350,7,1,5,46.64,71.6,4.436,45.6,51.0,2.66,1,1.183,100,118.30000000000001
4351,7,1,6,52.16,73.0,4.436,30.4,34.0,2.78,1,1.1900000000000002,100,119.00000000000001
4352,7,1,7,54.58,75.4,4.436,67.0,75.0,1.51,1,1.2020000000000002,100,120.20000000000002
4353,7,1,8,56.24,77.9,4.436,304.4,338.0,2.28,0,1.2145000000000001,80,97.16000000000001
4354,7,1,9,55.98,80.2,4.436,338.0,372.0,3.17,0,1.2260000000000002,80,98.08000000000001
4355,7,1,10,59.19,81.5,4.436,262.7,293.0,5.1,0,1.2325000000000002,80,98.60000000000001
4356,7,1,11,64.1,82.4,4.436,891.4,894.0,5.47,0,1.237,80,98.96000000000001
4357,7,1,12,71.7,81.9,4.436,786.1,808.0,5.01,0,1.2345000000000002,80,98.76000000000002
4358,7,1,13,72.12,81.0,4.436,685.9,723.0,4.65,0,1.23,80,98.4
4359,7,1,14,75.3,80.8,4.436,744.5,801.0,5.22,0,1.229,80,98.32000000000001
4360,7,1,15,80.07,80.6,4.436,579.2,684.0,5.89,0,1.228,80,98.24
4361,7,1,16,87.14,79.5,4.436,162.5,182.0,5.39,0,1.2225000000000001,80,97.80000000000001
4362,7,1,17,79.16,77.9,4.436,9.8,11.0,6.44,0,1.2145000000000001,80,97.16000000000001
4363,7,1,18,80.14,76.3,4.436,95.6,116.0,6.89,0,1.2065000000000001,80,96.52000000000001
4364,7,1,19,73.5,74.5,4.436,0.0,18.0,6.67,0,1.1975,80,95.8
4365,7,1,20,70.82,73.4,4.436,0.0,0.0,7.49,0,1.1920000000000002,80,95.36000000000001
4366,7,1,21,63.76,72.3,4.436,0.0,0.0,8.17,0,1.1865,80,94.92000000000002
4367,7,1,22,47.6,71.6,4.436,0.0,0.0,8.56,0,1.183,80,94.64
4368,7,1,23,51.02,70.9,4.436,0.0,0.0,7.61,0,1.1795000000000002,80,94.36000000000001
4369,7,2,0,49.88,70.7,4.436,0.0,0.0,7.28,1,1.1785,100,117.85000000000001
4370,7,2,1,44.76,70.2,4.436,0.0,0.0,6.54,1,1.1760000000000002,100,117.60000000000002
4371,7,2,2,40.69,69.8,4.436,0.0,0.0,5.79,1,1.1740000000000002,100,117.40000000000002
4372,7,2,3,41.24,69.4,4.436,0.0,0.0,5.3,1,1.1720000000000002,100,117.20000000000002
4373,7,2,4,44.75,69.1,4.436,0.0,0.0,5.6,1,1.1705,100,117.05000000000001
4374,7,2,5,54.31,69.4,4.436,33.1,37.0,6.32,1,1.1720000000000002,100,117.20000000000002
4375,7,2,6,46.73,70.5,4.436,109.2,125.0,5.9,1,1.1775,100,117.75
4376,7,2,7,54.63,72.3,4.436,152.7,171.0,5.72,1,1.1865,100,118.65
4377,7,2,8,55.73,75.0,4.436,369.0,412.0,4.01,0,1.2000000000000002,80,96.00000000000001
4378,7,2,9,50.49,75.0,4.436,647.1,687.0,4.2,0,1.2000000000000002,80,96.00000000000001
4379,7,2,10,55.36,76.3,4.436,759.9,776.0,4.86,0,1.2065000000000001,80,96.52000000000001
4380,7,2,11,55.71,78.8,4.436,821.8,828.0,4.79,0,1.219,80,97.52000000000001
4381,7,2,12,57.26,81.5,4.436,781.1,796.0,4.79,0,1.2325000000000002,80,98.60000000000001
4382,7,2,13,56.96,82.6,4.436,741.8,769.0,3.4,0,1.238,80,99.03999999999999
4383,7,2,14,59.53,82.8,4.436,664.0,714.0,3.13,0,1.239,80,99.12
4384,7,2,15,76.33,81.9,4.436,479.9,549.0,2.2,0,1.2345000000000002,80,98.76000000000002
4385,7,2,16,77.54,80.6,4.436,376.2,532.0,1.43,0,1.228,80,98.24
4386,7,2,17,84.6,79.2,4.436,135.6,362.0,1.56,0,1.221,80,97.68
4387,7,2,18,80.35,76.1,4.436,32.4,184.0,0.78,0,1.2055,80,96.44
4388,7,2,19,80.65,71.8,4.436,0.0,40.0,1.37,0,1.1840000000000002,80,94.72000000000001
4389,7,2,20,71.73,70.9,4.436,0.0,0.0,2.5,0,1.1795000000000002,80,94.36000000000001
4390,7,2,21,54.06,70.3,4.436,0.0,0.0,2.32,0,1.1765,80,94.12
4391,7,2,22,45.01,69.3,4.436,0.0,0.0,0.74,0,1.1715,80,93.72
4392,7,2,23,40.07,68.4,4.436,0.0,0.0,2.58,0,1.167,80,93.36
4393,7,3,0,43.52,67.6,4.436,0.0,0.0,4.9,0,1.163,80,93.04
4394,7,3,1,37.46,66.7,4.436,0.0,0.0,4.16,1,1.1585,100,115.85000000000001
4395,7,3,2,35.71,65.5,4.436,0.0,0.0,3.12,1,1.1525,100,115.25000000000001
4396,7,3,3,35.7,64.8,4.436,0.0,0.0,3.37,1,1.149,100,114.9
4397,7,3,4,37.54,64.6,4.436,0.0,0.0,3.95,1,1.1480000000000001,100,114.80000000000001
4398,7,3,5,44.28,68.2,4.436,30.7,61.0,5.12,1,1.1660000000000001,100,116.60000000000001
4399,7,3,6,43.31,71.6,4.436,124.5,141.0,5.79,1,1.183,100,118.30000000000001
4400,7,3,7,40.49,75.7,4.436,296.7,394.0,3.9,1,1.2035,100,120.35
4401,7,3,8,39.63,78.3,4.436,498.3,571.0,4.25,1,1.2165000000000001,100,121.65000000000002
4402,7,3,9,38.72,79.7,4.436,682.9,724.0,2.68,0,1.2235,80,97.88
4403,7,3,10,40.35,79.7,4.436,114.4,128.0,3.22,0,1.2235,80,97.88
4404,7,3,11,50.26,79.2,4.436,909.5,910.0,3.21,0,1.221,80,97.68
4405,7,3,12,52.21,77.9,4.436,924.6,927.0,2.83,0,1.2145000000000001,80,97.16000000000001
4406,7,3,13,59.59,77.7,4.436,450.2,490.0,3.91,0,1.2135,80,97.08
4407,7,3,14,63.83,78.6,4.436,768.8,825.0,3.36,0,1.218,80,97.44
4408,7,3,15,75.32,78.3,4.436,591.3,696.0,2.68,0,1.2165000000000001,80,97.32000000000001
4409,7,3,16,81.16,77.0,4.436,346.1,442.0,1.61,0,1.2100000000000002,80,96.80000000000001
4410,7,3,17,81.09,75.2,4.436,7.1,8.0,1.03,0,1.201,80,96.08000000000001
4411,7,3,18,75.99,72.1,4.436,34.9,39.0,0.97,0,1.1855,80,94.84
4412,7,3,19,74.78,69.1,4.436,0.0,35.0,2.69,0,1.1705,80,93.64000000000001
4413,7,3,20,60.51,67.6,4.436,0.0,0.0,2.5,0,1.163,80,93.04
4414,7,3,21,49.53,65.8,4.436,0.0,0.0,3.0,0,1.1540000000000001,80,92.32000000000001
4415,7,3,22,40.08,64.4,4.436,0.0,0.0,2.27,0,1.147,80,91.76
4416,7,3,23,47.58,63.3,4.436,0.0,0.0,1.45,0,1.1415000000000002,80,91.32000000000002
4417,7,4,0,39.85,63.0,4.436,0.0,0.0,0.78,0,1.1400000000000001,80,91.20000000000002
4418,7,4,1,34.91,62.4,4.436,0.0,0.0,2.94,0,1.137,80,90.96000000000001
4419,7,4,2,32.86,61.9,4.436,0.0,0.0,4.92,0,1.1345,80,90.76
4420,7,4,3,32.22,60.4,4.436,0.0,0.0,3.75,0,1.127,80,90.16
4421,7,4,4,33.08,59.4,4.436,0.0,0.0,2.78,0,1.122,80,89.76
4422,7,4,5,34.77,61.0,4.436,19.7,22.0,1.65,0,1.1300000000000001,80,90.4
4423,7,4,6,31.88,63.1,4.436,114.9,231.0,0.84,0,1.1405,80,91.24000000000001
4424,7,4,7,29.54,66.0,4.436,309.5,418.0,0.98,1,1.155,100,115.5
4425,7,4,8,29.28,68.4,4.436,525.2,603.0,1.13,1,1.167,100,116.7
4426,7,4,9,29.29,70.2,4.436,722.7,765.0,0.2,1,1.1760000000000002,100,117.60000000000002
4427,7,4,10,29.56,72.0,4.436,873.8,887.0,2.72,1,1.185,100,118.5
4428,7,4,11,29.42,73.4,4.436,965.5,963.0,1.3,1,1.1920000000000002,100,119.20000000000002
4429,7,4,12,30.13,74.7,4.436,658.8,694.0,1.94,1,1.1985000000000001,100,119.85000000000001
4430,7,4,13,29.43,75.2,4.436,928.6,948.0,4.34,1,1.201,100,120.10000000000001
4431,7,4,14,27.75,75.2,4.436,805.5,863.0,2.5,1,1.201,100,120.10000000000001
4432,7,4,15,35.5,74.8,4.436,620.0,731.0,1.43,0,1.199,80,95.92
4433,7,4,16,51.98,73.8,4.436,390.7,567.0,0.1,0,1.1940000000000002,80,95.52000000000001
4434,7,4,17,61.94,72.1,4.436,133.8,382.0,1.86,0,1.1855,80,94.84
4435,7,4,18,62.54,68.2,4.436,21.2,197.0,2.31,0,1.1660000000000001,80,93.28000000000002
4436,7,4,19,56.23,64.0,4.436,0.0,43.0,1.32,0,1.145,80,91.6
4437,7,4,20,50.09,63.1,4.436,0.0,0.0,4.74,0,1.1405,80,91.24000000000001
4438,7,4,21,41.27,63.0,4.436,0.0,0.0,4.79,0,1.1400000000000001,80,91.20000000000002
4439,7,4,22,34.62,62.6,4.436,0.0,0.0,3.65,0,1.1380000000000001,80,91.04
4440,7,4,23,31.17,61.7,4.436,0.0,0.0,4.44,0,1.1335000000000002,80,90.68
4441,7,5,0,30.79,60.3,4.436,0.0,0.0,2.16,0,1.1265,80,90.12
4442,7,5,1,29.76,58.5,4.436,0.0,0.0,3.82,1,1.1175000000000002,100,111.75000000000001
4443,7,5,2,28.51,57.2,4.436,0.0,0.0,5.46,1,1.1110000000000002,100,111.10000000000002
4444,7,5,3,28.44,56.7,4.436,0.0,0.0,4.99,1,1.1085,100,110.85000000000001
4445,7,5,4,29.28,57.0,4.436,0.0,0.0,5.73,1,1.11,100,111.00000000000001
4446,7,5,5,28.43,60.4,4.436,46.0,60.0,6.13,1,1.127,100,112.7
4447,7,5,6,27.2,64.2,4.436,115.6,231.0,5.29,1,1.1460000000000001,100,114.60000000000001
4448,7,5,7,27.31,68.5,4.436,283.0,350.0,6.07,1,1.1675,100,116.75
4449,7,5,8,29.89,71.4,4.436,440.1,496.0,5.82,1,1.1820000000000002,100,118.20000000000002
4450,7,5,9,30.47,72.9,4.436,635.7,674.0,4.35,0,1.1895000000000002,80,95.16000000000003
4451,7,5,10,31.27,75.4,4.436,758.1,774.0,4.28,0,1.2020000000000002,80,96.16000000000001
4452,7,5,11,31.85,77.5,4.436,852.2,853.0,4.43,0,1.2125000000000001,80,97.00000000000001
4453,7,5,12,32.03,77.4,4.436,825.3,835.0,4.23,0,1.2120000000000002,80,96.96000000000001
4454,7,5,13,37.93,78.1,4.436,691.8,722.0,2.16,0,1.2155,80,97.24000000000001
4455,7,5,14,35.97,79.2,4.436,721.6,772.0,2.57,0,1.221,80,97.68
4456,7,5,15,50.81,79.0,4.436,597.1,701.0,4.55,0,1.2200000000000002,80,97.60000000000002
4457,7,5,16,73.63,77.9,4.436,375.8,538.0,4.69,0,1.2145000000000001,80,97.16000000000001
4458,7,5,17,80.83,75.9,4.436,163.0,361.0,4.78,0,1.2045000000000001,80,96.36000000000001
4459,7,5,18,76.25,72.5,4.436,26.6,185.0,3.65,0,1.1875,80,95.0
4460,7,5,19,59.54,67.8,4.436,0.0,24.0,5.1,0,1.1640000000000001,80,93.12
4461,7,5,20,51.34,66.6,4.436,0.0,0.0,3.5,0,1.1580000000000001,80,92.64000000000001
4462,7,5,21,47.19,66.6,4.436,0.0,0.0,4.47,0,1.1580000000000001,80,92.64000000000001
4463,7,5,22,36.66,66.9,4.436,0.0,0.0,3.4,0,1.1595000000000002,80,92.76000000000002
4464,7,5,23,35.61,66.2,4.436,0.0,0.0,4.36,0,1.1560000000000001,80,92.48000000000002
4465,7,6,0,30.97,65.7,4.436,0.0,0.0,2.39,0,1.1535000000000002,80,92.28000000000002
4466,7,6,1,30.07,65.8,4.436,0.0,0.0,3.43,1,1.1540000000000001,100,115.40000000000002
4467,7,6,2,30.62,65.7,4.436,0.0,0.0,2.63,1,1.1535000000000002,100,115.35000000000002
4468,7,6,3,29.44,65.5,4.436,0.0,0.0,2.75,1,1.1525,100,115.25000000000001
4469,7,6,4,28.47,65.8,4.436,0.0,0.0,2.94,1,1.1540000000000001,100,115.40000000000002
4470,7,6,5,23.89,68.0,4.436,25.0,28.0,2.0,1,1.165,100,116.5
4471,7,6,6,22.88,71.6,4.436,117.4,201.0,1.25,1,1.183,100,118.30000000000001
4472,7,6,7,29.8,75.9,4.436,287.2,375.0,2.0,1,1.2045000000000001,100,120.45000000000002
4473,7,6,8,30.75,79.3,4.436,474.1,539.0,0.26,1,1.2215,100,122.15
4474,7,6,9,33.11,81.9,4.436,634.1,671.0,0.31,0,1.2345000000000002,80,98.76000000000002
4475,7,6,10,37.7,84.6,4.436,822.2,834.0,1.95,0,1.248,80,99.84
4476,7,6,11,42.09,86.2,4.436,909.8,907.0,2.27,0,1.2560000000000002,80,100.48000000000002
4477,7,6,12,52.47,87.1,4.436,928.5,927.0,3.07,0,1.2605,80,100.84
4478,7,6,13,58.8,87.4,4.436,876.9,894.0,4.1,0,1.262,80,100.96000000000001
4479,7,6,14,73.46,87.3,4.436,760.3,812.0,4.55,0,1.2615,80,100.92
4480,7,6,15,84.88,86.5,4.436,587.2,687.0,4.44,0,1.2575,80,100.60000000000001
4481,7,6,16,121.49,85.3,4.436,372.6,529.0,4.17,0,1.2515,80,100.12
4482,7,6,17,206.15,83.3,4.436,157.2,179.0,7.16,0,1.2415,80,99.32000000000001
4483,7,6,18,154.04,79.7,4.436,73.3,83.0,2.95,0,1.2235,80,97.88
4484,7,6,19,152.98,75.7,4.436,0.0,38.0,2.02,0,1.2035,80,96.28
4485,7,6,20,107.2,74.5,4.436,0.0,0.0,2.32,0,1.1975,80,95.8
4486,7,6,21,80.05,72.9,4.436,0.0,0.0,5.03,0,1.1895000000000002,80,95.16000000000003
4487,7,6,22,66.1,71.2,4.436,0.0,0.0,4.31,0,1.181,80,94.48
4488,7,6,23,52.89,69.6,4.436,0.0,0.0,6.05,0,1.173,80,93.84
4489,7,7,0,55.74,68.5,4.436,0.0,0.0,4.74,1,1.1675,100,116.75
4490,7,7,1,47.58,67.6,4.436,0.0,0.0,3.9,1,1.163,100,116.3
4491,7,7,2,40.62,67.3,4.436,0.0,0.0,5.16,1,1.1615,100,116.14999999999999
4492,7,7,3,38.71,67.3,4.436,0.0,0.0,6.05,1,1.1615,100,116.14999999999999
4493,7,7,4,47.88,67.8,4.436,0.0,0.0,6.01,1,1.1640000000000001,100,116.40000000000002
4494,7,7,5,55.19,70.3,4.436,27.0,60.0,6.5,1,1.1765,100,117.65
4495,7,7,6,54.93,74.1,4.436,112.2,217.0,4.23,1,1.1955,100,119.55
4496,7,7,7,54.43,78.3,4.436,236.6,269.0,3.32,1,1.2165000000000001,100,121.65000000000002
4497,7,7,8,58.33,81.3,4.436,356.8,397.0,3.61,0,1.2315,80,98.52000000000001
4498,7,7,9,64.0,83.5,4.436,450.8,483.0,4.18,0,1.2425000000000002,80,99.4
4499,7,7,10,77.9,85.1,4.436,561.5,587.0,3.61,0,1.2505000000000002,80,100.04000000000002
4500,7,7,11,85.09,86.2,4.436,239.4,267.0,3.23,0,1.2560000000000002,80,100.48000000000002
4501,7,7,12,99.95,86.4,4.436,170.7,191.0,4.37,0,1.2570000000000001,80,100.56
4502,7,7,13,155.04,86.4,4.436,287.8,321.0,3.47,0,1.2570000000000001,80,100.56
4503,7,7,14,192.67,85.8,4.436,288.1,321.0,5.19,0,1.254,80,100.32
4504,7,7,15,195.38,84.7,4.436,263.9,294.0,4.35,0,1.2485000000000002,80,99.88000000000001
4505,7,7,16,252.48,83.3,4.436,368.9,520.0,5.62,0,1.2415,80,99.32000000000001
4506,7,7,17,247.77,81.7,4.436,139.6,346.0,5.36,0,1.2335,80,98.68
4507,7,7,18,187.87,79.7,4.436,86.9,172.0,4.84,0,1.2235,80,97.88
4508,7,7,19,151.93,77.2,4.436,0.0,20.0,2.14,0,1.211,80,96.88000000000001
4509,7,7,20,105.52,76.1,4.436,0.0,0.0,0.4,0,1.2055,80,96.44
4510,7,7,21,78.87,75.0,4.436,0.0,0.0,2.16,0,1.2000000000000002,80,96.00000000000001
4511,7,7,22,75.64,74.3,4.436,0.0,0.0,1.25,0,1.1965000000000001,80,95.72000000000001
4512,7,7,23,56.01,73.9,4.436,0.0,0.0,2.87,0,1.1945000000000001,80,95.56
4513,7,8,0,54.32,73.4,4.436,0.0,0.0,3.96,1,1.1920000000000002,100,119.20000000000002
4514,7,8,1,48.98,72.7,4.436,0.0,0.0,3.89,1,1.1885000000000001,100,118.85000000000001
4515,7,8,2,43.69,72.1,4.436,0.0,0.0,3.82,1,1.1855,100,118.55
4516,7,8,3,45.57,72.1,4.436,0.0,0.0,5.34,1,1.1855,100,118.55
4517,7,8,4,47.28,72.1,4.436,0.0,0.0,4.44,1,1.1855,100,118.55
4518,7,8,5,51.0,73.8,4.436,6.3,7.0,2.35,1,1.1940000000000002,100,119.40000000000002
4519,7,8,6,54.48,75.4,4.436,111.5,200.0,1.81,1,1.2020000000000002,100,120.20000000000002
4520,7,8,7,63.49,78.4,4.436,250.9,291.0,1.52,1,1.217,100,121.7
4521,7,8,8,66.6,80.6,4.436,483.2,550.0,1.73,0,1.228,80,98.24
4522,7,8,9,64.42,82.2,4.436,255.0,284.0,1.18,0,1.2360000000000002,80,98.88000000000002
4523,7,8,10,74.22,83.7,4.436,184.1,206.0,2.85,0,1.2435,80,99.48
4524,7,8,11,77.26,84.6,4.436,484.5,520.0,3.5,0,1.248,80,99.84
4525,7,8,12,80.47,85.3,4.436,922.0,918.0,3.48,0,1.2515,80,100.12
4526,7,8,13,100.05,85.5,4.436,877.1,891.0,1.87,0,1.2525000000000002,80,100.20000000000002
4527,7,8,14,136.22,85.1,4.436,615.6,661.0,1.27,0,1.2505000000000002,80,100.04000000000002
4528,7,8,15,167.78,84.0,4.436,512.2,582.0,1.82,0,1.245,80,99.60000000000001
4529,7,8,16,202.09,82.6,4.436,372.3,529.0,3.65,0,1.238,80,99.03999999999999
4530,7,8,17,240.21,81.0,4.436,134.0,353.0,2.85,0,1.23,80,98.4
4531,7,8,18,170.7,78.4,4.436,71.9,175.0,3.95,0,1.217,80,97.36000000000001
4532,7,8,19,127.83,75.2,4.436,0.0,13.0,2.76,0,1.201,80,96.08000000000001
4533,7,8,20,101.98,73.8,4.436,0.0,0.0,3.55,0,1.1940000000000002,80,95.52000000000001
4534,7,8,21,69.21,72.5,4.436,0.0,0.0,2.76,0,1.1875,80,95.0
4535,7,8,22,59.14,71.6,4.436,0.0,0.0,2.68,0,1.183,80,94.64
4536,7,8,23,52.01,70.7,4.436,0.0,0.0,1.9,0,1.1785,80,94.28
4537,7,9,0,56.44,70.2,4.436,0.0,0.0,2.18,0,1.1760000000000002,80,94.08000000000001
4538,7,9,1,45.5,70.0,4.436,0.0,0.0,1.65,1,1.175,100,117.5
4539,7,9,2,41.9,69.4,4.436,0.0,0.0,3.28,1,1.1720000000000002,100,117.20000000000002
4540,7,9,3,36.14,68.9,4.436,0.0,0.0,3.91,1,1.1695000000000002,100,116.95000000000002
4541,7,9,4,40.29,68.4,4.436,0.0,0.0,4.4,1,1.167,100,116.7
4542,7,9,5,55.58,68.5,4.436,17.9,20.0,4.4,1,1.1675,100,116.75
4543,7,9,6,49.82,69.1,4.436,14.3,16.0,2.39,1,1.1705,100,117.05000000000001
4544,7,9,7,46.69,70.7,4.436,60.0,67.0,1.51,1,1.1785,100,117.85000000000001
4545,7,9,8,52.78,74.5,4.436,238.6,265.0,2.03,1,1.1975,100,119.75
4546,7,9,9,53.62,78.3,4.436,596.1,630.0,2.8,0,1.2165000000000001,80,97.32000000000001
4547,7,9,10,52.58,80.2,4.436,600.3,627.0,3.55,0,1.2260000000000002,80,98.08000000000001
4548,7,9,11,48.64,82.0,4.436,820.2,817.0,4.59,0,1.235,80,98.80000000000001
4549,7,9,12,46.86,83.3,4.436,948.7,942.0,5.43,0,1.2415,80,99.32000000000001
4550,7,9,13,47.62,83.8,4.436,420.4,460.0,5.22,0,1.244,80,99.52
4551,7,9,14,44.29,83.7,4.436,330.7,367.0,4.49,0,1.2435,80,99.48
4552,7,9,15,55.58,83.8,4.436,591.8,688.0,6.78,0,1.244,80,99.52
4553,7,9,16,71.09,83.8,4.436,374.5,527.0,6.71,0,1.244,80,99.52
4554,7,9,17,55.64,82.2,4.436,140.4,348.0,4.68,0,1.2360000000000002,80,98.88000000000002
4555,7,9,18,55.49,78.4,4.436,90.3,162.0,0.88,0,1.217,80,97.36000000000001
4556,7,9,19,59.12,75.7,4.436,0.0,34.0,2.89,0,1.2035,80,96.28
4557,7,9,20,57.09,73.4,4.436,0.0,0.0,2.5,0,1.1920000000000002,80,95.36000000000001
4558,7,9,21,49.88,71.4,4.436,0.0,0.0,3.56,0,1.1820000000000002,80,94.56000000000002
4559,7,9,22,37.44,70.5,4.436,0.0,0.0,5.58,0,1.1775,80,94.2
4560,7,9,23,49.48,70.2,4.436,0.0,0.0,4.42,0,1.1760000000000002,80,94.08000000000001
4561,7,10,0,43.49,69.8,4.436,0.0,0.0,2.45,1,1.1740000000000002,100,117.40000000000002
4562,7,10,1,41.37,69.8,4.436,0.0,0.0,4.42,1,1.1740000000000002,100,117.40000000000002
4563,7,10,2,36.86,69.8,4.436,0.0,0.0,5.94,1,1.1740000000000002,100,117.40000000000002
4564,7,10,3,40.17,69.6,4.436,0.0,0.0,3.29,1,1.173,100,117.30000000000001
4565,7,10,4,45.89,69.1,4.436,0.0,0.0,5.32,1,1.1705,100,117.05000000000001
4566,7,10,5,52.53,69.8,4.436,29.7,49.0,4.49,1,1.1740000000000002,100,117.40000000000002
4567,7,10,6,53.56,70.5,4.436,39.3,44.0,3.23,1,1.1775,100,117.75
4568,7,10,7,54.33,72.9,4.436,85.1,95.0,4.34,1,1.1895000000000002,100,118.95000000000002
4569,7,10,8,57.56,73.2,4.436,257.4,285.0,2.38,0,1.191,80,95.28
4570,7,10,9,51.14,73.0,4.436,477.0,509.0,4.22,0,1.1900000000000002,80,95.20000000000002
4571,7,10,10,51.29,73.2,4.436,380.3,410.0,3.48,0,1.191,80,95.28
4572,7,10,11,49.0,73.0,4.436,686.3,699.0,3.44,0,1.1900000000000002,80,95.20000000000002
4573,7,10,12,49.42,72.9,4.436,725.7,737.0,2.68,0,1.1895000000000002,80,95.16000000000003
4574,7,10,13,45.91,72.3,4.436,627.4,656.0,3.12,0,1.1865,80,94.92000000000002
4575,7,10,14,47.01,71.8,4.436,485.2,524.0,3.37,0,1.1840000000000002,80,94.72000000000001
4576,7,10,15,55.37,71.6,4.436,482.1,546.0,8.1,0,1.183,80,94.64
4577,7,10,16,57.03,71.4,4.436,334.4,424.0,8.94,0,1.1820000000000002,80,94.56000000000002
4578,7,10,17,38.74,70.9,4.436,179.6,304.0,8.27,0,1.1795000000000002,80,94.36000000000001
4579,7,10,18,43.93,69.3,4.436,71.6,81.0,7.64,0,1.1715,80,93.72
4580,7,10,19,60.38,66.7,4.436,0.0,31.0,6.23,0,1.1585,80,92.68
4581,7,10,20,67.48,65.7,4.436,0.0,0.0,5.25,0,1.1535000000000002,80,92.28000000000002
4582,7,10,21,48.91,64.8,4.436,0.0,0.0,4.84,0,1.149,80,91.92
4583,7,10,22,45.78,64.0,4.436,0.0,0.0,6.86,0,1.145,80,91.6
4584,7,10,23,42.75,63.5,4.436,0.0,0.0,8.73,0,1.1425,80,91.4
4585,7,11,0,38.2,63.1,4.436,0.0,0.0,8.84,1,1.1405,100,114.05000000000001
4586,7,11,1,37.18,62.8,4.436,0.0,0.0,8.67,1,1.139,100,113.9
4587,7,11,2,36.53,62.8,4.436,0.0,0.0,10.69,1,1.139,100,113.9
4588,7,11,3,36.02,63.1,4.436,0.0,0.0,11.9,1,1.1405,100,114.05000000000001
4589,7,11,4,38.09,63.7,4.436,0.0,0.0,12.72,1,1.1435000000000002,100,114.35000000000002
4590,7,11,5,46.75,65.8,4.436,29.8,48.0,12.53,1,1.1540000000000001,100,115.40000000000002
4591,7,11,6,46.94,69.1,4.436,68.8,77.0,11.29,1,1.1705,100,117.05000000000001
4592,7,11,7,47.19,73.6,4.436,113.8,127.0,11.81,1,1.193,100,119.30000000000001
4593,7,11,8,46.34,77.9,4.436,264.2,293.0,8.68,0,1.2145000000000001,80,97.16000000000001
4594,7,11,9,47.36,81.3,4.436,511.4,545.0,7.68,0,1.2315,80,98.52000000000001
4595,7,11,10,46.58,83.3,4.436,670.8,691.0,6.48,0,1.2415,80,99.32000000000001
4596,7,11,11,52.76,84.7,4.436,789.5,792.0,7.17,0,1.2485000000000002,80,99.88000000000001
4597,7,11,12,62.13,85.5,4.436,785.1,795.0,6.99,0,1.2525000000000002,80,100.20000000000002
4598,7,11,13,65.06,85.8,4.436,729.4,750.0,7.16,0,1.254,80,100.32
4599,7,11,14,75.27,85.5,4.436,716.1,760.0,6.55,0,1.2525000000000002,80,100.20000000000002
4600,7,11,15,85.26,85.5,4.436,513.6,582.0,8.01,0,1.2525000000000002,80,100.20000000000002
4601,7,11,16,85.29,86.5,4.436,252.7,289.0,8.54,0,1.2575,80,100.60000000000001
4602,7,11,17,88.81,82.9,4.436,149.7,334.0,8.54,0,1.2395,80,99.16
4603,7,11,18,85.95,79.3,4.436,48.4,163.0,9.24,0,1.2215,80,97.72
4604,7,11,19,87.83,76.6,4.436,0.0,28.0,9.7,0,1.208,80,96.64
4605,7,11,20,72.11,74.1,4.436,0.0,0.0,7.64,0,1.1955,80,95.64
4606,7,11,21,57.16,72.5,4.436,0.0,0.0,7.28,0,1.1875,80,95.0
4607,7,11,22,52.68,71.8,4.436,0.0,0.0,7.04,0,1.1840000000000002,80,94.72000000000001
4608,7,11,23,46.8,70.7,4.436,0.0,0.0,6.71,0,1.1785,80,94.28
4609,7,12,0,42.65,70.0,4.436,0.0,0.0,7.05,0,1.175,80,94.0
4610,7,12,1,40.67,69.6,4.436,0.0,0.0,7.27,0,1.173,80,93.84
4611,7,12,2,37.7,69.4,4.436,0.0,0.0,6.12,0,1.1720000000000002,80,93.76000000000002
4612,7,12,3,36.93,69.1,4.436,0.0,0.0,5.07,1,1.1705,100,117.05000000000001
4613,7,12,4,40.21,68.9,4.436,0.0,0.0,4.99,1,1.1695000000000002,100,116.95000000000002
4614,7,12,5,37.97,70.7,4.436,22.3,25.0,4.57,1,1.1785,100,117.85000000000001
4615,7,12,6,39.22,72.9,4.436,20.6,23.0,5.44,1,1.1895000000000002,100,118.95000000000002
4616,7,12,7,38.23,76.1,4.436,80.4,90.0,6.15,1,1.2055,100,120.55
4617,7,12,8,38.99,79.5,4.436,139.4,156.0,4.51,1,1.2225000000000001,100,122.25000000000001
4618,7,12,9,38.5,82.2,4.436,272.7,301.0,5.16,1,1.2360000000000002,100,123.60000000000002
4619,7,12,10,36.41,83.7,4.436,303.4,338.0,4.43,1,1.2435,100,124.35000000000001
4620,7,12,11,37.93,84.6,4.436,536.8,575.0,5.52,0,1.248,80,99.84
4621,7,12,12,39.69,85.1,4.436,433.9,475.0,6.27,0,1.2505000000000002,80,100.04000000000002
4622,7,12,13,55.87,85.1,4.436,119.8,134.0,7.32,0,1.2505000000000002,80,100.04000000000002
4623,7,12,14,58.1,84.4,4.436,569.9,613.0,6.27,0,1.247,80,99.76
4624,7,12,15,71.98,83.1,4.436,490.1,550.0,3.93,0,1.2405000000000002,80,99.24000000000001
4625,7,12,16,77.4,81.7,4.436,362.9,451.0,3.83,0,1.2335,80,98.68
4626,7,12,17,78.67,79.7,4.436,206.4,247.0,4.73,0,1.2235,80,97.88
4627,7,12,18,78.82,76.8,4.436,111.0,131.0,4.14,0,1.209,80,96.72
4628,7,12,19,70.47,73.6,4.436,0.0,27.0,4.56,0,1.193,80,95.44
4629,7,12,20,69.69,72.1,4.436,0.0,0.0,2.51,0,1.1855,80,94.84
4630,7,12,21,51.08,70.7,4.436,0.0,0.0,7.75,0,1.1785,80,94.28
4631,7,12,22,41.08,69.4,4.436,0.0,0.0,5.94,0,1.1720000000000002,80,93.76000000000002
4632,7,12,23,47.51,68.5,4.436,0.0,0.0,5.6,0,1.1675,80,93.4
4633,7,13,0,38.43,67.8,4.436,0.0,0.0,5.33,1,1.1640000000000001,100,116.40000000000002
4634,7,13,1,37.47,67.1,4.436,0.0,0.0,3.71,1,1.1605,100,116.05000000000001
4635,7,13,2,37.46,66.6,4.436,0.0,0.0,1.68,1,1.1580000000000001,100,115.80000000000001
4636,7,13,3,37.19,66.4,4.436,0.0,0.0,1.51,1,1.157,100,115.7
4637,7,13,4,37.72,66.2,4.436,0.0,0.0,1.77,1,1.1560000000000001,100,115.60000000000001
4638,7,13,5,40.83,67.1,4.436,27.7,31.0,2.12,1,1.1605,100,116.05000000000001
4639,7,13,6,40.64,68.2,4.436,42.9,48.0,2.71,1,1.1660000000000001,100,116.60000000000001
4640,7,13,7,39.23,70.2,4.436,101.0,113.0,3.23,1,1.1760000000000002,100,117.60000000000002
4641,7,13,8,39.9,73.2,4.436,166.8,186.0,0.6,0,1.191,80,95.28
4642,7,13,9,36.99,76.6,4.436,230.4,257.0,4.33,0,1.208,80,96.64
4643,7,13,10,38.62,80.1,4.436,461.9,496.0,7.16,0,1.2255,80,98.04
4644,7,13,11,38.02,82.4,4.436,421.6,460.0,8.08,0,1.237,80,98.96000000000001
4645,7,13,12,36.93,83.8,4.436,917.1,907.0,9.34,0,1.244,80,99.52
4646,7,13,13,39.96,84.6,4.436,882.9,889.0,9.48,0,1.248,80,99.84
4647,7,13,14,50.59,84.6,4.436,764.4,805.0,10.62,0,1.248,80,99.84
4648,7,13,15,61.85,83.7,4.436,589.0,677.0,10.84,0,1.2435,80,99.48
4649,7,13,16,78.05,82.4,4.436,375.7,520.0,11.02,0,1.237,80,98.96000000000001
4650,7,13,17,78.44,80.6,4.436,142.4,342.0,12.54,0,1.228,80,98.24
4651,7,13,18,79.35,77.9,4.436,37.5,167.0,11.02,0,1.2145000000000001,80,97.16000000000001
4652,7,13,19,79.59,75.6,4.436,0.0,30.0,10.16,0,1.203,80,96.24000000000001
4653,7,13,20,71.98,74.3,4.436,0.0,0.0,15.65,0,1.1965000000000001,80,95.72000000000001
4654,7,13,21,67.59,72.9,4.436,0.0,0.0,6.7,0,1.1895000000000002,80,95.16000000000003
4655,7,13,22,46.94,71.6,4.436,0.0,0.0,2.86,0,1.183,80,94.64
4656,7,13,23,41.59,70.7,4.436,0.0,0.0,3.97,0,1.1785,80,94.28
4657,7,14,0,36.3,70.3,4.436,0.0,0.0,1.3,1,1.1765,100,117.65
4658,7,14,1,36.11,70.2,4.436,0.0,0.0,5.63,1,1.1760000000000002,100,117.60000000000002
4659,7,14,2,35.25,70.0,4.436,0.0,0.0,2.01,1,1.175,100,117.5
4660,7,14,3,36.27,69.8,4.436,0.0,0.0,5.18,1,1.1740000000000002,100,117.40000000000002
4661,7,14,4,37.44,69.8,4.436,0.0,0.0,5.52,1,1.1740000000000002,100,117.40000000000002
4662,7,14,5,41.79,71.1,4.436,28.5,39.0,4.69,1,1.1805,100,118.05000000000001
4663,7,14,6,57.13,73.6,4.436,33.1,37.0,8.07,1,1.193,100,119.30000000000001
4664,7,14,7,51.55,76.6,4.436,124.5,139.0,3.22,1,1.208,100,120.8
4665,7,14,8,53.45,79.3,4.436,131.4,147.0,3.37,0,1.2215,80,97.72
4666,7,14,9,62.2,81.7,4.436,111.7,125.0,4.46,0,1.2335,80,98.68
4667,7,14,10,65.32,83.7,4.436,331.4,367.0,6.88,0,1.2435,80,99.48
4668,7,14,11,71.53,84.9,4.436,713.2,733.0,7.4,0,1.2495,80,99.96000000000001
4669,7,14,12,81.18,85.6,4.436,469.4,506.0,6.5,0,1.2530000000000001,80,100.24000000000001
4670,7,14,13,79.55,85.5,4.436,508.4,542.0,5.76,0,1.2525000000000002,80,100.20000000000002
4671,7,14,14,84.91,84.4,4.436,561.2,604.0,6.01,0,1.247,80,99.76
4672,7,14,15,87.55,82.8,4.436,578.9,662.0,6.3,0,1.239,80,99.12
4673,7,14,16,88.94,81.0,4.436,370.6,503.0,6.71,0,1.23,80,98.4
4674,7,14,17,90.21,79.2,4.436,150.4,331.0,6.61,0,1.221,80,97.68
4675,7,14,18,88.84,77.5,4.436,29.5,33.0,6.49,0,1.2125000000000001,80,97.00000000000001
4676,7,14,19,82.54,76.1,4.436,0.0,11.0,5.44,0,1.2055,80,96.44
4677,7,14,20,81.58,74.8,4.436,0.0,0.0,7.18,0,1.199,80,95.92
4678,7,14,21,70.99,73.8,4.436,0.0,0.0,7.64,0,1.1940000000000002,80,95.52000000000001
4679,7,14,22,60.76,73.9,4.436,0.0,0.0,3.76,0,1.1945000000000001,80,95.56
4680,7,14,23,62.65,72.9,4.436,0.0,0.0,7.58,0,1.1895000000000002,80,95.16000000000003
4681,7,15,0,59.36,72.3,4.436,0.0,0.0,3.29,1,1.1865,100,118.65
4682,7,15,1,54.86,72.0,4.436,0.0,0.0,5.05,1,1.185,100,118.5
4683,7,15,2,51.63,71.2,4.436,0.0,0.0,4.38,1,1.181,100,118.10000000000001
4684,7,15,3,51.29,70.5,4.436,0.0,0.0,2.34,1,1.1775,100,117.75
4685,7,15,4,54.72,69.8,4.436,0.0,0.0,1.19,1,1.1740000000000002,100,117.40000000000002
4686,7,15,5,61.17,72.1,4.436,26.3,44.0,0.12,1,1.1855,100,118.55
4687,7,15,6,68.73,75.0,4.436,48.3,54.0,1.04,1,1.2000000000000002,100,120.00000000000001
4688,7,15,7,68.0,79.2,4.436,282.6,364.0,1.95,1,1.221,100,122.10000000000001
4689,7,15,8,67.2,81.7,4.436,480.9,539.0,3.38,0,1.2335,80,98.68
4690,7,15,9,76.97,83.7,4.436,668.4,696.0,4.99,0,1.2435,80,99.48
4691,7,15,10,86.32,85.5,4.436,839.3,838.0,3.85,0,1.2525000000000002,80,100.20000000000002
4692,7,15,11,106.89,86.5,4.436,573.1,604.0,4.78,0,1.2575,80,100.60000000000001
4693,7,15,12,118.89,87.4,4.436,714.9,737.0,5.36,0,1.262,80,100.96000000000001
4694,7,15,13,123.65,87.6,4.436,560.9,596.0,3.4,0,1.2630000000000001,80,101.04
4695,7,15,14,148.54,87.6,4.436,246.5,275.0,5.06,0,1.2630000000000001,80,101.04
4696,7,15,15,162.41,87.4,4.436,609.0,697.0,4.13,0,1.262,80,100.96000000000001
4697,7,15,16,214.88,87.1,4.436,384.6,531.0,4.4,0,1.2605,80,100.84
4698,7,15,17,267.37,85.6,4.436,141.7,351.0,5.3,0,1.2530000000000001,80,100.24000000000001
4699,7,15,18,206.6,80.6,4.436,28.7,173.0,5.74,0,1.228,80,98.24
4700,7,15,19,174.83,77.7,4.436,0.0,31.0,6.12,0,1.2135,80,97.08
4701,7,15,20,143.87,76.8,4.436,0.0,0.0,6.66,0,1.209,80,96.72
4702,7,15,21,88.31,75.0,4.436,0.0,0.0,6.43,0,1.2000000000000002,80,96.00000000000001
4703,7,15,22,77.63,72.9,4.436,0.0,0.0,5.44,0,1.1895000000000002,80,95.16000000000003
4704,7,15,23,82.93,71.2,4.436,0.0,0.0,4.44,0,1.181,80,94.48
4705,7,16,0,76.16,70.2,4.436,0.0,0.0,4.42,0,1.1760000000000002,80,94.08000000000001
4706,7,16,1,71.38,69.3,4.436,0.0,0.0,4.62,1,1.1715,100,117.15
4707,7,16,2,68.42,68.5,4.436,0.0,0.0,4.18,1,1.1675,100,116.75
4708,7,16,3,66.97,68.0,4.436,0.0,0.0,6.7,1,1.165,100,116.5
4709,7,16,4,72.43,68.2,4.436,0.0,0.0,5.66,1,1.1660000000000001,100,116.60000000000001
4710,7,16,5,71.64,71.6,4.436,23.5,44.0,7.82,1,1.183,100,118.30000000000001
4711,7,16,6,72.89,75.2,4.436,125.8,146.0,8.07,1,1.201,100,120.10000000000001
4712,7,16,7,75.83,80.2,4.436,286.9,373.0,8.32,1,1.2260000000000002,100,122.60000000000002
4713,7,16,8,74.89,84.0,4.436,491.0,550.0,8.96,1,1.245,100,124.50000000000001
4714,7,16,9,98.9,86.4,4.436,681.3,707.0,0.87,0,1.2570000000000001,80,100.56
4715,7,16,10,119.03,87.4,4.436,838.0,835.0,3.64,0,1.262,80,100.96000000000001
4716,7,16,11,126.67,88.5,4.436,929.2,910.0,7.74,0,1.2675,80,101.4
4717,7,16,12,164.95,89.2,4.436,952.0,933.0,7.57,0,1.2710000000000001,80,101.68
4718,7,16,13,160.27,89.8,4.436,900.5,900.0,9.15,0,1.274,80,101.92
4719,7,16,14,180.68,89.6,4.436,778.0,813.0,7.0,0,1.2730000000000001,80,101.84
4720,7,16,15,280.26,89.4,4.436,599.1,683.0,6.44,0,1.2720000000000002,80,101.76000000000002
4721,7,16,16,389.24,88.7,4.436,377.1,514.0,6.53,0,1.2685000000000002,80,101.48000000000002
4722,7,16,17,395.09,85.5,4.436,148.7,333.0,4.82,0,1.2525000000000002,80,100.20000000000002
4723,7,16,18,308.67,81.3,4.436,87.0,101.0,6.1,0,1.2315,80,98.52000000000001
4724,7,16,19,185.26,78.4,4.436,0.0,26.0,5.62,0,1.217,80,97.36000000000001
4725,7,16,20,142.9,77.5,4.436,0.0,0.0,6.86,0,1.2125000000000001,80,97.00000000000001
4726,7,16,21,111.89,76.8,4.436,0.0,0.0,3.59,0,1.209,80,96.72
4727,7,16,22,96.79,76.1,4.436,0.0,0.0,3.31,0,1.2055,80,96.44
4728,7,16,23,116.33,75.4,4.436,0.0,0.0,3.31,0,1.2020000000000002,80,96.16000000000001
4729,7,17,0,101.62,74.8,4.436,0.0,0.0,3.82,0,1.199,80,95.92
4730,7,17,1,95.09,74.5,4.436,0.0,0.0,7.08,0,1.1975,80,95.8
4731,7,17,2,89.97,74.3,4.436,0.0,0.0,8.2,1,1.1965000000000001,100,119.65
4732,7,17,3,92.0,74.3,4.436,0.0,0.0,8.17,1,1.1965000000000001,100,119.65
4733,7,17,4,98.31,74.3,4.436,0.0,0.0,7.42,1,1.1965000000000001,100,119.65
4734,7,17,5,97.08,75.2,4.436,24.1,27.0,7.94,1,1.201,100,120.10000000000001
4735,7,17,6,102.44,76.8,4.436,12.5,14.0,6.47,1,1.209,100,120.9
4736,7,17,7,103.74,78.6,4.436,127.2,142.0,8.2,1,1.218,100,121.8
4737,7,17,8,93.87,80.1,4.436,296.8,328.0,9.78,1,1.2255,100,122.55
4738,7,17,9,94.05,81.9,4.436,538.6,566.0,10.52,1,1.2345000000000002,100,123.45000000000002
4739,7,17,10,114.76,83.1,4.436,812.5,809.0,9.22,0,1.2405000000000002,80,99.24000000000001
4740,7,17,11,137.48,83.8,4.436,102.8,115.0,8.02,0,1.244,80,99.52
4741,7,17,12,117.38,84.2,4.436,390.5,430.0,7.53,0,1.246,80,99.68
4742,7,17,13,123.49,84.7,4.436,790.3,795.0,7.74,0,1.2485000000000002,80,99.88000000000001
4743,7,17,14,159.08,85.5,4.436,519.1,560.0,6.97,0,1.2525000000000002,80,100.20000000000002
4744,7,17,15,161.68,85.6,4.436,586.1,665.0,7.33,0,1.2530000000000001,80,100.24000000000001
4745,7,17,16,238.93,84.6,4.436,375.8,511.0,7.0,0,1.248,80,99.84
4746,7,17,17,228.35,83.1,4.436,140.2,340.0,6.44,0,1.2405000000000002,80,99.24000000000001
4747,7,17,18,180.14,81.1,4.436,5.4,6.0,5.91,0,1.2305000000000001,80,98.44000000000001
4748,7,17,19,149.36,79.3,4.436,0.0,19.0,6.41,0,1.2215,80,97.72
4749,7,17,20,124.71,78.4,4.436,0.0,0.0,6.0,0,1.217,80,97.36000000000001
4750,7,17,21,93.31,77.2,4.436,0.0,0.0,5.23,0,1.211,80,96.88000000000001
4751,7,17,22,81.86,75.0,4.436,0.0,0.0,5.28,0,1.2000000000000002,80,96.00000000000001
4752,7,17,23,65.5,72.0,4.436,0.0,0.0,5.14,0,1.185,80,94.80000000000001
4753,7,18,0,48.94,69.6,4.436,0.0,0.0,4.98,0,1.173,80,93.84
4754,7,18,1,58.77,68.4,4.436,0.0,0.0,3.66,0,1.167,80,93.36
4755,7,18,2,55.89,67.5,4.436,0.0,0.0,4.51,0,1.1625,80,93.0
4756,7,18,3,56.48,66.6,4.436,0.0,0.0,3.95,0,1.1580000000000001,80,92.64000000000001
4757,7,18,4,55.7,65.5,4.436,0.0,0.0,5.01,0,1.1525,80,92.2
4758,7,18,5,64.07,65.1,4.436,21.4,24.0,2.9,0,1.1505,80,92.04
4759,7,18,6,53.2,65.8,4.436,121.0,186.0,3.9,0,1.1540000000000001,80,92.32000000000001
4760,7,18,7,51.43,67.6,4.436,177.0,198.0,4.7,0,1.163,80,93.04
4761,7,18,8,51.18,69.6,4.436,524.1,585.0,5.03,0,1.173,80,93.84
4762,7,18,9,35.45,71.6,4.436,358.2,392.0,4.4,1,1.183,100,118.30000000000001
4763,7,18,10,41.52,73.2,4.436,819.9,813.0,5.73,1,1.191,100,119.10000000000001
4764,7,18,11,37.18,74.7,4.436,824.3,809.0,6.17,1,1.1985000000000001,100,119.85000000000001
4765,7,18,12,37.22,75.7,4.436,1006.0,980.0,6.32,1,1.2035,100,120.35
4766,7,18,13,48.35,76.3,4.436,954.4,948.0,6.5,1,1.2065000000000001,100,120.65
4767,7,18,14,36.09,76.5,4.436,828.1,860.0,5.41,1,1.2075,100,120.75
4768,7,18,15,37.56,75.9,4.436,642.5,729.0,6.59,1,1.2045000000000001,100,120.45000000000002
4769,7,18,16,45.56,74.8,4.436,409.4,564.0,5.89,1,1.199,100,119.9
4770,7,18,17,46.79,73.2,4.436,144.0,378.0,7.46,0,1.191,80,95.28
4771,7,18,18,65.77,69.3,4.436,14.6,189.0,8.69,0,1.1715,80,93.72
4772,7,18,19,48.79,65.3,4.436,0.0,34.0,4.82,0,1.1515,80,92.12
4773,7,18,20,44.06,64.9,4.436,0.0,0.0,9.75,0,1.1495000000000002,80,91.96000000000001
4774,7,18,21,39.4,64.6,4.436,0.0,0.0,5.38,0,1.1480000000000001,80,91.84
4775,7,18,22,33.43,64.4,4.436,0.0,0.0,0.2,0,1.147,80,91.76
4776,7,18,23,52.26,64.0,4.436,0.0,0.0,5.69,0,1.145,80,91.6
4777,7,19,0,38.25,63.5,4.436,0.0,0.0,6.25,0,1.1425,80,91.4
4778,7,19,1,39.28,62.6,4.436,0.0,0.0,7.07,0,1.1380000000000001,80,91.04
4779,7,19,2,44.37,61.5,4.436,0.0,0.0,7.06,0,1.1325,80,90.60000000000001
4780,7,19,3,42.27,60.4,4.436,0.0,0.0,8.35,0,1.127,80,90.16
4781,7,19,4,41.05,59.5,4.436,0.0,0.0,7.75,1,1.1225,100,112.25
4782,7,19,5,41.42,61.3,4.436,19.6,47.0,6.44,1,1.1315000000000002,100,113.15000000000002
4783,7,19,6,38.6,65.1,4.436,106.1,208.0,4.38,1,1.1505,100,115.05000000000001
4784,7,19,7,39.72,69.8,4.436,303.0,395.0,6.9,1,1.1740000000000002,100,117.40000000000002
4785,7,19,8,39.07,72.5,4.436,519.6,578.0,5.46,1,1.1875,100,118.75
4786,7,19,9,41.85,74.7,4.436,715.2,736.0,6.44,1,1.1985000000000001,100,119.85000000000001
4787,7,19,10,39.34,76.8,4.436,867.9,858.0,6.35,1,1.209,100,120.9
4788,7,19,11,38.27,78.6,4.436,962.2,935.0,5.24,1,1.218,100,121.8
4789,7,19,12,42.91,79.9,4.436,981.1,954.0,4.6,0,1.2245000000000001,80,97.96000000000001
4790,7,19,13,44.02,80.8,4.436,924.9,917.0,5.75,0,1.229,80,98.32000000000001
4791,7,19,14,46.2,81.1,4.436,738.8,766.0,4.66,0,1.2305000000000001,80,98.44000000000001
4792,7,19,15,52.92,80.8,4.436,619.5,700.0,6.28,0,1.229,80,98.32000000000001
4793,7,19,16,81.14,80.1,4.436,392.8,536.0,5.9,0,1.2255,80,98.04
4794,7,19,17,78.39,78.3,4.436,141.2,351.0,6.68,0,1.2165000000000001,80,97.32000000000001
4795,7,19,18,64.61,74.3,4.436,24.8,167.0,5.61,0,1.1965000000000001,80,95.72000000000001
4796,7,19,19,74.11,71.2,4.436,0.0,25.0,5.59,0,1.181,80,94.48
4797,7,19,20,74.7,69.8,4.436,0.0,0.0,5.82,0,1.1740000000000002,80,93.92000000000002
4798,7,19,21,63.25,69.1,4.436,0.0,0.0,6.84,0,1.1705,80,93.64000000000001
4799,7,19,22,58.54,68.5,4.436,0.0,0.0,5.37,0,1.1675,80,93.4
4800,7,19,23,49.85,68.9,4.436,0.0,0.0,5.17,0,1.1695000000000002,80,93.56000000000002
4801,7,20,0,41.79,68.9,4.436,0.0,0.0,5.18,1,1.1695000000000002,100,116.95000000000002
4802,7,20,1,41.66,69.1,4.436,0.0,0.0,4.49,1,1.1705,100,117.05000000000001
4803,7,20,2,38.46,68.9,4.436,0.0,0.0,4.36,1,1.1695000000000002,100,116.95000000000002
4804,7,20,3,38.52,68.7,4.436,0.0,0.0,3.66,1,1.1685,100,116.85000000000001
4805,7,20,4,38.38,68.9,4.436,0.0,0.0,1.99,1,1.1695000000000002,100,116.95000000000002
4806,7,20,5,36.1,70.2,4.436,10.7,12.0,2.05,1,1.1760000000000002,100,117.60000000000002
4807,7,20,6,39.23,72.0,4.436,113.9,162.0,2.63,1,1.185,100,118.5
4808,7,20,7,41.49,73.8,4.436,269.9,331.0,1.82,1,1.1940000000000002,100,119.40000000000002
4809,7,20,8,45.6,75.2,4.436,456.8,504.0,2.34,0,1.201,80,96.08000000000001
4810,7,20,9,47.03,76.3,4.436,640.0,661.0,1.55,0,1.2065000000000001,80,96.52000000000001
4811,7,20,10,53.95,78.8,4.436,329.4,365.0,2.64,0,1.219,80,97.52000000000001
4812,7,20,11,56.31,82.2,4.436,360.4,399.0,1.33,0,1.2360000000000002,80,98.88000000000002
4813,7,20,12,58.71,83.8,4.436,659.9,686.0,1.67,0,1.244,80,99.52
4814,7,20,13,59.99,84.4,4.436,746.1,750.0,1.92,0,1.247,80,99.76
4815,7,20,14,65.03,84.2,4.436,165.1,184.0,2.39,0,1.246,80,99.68
4816,7,20,15,64.84,83.8,4.436,322.1,356.0,2.63,0,1.244,80,99.52
4817,7,20,16,85.55,81.3,4.436,255.7,292.0,3.85,0,1.2315,80,98.52000000000001
4818,7,20,17,93.61,78.1,4.436,201.8,259.0,4.07,0,1.2155,80,97.24000000000001
4819,7,20,18,80.42,75.0,4.436,41.2,155.0,2.96,0,1.2000000000000002,80,96.00000000000001
4820,7,20,19,72.89,72.3,4.436,0.0,25.0,3.95,0,1.1865,80,94.92000000000002
4821,7,20,20,54.11,70.9,4.436,0.0,0.0,3.71,0,1.1795000000000002,80,94.36000000000001
4822,7,20,21,51.27,69.4,4.436,0.0,0.0,3.15,0,1.1720000000000002,80,93.76000000000002
4823,7,20,22,47.75,67.6,4.436,0.0,0.0,2.81,0,1.163,80,93.04
4824,7,20,23,54.66,66.0,4.436,0.0,0.0,3.37,0,1.155,80,92.4
4825,7,21,0,49.51,64.8,4.436,0.0,0.0,2.95,0,1.149,80,91.92
4826,7,21,1,46.49,63.9,4.436,0.0,0.0,3.49,0,1.1445,80,91.56
4827,7,21,2,43.79,63.5,4.436,0.0,0.0,3.11,0,1.1425,80,91.4
4828,7,21,3,42.7,63.1,4.436,0.0,0.0,4.0,0,1.1405,80,91.24000000000001
4829,7,21,4,51.0,63.0,4.436,0.0,0.0,4.79,0,1.1400000000000001,80,91.20000000000002
4830,7,21,5,56.38,64.2,4.436,22.0,37.0,3.83,0,1.1460000000000001,80,91.68
4831,7,21,6,55.55,66.0,4.436,106.7,120.0,4.53,0,1.155,80,92.4
4832,7,21,7,35.5,67.5,4.436,282.5,354.0,3.34,0,1.1625,80,93.0
4833,7,21,8,34.79,69.4,4.436,345.9,381.0,4.41,1,1.1720000000000002,100,117.20000000000002
4834,7,21,9,34.51,71.1,4.436,439.7,475.0,6.97,1,1.1805,100,118.05000000000001
4835,7,21,10,35.9,72.3,4.436,852.3,840.0,6.87,1,1.1865,100,118.65
4836,7,21,11,35.79,73.4,4.436,965.5,934.0,6.13,1,1.1920000000000002,100,119.20000000000002
4837,7,21,12,36.11,73.9,4.436,1000.7,968.0,4.41,1,1.1945000000000001,100,119.45000000000002
4838,7,21,13,33.03,74.1,4.436,952.8,939.0,5.01,1,1.1955,100,119.55
4839,7,21,14,29.19,73.9,4.436,829.7,854.0,7.1,1,1.1945000000000001,100,119.45000000000002
4840,7,21,15,32.75,73.4,4.436,644.2,723.0,6.97,1,1.1920000000000002,100,119.20000000000002
4841,7,21,16,48.88,72.1,4.436,408.5,554.0,5.48,0,1.1855,80,94.84
4842,7,21,17,55.27,70.2,4.436,145.0,367.0,4.28,0,1.1760000000000002,80,94.08000000000001
4843,7,21,18,71.0,66.2,4.436,16.7,179.0,1.57,0,1.1560000000000001,80,92.48000000000002
4844,7,21,19,67.4,61.0,4.436,0.0,29.0,1.14,0,1.1300000000000001,80,90.4
4845,7,21,20,50.62,59.4,4.436,0.0,0.0,1.95,0,1.122,80,89.76
4846,7,21,21,39.48,58.1,4.436,0.0,0.0,2.99,0,1.1155000000000002,80,89.24000000000001
4847,7,21,22,36.99,57.0,4.436,0.0,0.0,4.0,0,1.11,80,88.80000000000001
4848,7,21,23,38.44,55.9,4.436,0.0,0.0,5.77,0,1.1045,80,88.36
4849,7,22,0,39.33,55.2,4.436,0.0,0.0,8.99,0,1.1010000000000002,80,88.08000000000001
4850,7,22,1,36.28,54.7,4.436,0.0,0.0,8.46,0,1.1,80,88.0
4851,7,22,2,35.1,54.1,4.436,0.0,0.0,8.48,0,1.1,80,88.0
4852,7,22,3,35.15,53.4,4.436,0.0,0.0,7.49,0,1.1,80,88.0
4853,7,22,4,36.18,52.9,4.436,0.0,0.0,8.32,0,1.1,80,88.0
4854,7,22,5,46.39,56.1,4.436,18.0,42.0,9.46,0,1.1055000000000001,80,88.44000000000001
4855,7,22,6,43.06,61.0,4.436,103.4,202.0,8.73,0,1.1300000000000001,80,90.4
4856,7,22,7,35.81,65.5,4.436,302.6,391.0,8.55,1,1.1525,100,115.25000000000001
4857,7,22,8,31.94,68.5,4.436,524.5,578.0,7.34,1,1.1675,100,116.75
4858,7,22,9,32.51,71.1,4.436,726.6,741.0,7.54,1,1.1805,100,118.05000000000001
4859,7,22,10,31.64,73.2,4.436,882.4,865.0,8.59,1,1.191,100,119.10000000000001
4860,7,22,11,33.19,74.7,4.436,977.2,942.0,8.44,1,1.1985000000000001,100,119.85000000000001
4861,7,22,12,37.19,75.7,4.436,859.9,836.0,7.5,1,1.2035,100,120.35
4862,7,22,13,34.66,76.3,4.436,948.2,932.0,7.75,1,1.2065000000000001,100,120.65
4863,7,22,14,34.98,76.3,4.436,684.7,709.0,8.61,1,1.2065000000000001,100,120.65
4864,7,22,15,48.29,75.7,4.436,558.1,621.0,8.59,0,1.2035,80,96.28
4865,7,22,16,59.1,74.8,4.436,315.2,362.0,8.15,0,1.199,80,95.92
4866,7,22,17,72.16,74.7,4.436,179.2,228.0,7.46,0,1.1985000000000001,80,95.88000000000001
4867,7,22,18,71.15,70.2,4.436,16.9,176.0,7.15,0,1.1760000000000002,80,94.08000000000001
4868,7,22,19,66.92,67.1,4.436,0.0,27.0,7.52,0,1.1605,80,92.84
4869,7,22,20,70.19,66.7,4.436,0.0,0.0,7.23,0,1.1585,80,92.68
4870,7,22,21,50.27,65.7,4.436,0.0,0.0,8.42,0,1.1535000000000002,80,92.28000000000002
4871,7,22,22,41.59,64.8,4.436,0.0,0.0,5.64,0,1.149,80,91.92
4872,7,22,23,32.26,64.0,4.436,0.0,0.0,5.86,0,1.145,80,91.6
4873,7,23,0,32.87,62.4,4.436,0.0,0.0,5.43,0,1.137,80,90.96000000000001
4874,7,23,1,32.0,60.6,4.436,0.0,0.0,6.42,1,1.1280000000000001,100,112.80000000000001
4875,7,23,2,29.45,59.4,4.436,0.0,0.0,7.06,1,1.122,100,112.20000000000002
4876,7,23,3,29.84,58.8,4.436,0.0,0.0,8.15,1,1.119,100,111.9
4877,7,23,4,32.11,58.5,4.436,0.0,0.0,7.94,1,1.1175000000000002,100,111.75000000000001
4878,7,23,5,36.06,60.6,4.436,18.2,39.0,7.24,1,1.1280000000000001,100,112.80000000000001
4879,7,23,6,40.45,64.6,4.436,119.2,181.0,7.05,1,1.1480000000000001,100,114.80000000000001
4880,7,23,7,40.39,70.7,4.436,296.7,381.0,5.14,1,1.1785,100,117.85000000000001
4881,7,23,8,31.5,74.3,4.436,514.6,565.0,4.34,1,1.1965000000000001,100,119.65
4882,7,23,9,34.24,76.6,4.436,714.9,727.0,3.58,0,1.208,80,96.64
4883,7,23,10,38.29,78.4,4.436,873.7,854.0,4.48,0,1.217,80,97.36000000000001
4884,7,23,11,40.06,79.9,4.436,968.5,931.0,5.78,0,1.2245000000000001,80,97.96000000000001
4885,7,23,12,43.35,81.0,4.436,990.6,953.0,5.83,0,1.23,80,98.4
4886,7,23,13,51.03,81.7,4.436,936.4,918.0,5.72,0,1.2335,80,98.68
4887,7,23,14,42.5,81.7,4.436,810.4,829.0,4.63,0,1.2335,80,98.68
4888,7,23,15,52.3,81.7,4.436,626.1,697.0,5.23,0,1.2335,80,98.68
4889,7,23,16,78.67,81.5,4.436,399.4,535.0,4.47,0,1.2325000000000002,80,98.60000000000001
4890,7,23,17,95.28,79.7,4.436,143.0,349.0,4.33,0,1.2235,80,97.88
4891,7,23,18,81.31,75.0,4.436,19.6,166.0,3.89,0,1.2000000000000002,80,96.00000000000001
4892,7,23,19,78.78,72.0,4.436,0.0,24.0,6.83,0,1.185,80,94.80000000000001
4893,7,23,20,59.31,69.4,4.436,0.0,0.0,5.89,0,1.1720000000000002,80,93.76000000000002
4894,7,23,21,43.62,67.6,4.436,0.0,0.0,6.38,0,1.163,80,93.04
4895,7,23,22,40.76,66.7,4.436,0.0,0.0,5.74,0,1.1585,80,92.68
4896,7,23,23,35.22,66.0,4.436,0.0,0.0,4.78,0,1.155,80,92.4
4897,7,24,0,33.76,66.0,4.436,0.0,0.0,4.68,1,1.155,100,115.5
4898,7,24,1,32.41,65.5,4.436,0.0,0.0,4.97,1,1.1525,100,115.25000000000001
4899,7,24,2,31.31,64.9,4.436,0.0,0.0,4.57,1,1.1495000000000002,100,114.95000000000002
4900,7,24,3,31.73,64.6,4.436,0.0,0.0,4.75,1,1.1480000000000001,100,114.80000000000001
4901,7,24,4,33.19,64.4,4.436,0.0,0.0,5.38,1,1.147,100,114.7
4902,7,24,5,34.46,65.8,4.436,19.5,31.0,4.38,1,1.1540000000000001,100,115.40000000000002
4903,7,24,6,34.72,69.6,4.436,101.3,173.0,3.62,1,1.173,100,117.30000000000001
4904,7,24,7,35.79,73.9,4.436,278.3,350.0,2.85,1,1.1945000000000001,100,119.45000000000002
4905,7,24,8,34.66,77.7,4.436,482.2,527.0,4.36,0,1.2135,80,97.08
4906,7,24,9,48.96,81.0,4.436,671.7,683.0,2.05,0,1.23,80,98.4
4907,7,24,10,50.38,83.5,4.436,830.4,812.0,2.61,0,1.2425000000000002,80,99.4
4908,7,24,11,53.99,85.3,4.436,923.2,888.0,4.19,0,1.2515,80,100.12
4909,7,24,12,68.03,86.5,4.436,867.3,837.0,3.99,0,1.2575,80,100.60000000000001
4910,7,24,13,84.45,87.3,4.436,824.1,810.0,5.64,0,1.2615,80,100.92
4911,7,24,14,92.41,87.4,4.436,706.0,723.0,6.53,0,1.262,80,100.96000000000001
4912,7,24,15,121.96,87.3,4.436,581.4,644.0,10.99,0,1.2615,80,100.92
4913,7,24,16,245.51,86.2,4.436,386.0,510.0,9.11,0,1.2560000000000002,80,100.48000000000002
4914,7,24,17,242.04,84.4,4.436,145.6,330.0,3.6,0,1.247,80,99.76
4915,7,24,18,202.57,80.1,4.436,30.0,154.0,5.34,0,1.2255,80,98.04
4916,7,24,19,134.78,76.1,4.436,0.0,21.0,6.44,0,1.2055,80,96.44
4917,7,24,20,94.74,75.2,4.436,0.0,0.0,5.18,0,1.201,80,96.08000000000001
4918,7,24,21,88.18,74.1,4.436,0.0,0.0,5.32,0,1.1955,80,95.64
4919,7,24,22,72.4,73.2,4.436,0.0,0.0,4.72,0,1.191,80,95.28
4920,7,24,23,64.35,72.5,4.436,0.0,0.0,4.65,0,1.1875,80,95.0
4921,7,25,0,51.46,71.8,4.436,0.0,0.0,5.32,1,1.1840000000000002,100,118.40000000000002
4922,7,25,1,46.59,71.2,4.436,0.0,0.0,6.56,1,1.181,100,118.10000000000001
4923,7,25,2,44.43,71.1,4.436,0.0,0.0,7.12,1,1.1805,100,118.05000000000001
4924,7,25,3,44.99,71.2,4.436,0.0,0.0,8.86,1,1.181,100,118.10000000000001
4925,7,25,4,47.39,70.9,4.436,0.0,0.0,7.8,1,1.1795000000000002,100,117.95000000000002
4926,7,25,5,53.79,72.7,4.436,18.8,21.0,5.89,1,1.1885000000000001,100,118.85000000000001
4927,7,25,6,67.12,76.5,4.436,100.6,169.0,5.14,1,1.2075,100,120.75
4928,7,25,7,78.72,81.3,4.436,269.4,322.0,3.51,1,1.2315,100,123.15
4929,7,25,8,71.34,85.3,4.436,475.7,518.0,3.31,0,1.2515,80,100.12
4930,7,25,9,78.38,87.8,4.436,475.3,506.0,3.12,0,1.264,80,101.12
4931,7,25,10,90.19,88.7,4.436,142.1,159.0,2.45,0,1.2685000000000002,80,101.48000000000002
4932,7,25,11,106.18,88.5,4.436,124.2,139.0,3.7,0,1.2675,80,101.4
4933,7,25,12,184.2,86.9,4.436,455.6,487.0,3.49,0,1.2595,80,100.76
4934,7,25,13,177.78,85.3,4.436,639.2,664.0,4.86,0,1.2515,80,100.12
4935,7,25,14,190.4,83.7,4.436,575.1,609.0,5.12,0,1.2435,80,99.48
4936,7,25,15,229.84,82.2,4.436,316.8,350.0,5.79,0,1.2360000000000002,80,98.88000000000002
4937,7,25,16,302.79,81.7,4.436,326.9,392.0,5.01,0,1.2335,80,98.68
4938,7,25,17,248.02,80.8,4.436,142.7,161.0,3.95,0,1.229,80,98.32000000000001
4939,7,25,18,196.37,77.7,4.436,81.3,92.0,4.14,0,1.2135,80,97.08
4940,7,25,19,184.96,73.9,4.436,0.0,18.0,8.81,0,1.1945000000000001,80,95.56
4941,7,25,20,105.42,71.4,4.436,0.0,0.0,6.56,0,1.1820000000000002,80,94.56000000000002
4942,7,25,21,89.35,69.4,4.436,0.0,0.0,5.68,0,1.1720000000000002,80,93.76000000000002
4943,7,25,22,57.21,68.0,4.436,0.0,0.0,5.7,0,1.165,80,93.2
4944,7,25,23,55.62,66.4,4.436,0.0,0.0,6.96,0,1.157,80,92.56
4945,7,26,0,49.48,65.1,4.436,0.0,0.0,5.88,0,1.1505,80,92.04
4946,7,26,1,46.9,64.4,4.436,0.0,0.0,7.18,0,1.147,80,91.76
4947,7,26,2,42.61,63.9,4.436,0.0,0.0,8.3,1,1.1445,100,114.45
4948,7,26,3,42.83,63.3,4.436,0.0,0.0,9.43,1,1.1415000000000002,100,114.15000000000002
4949,7,26,4,45.79,62.8,4.436,0.0,0.0,10.2,1,1.139,100,113.9
4950,7,26,5,44.26,66.0,4.436,17.7,30.0,9.42,1,1.155,100,115.5
4951,7,26,6,43.57,69.8,4.436,101.9,175.0,7.69,1,1.1740000000000002,100,117.40000000000002
4952,7,26,7,42.09,74.5,4.436,285.0,356.0,6.58,1,1.1975,100,119.75
4953,7,26,8,41.48,77.4,4.436,494.8,537.0,6.69,1,1.2120000000000002,100,121.20000000000002
4954,7,26,9,40.97,79.9,4.436,624.3,640.0,6.55,1,1.2245000000000001,100,122.45000000000002
4955,7,26,10,43.22,81.7,4.436,831.9,811.0,5.61,0,1.2335,80,98.68
4956,7,26,11,47.35,83.1,4.436,924.8,887.0,6.07,0,1.2405000000000002,80,99.24000000000001
4957,7,26,12,42.86,84.2,4.436,950.7,912.0,4.74,0,1.246,80,99.68
4958,7,26,13,42.4,84.4,4.436,814.3,806.0,6.1,0,1.247,80,99.76
4959,7,26,14,45.77,83.8,4.436,684.0,706.0,7.21,0,1.244,80,99.52
4960,7,26,15,58.15,83.7,4.436,537.1,588.0,6.36,0,1.2435,80,99.48
4961,7,26,16,66.94,83.1,4.436,383.8,493.0,6.74,0,1.2405000000000002,80,99.24000000000001
4962,7,26,17,68.42,79.9,4.436,193.0,251.0,6.68,0,1.2245000000000001,80,97.96000000000001
4963,7,26,18,84.19,77.2,4.436,93.9,112.0,6.54,0,1.211,80,96.88000000000001
4964,7,26,19,62.4,72.5,4.436,0.0,14.0,7.48,0,1.1875,80,95.0
4965,7,26,20,63.71,69.8,4.436,0.0,0.0,8.28,0,1.1740000000000002,80,93.92000000000002
4966,7,26,21,49.64,68.7,4.436,0.0,0.0,7.78,0,1.1685,80,93.48
4967,7,26,22,46.46,67.5,4.436,0.0,0.0,7.56,0,1.1625,80,93.0
4968,7,26,23,39.82,66.6,4.436,0.0,0.0,8.65,0,1.1580000000000001,80,92.64000000000001
4969,7,27,0,34.35,66.2,4.436,0.0,0.0,8.59,1,1.1560000000000001,100,115.60000000000001
4970,7,27,1,33.57,65.8,4.436,0.0,0.0,10.34,1,1.1540000000000001,100,115.40000000000002
4971,7,27,2,32.33,65.5,4.436,0.0,0.0,10.08,1,1.1525,100,115.25000000000001
4972,7,27,3,32.32,64.9,4.436,0.0,0.0,9.89,1,1.1495000000000002,100,114.95000000000002
4973,7,27,4,31.11,64.8,4.436,0.0,0.0,9.04,1,1.149,100,114.9
4974,7,27,5,32.9,65.1,4.436,14.4,19.0,6.99,1,1.1505,100,115.05000000000001
4975,7,27,6,32.73,66.0,4.436,2.7,3.0,10.04,1,1.155,100,115.5
4976,7,27,7,35.76,67.3,4.436,32.2,36.0,10.25,1,1.1615,100,116.14999999999999
4977,7,27,8,38.55,69.6,4.436,50.9,57.0,9.08,0,1.173,80,93.84
4978,7,27,9,40.15,73.4,4.436,179.8,200.0,10.3,0,1.1920000000000002,80,95.36000000000001
4979,7,27,10,41.16,75.9,4.436,66.1,74.0,10.81,0,1.2045000000000001,80,96.36000000000001
4980,7,27,11,39.52,76.6,4.436,134.8,150.0,11.64,0,1.208,80,96.64
4981,7,27,12,42.79,76.6,4.436,136.7,153.0,12.11,0,1.208,80,96.64
4982,7,27,13,42.06,78.4,4.436,219.9,246.0,12.82,0,1.217,80,97.36000000000001
4983,7,27,14,40.9,80.8,4.436,556.2,592.0,10.17,0,1.229,80,98.32000000000001
4984,7,27,15,45.02,81.7,4.436,158.2,177.0,12.04,0,1.2335,80,98.68
4985,7,27,16,52.12,81.5,4.436,58.1,65.0,10.5,0,1.2325000000000002,80,98.60000000000001
4986,7,27,17,50.61,80.4,4.436,117.8,132.0,8.11,0,1.227,80,98.16000000000001
4987,7,27,18,41.83,78.3,4.436,34.9,39.0,11.07,0,1.2165000000000001,80,97.32000000000001
4988,7,27,19,51.55,76.6,4.436,0.0,15.0,7.66,0,1.208,80,96.64
4989,7,27,20,55.24,75.6,4.436,0.0,0.0,10.9,0,1.203,80,96.24000000000001
4990,7,27,21,40.16,74.7,4.436,0.0,0.0,11.46,0,1.1985000000000001,80,95.88000000000001
4991,7,27,22,45.81,73.8,4.436,0.0,0.0,10.56,0,1.1940000000000002,80,95.52000000000001
4992,7,27,23,50.1,72.3,4.436,0.0,0.0,10.85,0,1.1865,80,94.92000000000002
4993,7,28,0,37.12,71.1,4.436,0.0,0.0,9.88,1,1.1805,100,118.05000000000001
4994,7,28,1,33.29,70.3,4.436,0.0,0.0,8.6,1,1.1765,100,117.65
4995,7,28,2,30.61,69.6,4.436,0.0,0.0,8.47,1,1.173,100,117.30000000000001
4996,7,28,3,28.69,69.3,4.436,0.0,0.0,8.19,1,1.1715,100,117.15
4997,7,28,4,30.58,68.9,4.436,0.0,0.0,8.34,1,1.1695000000000002,100,116.95000000000002
4998,7,28,5,40.91,71.4,4.436,16.9,27.0,7.77,1,1.1820000000000002,100,118.20000000000002
4999,7,28,6,49.93,74.1,4.436,44.7,50.0,7.26,1,1.1955,100,119.55
5000,7,28,7,50.74,78.3,4.436,160.5,179.0,4.97,1,1.2165000000000001,100,121.65000000000002
5001,7,28,8,50.57,82.6,4.436,492.1,530.0,3.48,0,1.238,80,99.03999999999999
5002,7,28,9,61.2,85.1,4.436,687.6,689.0,2.35,0,1.2505000000000002,80,100.04000000000002
5003,7,28,10,70.77,86.9,4.436,842.6,813.0,4.16,0,1.2595,80,100.76
5004,7,28,11,76.06,88.0,4.436,935.2,888.0,4.3,0,1.2650000000000001,80,101.20000000000002
5005,7,28,12,90.56,88.9,4.436,862.5,823.0,6.24,0,1.2695,80,101.56
5006,7,28,13,98.04,89.1,4.436,896.2,868.0,6.8,0,1.2705000000000002,80,101.64000000000001
5007,7,28,14,130.47,89.1,4.436,780.2,786.0,7.55,0,1.2705000000000002,80,101.64000000000001
5008,7,28,15,161.9,88.5,4.436,604.7,659.0,6.85,0,1.2675,80,101.4
5009,7,28,16,263.59,87.3,4.436,390.6,507.0,7.2,0,1.2615,80,100.92
5010,7,28,17,304.7,85.1,4.436,143.6,327.0,7.47,0,1.2505000000000002,80,100.04000000000002
5011,7,28,18,261.47,80.2,4.436,22.7,149.0,6.16,0,1.2260000000000002,80,98.08000000000001
5012,7,28,19,154.57,76.3,4.436,0.0,16.0,6.37,0,1.2065000000000001,80,96.52000000000001
5013,7,28,20,122.54,74.8,4.436,0.0,0.0,7.26,0,1.199,80,95.92
5014,7,28,21,89.54,73.8,4.436,0.0,0.0,7.18,0,1.1940000000000002,80,95.52000000000001
5015,7,28,22,66.38,72.7,4.436,0.0,0.0,5.84,0,1.1885000000000001,80,95.08000000000001
5016,7,28,23,51.25,72.1,4.436,0.0,0.0,7.17,0,1.1855,80,94.84
5017,7,29,0,46.03,71.6,4.436,0.0,0.0,5.67,1,1.183,100,118.30000000000001
5018,7,29,1,40.43,70.9,4.436,0.0,0.0,6.36,1,1.1795000000000002,100,117.95000000000002
5019,7,29,2,40.45,70.5,4.436,0.0,0.0,5.1,1,1.1775,100,117.75
5020,7,29,3,38.32,70.2,4.436,0.0,0.0,5.04,1,1.1760000000000002,100,117.60000000000002
5021,7,29,4,46.94,69.8,4.436,0.0,0.0,5.89,1,1.1740000000000002,100,117.40000000000002
5022,7,29,5,50.9,73.0,4.436,16.1,24.0,6.65,1,1.1900000000000002,100,119.00000000000001
5023,7,29,6,56.96,76.6,4.436,96.8,166.0,6.98,1,1.208,100,120.8
5024,7,29,7,52.92,81.5,4.436,280.5,347.0,4.73,1,1.2325000000000002,100,123.25000000000001
5025,7,29,8,58.72,85.3,4.436,493.2,529.0,1.48,0,1.2515,80,100.12
5026,7,29,9,73.71,88.0,4.436,689.1,688.0,1.94,0,1.2650000000000001,80,101.20000000000002
5027,7,29,10,90.1,89.8,4.436,847.7,815.0,0.77,0,1.274,80,101.92
5028,7,29,11,99.81,91.0,4.436,945.0,894.0,2.43,0,1.28,80,102.4
5029,7,29,12,143.19,92.1,4.436,968.9,917.0,3.7,0,1.2855,80,102.84
5030,7,29,13,160.0,92.3,4.436,914.4,881.0,4.34,0,1.2865000000000002,80,102.92000000000002
5031,7,29,14,205.07,91.8,4.436,791.8,794.0,5.19,0,1.284,80,102.72
5032,7,29,15,268.56,90.5,4.436,610.9,663.0,3.82,0,1.2775,80,102.2
5033,7,29,16,394.73,88.9,4.436,387.3,498.0,8.76,0,1.2695,80,101.56
5034,7,29,17,400.0,86.5,4.436,145.8,317.0,6.92,0,1.2575,80,100.60000000000001
5035,7,29,18,341.48,81.5,4.436,29.1,142.0,8.46,0,1.2325000000000002,80,98.60000000000001
5036,7,29,19,210.05,77.2,4.436,0.0,13.0,7.13,0,1.211,80,96.88000000000001
5037,7,29,20,157.56,75.4,4.436,0.0,0.0,6.35,0,1.2020000000000002,80,96.16000000000001
5038,7,29,21,103.93,73.9,4.436,0.0,0.0,7.18,0,1.1945000000000001,80,95.56
5039,7,29,22,90.46,72.9,4.436,0.0,0.0,7.93,0,1.1895000000000002,80,95.16000000000003
5040,7,29,23,76.19,72.0,4.436,0.0,0.0,8.52,0,1.185,80,94.80000000000001
5041,7,30,0,66.69,71.2,4.436,0.0,0.0,9.76,1,1.181,100,118.10000000000001
5042,7,30,1,58.06,70.3,4.436,0.0,0.0,10.1,1,1.1765,100,117.65
5043,7,30,2,53.58,70.0,4.436,0.0,0.0,9.17,1,1.175,100,117.5
5044,7,30,3,54.49,70.0,4.436,0.0,0.0,9.8,1,1.175,100,117.5
5045,7,30,4,60.58,69.1,4.436,0.0,0.0,9.88,1,1.1705,100,117.05000000000001
5046,7,30,5,60.44,71.8,4.436,15.2,22.0,9.61,1,1.1840000000000002,100,118.40000000000002
5047,7,30,6,63.52,75.6,4.436,96.5,161.0,8.93,1,1.203,100,120.30000000000001
5048,7,30,7,68.4,81.3,4.436,278.0,341.0,8.28,1,1.2315,100,123.15
5049,7,30,8,74.15,86.0,4.436,490.6,524.0,7.53,0,1.2550000000000001,80,100.4
5050,7,30,9,74.09,88.5,4.436,689.3,686.0,7.73,0,1.2675,80,101.4
5051,7,30,10,87.45,90.0,4.436,849.1,814.0,8.2,0,1.2750000000000001,80,102.00000000000001
5052,7,30,11,98.67,90.3,4.436,943.2,890.0,7.82,0,1.2765,80,102.12
5053,7,30,12,120.81,90.9,4.436,964.9,911.0,7.52,0,1.2795,80,102.36000000000001
5054,7,30,13,159.23,90.9,4.436,912.9,877.0,7.43,0,1.2795,80,102.36000000000001
5055,7,30,14,177.62,90.3,4.436,792.6,792.0,7.0,0,1.2765,80,102.12
5056,7,30,15,208.07,89.1,4.436,613.6,663.0,7.22,0,1.2705000000000002,80,101.64000000000001
5057,7,30,16,266.72,87.1,4.436,386.6,477.0,6.28,0,1.2605,80,100.84
5058,7,30,17,289.66,84.2,4.436,179.4,246.0,6.21,0,1.246,80,99.68
5059,7,30,18,206.86,79.3,4.436,85.2,120.0,5.81,0,1.2215,80,97.72
5060,7,30,19,177.2,75.6,4.436,0.0,10.0,7.24,0,1.203,80,96.24000000000001
5061,7,30,20,147.71,74.5,4.436,0.0,0.0,6.0,0,1.1975,80,95.8
5062,7,30,21,77.8,73.8,4.436,0.0,0.0,8.53,0,1.1940000000000002,80,95.52000000000001
5063,7,30,22,67.65,72.9,4.436,0.0,0.0,7.76,0,1.1895000000000002,80,95.16000000000003
5064,7,30,23,68.79,72.0,4.436,0.0,0.0,8.36,0,1.185,80,94.80000000000001
5065,7,31,0,54.6,71.4,4.436,0.0,0.0,7.47,0,1.1820000000000002,80,94.56000000000002
5066,7,31,1,49.95,71.2,4.436,0.0,0.0,7.42,0,1.181,80,94.48
5067,7,31,2,53.15,70.9,4.436,0.0,0.0,6.93,0,1.1795000000000002,80,94.36000000000001
5068,7,31,3,52.07,70.3,4.436,0.0,0.0,6.49,0,1.1765,80,94.12
5069,7,31,4,58.99,69.4,4.436,0.0,0.0,6.34,0,1.1720000000000002,80,93.76000000000002
5070,7,31,5,86.18,68.9,4.436,11.7,15.0,6.19,0,1.1695000000000002,80,93.56000000000002
5071,7,31,6,86.7,69.1,4.436,5.4,6.0,6.89,0,1.1705,80,93.64000000000001
5072,7,31,7,73.96,69.6,4.436,114.8,128.0,8.24,0,1.173,80,93.84
5073,7,31,8,75.98,70.5,4.436,100.6,112.0,8.31,0,1.1775,80,94.2
5074,7,31,9,59.74,71.1,4.436,92.9,104.0,10.23,0,1.1805,80,94.44000000000001
5075,7,31,10,60.79,70.9,4.436,225.6,251.0,10.17,0,1.1795000000000002,80,94.36000000000001
5076,7,31,11,64.21,70.2,4.436,126.7,141.0,8.92,0,1.1760000000000002,80,94.08000000000001
5077,7,31,12,67.63,69.1,4.436,210.0,234.0,9.19,0,1.1705,80,93.64000000000001
5078,7,31,13,69.62,68.2,4.436,143.0,160.0,9.11,0,1.1660000000000001,80,93.28000000000002
5079,7,31,14,68.25,66.9,4.436,177.7,198.0,8.86,0,1.1595000000000002,80,92.76000000000002
5080,7,31,15,68.86,65.5,4.436,59.9,67.0,10.38,0,1.1525,80,92.2
5081,7,31,16,65.84,64.4,4.436,108.1,121.0,8.11,1,1.147,100,114.7
5082,7,31,17,60.37,63.3,4.436,24.1,27.0,7.7,1,1.1415000000000002,100,114.15000000000002
5083,7,31,18,59.4,62.4,4.436,7.1,8.0,5.91,1,1.137,100,113.7
5084,7,31,19,57.53,61.7,4.436,0.0,4.0,4.7,1,1.1335000000000002,100,113.35000000000002
5085,7,31,20,54.4,61.0,4.436,0.0,0.0,4.88,1,1.1300000000000001,100,113.00000000000001
5086,7,31,21,47.19,60.4,4.436,0.0,0.0,4.05,1,1.127,100,112.7
5087,7,31,22,41.76,59.9,4.436,0.0,0.0,5.64,1,1.1245,100,112.45
5088,7,31,23,51.68,59.5,4.436,0.0,0.0,5.55,1,1.1225,100,112.25
5089,8,1,0,47.16,59.0,3.732,0.0,0.0,6.82,0,1.12,80,89.60000000000001
5090,8,1,1,38.86,58.5,3.732,0.0,0.0,6.44,0,1.1175000000000002,80,89.4
5091,8,1,2,36.48,57.9,3.732,0.0,0.0,6.99,0,1.1145,80,89.16
5092,8,1,3,36.9,57.7,3.732,0.0,0.0,7.23,0,1.1135000000000002,80,89.08000000000001
5093,8,1,4,37.53,57.6,3.732,0.0,0.0,7.5,0,1.113,80,89.03999999999999
5094,8,1,5,48.07,58.3,3.732,5.4,6.0,8.39,0,1.1165,80,89.32000000000001
5095,8,1,6,54.38,60.1,3.732,33.1,37.0,7.64,0,1.1255000000000002,80,90.04000000000002
5096,8,1,7,50.76,62.8,3.732,193.6,216.0,6.35,0,1.139,80,91.12
5097,8,1,8,44.68,66.0,3.732,514.0,544.0,5.58,1,1.155,100,115.5
5098,8,1,9,42.27,69.8,3.732,226.0,252.0,6.75,1,1.1740000000000002,100,117.40000000000002
5099,8,1,10,40.31,72.3,3.732,876.7,834.0,8.18,1,1.1865,100,118.65
5100,8,1,11,40.17,73.9,3.732,803.7,788.0,8.17,1,1.1945000000000001,100,119.45000000000002
5101,8,1,12,41.46,75.0,3.732,285.2,318.0,7.96,1,1.2000000000000002,100,120.00000000000001
5102,8,1,13,39.87,75.6,3.732,265.5,296.0,7.64,1,1.203,100,120.30000000000001
5103,8,1,14,38.97,75.6,3.732,832.0,824.0,7.68,1,1.203,100,120.30000000000001
5104,8,1,15,42.05,74.8,3.732,646.4,692.0,6.62,1,1.199,100,119.9
5105,8,1,16,45.35,73.6,3.732,410.7,522.0,6.08,0,1.193,80,95.44
5106,8,1,17,55.55,71.4,3.732,148.1,334.0,5.61,0,1.1820000000000002,80,94.56000000000002
5107,8,1,18,59.75,66.7,3.732,17.1,149.0,5.33,0,1.1585,80,92.68
5108,8,1,19,55.73,63.0,3.732,0.0,12.0,6.72,0,1.1400000000000001,80,91.20000000000002
5109,8,1,20,46.11,61.5,3.732,0.0,0.0,6.24,0,1.1325,80,90.60000000000001
5110,8,1,21,43.56,60.1,3.732,0.0,0.0,5.07,0,1.1255000000000002,80,90.04000000000002
5111,8,1,22,37.22,58.8,3.732,0.0,0.0,5.41,0,1.119,80,89.52
5112,8,1,23,35.13,57.6,3.732,0.0,0.0,4.87,0,1.113,80,89.03999999999999
5113,8,2,0,31.4,56.3,3.732,0.0,0.0,6.24,0,1.1065,80,88.52000000000001
5114,8,2,1,30.05,55.6,3.732,0.0,0.0,6.21,0,1.1030000000000002,80,88.24000000000001
5115,8,2,2,29.87,54.7,3.732,0.0,0.0,6.56,0,1.1,80,88.0
5116,8,2,3,29.13,54.0,3.732,0.0,0.0,5.17,0,1.1,80,88.0
5117,8,2,4,30.09,53.2,3.732,0.0,0.0,4.95,0,1.1,80,88.0
5118,8,2,5,29.2,56.3,3.732,13.4,22.0,5.09,0,1.1065,80,88.52000000000001
5119,8,2,6,31.08,60.6,3.732,101.0,114.0,5.33,0,1.1280000000000001,80,90.24000000000001
5120,8,2,7,28.62,66.2,3.732,298.2,363.0,5.25,1,1.1560000000000001,100,115.60000000000001
5121,8,2,8,28.79,69.6,3.732,524.1,552.0,3.51,1,1.173,100,117.30000000000001
5122,8,2,9,28.21,72.0,3.732,731.5,718.0,1.52,1,1.185,100,118.5
5123,8,2,10,28.64,73.8,3.732,891.3,844.0,1.49,1,1.1940000000000002,100,119.40000000000002
5124,8,2,11,28.01,75.2,3.732,987.6,921.0,1.35,1,1.201,100,120.10000000000001
5125,8,2,12,29.42,76.1,3.732,1014.0,946.0,3.23,1,1.2055,100,120.55
5126,8,2,13,27.9,76.6,3.732,957.8,909.0,4.87,1,1.208,100,120.8
5127,8,2,14,27.09,76.8,3.732,833.4,822.0,6.08,1,1.209,100,120.9
5128,8,2,15,29.92,76.3,3.732,642.9,685.0,5.01,0,1.2065000000000001,80,96.52000000000001
5129,8,2,16,49.77,75.6,3.732,408.7,516.0,4.0,0,1.203,80,96.24000000000001
5130,8,2,17,59.92,74.7,3.732,148.0,327.0,3.75,0,1.1985000000000001,80,95.88000000000001
5131,8,2,18,61.67,70.7,3.732,20.4,141.0,4.18,0,1.1785,80,94.28
5132,8,2,19,55.74,68.4,3.732,0.0,10.0,3.44,0,1.167,80,93.36
5133,8,2,20,50.12,66.2,3.732,0.0,0.0,2.18,0,1.1560000000000001,80,92.48000000000002
5134,8,2,21,38.11,63.7,3.732,0.0,0.0,1.73,0,1.1435000000000002,80,91.48000000000002
5135,8,2,22,38.05,61.2,3.732,0.0,0.0,0.68,0,1.131,80,90.48
5136,8,2,23,36.89,59.4,3.732,0.0,0.0,0.52,0,1.122,80,89.76
5137,8,3,0,30.92,58.5,3.732,0.0,0.0,1.69,0,1.1175000000000002,80,89.4
5138,8,3,1,29.21,57.6,3.732,0.0,0.0,4.25,0,1.113,80,89.03999999999999
5139,8,3,2,28.44,56.8,3.732,0.0,0.0,4.4,0,1.109,80,88.72
5140,8,3,3,28.97,56.7,3.732,0.0,0.0,4.41,1,1.1085,100,110.85000000000001
5141,8,3,4,29.32,56.1,3.732,0.0,0.0,5.5,1,1.1055000000000001,100,110.55000000000001
5142,8,3,5,29.03,59.2,3.732,11.7,16.0,6.16,1,1.121,100,112.1
5143,8,3,6,28.65,63.3,3.732,92.9,104.0,6.5,1,1.1415000000000002,100,114.15000000000002
5144,8,3,7,28.44,68.7,3.732,278.8,332.0,7.58,1,1.1685,100,116.85000000000001
5145,8,3,8,27.76,74.1,3.732,488.1,513.0,7.81,1,1.1955,100,119.55
5146,8,3,9,28.11,77.5,3.732,682.4,672.0,6.97,1,1.2125000000000001,100,121.25000000000001
5147,8,3,10,28.33,79.5,3.732,823.3,786.0,6.76,1,1.2225000000000001,100,122.25000000000001
5148,8,3,11,31.55,80.6,3.732,919.4,864.0,7.09,0,1.228,80,98.24
5149,8,3,12,34.36,81.3,3.732,947.6,890.0,8.39,0,1.2315,80,98.52000000000001
5150,8,3,13,33.96,81.7,3.732,898.2,857.0,8.59,0,1.2335,80,98.68
5151,8,3,14,38.93,81.7,3.732,781.9,773.0,7.91,0,1.2335,80,98.68
5152,8,3,15,52.27,81.1,3.732,605.7,643.0,8.9,0,1.2305000000000001,80,98.44000000000001
5153,8,3,16,59.56,79.9,3.732,389.0,481.0,8.86,0,1.2245000000000001,80,97.96000000000001
5154,8,3,17,64.67,76.8,3.732,153.5,300.0,8.07,0,1.209,80,96.72
5155,8,3,18,64.72,71.1,3.732,34.9,124.0,7.53,0,1.1805,80,94.44000000000001
5156,8,3,19,59.96,67.8,3.732,0.0,0.0,8.88,0,1.1640000000000001,80,93.12
5157,8,3,20,52.31,66.6,3.732,0.0,0.0,10.26,0,1.1580000000000001,80,92.64000000000001
5158,8,3,21,37.05,65.7,3.732,0.0,0.0,8.62,0,1.1535000000000002,80,92.28000000000002
5159,8,3,22,36.63,64.6,3.732,0.0,0.0,8.96,0,1.1480000000000001,80,91.84
5160,8,3,23,46.35,63.7,3.732,0.0,0.0,9.75,0,1.1435000000000002,80,91.48000000000002
5161,8,4,0,37.41,62.6,3.732,0.0,0.0,8.97,1,1.1380000000000001,100,113.80000000000001
5162,8,4,1,38.56,61.9,3.732,0.0,0.0,7.43,1,1.1345,100,113.45
5163,8,4,2,35.84,61.2,3.732,0.0,0.0,10.08,1,1.131,100,113.1
5164,8,4,3,35.06,60.4,3.732,0.0,0.0,9.78,1,1.127,100,112.7
5165,8,4,4,39.59,60.1,3.732,0.0,0.0,12.6,1,1.1255000000000002,100,112.55000000000001
5166,8,4,5,39.55,61.9,3.732,6.3,8.0,11.77,1,1.1345,100,113.45
5167,8,4,6,48.25,66.6,3.732,90.4,122.0,7.23,1,1.1580000000000001,100,115.80000000000001
5168,8,4,7,50.65,70.7,3.732,252.8,293.0,3.89,1,1.1785,100,117.85000000000001
5169,8,4,8,39.47,75.9,3.732,443.3,467.0,4.11,0,1.2045000000000001,80,96.36000000000001
5170,8,4,9,42.0,79.7,3.732,627.1,624.0,5.88,0,1.2235,80,97.88
5171,8,4,10,44.44,82.2,3.732,774.3,746.0,6.82,0,1.2360000000000002,80,98.88000000000002
5172,8,4,11,51.3,83.7,3.732,867.3,823.0,6.08,0,1.2435,80,99.48
5173,8,4,12,55.9,84.4,3.732,897.1,851.0,8.04,0,1.247,80,99.76
5174,8,4,13,56.13,84.6,3.732,853.7,821.0,5.95,0,1.248,80,99.84
5175,8,4,14,67.6,84.2,3.732,743.5,739.0,8.8,0,1.246,80,99.68
5176,8,4,15,80.93,83.1,3.732,577.5,612.0,6.08,0,1.2405000000000002,80,99.24000000000001
5177,8,4,16,113.82,82.2,3.732,377.8,458.0,6.67,0,1.2360000000000002,80,98.88000000000002
5178,8,4,17,114.03,79.0,3.732,161.5,279.0,7.2,0,1.2200000000000002,80,97.60000000000002
5179,8,4,18,100.81,74.3,3.732,46.9,108.0,11.43,0,1.1965000000000001,80,95.72000000000001
5180,8,4,19,81.07,72.0,3.732,0.0,0.0,8.75,0,1.185,80,94.80000000000001
5181,8,4,20,66.09,71.2,3.732,0.0,0.0,3.17,0,1.181,80,94.48
5182,8,4,21,54.12,70.3,3.732,0.0,0.0,6.7,0,1.1765,80,94.12
5183,8,4,22,55.39,68.7,3.732,0.0,0.0,5.94,0,1.1685,80,93.48
5184,8,4,23,48.48,67.1,3.732,0.0,0.0,7.63,0,1.1605,80,92.84
5185,8,5,0,60.38,65.8,3.732,0.0,0.0,10.22,0,1.1540000000000001,80,92.32000000000001
5186,8,5,1,45.13,65.7,3.732,0.0,0.0,8.27,1,1.1535000000000002,100,115.35000000000002
5187,8,5,2,38.63,65.5,3.732,0.0,0.0,6.01,1,1.1525,100,115.25000000000001
5188,8,5,3,44.84,65.5,3.732,0.0,0.0,6.78,1,1.1525,100,115.25000000000001
5189,8,5,4,46.65,65.8,3.732,0.0,0.0,7.33,1,1.1540000000000001,100,115.40000000000002
5190,8,5,5,47.67,66.6,3.732,5.4,6.0,7.17,1,1.1580000000000001,100,115.80000000000001
5191,8,5,6,52.29,68.2,3.732,93.0,120.0,7.53,1,1.1660000000000001,100,116.60000000000001
5192,8,5,7,53.45,70.5,3.732,176.0,196.0,7.96,1,1.1775,100,117.75
5193,8,5,8,51.52,73.4,3.732,268.7,295.0,6.05,1,1.1920000000000002,100,119.20000000000002
5194,8,5,9,47.57,76.5,3.732,484.5,510.0,6.96,0,1.2075,80,96.6
5195,8,5,10,51.83,79.2,3.732,536.3,563.0,6.44,0,1.221,80,97.68
5196,8,5,11,53.9,81.1,3.732,668.5,686.0,5.62,0,1.2305000000000001,80,98.44000000000001
5197,8,5,12,59.11,82.6,3.732,747.7,756.0,5.34,0,1.238,80,99.03999999999999
5198,8,5,13,62.89,83.3,3.732,819.1,795.0,6.89,0,1.2415,80,99.32000000000001
5199,8,5,14,72.79,83.1,3.732,718.4,719.0,6.62,0,1.2405000000000002,80,99.24000000000001
5200,8,5,15,78.76,82.6,3.732,556.0,589.0,6.36,0,1.238,80,99.03999999999999
5201,8,5,16,72.68,81.3,3.732,368.3,437.0,6.55,0,1.2315,80,98.52000000000001
5202,8,5,17,79.0,78.6,3.732,169.2,264.0,6.42,0,1.218,80,97.44
5203,8,5,18,64.38,73.4,3.732,54.4,98.0,6.63,0,1.1920000000000002,80,95.36000000000001
5204,8,5,19,62.76,70.3,3.732,0.0,0.0,6.68,0,1.1765,80,94.12
5205,8,5,20,59.25,69.1,3.732,0.0,0.0,6.4,0,1.1705,80,93.64000000000001
5206,8,5,21,47.34,68.0,3.732,0.0,0.0,4.84,0,1.165,80,93.2
5207,8,5,22,44.74,66.7,3.732,0.0,0.0,4.66,0,1.1585,80,92.68
5208,8,5,23,48.16,65.8,3.732,0.0,0.0,6.79,0,1.1540000000000001,80,92.32000000000001
5209,8,6,0,41.53,65.3,3.732,0.0,0.0,6.19,1,1.1515,100,115.14999999999999
5210,8,6,1,40.6,64.9,3.732,0.0,0.0,5.42,1,1.1495000000000002,100,114.95000000000002
5211,8,6,2,38.55,64.6,3.732,0.0,0.0,4.3,1,1.1480000000000001,100,114.80000000000001
5212,8,6,3,36.58,64.4,3.732,0.0,0.0,3.6,1,1.147,100,114.7
5213,8,6,4,45.3,64.4,3.732,0.0,0.0,3.96,1,1.147,100,114.7
5214,8,6,5,45.76,65.3,3.732,4.5,5.0,5.12,1,1.1515,100,115.14999999999999
5215,8,6,6,51.53,69.1,3.732,67.9,76.0,4.72,1,1.1705,100,117.05000000000001
5216,8,6,7,55.8,72.9,3.732,202.1,225.0,3.85,1,1.1895000000000002,100,118.95000000000002
5217,8,6,8,45.39,75.9,3.732,360.7,390.0,4.41,0,1.2045000000000001,80,96.36000000000001
5218,8,6,9,41.66,78.8,3.732,494.4,518.0,4.36,0,1.219,80,97.52000000000001
5219,8,6,10,42.08,80.8,3.732,599.8,614.0,4.08,0,1.229,80,98.32000000000001
5220,8,6,11,44.98,81.7,3.732,869.3,821.0,3.93,0,1.2335,80,98.68
5221,8,6,12,49.46,83.3,3.732,903.5,850.0,3.31,0,1.2415,80,99.32000000000001
5222,8,6,13,53.57,84.7,3.732,680.0,689.0,4.23,0,1.2485000000000002,80,99.88000000000001
5223,8,6,14,56.53,84.7,3.732,532.3,559.0,3.88,0,1.2485000000000002,80,99.88000000000001
5224,8,6,15,66.85,82.8,3.732,379.1,413.0,3.17,0,1.239,80,99.12
5225,8,6,16,58.33,80.1,3.732,342.7,391.0,3.89,0,1.2255,80,98.04
5226,8,6,17,62.22,75.9,3.732,160.4,184.0,3.96,0,1.2045000000000001,80,96.36000000000001
5227,8,6,18,56.52,72.0,3.732,4.5,5.0,3.2,0,1.185,80,94.80000000000001
5228,8,6,19,60.34,69.4,3.732,0.0,0.0,3.66,0,1.1720000000000002,80,93.76000000000002
5229,8,6,20,51.62,68.2,3.732,0.0,0.0,3.04,0,1.1660000000000001,80,93.28000000000002
5230,8,6,21,48.28,67.1,3.732,0.0,0.0,2.91,0,1.1605,80,92.84
5231,8,6,22,46.97,66.2,3.732,0.0,0.0,1.62,0,1.1560000000000001,80,92.48000000000002
5232,8,6,23,50.33,65.5,3.732,0.0,0.0,1.22,0,1.1525,80,92.2
5233,8,7,0,50.82,64.8,3.732,0.0,0.0,0.42,0,1.149,80,91.92
5234,8,7,1,45.48,64.4,3.732,0.0,0.0,2.43,0,1.147,80,91.76
5235,8,7,2,45.59,64.2,3.732,0.0,0.0,2.49,0,1.1460000000000001,80,91.68
5236,8,7,3,47.09,64.2,3.732,0.0,0.0,1.68,0,1.1460000000000001,80,91.68
5237,8,7,4,49.0,64.2,3.732,0.0,0.0,2.08,0,1.1460000000000001,80,91.68
5238,8,7,5,54.78,65.1,3.732,0.9,1.0,2.91,0,1.1505,80,92.04
5239,8,7,6,56.81,67.3,3.732,4.5,5.0,2.23,0,1.1615,80,92.92
5240,8,7,7,55.84,72.0,3.732,213.0,237.0,3.82,1,1.185,100,118.5
5241,8,7,8,54.26,76.3,3.732,352.6,386.0,5.38,1,1.2065000000000001,100,120.65
5242,8,7,9,45.73,78.1,3.732,363.9,398.0,7.0,1,1.2155,100,121.55
5243,8,7,10,46.5,81.5,3.732,777.3,742.0,8.81,1,1.2325000000000002,100,123.25000000000001
5244,8,7,11,46.54,82.9,3.732,874.8,821.0,8.0,1,1.2395,100,123.95
5245,8,7,12,48.75,84.7,3.732,906.1,848.0,8.85,1,1.2485000000000002,100,124.85000000000002
5246,8,7,13,52.74,84.9,3.732,551.3,577.0,8.66,1,1.2495,100,124.95
5247,8,7,14,52.81,84.0,3.732,774.9,754.0,8.17,1,1.245,100,124.50000000000001
5248,8,7,15,56.1,82.9,3.732,600.0,625.0,7.32,0,1.2395,80,99.16
5249,8,7,16,84.29,81.1,3.732,383.2,462.0,8.13,0,1.2305000000000001,80,98.44000000000001
5250,8,7,17,86.64,78.1,3.732,151.8,283.0,7.89,0,1.2155,80,97.24000000000001
5251,8,7,18,81.17,74.1,3.732,34.8,113.0,8.55,0,1.1955,80,95.64
5252,8,7,19,74.65,70.9,3.732,0.0,0.0,8.0,0,1.1795000000000002,80,94.36000000000001
5253,8,7,20,63.68,68.5,3.732,0.0,0.0,10.21,0,1.1675,80,93.4
5254,8,7,21,50.87,66.9,3.732,0.0,0.0,10.54,0,1.1595000000000002,80,92.76000000000002
5255,8,7,22,46.92,65.7,3.732,0.0,0.0,8.01,0,1.1535000000000002,80,92.28000000000002
5256,8,7,23,38.19,64.8,3.732,0.0,0.0,8.5,0,1.149,80,91.92
5257,8,8,0,34.56,64.0,3.732,0.0,0.0,10.1,0,1.145,80,91.6
5258,8,8,1,34.26,63.5,3.732,0.0,0.0,11.33,0,1.1425,80,91.4
5259,8,8,2,33.35,63.0,3.732,0.0,0.0,10.09,1,1.1400000000000001,100,114.00000000000001
5260,8,8,3,33.04,62.4,3.732,0.0,0.0,9.12,1,1.137,100,113.7
5261,8,8,4,35.04,62.1,3.732,0.0,0.0,9.41,1,1.1355000000000002,100,113.55000000000001
5262,8,8,5,35.84,64.0,3.732,8.0,9.0,9.28,1,1.145,100,114.5
5263,8,8,6,37.6,67.1,3.732,92.8,134.0,8.07,1,1.1605,100,116.05000000000001
5264,8,8,7,35.24,72.1,3.732,267.5,309.0,5.88,1,1.1855,100,118.55
5265,8,8,8,34.15,76.3,3.732,474.1,487.0,5.44,1,1.2065000000000001,100,120.65
5266,8,8,9,33.87,79.5,3.732,669.2,646.0,4.75,1,1.2225000000000001,100,122.25000000000001
5267,8,8,10,35.83,81.7,3.732,813.2,762.0,5.76,0,1.2335,80,98.68
5268,8,8,11,38.33,82.8,3.732,911.7,841.0,5.92,0,1.239,80,99.12
5269,8,8,12,37.85,83.8,3.732,941.0,867.0,3.22,0,1.244,80,99.52
5270,8,8,13,43.23,84.0,3.732,907.8,846.0,5.38,0,1.245,80,99.60000000000001
5271,8,8,14,50.22,84.0,3.732,737.5,715.0,7.22,0,1.245,80,99.60000000000001
5272,8,8,15,62.54,83.1,3.732,612.7,634.0,9.34,0,1.2405000000000002,80,99.24000000000001
5273,8,8,16,71.66,83.7,3.732,375.5,446.0,7.04,0,1.2435,80,99.48
5274,8,8,17,79.75,81.0,3.732,133.9,151.0,11.99,0,1.23,80,98.4
5275,8,8,18,71.63,76.1,3.732,22.9,115.0,13.65,0,1.2055,80,96.44
5276,8,8,19,60.26,72.3,3.732,0.0,0.0,15.84,0,1.1865,80,94.92000000000002
5277,8,8,20,52.95,69.3,3.732,0.0,0.0,14.64,0,1.1715,80,93.72
5278,8,8,21,41.29,67.1,3.732,0.0,0.0,15.85,0,1.1605,80,92.84
5279,8,8,22,40.59,65.3,3.732,0.0,0.0,14.13,0,1.1515,80,92.12
5280,8,8,23,39.69,63.7,3.732,0.0,0.0,11.21,0,1.1435000000000002,80,91.48000000000002
5281,8,9,0,35.26,62.4,3.732,0.0,0.0,10.14,0,1.137,80,90.96000000000001
5282,8,9,1,32.28,61.3,3.732,0.0,0.0,9.22,0,1.1315000000000002,80,90.52000000000001
5283,8,9,2,31.61,60.4,3.732,0.0,0.0,10.56,0,1.127,80,90.16
5284,8,9,3,31.73,59.5,3.732,0.0,0.0,12.69,0,1.1225,80,89.80000000000001
5285,8,9,4,31.89,59.0,3.732,0.0,0.0,14.33,0,1.12,80,89.60000000000001
5286,8,9,5,32.73,61.5,3.732,8.1,11.0,12.41,0,1.1325,80,90.60000000000001
5287,8,9,6,31.1,66.2,3.732,90.8,140.0,13.0,1,1.1560000000000001,100,115.60000000000001
5288,8,9,7,30.58,72.1,3.732,277.7,321.0,11.88,1,1.1855,100,118.55
5289,8,9,8,29.08,79.2,3.732,494.1,503.0,12.3,1,1.221,100,122.10000000000001
5290,8,9,9,30.68,82.4,3.732,697.2,666.0,13.0,1,1.237,100,123.70000000000002
5291,8,9,10,30.08,84.4,3.732,863.6,797.0,12.05,1,1.247,100,124.70000000000002
5292,8,9,11,31.34,86.0,3.732,961.6,875.0,11.11,1,1.2550000000000001,100,125.50000000000001
5293,8,9,12,30.7,87.3,3.732,985.4,897.0,11.41,1,1.2615,100,126.15
5294,8,9,13,32.38,87.8,3.732,934.7,864.0,12.81,1,1.264,100,126.4
5295,8,9,14,31.72,87.8,3.732,810.3,776.0,12.33,0,1.264,80,101.12
5296,8,9,15,41.02,86.9,3.732,624.4,642.0,11.99,0,1.2595,80,100.76
5297,8,9,16,62.08,86.5,3.732,386.6,462.0,11.61,0,1.2575,80,100.60000000000001
5298,8,9,17,66.25,84.4,3.732,147.5,279.0,11.34,0,1.247,80,99.76
5299,8,9,18,58.5,79.5,3.732,30.0,108.0,9.97,0,1.2225000000000001,80,97.80000000000001
5300,8,9,19,60.76,77.5,3.732,0.0,0.0,10.4,0,1.2125000000000001,80,97.00000000000001
5301,8,9,20,48.41,75.6,3.732,0.0,0.0,10.03,0,1.203,80,96.24000000000001
5302,8,9,21,40.36,72.5,3.732,0.0,0.0,10.42,0,1.1875,80,95.0
5303,8,9,22,40.73,70.3,3.732,0.0,0.0,11.0,0,1.1765,80,94.12
5304,8,9,23,34.15,68.5,3.732,0.0,0.0,10.14,0,1.1675,80,93.4
5305,8,10,0,33.54,66.7,3.732,0.0,0.0,8.85,0,1.1585,80,92.68
5306,8,10,1,33.99,65.1,3.732,0.0,0.0,8.02,0,1.1505,80,92.04
5307,8,10,2,33.59,64.0,3.732,0.0,0.0,8.22,1,1.145,100,114.5
5308,8,10,3,32.09,63.3,3.732,0.0,0.0,8.38,1,1.1415000000000002,100,114.15000000000002
5309,8,10,4,32.05,62.4,3.732,0.0,0.0,8.53,1,1.137,100,113.7
5310,8,10,5,29.49,64.4,3.732,4.5,5.0,7.75,1,1.147,100,114.7
5311,8,10,6,29.24,69.1,3.732,90.3,139.0,7.39,1,1.1705,100,117.05000000000001
5312,8,10,7,30.25,73.9,3.732,278.6,320.0,6.21,1,1.1945000000000001,100,119.45000000000002
5313,8,10,8,30.35,81.5,3.732,484.5,493.0,5.9,1,1.2325000000000002,100,123.25000000000001
5314,8,10,9,32.43,85.8,3.732,666.7,637.0,4.92,1,1.254,100,125.4
5315,8,10,10,35.27,87.8,3.732,855.4,788.0,6.0,0,1.264,80,101.12
5316,8,10,11,38.04,89.6,3.732,953.1,866.0,6.5,0,1.2730000000000001,80,101.84
5317,8,10,12,48.06,90.3,3.732,976.9,888.0,7.18,0,1.2765,80,102.12
5318,8,10,13,51.82,90.7,3.732,923.4,852.0,7.54,0,1.2785000000000002,80,102.28000000000002
5319,8,10,14,58.4,90.3,3.732,802.2,766.0,8.4,0,1.2765,80,102.12
5320,8,10,15,73.77,89.6,3.732,620.6,635.0,8.06,0,1.2730000000000001,80,101.84
5321,8,10,16,117.84,90.5,3.732,393.1,469.0,6.1,0,1.2775,80,102.2
5322,8,10,17,136.94,87.4,3.732,142.2,285.0,7.34,0,1.262,80,100.96000000000001
5323,8,10,18,77.59,81.3,3.732,19.5,109.0,8.27,0,1.2315,80,98.52000000000001
5324,8,10,19,59.79,78.4,3.732,0.0,0.0,9.15,0,1.217,80,97.36000000000001
5325,8,10,20,69.53,77.4,3.732,0.0,0.0,7.44,0,1.2120000000000002,80,96.96000000000001
5326,8,10,21,60.3,76.1,3.732,0.0,0.0,7.26,0,1.2055,80,96.44
5327,8,10,22,54.81,74.1,3.732,0.0,0.0,12.26,0,1.1955,80,95.64
5328,8,10,23,53.25,72.5,3.732,0.0,0.0,10.04,0,1.1875,80,95.0
5329,8,11,0,43.26,70.9,3.732,0.0,0.0,8.59,1,1.1795000000000002,100,117.95000000000002
5330,8,11,1,40.13,69.3,3.732,0.0,0.0,9.37,1,1.1715,100,117.15
5331,8,11,2,37.62,68.0,3.732,0.0,0.0,9.73,1,1.165,100,116.5
5332,8,11,3,38.08,66.9,3.732,0.0,0.0,10.0,1,1.1595000000000002,100,115.95000000000002
5333,8,11,4,46.48,66.2,3.732,0.0,0.0,10.19,1,1.1560000000000001,100,115.60000000000001
5334,8,11,5,42.03,67.8,3.732,0.0,0.0,10.49,1,1.1640000000000001,100,116.40000000000002
5335,8,11,6,45.67,72.7,3.732,88.1,133.0,10.16,1,1.1885000000000001,100,118.85000000000001
5336,8,11,7,40.56,77.7,3.732,275.4,314.0,14.42,1,1.2135,100,121.35000000000001
5337,8,11,8,44.1,84.2,3.732,493.6,497.0,16.86,0,1.246,80,99.68
5338,8,11,9,57.9,87.4,3.732,696.2,659.0,15.95,0,1.262,80,100.96000000000001
5339,8,11,10,69.27,89.4,3.732,864.2,791.0,15.51,0,1.2720000000000002,80,101.76000000000002
5340,8,11,11,85.96,90.7,3.732,961.1,868.0,12.0,0,1.2785000000000002,80,102.28000000000002
5341,8,11,12,117.25,91.6,3.732,895.1,813.0,10.56,0,1.2830000000000001,80,102.64000000000001
5342,8,11,13,203.24,92.1,3.732,933.3,856.0,12.65,0,1.2855,80,102.84
5343,8,11,14,161.92,91.6,3.732,810.2,769.0,12.22,0,1.2830000000000001,80,102.64000000000001
5344,8,11,15,194.25,91.2,3.732,625.4,636.0,11.21,0,1.2810000000000001,80,102.48000000000002
5345,8,11,16,217.64,91.2,3.732,394.8,468.0,9.73,0,1.2810000000000001,80,102.48000000000002
5346,8,11,17,246.09,87.1,3.732,141.5,284.0,9.24,0,1.2605,80,100.84
5347,8,11,18,211.17,80.2,3.732,16.9,108.0,8.75,0,1.2260000000000002,80,98.08000000000001
5348,8,11,19,187.91,77.2,3.732,0.0,0.0,9.42,0,1.211,80,96.88000000000001
5349,8,11,20,188.16,75.7,3.732,0.0,0.0,11.51,0,1.2035,80,96.28
5350,8,11,21,130.37,74.1,3.732,0.0,0.0,10.95,0,1.1955,80,95.64
5351,8,11,22,69.42,71.8,3.732,0.0,0.0,8.17,0,1.1840000000000002,80,94.72000000000001
5352,8,11,23,63.77,69.8,3.732,0.0,0.0,7.52,0,1.1740000000000002,80,93.92000000000002
5353,8,12,0,57.47,68.0,3.732,0.0,0.0,7.75,1,1.165,100,116.5
5354,8,12,1,49.94,66.9,3.732,0.0,0.0,7.64,1,1.1595000000000002,100,115.95000000000002
5355,8,12,2,46.1,65.8,3.732,0.0,0.0,5.18,1,1.1540000000000001,100,115.40000000000002
5356,8,12,3,45.67,64.8,3.732,0.0,0.0,3.84,1,1.149,100,114.9
5357,8,12,4,51.34,64.0,3.732,0.0,0.0,3.99,1,1.145,100,114.5
5358,8,12,5,51.6,66.2,3.732,0.0,0.0,2.96,1,1.1560000000000001,100,115.60000000000001
5359,8,12,6,57.76,71.1,3.732,89.0,136.0,2.42,1,1.1805,100,118.05000000000001
5360,8,12,7,60.98,77.0,3.732,282.3,320.0,2.38,1,1.2100000000000002,100,121.00000000000001
5361,8,12,8,64.7,83.8,3.732,505.0,505.0,2.32,0,1.244,80,99.52
5362,8,12,9,70.66,87.4,3.732,710.3,668.0,3.32,0,1.262,80,100.96000000000001
5363,8,12,10,79.56,89.6,3.732,875.3,797.0,3.49,0,1.2730000000000001,80,101.84
5364,8,12,11,101.32,91.4,3.732,975.1,876.0,5.78,0,1.282,80,102.56
5365,8,12,12,105.47,92.5,3.732,1001.5,900.0,6.0,0,1.2875,80,103.0
5366,8,12,13,130.97,92.8,3.732,949.5,866.0,6.37,0,1.2890000000000001,80,103.12
5367,8,12,14,154.34,92.5,3.732,825.6,779.0,7.89,0,1.2875,80,103.0
5368,8,12,15,202.38,92.1,3.732,638.3,645.0,6.65,0,1.2855,80,102.84
5369,8,12,16,250.48,92.5,3.732,403.0,475.0,7.53,0,1.2875,80,103.0
5370,8,12,17,262.87,88.7,3.732,141.4,286.0,6.7,0,1.2685000000000002,80,101.48000000000002
5371,8,12,18,176.34,81.5,3.732,13.2,106.0,6.7,0,1.2325000000000002,80,98.60000000000001
5372,8,12,19,168.21,78.4,3.732,0.0,0.0,8.52,0,1.217,80,97.36000000000001
5373,8,12,20,143.03,77.4,3.732,0.0,0.0,9.07,0,1.2120000000000002,80,96.96000000000001
5374,8,12,21,90.53,75.9,3.732,0.0,0.0,11.11,0,1.2045000000000001,80,96.36000000000001
5375,8,12,22,75.51,73.9,3.732,0.0,0.0,9.32,0,1.1945000000000001,80,95.56
5376,8,12,23,48.85,72.0,3.732,0.0,0.0,7.91,0,1.185,80,94.80000000000001
5377,8,13,0,43.43,69.8,3.732,0.0,0.0,9.76,1,1.1740000000000002,100,117.40000000000002
5378,8,13,1,42.08,68.5,3.732,0.0,0.0,9.82,1,1.1675,100,116.75
5379,8,13,2,41.5,68.2,3.732,0.0,0.0,10.05,1,1.1660000000000001,100,116.60000000000001
5380,8,13,3,40.86,67.6,3.732,0.0,0.0,9.61,1,1.163,100,116.3
5381,8,13,4,42.66,67.5,3.732,0.0,0.0,9.82,1,1.1625,100,116.25000000000001
5382,8,13,5,46.24,69.4,3.732,0.0,0.0,9.29,1,1.1720000000000002,100,117.20000000000002
5383,8,13,6,63.98,74.1,3.732,87.4,128.0,7.8,1,1.1955,100,119.55
5384,8,13,7,70.39,79.3,3.732,199.7,221.0,7.23,1,1.2215,100,122.15
5385,8,13,8,67.2,86.4,3.732,489.6,488.0,4.48,0,1.2570000000000001,80,100.56
5386,8,13,9,69.56,89.8,3.732,690.0,648.0,4.51,0,1.274,80,101.92
5387,8,13,10,70.56,91.6,3.732,856.0,778.0,5.39,0,1.2830000000000001,80,102.64000000000001
5388,8,13,11,85.34,92.8,3.732,949.9,852.0,6.82,0,1.2890000000000001,80,103.12
5389,8,13,12,112.49,93.2,3.732,970.3,871.0,8.02,0,1.2910000000000001,80,103.28000000000002
5390,8,13,13,144.63,92.7,3.732,908.7,829.0,9.57,0,1.2885000000000002,80,103.08000000000001
5391,8,13,14,157.63,91.0,3.732,383.2,409.0,8.79,0,1.28,80,102.4
5392,8,13,15,172.71,88.2,3.732,252.2,278.0,12.25,0,1.266,80,101.28
5393,8,13,16,160.98,84.0,3.732,170.9,190.0,11.08,0,1.245,80,99.60000000000001
5394,8,13,17,158.14,80.1,3.732,148.3,250.0,11.37,0,1.2255,80,98.04
5395,8,13,18,119.7,77.0,3.732,59.9,70.0,12.04,0,1.2100000000000002,80,96.80000000000001
5396,8,13,19,106.92,75.4,3.732,0.0,0.0,10.78,0,1.2020000000000002,80,96.16000000000001
5397,8,13,20,66.07,74.3,3.732,0.0,0.0,9.03,0,1.1965000000000001,80,95.72000000000001
5398,8,13,21,68.48,73.6,3.732,0.0,0.0,9.36,0,1.193,80,95.44
5399,8,13,22,52.59,73.0,3.732,0.0,0.0,12.72,0,1.1900000000000002,80,95.20000000000002
5400,8,13,23,47.35,72.5,3.732,0.0,0.0,11.96,0,1.1875,80,95.0
5401,8,14,0,46.1,71.8,3.732,0.0,0.0,12.72,1,1.1840000000000002,100,118.40000000000002
5402,8,14,1,45.62,71.4,3.732,0.0,0.0,10.22,1,1.1820000000000002,100,118.20000000000002
5403,8,14,2,45.12,71.1,3.732,0.0,0.0,8.46,1,1.1805,100,118.05000000000001
5404,8,14,3,45.1,70.7,3.732,0.0,0.0,7.26,1,1.1785,100,117.85000000000001
5405,8,14,4,46.9,70.3,3.732,0.0,0.0,8.6,1,1.1765,100,117.65
5406,8,14,5,46.94,71.1,3.732,0.0,0.0,8.67,1,1.1805,100,118.05000000000001
5407,8,14,6,67.94,72.5,3.732,86.2,121.0,9.28,1,1.1875,100,118.75
5408,8,14,7,68.88,74.3,3.732,118.4,132.0,9.92,1,1.1965000000000001,100,119.65
5409,8,14,8,63.8,77.0,3.732,289.9,314.0,10.56,0,1.2100000000000002,80,96.80000000000001
5410,8,14,9,61.01,81.5,3.732,656.4,622.0,9.69,0,1.2325000000000002,80,98.60000000000001
5411,8,14,10,69.62,85.1,3.732,868.4,784.0,9.49,0,1.2505000000000002,80,100.04000000000002
5412,8,14,11,69.32,87.3,3.732,968.7,863.0,9.9,0,1.2615,80,100.92
5413,8,14,12,73.01,88.3,3.732,995.3,887.0,9.37,0,1.2665000000000002,80,101.32000000000002
5414,8,14,13,75.42,88.7,3.732,793.3,750.0,7.81,0,1.2685000000000002,80,101.48000000000002
5415,8,14,14,75.54,88.3,3.732,570.4,579.0,8.88,0,1.2665000000000002,80,101.32000000000002
5416,8,14,15,86.42,87.3,3.732,631.8,631.0,7.75,0,1.2615,80,100.92
5417,8,14,16,83.66,85.3,3.732,394.8,458.0,7.47,0,1.2515,80,100.12
5418,8,14,17,83.65,82.8,3.732,139.0,272.0,6.59,0,1.239,80,99.12
5419,8,14,18,60.51,78.3,3.732,14.5,96.0,5.38,0,1.2165000000000001,80,97.32000000000001
5420,8,14,19,55.02,75.0,3.732,0.0,0.0,5.24,0,1.2000000000000002,80,96.00000000000001
5421,8,14,20,61.25,73.2,3.732,0.0,0.0,3.22,0,1.191,80,95.28
5422,8,14,21,55.64,71.4,3.732,0.0,0.0,3.43,0,1.1820000000000002,80,94.56000000000002
5423,8,14,22,44.37,70.0,3.732,0.0,0.0,1.71,0,1.175,80,94.0
5424,8,14,23,33.23,68.5,3.732,0.0,0.0,2.23,0,1.1675,80,93.4
5425,8,15,0,37.32,67.1,3.732,0.0,0.0,2.99,0,1.1605,80,92.84
5426,8,15,1,41.27,65.8,3.732,0.0,0.0,2.71,0,1.1540000000000001,80,92.32000000000001
5427,8,15,2,36.66,64.6,3.732,0.0,0.0,2.72,1,1.1480000000000001,100,114.80000000000001
5428,8,15,3,34.61,63.3,3.732,0.0,0.0,4.33,1,1.1415000000000002,100,114.15000000000002
5429,8,15,4,39.59,62.1,3.732,0.0,0.0,3.59,1,1.1355000000000002,100,113.55000000000001
5430,8,15,5,44.52,62.4,3.732,0.0,0.0,6.2,1,1.137,100,113.7
5431,8,15,6,49.55,66.0,3.732,89.3,133.0,8.86,1,1.155,100,115.5
5432,8,15,7,41.79,71.6,3.732,290.5,322.0,6.12,1,1.183,100,118.30000000000001
5433,8,15,8,37.27,76.1,3.732,523.9,514.0,6.19,1,1.2055,100,120.55
5434,8,15,9,37.12,79.7,3.732,737.5,682.0,6.63,1,1.2235,100,122.35000000000001
5435,8,15,10,38.27,82.0,3.732,903.6,811.0,6.47,0,1.235,80,98.80000000000001
5436,8,15,11,40.0,83.3,3.732,1002.0,888.0,5.73,0,1.2415,80,99.32000000000001
5437,8,15,12,48.31,84.7,3.732,1028.7,912.0,5.86,0,1.2485000000000002,80,99.88000000000001
5438,8,15,13,48.87,85.3,3.732,975.4,877.0,5.17,0,1.2515,80,100.12
5439,8,15,14,54.85,84.9,3.732,848.5,788.0,4.17,0,1.2495,80,99.96000000000001
5440,8,15,15,61.04,83.7,3.732,657.2,652.0,2.99,0,1.2435,80,99.48
5441,8,15,16,71.66,82.0,3.732,415.4,479.0,2.47,0,1.235,80,98.80000000000001
5442,8,15,17,78.03,79.5,3.732,142.4,287.0,1.09,0,1.2225000000000001,80,97.80000000000001
5443,8,15,18,74.4,73.2,3.732,5.0,103.0,2.01,0,1.191,80,95.28
5444,8,15,19,65.89,70.3,3.732,0.0,0.0,4.14,0,1.1765,80,94.12
5445,8,15,20,63.48,69.3,3.732,0.0,0.0,3.31,0,1.1715,80,93.72
5446,8,15,21,47.31,66.9,3.732,0.0,0.0,1.74,0,1.1595000000000002,80,92.76000000000002
5447,8,15,22,41.92,64.6,3.732,0.0,0.0,3.23,0,1.1480000000000001,80,91.84
5448,8,15,23,54.22,63.0,3.732,0.0,0.0,3.07,0,1.1400000000000001,80,91.20000000000002
5449,8,16,0,49.49,62.1,3.732,0.0,0.0,3.62,0,1.1355000000000002,80,90.84000000000002
5450,8,16,1,43.51,61.3,3.732,0.0,0.0,3.37,0,1.1315000000000002,80,90.52000000000001
5451,8,16,2,41.45,60.8,3.732,0.0,0.0,3.6,0,1.129,80,90.32
5452,8,16,3,43.03,60.6,3.732,0.0,0.0,4.24,0,1.1280000000000001,80,90.24000000000001
5453,8,16,4,42.2,60.4,3.732,0.0,0.0,3.94,0,1.127,80,90.16
5454,8,16,5,42.51,62.8,3.732,0.0,0.0,3.51,0,1.139,80,91.12
5455,8,16,6,42.95,68.9,3.732,52.7,59.0,4.01,0,1.1695000000000002,80,93.56000000000002
5456,8,16,7,41.35,74.1,3.732,187.4,207.0,5.56,1,1.1955,100,119.55
5457,8,16,8,38.34,79.0,3.732,501.1,490.0,5.51,1,1.2200000000000002,100,122.00000000000001
5458,8,16,9,38.03,82.6,3.732,702.5,649.0,4.18,1,1.238,100,123.8
5459,8,16,10,38.14,85.3,3.732,857.5,770.0,4.88,1,1.2515,100,125.15
5460,8,16,11,37.69,86.9,3.732,947.5,841.0,4.42,1,1.2595,100,125.95
5461,8,16,12,40.26,88.0,3.732,966.7,859.0,3.66,1,1.2650000000000001,100,126.50000000000001
5462,8,16,13,40.48,88.2,3.732,541.9,559.0,4.9,1,1.266,100,126.6
5463,8,16,14,40.97,87.3,3.732,490.8,502.0,5.41,1,1.2615,100,126.15
5464,8,16,15,46.73,86.2,3.732,117.7,131.0,3.25,0,1.2560000000000002,80,100.48000000000002
5465,8,16,16,63.66,84.7,3.732,87.6,98.0,2.75,0,1.2485000000000002,80,99.88000000000001
5466,8,16,17,69.28,82.4,3.732,143.0,244.0,3.97,0,1.237,80,98.96000000000001
5467,8,16,18,44.08,78.3,3.732,31.6,79.0,5.15,0,1.2165000000000001,80,97.32000000000001
5468,8,16,19,40.56,76.3,3.732,0.0,0.0,4.4,0,1.2065000000000001,80,96.52000000000001
5469,8,16,20,47.74,74.5,3.732,0.0,0.0,4.9,0,1.1975,80,95.8
5470,8,16,21,47.37,72.5,3.732,0.0,0.0,5.2,0,1.1875,80,95.0
5471,8,16,22,43.98,71.2,3.732,0.0,0.0,5.23,0,1.181,80,94.48
5472,8,16,23,44.08,70.5,3.732,0.0,0.0,5.11,0,1.1775,80,94.2
5473,8,17,0,40.49,70.0,3.732,0.0,0.0,4.49,0,1.175,80,94.0
5474,8,17,1,35.88,69.3,3.732,0.0,0.0,4.7,1,1.1715,100,117.15
5475,8,17,2,32.32,68.5,3.732,0.0,0.0,5.27,1,1.1675,100,116.75
5476,8,17,3,32.35,68.4,3.732,0.0,0.0,5.03,1,1.167,100,116.7
5477,8,17,4,32.53,67.8,3.732,0.0,0.0,6.3,1,1.1640000000000001,100,116.40000000000002
5478,8,17,5,33.72,68.7,3.732,0.0,0.0,4.95,1,1.1685,100,116.85000000000001
5479,8,17,6,36.52,71.1,3.732,83.2,114.0,4.72,1,1.1805,100,118.05000000000001
5480,8,17,7,36.39,73.9,3.732,94.7,106.0,5.09,1,1.1945000000000001,100,119.45000000000002
5481,8,17,8,39.6,77.9,3.732,188.4,209.0,6.19,1,1.2145000000000001,100,121.45000000000002
5482,8,17,9,39.9,82.6,3.732,683.8,630.0,6.63,0,1.238,80,99.03999999999999
5483,8,17,10,44.94,85.5,3.732,849.9,759.0,6.8,0,1.2525000000000002,80,100.20000000000002
5484,8,17,11,48.75,86.7,3.732,947.9,836.0,6.47,0,1.2585000000000002,80,100.68
5485,8,17,12,65.88,87.4,3.732,972.5,858.0,7.32,0,1.262,80,100.96000000000001
5486,8,17,13,69.52,87.6,3.732,714.7,663.0,7.78,0,1.2630000000000001,80,101.04
5487,8,17,14,69.51,87.1,3.732,539.3,534.0,7.0,0,1.2605,80,100.84
5488,8,17,15,79.59,85.8,3.732,399.4,419.0,9.49,0,1.254,80,100.32
5489,8,17,16,106.72,83.8,3.732,271.8,301.0,7.61,0,1.244,80,99.52
5490,8,17,17,106.41,80.4,3.732,151.5,182.0,8.22,0,1.227,80,98.16000000000001
5491,8,17,18,82.01,75.7,3.732,60.1,73.0,6.54,0,1.2035,80,96.28
5492,8,17,19,73.94,71.1,3.732,0.0,0.0,7.09,0,1.1805,80,94.44000000000001
5493,8,17,20,70.36,66.9,3.732,0.0,0.0,7.22,0,1.1595000000000002,80,92.76000000000002
5494,8,17,21,60.98,64.6,3.732,0.0,0.0,6.84,0,1.1480000000000001,80,91.84
5495,8,17,22,54.18,63.1,3.732,0.0,0.0,5.98,0,1.1405,80,91.24000000000001
5496,8,17,23,40.45,62.6,3.732,0.0,0.0,6.95,0,1.1380000000000001,80,91.04
5497,8,18,0,30.94,61.7,3.732,0.0,0.0,7.82,0,1.1335000000000002,80,90.68
5498,8,18,1,29.5,60.6,3.732,0.0,0.0,8.58,0,1.1280000000000001,80,90.24000000000001
5499,8,18,2,27.37,59.4,3.732,0.0,0.0,7.4,0,1.122,80,89.76
5500,8,18,3,27.28,57.7,3.732,0.0,0.0,9.05,0,1.1135000000000002,80,89.08000000000001
5501,8,18,4,29.94,56.3,3.732,0.0,0.0,8.98,0,1.1065,80,88.52000000000001
5502,8,18,5,37.32,55.6,3.732,0.0,0.0,9.14,0,1.1030000000000002,80,88.24000000000001
5503,8,18,6,43.88,57.4,3.732,79.1,89.0,6.41,0,1.112,80,88.96000000000001
5504,8,18,7,39.86,60.6,3.732,308.9,334.0,4.9,0,1.1280000000000001,80,90.24000000000001
5505,8,18,8,33.63,64.2,3.732,551.0,529.0,2.81,1,1.1460000000000001,100,114.60000000000001
5506,8,18,9,30.9,67.8,3.732,707.9,648.0,6.0,1,1.1640000000000001,100,116.40000000000002
5507,8,18,10,31.46,70.7,3.732,937.5,828.0,4.3,1,1.1785,100,117.85000000000001
5508,8,18,11,31.5,72.9,3.732,1036.6,905.0,5.42,1,1.1895000000000002,100,118.95000000000002
5509,8,18,12,29.79,74.5,3.732,954.0,838.0,9.12,1,1.1975,100,119.75
5510,8,18,13,29.57,74.7,3.732,929.5,825.0,7.11,1,1.1985000000000001,100,119.85000000000001
5511,8,18,14,26.84,73.8,3.732,867.9,793.0,9.59,1,1.1940000000000002,100,119.40000000000002
5512,8,18,15,33.09,72.0,3.732,668.9,651.0,9.66,1,1.185,100,118.5
5513,8,18,16,49.05,70.0,3.732,356.3,397.0,13.02,0,1.175,80,94.0
5514,8,18,17,70.48,67.1,3.732,142.3,279.0,13.48,0,1.1605,80,92.84
5515,8,18,18,69.97,63.1,3.732,2.5,94.0,13.14,0,1.1405,80,91.24000000000001
5516,8,18,19,69.13,61.0,3.732,0.0,0.0,13.1,0,1.1300000000000001,80,90.4
5517,8,18,20,43.36,59.9,3.732,0.0,0.0,14.38,0,1.1245,80,89.96000000000001
5518,8,18,21,31.18,58.8,3.732,0.0,0.0,14.36,0,1.119,80,89.52
5519,8,18,22,31.56,58.1,3.732,0.0,0.0,14.6,0,1.1155000000000002,80,89.24000000000001
5520,8,18,23,31.33,57.7,3.732,0.0,0.0,17.14,0,1.1135000000000002,80,89.08000000000001
5521,8,19,0,30.28,57.0,3.732,0.0,0.0,14.49,0,1.11,80,88.80000000000001
5522,8,19,1,28.91,56.8,3.732,0.0,0.0,13.78,0,1.109,80,88.72
5523,8,19,2,28.61,56.7,3.732,0.0,0.0,12.87,0,1.1085,80,88.68
5524,8,19,3,29.58,56.5,3.732,0.0,0.0,12.53,0,1.1075000000000002,80,88.60000000000001
5525,8,19,4,30.33,55.9,3.732,0.0,0.0,12.79,0,1.1045,80,88.36
5526,8,19,5,34.0,56.7,3.732,0.0,0.0,12.78,0,1.1085,80,88.68
5527,8,19,6,41.76,59.7,3.732,87.3,125.0,10.26,0,1.1235000000000002,80,89.88000000000001
5528,8,19,7,33.59,63.1,3.732,211.7,230.0,10.57,1,1.1405,100,114.05000000000001
5529,8,19,8,30.66,66.0,3.732,338.7,351.0,11.81,1,1.155,100,115.5
5530,8,19,9,29.34,69.1,3.732,335.5,360.0,11.26,1,1.1705,100,117.05000000000001
5531,8,19,10,28.9,71.2,3.732,658.2,614.0,11.92,1,1.181,100,118.10000000000001
5532,8,19,11,30.13,72.5,3.732,876.2,770.0,11.83,1,1.1875,100,118.75
5533,8,19,12,32.37,74.1,3.732,745.6,683.0,11.4,1,1.1955,100,119.55
5534,8,19,13,33.12,75.9,3.732,962.7,850.0,11.42,1,1.2045000000000001,100,120.45000000000002
5535,8,19,14,35.63,76.6,3.732,718.0,663.0,10.63,1,1.208,100,120.8
5536,8,19,15,48.71,76.1,3.732,485.7,490.0,11.36,0,1.2055,80,96.44
5537,8,19,16,63.71,74.1,3.732,313.7,346.0,10.72,0,1.1955,80,95.64
5538,8,19,17,56.43,70.3,3.732,154.0,216.0,11.0,0,1.1765,80,94.12
5539,8,19,18,63.49,65.7,3.732,0.0,77.0,10.76,0,1.1535000000000002,80,92.28000000000002
5540,8,19,19,60.11,64.0,3.732,0.0,0.0,8.03,0,1.145,80,91.6
5541,8,19,20,57.98,63.1,3.732,0.0,0.0,9.98,0,1.1405,80,91.24000000000001
5542,8,19,21,40.71,62.4,3.732,0.0,0.0,12.53,0,1.137,80,90.96000000000001
5543,8,19,22,32.82,61.5,3.732,0.0,0.0,11.79,0,1.1325,80,90.60000000000001
5544,8,19,23,45.54,61.0,3.732,0.0,0.0,12.87,0,1.1300000000000001,80,90.4
5545,8,20,0,33.89,60.3,3.732,0.0,0.0,13.42,1,1.1265,100,112.65
5546,8,20,1,32.88,59.2,3.732,0.0,0.0,13.12,1,1.121,100,112.1
5547,8,20,2,30.72,58.1,3.732,0.0,0.0,12.4,1,1.1155000000000002,100,111.55000000000001
5548,8,20,3,31.01,57.4,3.732,0.0,0.0,12.18,1,1.112,100,111.20000000000002
5549,8,20,4,34.41,57.4,3.732,0.0,0.0,13.4,1,1.112,100,111.20000000000002
5550,8,20,5,43.46,57.7,3.732,0.0,0.0,12.97,1,1.1135000000000002,100,111.35000000000002
5551,8,20,6,46.58,58.5,3.732,32.1,36.0,12.06,1,1.1175000000000002,100,111.75000000000001
5552,8,20,7,52.98,59.0,3.732,4.5,5.0,10.31,1,1.12,100,112.00000000000001
5553,8,20,8,45.48,59.7,3.732,16.1,18.0,9.62,0,1.1235000000000002,80,89.88000000000001
5554,8,20,9,51.19,60.6,3.732,25.0,28.0,9.65,0,1.1280000000000001,80,90.24000000000001
5555,8,20,10,48.26,61.0,3.732,85.8,96.0,8.53,0,1.1300000000000001,80,90.4
5556,8,20,11,50.16,62.6,3.732,163.5,182.0,9.17,0,1.1380000000000001,80,91.04
5557,8,20,12,62.13,64.8,3.732,203.5,226.0,6.59,0,1.149,80,91.92
5558,8,20,13,55.58,65.1,3.732,196.3,218.0,6.27,0,1.1505,80,92.04
5559,8,20,14,56.65,63.5,3.732,183.7,204.0,8.53,0,1.1425,80,91.4
5560,8,20,15,56.52,61.9,3.732,178.9,198.0,8.2,0,1.1345,80,90.76
5561,8,20,16,56.28,60.8,3.732,206.6,228.0,7.88,0,1.129,80,90.32
5562,8,20,17,51.77,59.9,3.732,73.3,82.0,8.3,0,1.1245,80,89.96000000000001
5563,8,20,18,53.77,59.0,3.732,0.0,62.0,8.47,0,1.12,80,89.60000000000001
5564,8,20,19,55.98,58.3,3.732,0.0,0.0,8.28,0,1.1165,80,89.32000000000001
5565,8,20,20,50.74,57.6,3.732,0.0,0.0,8.92,0,1.113,80,89.03999999999999
5566,8,20,21,40.19,56.7,3.732,0.0,0.0,11.32,0,1.1085,80,88.68
5567,8,20,22,35.82,55.9,3.732,0.0,0.0,13.26,0,1.1045,80,88.36
5568,8,20,23,36.03,55.2,3.732,0.0,0.0,14.01,0,1.1010000000000002,80,88.08000000000001
5569,8,21,0,35.45,54.5,3.732,0.0,0.0,10.99,0,1.1,80,88.0
5570,8,21,1,30.72,54.1,3.732,0.0,0.0,10.53,0,1.1,80,88.0
5571,8,21,2,30.78,53.8,3.732,0.0,0.0,12.3,0,1.1,80,88.0
5572,8,21,3,30.85,53.2,3.732,0.0,0.0,11.99,0,1.1,80,88.0
5573,8,21,4,35.06,52.7,3.732,0.0,0.0,10.62,0,1.1,80,88.0
5574,8,21,5,39.23,53.1,3.732,0.0,0.0,9.17,0,1.1,80,88.0
5575,8,21,6,48.64,55.4,3.732,50.9,57.0,7.13,0,1.102,80,88.16000000000001
5576,8,21,7,35.08,58.8,3.732,284.9,300.0,5.5,1,1.119,100,111.9
5577,8,21,8,34.77,63.3,3.732,267.0,288.0,4.18,1,1.1415000000000002,100,114.15000000000002
5578,8,21,9,30.47,68.0,3.732,464.8,471.0,5.64,1,1.165,100,116.5
5579,8,21,10,30.01,71.1,3.732,904.6,788.0,6.6,1,1.1805,100,118.05000000000001
5580,8,21,11,30.64,73.0,3.732,1008.7,869.0,6.32,1,1.1900000000000002,100,119.00000000000001
5581,8,21,12,30.55,74.5,3.732,1034.9,892.0,7.2,1,1.1975,100,119.75
5582,8,21,13,30.64,75.4,3.732,983.1,858.0,5.15,1,1.2020000000000002,100,120.20000000000002
5583,8,21,14,32.83,75.2,3.732,854.8,768.0,4.19,1,1.201,100,120.10000000000001
5584,8,21,15,38.48,74.3,3.732,661.6,631.0,4.18,0,1.1965000000000001,80,95.72000000000001
5585,8,21,16,45.86,72.9,3.732,416.9,457.0,5.88,0,1.1895000000000002,80,95.16000000000003
5586,8,21,17,56.51,70.2,3.732,138.6,265.0,7.7,0,1.1760000000000002,80,94.08000000000001
5587,8,21,18,57.78,64.4,3.732,0.0,83.0,8.11,0,1.147,80,91.76
5588,8,21,19,60.22,60.8,3.732,0.0,0.0,8.17,0,1.129,80,90.32
5589,8,21,20,47.43,58.8,3.732,0.0,0.0,8.44,0,1.119,80,89.52
5590,8,21,21,39.48,57.4,3.732,0.0,0.0,8.01,0,1.112,80,88.96000000000001
5591,8,21,22,34.71,55.9,3.732,0.0,0.0,7.1,0,1.1045,80,88.36
5592,8,21,23,29.55,54.9,3.732,0.0,0.0,8.73,0,1.1,80,88.0
5593,8,22,0,27.75,54.1,3.732,0.0,0.0,8.97,0,1.1,80,88.0
5594,8,22,1,24.32,53.6,3.732,0.0,0.0,9.5,0,1.1,80,88.0
5595,8,22,2,25.37,53.2,3.732,0.0,0.0,11.06,0,1.1,80,88.0
5596,8,22,3,24.76,52.9,3.732,0.0,0.0,11.23,0,1.1,80,88.0
5597,8,22,4,27.1,53.2,3.732,0.0,0.0,10.57,0,1.1,80,88.0
5598,8,22,5,30.77,54.9,3.732,0.0,0.0,10.37,0,1.1,80,88.0
5599,8,22,6,31.29,60.3,3.732,84.7,117.0,9.45,0,1.1265,80,90.12
5600,8,22,7,25.15,67.1,3.732,289.5,302.0,10.28,1,1.1605,100,116.05000000000001
5601,8,22,8,24.59,73.0,3.732,522.1,489.0,10.62,1,1.1900000000000002,100,119.00000000000001
5602,8,22,9,24.76,76.3,3.732,733.6,653.0,10.22,1,1.2065000000000001,100,120.65
5603,8,22,10,24.62,78.4,3.732,897.8,779.0,8.73,1,1.217,100,121.7
5604,8,22,11,24.61,79.9,3.732,998.5,857.0,8.28,1,1.2245000000000001,100,122.45000000000002
5605,8,22,12,25.85,81.0,3.732,1023.7,879.0,8.86,1,1.23,100,123.0
5606,8,22,13,28.22,81.7,3.732,968.7,842.0,8.81,1,1.2335,100,123.35000000000001
5607,8,22,14,29.03,81.7,3.732,837.5,749.0,8.73,1,1.2335,100,123.35000000000001
5608,8,22,15,32.99,81.0,3.732,645.5,612.0,8.87,0,1.23,80,98.4
5609,8,22,16,49.51,79.9,3.732,403.3,438.0,9.12,0,1.2245000000000001,80,97.96000000000001
5610,8,22,17,60.4,76.5,3.732,134.7,249.0,8.79,0,1.2075,80,96.6
5611,8,22,18,57.53,71.2,3.732,0.0,73.0,9.02,0,1.181,80,94.48
5612,8,22,19,50.05,69.4,3.732,0.0,0.0,8.94,0,1.1720000000000002,80,93.76000000000002
5613,8,22,20,40.92,68.0,3.732,0.0,0.0,10.09,0,1.165,80,93.2
5614,8,22,21,34.93,65.8,3.732,0.0,0.0,8.98,0,1.1540000000000001,80,92.32000000000001
5615,8,22,22,30.57,63.9,3.732,0.0,0.0,9.37,0,1.1445,80,91.56
5616,8,22,23,27.26,62.6,3.732,0.0,0.0,9.06,0,1.1380000000000001,80,91.04
5617,8,23,0,27.02,61.5,3.732,0.0,0.0,8.81,0,1.1325,80,90.60000000000001
5618,8,23,1,25.98,60.8,3.732,0.0,0.0,6.96,0,1.129,80,90.32
5619,8,23,2,23.74,60.1,3.732,0.0,0.0,6.12,0,1.1255000000000002,80,90.04000000000002
5620,8,23,3,24.63,59.7,3.732,0.0,0.0,5.33,0,1.1235000000000002,80,89.88000000000001
5621,8,23,4,25.15,59.4,3.732,0.0,0.0,4.55,0,1.122,80,89.76
5622,8,23,5,25.66,60.1,3.732,0.0,0.0,4.53,1,1.1255000000000002,100,112.55000000000001
5623,8,23,6,24.55,66.2,3.732,81.0,108.0,4.42,1,1.1560000000000001,100,115.60000000000001
5624,8,23,7,23.67,71.4,3.732,278.2,288.0,6.25,1,1.1820000000000002,100,118.20000000000002
5625,8,23,8,23.68,77.4,3.732,503.4,470.0,2.43,1,1.2120000000000002,100,121.20000000000002
5626,8,23,9,24.09,80.2,3.732,708.7,630.0,5.1,1,1.2260000000000002,100,122.60000000000002
5627,8,23,10,23.89,81.9,3.732,877.4,759.0,3.83,1,1.2345000000000002,100,123.45000000000002
5628,8,23,11,23.93,82.9,3.732,974.2,834.0,4.25,1,1.2395,100,123.95
5629,8,23,12,24.91,83.5,3.732,1000.9,857.0,4.19,1,1.2425000000000002,100,124.25000000000001
5630,8,23,13,28.02,83.7,3.732,947.0,821.0,3.45,0,1.2435,80,99.48
5631,8,23,14,33.21,83.3,3.732,649.6,619.0,3.17,0,1.2415,80,99.32000000000001
5632,8,23,15,39.43,82.2,3.732,632.9,597.0,3.1,0,1.2360000000000002,80,98.88000000000002
5633,8,23,16,53.36,80.1,3.732,389.3,419.0,4.02,0,1.2255,80,98.04
5634,8,23,17,42.1,76.6,3.732,132.3,239.0,2.63,0,1.208,80,96.64
5635,8,23,18,35.68,72.9,3.732,0.0,67.0,2.51,0,1.1895000000000002,80,95.16000000000003
5636,8,23,19,35.75,70.5,3.732,0.0,0.0,2.66,0,1.1775,80,94.2
5637,8,23,20,33.1,68.5,3.732,0.0,0.0,4.57,0,1.1675,80,93.4
5638,8,23,21,28.51,67.1,3.732,0.0,0.0,1.49,0,1.1605,80,92.84
5639,8,23,22,27.42,65.7,3.732,0.0,0.0,0.56,0,1.1535000000000002,80,92.28000000000002
5640,8,23,23,28.59,64.4,3.732,0.0,0.0,2.31,0,1.147,80,91.76
5641,8,24,0,26.05,63.7,3.732,0.0,0.0,2.31,0,1.1435000000000002,80,91.48000000000002
5642,8,24,1,23.42,63.0,3.732,0.0,0.0,1.97,0,1.1400000000000001,80,91.20000000000002
5643,8,24,2,23.65,62.4,3.732,0.0,0.0,3.4,1,1.137,100,113.7
5644,8,24,3,22.54,61.9,3.732,0.0,0.0,2.57,1,1.1345,100,113.45
5645,8,24,4,22.78,61.3,3.732,0.0,0.0,1.71,1,1.1315000000000002,100,113.15000000000002
5646,8,24,5,22.98,61.7,3.732,0.0,0.0,1.59,1,1.1335000000000002,100,113.35000000000002
5647,8,24,6,25.17,64.9,3.732,24.1,27.0,2.49,1,1.1495000000000002,100,114.95000000000002
5648,8,24,7,23.74,69.1,3.732,116.9,129.0,5.18,1,1.1705,100,117.05000000000001
5649,8,24,8,22.56,73.0,3.732,200.9,221.0,3.02,1,1.1900000000000002,100,119.00000000000001
5650,8,24,9,23.07,76.6,3.732,705.3,625.0,4.57,1,1.208,100,120.8
5651,8,24,10,25.28,79.3,3.732,315.0,337.0,6.29,0,1.2215,80,97.72
5652,8,24,11,26.85,80.8,3.732,535.2,524.0,6.37,0,1.229,80,98.32000000000001
5653,8,24,12,34.4,81.9,3.732,329.0,364.0,7.04,0,1.2345000000000002,80,98.76000000000002
5654,8,24,13,27.28,82.4,3.732,177.0,198.0,7.92,0,1.237,80,98.96000000000001
5655,8,24,14,36.61,82.2,3.732,267.6,297.0,6.78,0,1.2360000000000002,80,98.88000000000002
5656,8,24,15,35.57,80.4,3.732,451.4,446.0,7.26,0,1.227,80,98.16000000000001
5657,8,24,16,35.6,78.1,3.732,211.1,233.0,7.8,0,1.2155,80,97.24000000000001
5658,8,24,17,48.17,75.9,3.732,48.3,54.0,8.39,0,1.2045000000000001,80,96.36000000000001
5659,8,24,18,46.55,73.6,3.732,0.0,39.0,8.11,0,1.193,80,95.44
5660,8,24,19,52.73,72.0,3.732,0.0,0.0,8.42,0,1.185,80,94.80000000000001
5661,8,24,20,41.75,70.3,3.732,0.0,0.0,9.45,0,1.1765,80,94.12
5662,8,24,21,34.93,69.1,3.732,0.0,0.0,8.78,0,1.1705,80,93.64000000000001
5663,8,24,22,31.67,68.2,3.732,0.0,0.0,9.19,0,1.1660000000000001,80,93.28000000000002
5664,8,24,23,38.16,67.6,3.732,0.0,0.0,8.07,0,1.163,80,93.04
5665,8,25,0,30.15,67.3,3.732,0.0,0.0,10.38,1,1.1615,100,116.14999999999999
5666,8,25,1,27.49,67.1,3.732,0.0,0.0,9.05,1,1.1605,100,116.05000000000001
5667,8,25,2,27.93,66.9,3.732,0.0,0.0,8.31,1,1.1595000000000002,100,115.95000000000002
5668,8,25,3,28.6,66.6,3.732,0.0,0.0,9.36,1,1.1580000000000001,100,115.80000000000001
5669,8,25,4,30.72,66.0,3.732,0.0,0.0,6.28,1,1.155,100,115.5
5670,8,25,5,34.1,66.0,3.732,0.0,0.0,5.06,1,1.155,100,115.5
5671,8,25,6,37.04,68.4,3.732,75.1,92.0,7.05,1,1.167,100,116.7
5672,8,25,7,36.29,71.1,3.732,158.5,175.0,6.3,1,1.1805,100,118.05000000000001
5673,8,25,8,33.58,73.6,3.732,161.7,180.0,4.38,0,1.193,80,95.44
5674,8,25,9,31.91,76.3,3.732,405.6,422.0,3.09,0,1.2065000000000001,80,96.52000000000001
5675,8,25,10,33.02,78.8,3.732,358.3,384.0,4.48,0,1.219,80,97.52000000000001
5676,8,25,11,34.89,80.8,3.732,447.5,467.0,4.95,0,1.229,80,98.32000000000001
5677,8,25,12,38.82,81.5,3.732,994.9,846.0,5.06,0,1.2325000000000002,80,98.60000000000001
5678,8,25,13,41.68,81.3,3.732,646.4,627.0,6.15,0,1.2315,80,98.52000000000001
5679,8,25,14,53.3,80.8,3.732,680.2,636.0,3.06,0,1.229,80,98.32000000000001
5680,8,25,15,48.59,79.9,3.732,641.2,596.0,3.73,0,1.2245000000000001,80,97.96000000000001
5681,8,25,16,51.77,78.4,3.732,405.4,428.0,4.3,0,1.217,80,97.36000000000001
5682,8,25,17,56.93,75.7,3.732,133.5,240.0,6.83,0,1.2035,80,96.28
5683,8,25,18,50.24,70.2,3.732,0.0,3.0,4.78,0,1.1760000000000002,80,94.08000000000001
5684,8,25,19,48.93,67.3,3.732,0.0,0.0,3.47,0,1.1615,80,92.92
5685,8,25,20,47.25,66.0,3.732,0.0,0.0,2.1,0,1.155,80,92.4
5686,8,25,21,35.11,64.4,3.732,0.0,0.0,4.43,0,1.147,80,91.76
5687,8,25,22,33.13,63.0,3.732,0.0,0.0,3.17,0,1.1400000000000001,80,91.20000000000002
5688,8,25,23,29.71,62.1,3.732,0.0,0.0,3.34,0,1.1355000000000002,80,90.84000000000002
5689,8,26,0,25.43,60.8,3.732,0.0,0.0,3.65,0,1.129,80,90.32
5690,8,26,1,23.66,59.9,3.732,0.0,0.0,3.12,0,1.1245,80,89.96000000000001
5691,8,26,2,23.1,59.0,3.732,0.0,0.0,3.77,0,1.12,80,89.60000000000001
5692,8,26,3,23.29,58.3,3.732,0.0,0.0,7.24,0,1.1165,80,89.32000000000001
5693,8,26,4,24.21,57.7,3.732,0.0,0.0,8.55,0,1.1135000000000002,80,89.08000000000001
5694,8,26,5,29.58,57.9,3.732,0.0,0.0,8.02,0,1.1145,80,89.16
5695,8,26,6,28.57,61.2,3.732,81.3,105.0,5.89,0,1.131,80,90.48
5696,8,26,7,24.79,64.8,3.732,290.7,292.0,6.13,1,1.149,100,114.9
5697,8,26,8,23.25,68.0,3.732,528.4,481.0,6.82,1,1.165,100,116.5
5698,8,26,9,23.13,70.9,3.732,745.6,648.0,7.09,1,1.1795000000000002,100,117.95000000000002
5699,8,26,10,23.7,73.0,3.732,914.8,777.0,7.65,1,1.1900000000000002,100,119.00000000000001
5700,8,26,11,23.23,74.7,3.732,663.0,639.0,7.04,1,1.1985000000000001,100,119.85000000000001
5701,8,26,12,24.8,75.6,3.732,1042.1,877.0,6.04,1,1.203,100,120.30000000000001
5702,8,26,13,24.15,75.9,3.732,678.0,648.0,6.02,1,1.2045000000000001,100,120.45000000000002
5703,8,26,14,23.2,75.6,3.732,112.6,126.0,6.2,1,1.203,100,120.30000000000001
5704,8,26,15,26.87,74.5,3.732,324.9,347.0,4.46,0,1.1975,80,95.8
5705,8,26,16,40.54,73.0,3.732,405.5,424.0,7.27,0,1.1900000000000002,80,95.20000000000002
5706,8,26,17,50.84,70.5,3.732,132.5,233.0,4.61,0,1.1775,80,94.2
5707,8,26,18,45.65,64.9,3.732,0.0,59.0,5.89,0,1.1495000000000002,80,91.96000000000001
5708,8,26,19,42.22,61.7,3.732,0.0,0.0,5.28,0,1.1335000000000002,80,90.68
5709,8,26,20,30.98,59.9,3.732,0.0,0.0,4.73,0,1.1245,80,89.96000000000001
5710,8,26,21,24.69,58.5,3.732,0.0,0.0,5.66,0,1.1175000000000002,80,89.4
5711,8,26,22,24.68,57.2,3.732,0.0,0.0,6.02,0,1.1110000000000002,80,88.88000000000002
5712,8,26,23,27.09,56.7,3.732,0.0,0.0,5.94,0,1.1085,80,88.68
5713,8,27,0,25.32,55.6,3.732,0.0,0.0,6.42,0,1.1030000000000002,80,88.24000000000001
5714,8,27,1,25.01,55.0,3.732,0.0,0.0,7.83,0,1.1,80,88.0
5715,8,27,2,23.23,54.5,3.732,0.0,0.0,7.64,0,1.1,80,88.0
5716,8,27,3,24.99,54.1,3.732,0.0,0.0,7.33,0,1.1,80,88.0
5717,8,27,4,27.76,53.8,3.732,0.0,0.0,7.93,0,1.1,80,88.0
5718,8,27,5,26.12,54.3,3.732,0.0,0.0,7.21,0,1.1,80,88.0
5719,8,27,6,34.42,58.1,3.732,40.3,45.0,7.21,0,1.1155000000000002,80,89.24000000000001
5720,8,27,7,31.41,62.4,3.732,237.9,246.0,5.89,1,1.137,100,113.7
5721,8,27,8,25.51,66.4,3.732,217.4,237.0,5.29,1,1.157,100,115.7
5722,8,27,9,24.94,69.6,3.732,369.0,387.0,1.75,1,1.173,100,117.30000000000001
5723,8,27,10,25.13,71.8,3.732,687.3,636.0,3.29,1,1.1840000000000002,100,118.40000000000002
5724,8,27,11,24.9,72.5,3.732,493.9,501.0,3.16,1,1.1875,100,118.75
5725,8,27,12,25.94,72.5,3.732,718.6,677.0,2.59,1,1.1875,100,118.75
5726,8,27,13,26.42,72.1,3.732,110.8,124.0,2.24,1,1.1855,100,118.55
5727,8,27,14,23.23,71.4,3.732,401.9,418.0,2.35,1,1.1820000000000002,100,118.20000000000002
5728,8,27,15,32.03,70.0,3.732,84.0,94.0,3.25,0,1.175,80,94.0
5729,8,27,16,35.2,68.4,3.732,111.7,125.0,3.06,0,1.167,80,93.36
5730,8,27,17,46.19,66.2,3.732,8.9,10.0,2.22,0,1.1560000000000001,80,92.48000000000002
5731,8,27,18,42.03,61.2,3.732,0.0,56.0,1.96,0,1.131,80,90.48
5732,8,27,19,40.39,58.3,3.732,0.0,0.0,2.92,0,1.1165,80,89.32000000000001
5733,8,27,20,34.55,57.0,3.732,0.0,0.0,4.57,0,1.11,80,88.80000000000001
5734,8,27,21,28.39,56.3,3.732,0.0,0.0,3.88,0,1.1065,80,88.52000000000001
5735,8,27,22,25.68,55.4,3.732,0.0,0.0,6.16,0,1.102,80,88.16000000000001
5736,8,27,23,27.26,54.0,3.732,0.0,0.0,4.17,0,1.1,80,88.0
5737,8,28,0,25.35,52.9,3.732,0.0,0.0,4.5,0,1.1,80,88.0
5738,8,28,1,23.69,51.8,3.732,0.0,0.0,3.75,0,1.1,80,88.0
5739,8,28,2,23.29,50.5,3.732,0.0,0.0,3.42,0,1.1,80,88.0
5740,8,28,3,23.8,50.0,3.732,0.0,0.0,2.3,0,1.1,80,88.0
5741,8,28,4,26.03,49.5,3.732,0.0,0.0,1.12,0,1.1,80,88.0
5742,8,28,5,30.04,50.2,3.732,0.0,0.0,0.56,0,1.1,80,88.0
5743,8,28,6,31.1,56.5,3.732,50.0,56.0,1.15,0,1.1075000000000002,80,88.60000000000001
5744,8,28,7,25.21,62.4,3.732,158.4,174.0,2.94,1,1.137,100,113.7
5745,8,28,8,23.09,68.2,3.732,533.2,479.0,1.8,1,1.1660000000000001,100,116.60000000000001
5746,8,28,9,21.99,71.2,3.732,751.0,646.0,2.5,1,1.181,100,118.10000000000001
5747,8,28,10,22.66,73.6,3.732,919.2,774.0,3.1,1,1.193,100,119.30000000000001
5748,8,28,11,23.74,75.0,3.732,1016.0,848.0,5.08,1,1.2000000000000002,100,120.00000000000001
5749,8,28,12,25.99,75.9,3.732,1039.5,868.0,4.9,1,1.2045000000000001,100,120.45000000000002
5750,8,28,13,27.47,76.5,3.732,739.1,685.0,5.08,1,1.2075,100,120.75
5751,8,28,14,28.14,76.3,3.732,711.2,633.0,5.47,1,1.2065000000000001,100,120.65
5752,8,28,15,33.95,75.2,3.732,549.7,514.0,5.08,0,1.201,80,96.08000000000001
5753,8,28,16,35.83,73.8,3.732,329.1,344.0,5.47,0,1.1940000000000002,80,95.52000000000001
5754,8,28,17,37.99,70.5,3.732,130.7,218.0,4.43,0,1.1775,80,94.2
5755,8,28,18,40.18,66.4,3.732,0.0,49.0,4.19,0,1.157,80,92.56
5756,8,28,19,36.17,64.6,3.732,0.0,0.0,2.68,0,1.1480000000000001,80,91.84
5757,8,28,20,29.69,63.5,3.732,0.0,0.0,4.87,0,1.1425,80,91.4
5758,8,28,21,25.99,63.0,3.732,0.0,0.0,5.17,0,1.1400000000000001,80,91.20000000000002
5759,8,28,22,24.99,63.1,3.732,0.0,0.0,4.62,0,1.1405,80,91.24000000000001
5760,8,28,23,24.04,62.6,3.732,0.0,0.0,2.85,0,1.1380000000000001,80,91.04
5761,8,29,0,24.07,61.7,3.732,0.0,0.0,3.05,1,1.1335000000000002,100,113.35000000000002
5762,8,29,1,20.97,60.1,3.732,0.0,0.0,2.43,1,1.1255000000000002,100,112.55000000000001
5763,8,29,2,20.43,59.7,3.732,0.0,0.0,5.05,1,1.1235000000000002,100,112.35000000000002
5764,8,29,3,18.89,59.4,3.732,0.0,0.0,3.91,1,1.122,100,112.20000000000002
5765,8,29,4,22.56,59.0,3.732,0.0,0.0,4.37,1,1.12,100,112.00000000000001
5766,8,29,5,27.31,59.0,3.732,0.0,0.0,3.06,1,1.12,100,112.00000000000001
5767,8,29,6,30.48,60.6,3.732,74.0,89.0,3.9,1,1.1280000000000001,100,112.80000000000001
5768,8,29,7,35.93,63.3,3.732,82.2,92.0,3.11,1,1.1415000000000002,100,114.15000000000002
5769,8,29,8,32.84,65.8,3.732,90.3,101.0,3.53,0,1.1540000000000001,80,92.32000000000001
5770,8,29,9,30.21,68.7,3.732,205.7,229.0,3.25,0,1.1685,80,93.48
5771,8,29,10,29.86,71.2,3.732,238.8,266.0,4.96,0,1.181,80,94.48
5772,8,29,11,28.98,72.9,3.732,153.7,172.0,4.99,0,1.1895000000000002,80,95.16000000000003
5773,8,29,12,30.12,72.5,3.732,319.6,354.0,5.61,0,1.1875,80,95.0
5774,8,29,13,30.22,72.0,3.732,216.3,242.0,6.04,0,1.185,80,94.80000000000001
5775,8,29,14,30.43,70.9,3.732,809.5,701.0,6.66,0,1.1795000000000002,80,94.36000000000001
5776,8,29,15,32.86,69.3,3.732,252.7,277.0,5.74,0,1.1715,80,93.72
5777,8,29,16,31.93,67.6,3.732,117.1,131.0,4.78,0,1.163,80,93.04
5778,8,29,17,38.52,65.3,3.732,34.9,39.0,4.33,0,1.1515,80,92.12
5779,8,29,18,33.85,62.4,3.732,0.0,37.0,5.51,0,1.137,80,90.96000000000001
5780,8,29,19,34.44,61.0,3.732,0.0,0.0,6.84,0,1.1300000000000001,80,90.4
5781,8,29,20,33.6,59.9,3.732,0.0,0.0,6.84,0,1.1245,80,89.96000000000001
5782,8,29,21,24.72,58.8,3.732,0.0,0.0,6.1,0,1.119,80,89.52
5783,8,29,22,22.91,57.6,3.732,0.0,0.0,5.6,0,1.113,80,89.03999999999999
5784,8,29,23,28.53,56.5,3.732,0.0,0.0,5.65,0,1.1075000000000002,80,88.60000000000001
5785,8,30,0,24.36,55.0,3.732,0.0,0.0,5.1,0,1.1,80,88.0
5786,8,30,1,21.29,53.6,3.732,0.0,0.0,4.37,0,1.1,80,88.0
5787,8,30,2,20.41,52.3,3.732,0.0,0.0,2.75,0,1.1,80,88.0
5788,8,30,3,19.94,51.6,3.732,0.0,0.0,3.54,0,1.1,80,88.0
5789,8,30,4,21.34,50.9,3.732,0.0,0.0,3.02,0,1.1,80,88.0
5790,8,30,5,20.49,50.7,3.732,0.0,0.0,1.89,0,1.1,80,88.0
5791,8,30,6,19.89,54.3,3.732,44.8,50.0,2.27,0,1.1,80,88.0
5792,8,30,7,17.93,59.5,3.732,182.3,196.0,2.86,1,1.1225,100,112.25
5793,8,30,8,16.88,64.0,3.732,544.3,480.0,2.23,1,1.145,100,114.5
5794,8,30,9,16.76,67.1,3.732,765.4,648.0,4.08,1,1.1605,100,116.05000000000001
5795,8,30,10,17.06,69.4,3.732,532.6,529.0,10.16,1,1.1720000000000002,100,117.20000000000002
5796,8,30,11,16.9,71.1,3.732,1035.6,852.0,9.42,1,1.1805,100,118.05000000000001
5797,8,30,12,16.62,72.1,3.732,754.0,692.0,11.53,1,1.1855,100,118.55
5798,8,30,13,17.07,72.7,3.732,544.0,542.0,12.46,1,1.1885000000000001,100,118.85000000000001
5799,8,30,14,18.31,72.5,3.732,266.0,295.0,13.74,1,1.1875,100,118.75
5800,8,30,15,19.97,71.2,3.732,248.4,272.0,14.76,0,1.181,80,94.48
5801,8,30,16,24.06,69.8,3.732,409.1,410.0,13.76,0,1.1740000000000002,80,93.92000000000002
5802,8,30,17,32.61,67.5,3.732,129.5,219.0,13.24,0,1.1625,80,93.0
5803,8,30,18,35.26,61.7,3.732,0.0,46.0,12.04,0,1.1335000000000002,80,90.68
5804,8,30,19,33.86,59.5,3.732,0.0,0.0,11.27,0,1.1225,80,89.80000000000001
5805,8,30,20,29.91,58.8,3.732,0.0,0.0,11.75,0,1.119,80,89.52
5806,8,30,21,26.3,57.6,3.732,0.0,0.0,11.46,0,1.113,80,89.03999999999999
5807,8,30,22,23.19,56.8,3.732,0.0,0.0,11.04,0,1.109,80,88.72
5808,8,30,23,19.87,55.9,3.732,0.0,0.0,11.35,0,1.1045,80,88.36
5809,8,31,0,19.06,54.7,3.732,0.0,0.0,11.77,0,1.1,80,88.0
5810,8,31,1,18.21,53.6,3.732,0.0,0.0,12.16,0,1.1,80,88.0
5811,8,31,2,17.77,52.9,3.732,0.0,0.0,10.4,0,1.1,80,88.0
5812,8,31,3,17.33,52.3,3.732,0.0,0.0,11.11,0,1.1,80,88.0
5813,8,31,4,17.22,51.4,3.732,0.0,0.0,10.08,0,1.1,80,88.0
5814,8,31,5,21.02,51.6,3.732,0.0,0.0,11.59,0,1.1,80,88.0
5815,8,31,6,18.98,56.1,3.732,79.8,96.0,10.28,0,1.1055000000000001,80,88.44000000000001
5816,8,31,7,17.43,62.4,3.732,296.9,283.0,10.4,1,1.137,100,113.7
5817,8,31,8,11.22,67.5,3.732,539.1,472.0,9.43,1,1.1625,100,116.25000000000001
5818,8,31,9,13.78,70.9,3.732,760.1,640.0,8.69,1,1.1795000000000002,100,117.95000000000002
5819,8,31,10,14.28,73.6,3.732,926.2,765.0,9.97,1,1.193,100,119.30000000000001
5820,8,31,11,16.47,75.6,3.732,1025.0,840.0,9.36,1,1.203,100,120.30000000000001
5821,8,31,12,16.82,76.8,3.732,1046.4,858.0,9.1,1,1.209,100,120.9
5822,8,31,13,17.66,77.7,3.732,988.2,818.0,8.04,1,1.2135,100,121.35000000000001
5823,8,31,14,17.71,77.7,3.732,855.5,724.0,7.74,1,1.2135,100,121.35000000000001
5824,8,31,15,20.89,76.8,3.732,654.4,580.0,7.88,0,1.209,80,96.72
5825,8,31,16,35.7,75.4,3.732,407.6,404.0,8.83,0,1.2020000000000002,80,96.16000000000001
5826,8,31,17,54.03,71.8,3.732,128.1,213.0,7.93,0,1.1840000000000002,80,94.72000000000001
5827,8,31,18,40.99,65.5,3.732,0.0,42.0,8.22,0,1.1525,80,92.2
5828,8,31,19,32.56,63.1,3.732,0.0,0.0,8.3,0,1.1405,80,91.24000000000001
5829,8,31,20,33.2,61.7,3.732,0.0,0.0,8.32,0,1.1335000000000002,80,90.68
5830,8,31,21,25.61,60.1,3.732,0.0,0.0,8.65,0,1.1255000000000002,80,90.04000000000002
5831,8,31,22,23.34,58.8,3.732,0.0,0.0,8.89,0,1.119,80,89.52
5832,8,31,23,24.7,57.7,3.732,0.0,0.0,8.46,0,1.1135000000000002,80,89.08000000000001
5833,9,1,0,23.09,57.0,4.339,0.0,0.0,8.87,0,1.11,80,88.80000000000001
5834,9,1,1,21.93,56.8,4.339,0.0,0.0,5.88,0,1.109,80,88.72
5835,9,1,2,22.42,56.5,4.339,0.0,0.0,6.87,0,1.1075000000000002,80,88.60000000000001
5836,9,1,3,21.35,56.3,4.339,0.0,0.0,7.06,1,1.1065,100,110.65
5837,9,1,4,21.9,56.1,4.339,0.0,0.0,7.53,1,1.1055000000000001,100,110.55000000000001
5838,9,1,5,22.92,56.5,4.339,0.0,0.0,6.92,1,1.1075000000000002,100,110.75000000000001
5839,9,1,6,22.67,59.0,4.339,75.7,89.0,6.34,1,1.12,100,112.00000000000001
5840,9,1,7,21.53,63.0,4.339,234.9,234.0,5.08,1,1.1400000000000001,100,114.00000000000001
5841,9,1,8,18.51,68.9,4.339,272.8,281.0,3.27,1,1.1695000000000002,100,116.95000000000002
5842,9,1,9,20.02,73.4,4.339,481.5,454.0,3.62,1,1.1920000000000002,100,119.20000000000002
5843,9,1,10,20.53,76.3,4.339,746.9,642.0,2.54,1,1.2065000000000001,100,120.65
5844,9,1,11,22.62,77.9,4.339,631.5,585.0,1.83,0,1.2145000000000001,80,97.16000000000001
5845,9,1,12,23.75,77.7,4.339,621.4,583.0,1.12,0,1.2135,80,97.08
5846,9,1,13,23.79,76.6,4.339,568.5,543.0,1.55,0,1.208,80,96.64
5847,9,1,14,28.03,75.6,4.339,496.0,482.0,2.2,0,1.203,80,96.24000000000001
5848,9,1,15,36.74,73.8,4.339,99.0,110.0,1.64,0,1.1940000000000002,80,95.52000000000001
5849,9,1,16,39.24,70.7,4.339,164.1,180.0,1.62,0,1.1785,80,94.28
5850,9,1,17,41.01,67.5,4.339,79.5,89.0,3.17,0,1.1625,80,93.0
5851,9,1,18,42.48,65.1,4.339,0.0,27.0,3.43,0,1.1505,80,92.04
5852,9,1,19,40.5,63.7,4.339,0.0,0.0,3.88,0,1.1435000000000002,80,91.48000000000002
5853,9,1,20,37.06,62.6,4.339,0.0,0.0,1.69,0,1.1380000000000001,80,91.04
5854,9,1,21,32.44,61.5,4.339,0.0,0.0,2.49,0,1.1325,80,90.60000000000001
5855,9,1,22,28.26,60.8,4.339,0.0,0.0,2.42,0,1.129,80,90.32
5856,9,1,23,28.37,60.4,4.339,0.0,0.0,4.31,0,1.127,80,90.16
5857,9,2,0,24.98,60.1,4.339,0.0,0.0,4.38,0,1.1255000000000002,80,90.04000000000002
5858,9,2,1,25.08,59.9,4.339,0.0,0.0,4.76,0,1.1245,80,89.96000000000001
5859,9,2,2,22.84,59.5,4.339,0.0,0.0,4.37,0,1.1225,80,89.80000000000001
5860,9,2,3,23.4,58.8,4.339,0.0,0.0,6.52,0,1.119,80,89.52
5861,9,2,4,25.79,57.9,4.339,0.0,0.0,6.83,0,1.1145,80,89.16
5862,9,2,5,36.58,57.4,4.339,0.0,0.0,7.74,0,1.112,80,88.96000000000001
5863,9,2,6,38.12,61.0,4.339,47.4,53.0,8.18,0,1.1300000000000001,80,90.4
5864,9,2,7,33.5,66.9,4.339,294.3,275.0,7.84,1,1.1595000000000002,100,115.95000000000002
5865,9,2,8,22.87,72.5,4.339,538.5,465.0,8.54,1,1.1875,100,118.75
5866,9,2,9,21.7,75.6,4.339,756.8,630.0,7.33,1,1.203,100,120.30000000000001
5867,9,2,10,22.86,77.9,4.339,927.4,758.0,6.28,1,1.2145000000000001,100,121.45000000000002
5868,9,2,11,21.86,79.7,4.339,1025.6,832.0,6.1,1,1.2235,100,122.35000000000001
5869,9,2,12,23.77,80.8,4.339,1048.4,851.0,6.05,1,1.229,100,122.9
5870,9,2,13,27.11,81.3,4.339,987.9,809.0,6.41,1,1.2315,100,123.15
5871,9,2,14,30.19,81.3,4.339,850.4,711.0,7.89,1,1.2315,100,123.15
5872,9,2,15,37.67,80.8,4.339,337.4,354.0,7.8,0,1.229,80,98.32000000000001
5873,9,2,16,47.75,79.5,4.339,401.2,389.0,8.72,0,1.2225000000000001,80,97.80000000000001
5874,9,2,17,48.67,75.6,4.339,124.1,197.0,9.24,0,1.203,80,96.24000000000001
5875,9,2,18,48.49,71.2,4.339,0.0,33.0,9.72,0,1.181,80,94.48
5876,9,2,19,42.72,68.2,4.339,0.0,0.0,8.96,0,1.1660000000000001,80,93.28000000000002
5877,9,2,20,34.52,65.3,4.339,0.0,0.0,12.96,0,1.1515,80,92.12
5878,9,2,21,33.67,63.1,4.339,0.0,0.0,10.31,0,1.1405,80,91.24000000000001
5879,9,2,22,30.03,60.8,4.339,0.0,0.0,11.16,0,1.129,80,90.32
5880,9,2,23,32.08,59.0,4.339,0.0,0.0,10.82,0,1.12,80,89.60000000000001
5881,9,3,0,32.31,57.6,4.339,0.0,0.0,9.6,0,1.113,80,89.03999999999999
5882,9,3,1,27.72,56.3,4.339,0.0,0.0,9.77,0,1.1065,80,88.52000000000001
5883,9,3,2,25.11,55.4,4.339,0.0,0.0,12.32,0,1.102,80,88.16000000000001
5884,9,3,3,28.74,54.7,4.339,0.0,0.0,10.43,0,1.1,80,88.0
5885,9,3,4,28.07,54.0,4.339,0.0,0.0,11.04,0,1.1,80,88.0
5886,9,3,5,36.63,54.1,4.339,0.0,0.0,10.77,0,1.1,80,88.0
5887,9,3,6,41.51,59.5,4.339,70.5,80.0,9.68,0,1.1225,80,89.80000000000001
5888,9,3,7,28.31,66.0,4.339,280.4,261.0,10.46,1,1.155,100,115.5
5889,9,3,8,24.62,72.5,4.339,521.4,449.0,10.11,1,1.1875,100,118.75
5890,9,3,9,27.18,76.1,4.339,740.5,615.0,9.06,1,1.2055,100,120.55
5891,9,3,10,27.2,78.1,4.339,910.2,742.0,6.82,1,1.2155,100,121.55
5892,9,3,11,27.85,79.2,4.339,1010.9,818.0,6.78,1,1.221,100,122.10000000000001
5893,9,3,12,29.43,79.7,4.339,1032.5,836.0,6.0,1,1.2235,100,122.35000000000001
5894,9,3,13,30.32,79.9,4.339,968.8,792.0,6.31,1,1.2245000000000001,100,122.45000000000002
5895,9,3,14,31.4,79.5,4.339,833.0,695.0,6.53,1,1.2225000000000001,100,122.25000000000001
5896,9,3,15,42.07,78.6,4.339,634.9,552.0,6.9,0,1.218,80,97.44
5897,9,3,16,44.81,77.0,4.339,388.6,374.0,7.04,0,1.2100000000000002,80,96.80000000000001
5898,9,3,17,50.95,73.2,4.339,123.0,187.0,6.5,0,1.191,80,95.28
5899,9,3,18,47.16,68.2,4.339,0.0,29.0,6.55,0,1.1660000000000001,80,93.28000000000002
5900,9,3,19,43.47,65.1,4.339,0.0,0.0,6.36,0,1.1505,80,92.04
5901,9,3,20,41.55,63.1,4.339,0.0,0.0,6.13,0,1.1405,80,91.24000000000001
5902,9,3,21,34.2,62.2,4.339,0.0,0.0,6.96,0,1.1360000000000001,80,90.88000000000001
5903,9,3,22,28.51,61.2,4.339,0.0,0.0,6.27,0,1.131,80,90.48
5904,9,3,23,29.31,59.5,4.339,0.0,0.0,5.92,0,1.1225,80,89.80000000000001
5905,9,4,0,29.77,58.3,4.339,0.0,0.0,5.68,0,1.1165,80,89.32000000000001
5906,9,4,1,28.68,57.0,4.339,0.0,0.0,6.06,0,1.11,80,88.80000000000001
5907,9,4,2,28.22,56.1,4.339,0.0,0.0,6.77,0,1.1055000000000001,80,88.44000000000001
5908,9,4,3,28.68,55.6,4.339,0.0,0.0,8.59,0,1.1030000000000002,80,88.24000000000001
5909,9,4,4,29.3,55.0,4.339,0.0,0.0,7.77,0,1.1,80,88.0
5910,9,4,5,35.97,55.4,4.339,0.0,0.0,7.43,0,1.102,80,88.16000000000001
5911,9,4,6,40.96,61.0,4.339,38.4,43.0,5.86,0,1.1300000000000001,80,90.4
5912,9,4,7,31.36,66.9,4.339,141.1,155.0,7.64,1,1.1595000000000002,100,115.95000000000002
5913,9,4,8,27.99,72.7,4.339,508.8,437.0,6.16,1,1.1885000000000001,100,118.85000000000001
5914,9,4,9,27.38,76.1,4.339,722.6,599.0,2.61,1,1.2055,100,120.55
5915,9,4,10,27.38,78.4,4.339,906.1,734.0,1.17,1,1.217,100,121.7
5916,9,4,11,27.65,79.9,4.339,1001.5,806.0,1.33,1,1.2245000000000001,100,122.45000000000002
5917,9,4,12,29.88,80.8,4.339,1020.6,822.0,1.06,1,1.229,100,122.9
5918,9,4,13,29.53,81.1,4.339,952.5,775.0,1.96,1,1.2305000000000001,100,123.05000000000001
5919,9,4,14,30.99,81.0,4.339,814.2,676.0,5.67,1,1.23,100,123.0
5920,9,4,15,36.78,79.9,4.339,618.9,535.0,4.7,0,1.2245000000000001,80,97.96000000000001
5921,9,4,16,39.12,77.7,4.339,230.8,248.0,3.79,0,1.2135,80,97.08
5922,9,4,17,39.59,74.8,4.339,119.1,175.0,3.54,0,1.199,80,95.92
5923,9,4,18,41.35,71.6,4.339,0.0,24.0,4.05,0,1.183,80,94.64
5924,9,4,19,40.62,68.9,4.339,0.0,0.0,6.15,0,1.1695000000000002,80,93.56000000000002
5925,9,4,20,41.67,66.7,4.339,0.0,0.0,7.66,0,1.1585,80,92.68
5926,9,4,21,35.14,65.1,4.339,0.0,0.0,6.83,0,1.1505,80,92.04
5927,9,4,22,30.78,64.2,4.339,0.0,0.0,5.86,0,1.1460000000000001,80,91.68
5928,9,4,23,41.23,63.7,4.339,0.0,0.0,6.87,0,1.1435000000000002,80,91.48000000000002
5929,9,5,0,36.18,63.5,4.339,0.0,0.0,5.68,1,1.1425,100,114.25
5930,9,5,1,31.12,63.9,4.339,0.0,0.0,5.03,1,1.1445,100,114.45
5931,9,5,2,30.61,64.0,4.339,0.0,0.0,5.79,1,1.145,100,114.5
5932,9,5,3,34.83,63.9,4.339,0.0,0.0,5.76,1,1.1445,100,114.45
5933,9,5,4,36.37,63.5,4.339,0.0,0.0,5.75,1,1.1425,100,114.25
5934,9,5,5,41.64,63.3,4.339,0.0,0.0,6.16,1,1.1415000000000002,100,114.15000000000002
5935,9,5,6,41.78,64.4,4.339,36.6,41.0,5.44,1,1.147,100,114.7
5936,9,5,7,46.05,66.4,4.339,108.0,120.0,4.82,1,1.157,100,115.7
5937,9,5,8,40.76,68.7,4.339,212.0,230.0,2.77,0,1.1685,80,93.48
5938,9,5,9,39.82,73.0,4.339,706.4,586.0,2.71,0,1.1900000000000002,80,95.20000000000002
5939,9,5,10,39.75,77.2,4.339,592.5,559.0,3.82,0,1.211,80,96.88000000000001
5940,9,5,11,40.16,79.3,4.339,989.5,795.0,4.63,0,1.2215,80,97.72
5941,9,5,12,41.75,80.8,4.339,1013.9,814.0,4.85,0,1.229,80,98.32000000000001
5942,9,5,13,46.35,81.7,4.339,933.7,760.0,5.3,0,1.2335,80,98.68
5943,9,5,14,47.58,81.7,4.339,799.6,663.0,5.37,0,1.2335,80,98.68
5944,9,5,15,54.75,81.0,4.339,598.9,518.0,4.97,0,1.23,80,98.4
5945,9,5,16,65.26,79.3,4.339,355.1,339.0,5.25,0,1.2215,80,97.72
5946,9,5,17,66.04,77.2,4.339,116.4,158.0,5.3,0,1.211,80,96.88000000000001
5947,9,5,18,54.75,74.7,4.339,0.0,15.0,5.36,0,1.1985000000000001,80,95.88000000000001
5948,9,5,19,51.08,73.4,4.339,0.0,0.0,5.64,0,1.1920000000000002,80,95.36000000000001
5949,9,5,20,47.59,72.1,4.339,0.0,0.0,4.97,0,1.1855,80,94.84
5950,9,5,21,42.99,70.9,4.339,0.0,0.0,4.29,0,1.1795000000000002,80,94.36000000000001
5951,9,5,22,39.28,69.4,4.339,0.0,0.0,5.82,0,1.1720000000000002,80,93.76000000000002
5952,9,5,23,37.81,68.2,4.339,0.0,0.0,5.66,0,1.1660000000000001,80,93.28000000000002
5953,9,6,0,40.54,67.3,4.339,0.0,0.0,6.4,0,1.1615,80,92.92
5954,9,6,1,35.7,65.3,4.339,0.0,0.0,6.29,1,1.1515,100,115.14999999999999
5955,9,6,2,35.81,64.4,4.339,0.0,0.0,6.37,1,1.147,100,114.7
5956,9,6,3,34.2,63.7,4.339,0.0,0.0,5.73,1,1.1435000000000002,100,114.35000000000002
5957,9,6,4,35.73,63.1,4.339,0.0,0.0,5.7,1,1.1405,100,114.05000000000001
5958,9,6,5,38.02,63.1,4.339,0.0,0.0,6.4,1,1.1405,100,114.05000000000001
5959,9,6,6,39.36,67.3,4.339,47.6,52.0,6.54,1,1.1615,100,116.14999999999999
5960,9,6,7,40.5,71.6,4.339,104.0,115.0,6.53,1,1.183,100,118.30000000000001
5961,9,6,8,40.48,75.9,4.339,141.2,158.0,3.82,1,1.2045000000000001,100,120.45000000000002
5962,9,6,9,44.07,79.2,4.339,622.6,535.0,4.05,0,1.221,80,97.68
5963,9,6,10,46.23,80.8,4.339,401.6,420.0,3.51,0,1.229,80,98.32000000000001
5964,9,6,11,49.16,80.8,4.339,328.6,360.0,3.33,0,1.229,80,98.32000000000001
5965,9,6,12,53.14,79.9,4.339,400.3,418.0,3.96,0,1.2245000000000001,80,97.96000000000001
5966,9,6,13,51.39,78.3,4.339,414.4,430.0,4.49,0,1.2165000000000001,80,97.32000000000001
5967,9,6,14,62.91,76.3,4.339,16.1,18.0,4.79,0,1.2065000000000001,80,96.52000000000001
5968,9,6,15,67.98,73.8,4.339,106.3,118.0,4.6,0,1.1940000000000002,80,95.52000000000001
5969,9,6,16,67.41,70.7,4.339,172.0,189.0,5.36,0,1.1785,80,94.28
5970,9,6,17,67.37,66.7,4.339,91.2,102.0,7.07,0,1.1585,80,92.68
5971,9,6,18,58.53,63.0,4.339,0.0,6.0,6.3,0,1.1400000000000001,80,91.20000000000002
5972,9,6,19,56.87,60.8,4.339,0.0,0.0,6.15,0,1.129,80,90.32
5973,9,6,20,45.24,59.5,4.339,0.0,0.0,6.4,0,1.1225,80,89.80000000000001
5974,9,6,21,41.41,58.6,4.339,0.0,0.0,7.88,0,1.118,80,89.44000000000001
5975,9,6,22,40.02,58.3,4.339,0.0,0.0,8.32,0,1.1165,80,89.32000000000001
5976,9,6,23,49.75,58.5,4.339,0.0,0.0,8.76,0,1.1175000000000002,80,89.4
5977,9,7,0,45.67,58.8,4.339,0.0,0.0,7.93,0,1.119,80,89.52
5978,9,7,1,41.15,59.2,4.339,0.0,0.0,7.28,0,1.121,80,89.68
5979,9,7,2,37.07,59.4,4.339,0.0,0.0,7.22,0,1.122,80,89.76
5980,9,7,3,35.5,59.7,4.339,0.0,0.0,7.0,0,1.1235000000000002,80,89.88000000000001
5981,9,7,4,35.88,59.2,4.339,0.0,0.0,6.16,0,1.121,80,89.68
5982,9,7,5,41.43,59.0,4.339,0.0,0.0,5.73,0,1.12,80,89.60000000000001
5983,9,7,6,39.83,59.5,4.339,2.7,3.0,4.24,0,1.1225,80,89.80000000000001
5984,9,7,7,36.21,61.3,4.339,109.9,121.0,5.08,0,1.1315000000000002,80,90.52000000000001
5985,9,7,8,40.48,64.6,4.339,196.1,211.0,3.22,0,1.1480000000000001,80,91.84
5986,9,7,9,40.25,67.3,4.339,112.6,125.0,3.15,0,1.1615,80,92.92
5987,9,7,10,38.28,66.4,4.339,310.2,330.0,4.76,0,1.157,80,92.56
5988,9,7,11,41.19,67.6,4.339,272.8,296.0,5.24,0,1.163,80,93.04
5989,9,7,12,34.81,69.1,4.339,594.4,550.0,6.58,0,1.1705,80,93.64000000000001
5990,9,7,13,35.17,69.6,4.339,677.1,603.0,6.59,0,1.173,80,93.84
5991,9,7,14,26.12,70.3,4.339,597.2,537.0,6.27,0,1.1765,80,94.12
5992,9,7,15,32.29,70.0,4.339,302.2,311.0,5.42,0,1.175,80,94.0
5993,9,7,16,31.27,68.9,4.339,269.9,272.0,5.75,1,1.1695000000000002,100,116.95000000000002
5994,9,7,17,32.33,65.5,4.339,89.0,100.0,5.2,1,1.1525,100,115.25000000000001
5995,9,7,18,35.6,60.8,4.339,0.0,16.0,4.4,1,1.129,100,112.9
5996,9,7,19,33.84,59.4,4.339,0.0,0.0,7.43,1,1.122,100,112.20000000000002
5997,9,7,20,35.66,57.7,4.339,0.0,0.0,4.53,1,1.1135000000000002,100,111.35000000000002
5998,9,7,21,34.48,55.9,4.339,0.0,0.0,11.89,1,1.1045,100,110.45
5999,9,7,22,31.74,54.5,4.339,0.0,0.0,5.52,1,1.1,100,110.00000000000001
6000,9,7,23,23.09,53.1,4.339,0.0,0.0,6.25,1,1.1,100,110.00000000000001
6001,9,8,0,21.95,51.8,4.339,0.0,0.0,5.61,0,1.1,80,88.0
6002,9,8,1,21.54,50.7,4.339,0.0,0.0,5.99,0,1.1,80,88.0
6003,9,8,2,21.51,49.8,4.339,0.0,0.0,7.1,0,1.1,80,88.0
6004,9,8,3,22.18,49.3,4.339,0.0,0.0,7.69,0,1.1,80,88.0
6005,9,8,4,25.47,49.1,4.339,0.0,0.0,8.27,0,1.1,80,88.0
6006,9,8,5,47.75,49.1,4.339,0.0,0.0,6.08,0,1.1,80,88.0
6007,9,8,6,40.43,52.5,4.339,58.3,63.0,3.38,0,1.1,80,88.0
6008,9,8,7,32.3,57.9,4.339,155.8,168.0,4.9,0,1.1145,80,89.16
6009,9,8,8,23.91,62.4,4.339,550.0,452.0,6.37,1,1.137,100,113.7
6010,9,8,9,22.91,65.7,4.339,777.0,621.0,6.62,1,1.1535000000000002,100,115.35000000000002
6011,9,8,10,21.84,68.2,4.339,950.2,749.0,6.72,1,1.1660000000000001,100,116.60000000000001
6012,9,8,11,22.31,70.0,4.339,942.8,747.0,6.23,1,1.175,100,117.5
6013,9,8,12,22.14,71.4,4.339,1071.6,840.0,5.82,1,1.1820000000000002,100,118.20000000000002
6014,9,8,13,22.4,72.1,4.339,1011.6,798.0,6.16,1,1.1855,100,118.55
6015,9,8,14,22.49,72.0,4.339,876.8,702.0,6.1,1,1.185,100,118.5
6016,9,8,15,31.69,71.1,4.339,671.4,555.0,4.33,1,1.1805,100,118.05000000000001
6017,9,8,16,43.28,69.6,4.339,417.3,374.0,6.56,0,1.173,80,93.84
6018,9,8,17,48.25,65.1,4.339,126.1,179.0,5.3,0,1.1505,80,92.04
6019,9,8,18,45.83,61.0,4.339,0.0,18.0,7.15,0,1.1300000000000001,80,90.4
6020,9,8,19,44.67,60.1,4.339,0.0,0.0,6.05,0,1.1255000000000002,80,90.04000000000002
6021,9,8,20,41.55,59.2,4.339,0.0,0.0,1.14,0,1.121,80,89.68
6022,9,8,21,34.18,58.3,4.339,0.0,0.0,8.79,0,1.1165,80,89.32000000000001
6023,9,8,22,30.0,56.8,4.339,0.0,0.0,9.61,0,1.109,80,88.72
6024,9,8,23,33.85,55.2,4.339,0.0,0.0,8.13,0,1.1010000000000002,80,88.08000000000001
6025,9,9,0,35.03,54.1,4.339,0.0,0.0,6.84,0,1.1,80,88.0
6026,9,9,1,27.45,53.2,4.339,0.0,0.0,6.79,0,1.1,80,88.0
6027,9,9,2,24.93,52.0,4.339,0.0,0.0,5.01,0,1.1,80,88.0
6028,9,9,3,24.2,50.2,4.339,0.0,0.0,5.1,0,1.1,80,88.0
6029,9,9,4,31.13,48.6,4.339,0.0,0.0,5.01,0,1.1,80,88.0
6030,9,9,5,46.99,47.7,4.339,0.0,0.0,4.56,0,1.1,80,88.0
6031,9,9,6,46.35,53.2,4.339,68.0,70.0,4.85,0,1.1,80,88.0
6032,9,9,7,30.31,59.2,4.339,291.7,253.0,4.65,1,1.121,100,112.1
6033,9,9,8,24.19,65.5,4.339,543.4,444.0,1.58,1,1.1525,100,115.25000000000001
6034,9,9,9,25.21,68.7,4.339,769.4,612.0,4.28,1,1.1685,100,116.85000000000001
6035,9,9,10,24.78,71.2,4.339,942.5,740.0,2.86,1,1.181,100,118.10000000000001
6036,9,9,11,23.81,73.0,4.339,1045.4,816.0,2.94,1,1.1900000000000002,100,119.00000000000001
6037,9,9,12,24.71,74.5,4.339,1068.7,834.0,2.05,1,1.1975,100,119.75
6038,9,9,13,25.49,75.2,4.339,1007.6,791.0,3.26,1,1.201,100,120.10000000000001
6039,9,9,14,27.34,75.2,4.339,871.7,694.0,2.37,1,1.201,100,120.10000000000001
6040,9,9,15,33.5,74.3,4.339,665.3,546.0,2.41,0,1.1965000000000001,80,95.72000000000001
6041,9,9,16,42.73,72.1,4.339,409.6,363.0,1.51,0,1.1855,80,94.84
6042,9,9,17,48.76,66.6,4.339,122.8,168.0,2.15,0,1.1580000000000001,80,92.64000000000001
6043,9,9,18,47.27,59.9,4.339,0.0,14.0,2.27,0,1.1245,80,89.96000000000001
6044,9,9,19,43.67,59.2,4.339,0.0,0.0,2.22,0,1.121,80,89.68
6045,9,9,20,38.78,56.7,4.339,0.0,0.0,2.39,0,1.1085,80,88.68
6046,9,9,21,34.83,54.3,4.339,0.0,0.0,4.76,0,1.1,80,88.0
6047,9,9,22,30.39,52.3,4.339,0.0,0.0,8.02,0,1.1,80,88.0
6048,9,9,23,27.28,50.9,4.339,0.0,0.0,5.39,0,1.1,80,88.0
6049,9,10,0,25.9,50.0,4.339,0.0,0.0,5.55,1,1.1,100,110.00000000000001
6050,9,10,1,26.34,49.3,4.339,0.0,0.0,6.54,1,1.1,100,110.00000000000001
6051,9,10,2,27.0,48.7,4.339,0.0,0.0,5.94,1,1.1,100,110.00000000000001
6052,9,10,3,28.3,48.6,4.339,0.0,0.0,5.2,1,1.1,100,110.00000000000001
6053,9,10,4,29.14,49.3,4.339,0.0,0.0,4.65,1,1.1,100,110.00000000000001
6054,9,10,5,37.53,49.8,4.339,0.0,0.0,4.25,1,1.1,100,110.00000000000001
6055,9,10,6,41.66,53.6,4.339,16.1,18.0,2.57,1,1.1,100,110.00000000000001
6056,9,10,7,36.55,57.9,4.339,82.2,92.0,2.0,1,1.1145,100,111.45
6057,9,10,8,36.14,61.9,4.339,373.1,337.0,1.81,0,1.1345,80,90.76
6058,9,10,9,34.36,64.9,4.339,753.8,597.0,2.63,0,1.1495000000000002,80,91.96000000000001
6059,9,10,10,35.03,67.8,4.339,921.4,720.0,2.32,0,1.1640000000000001,80,93.12
6060,9,10,11,30.24,70.5,4.339,1019.2,792.0,3.55,0,1.1775,80,94.2
6061,9,10,12,32.5,72.7,4.339,1038.8,807.0,3.17,0,1.1885000000000001,80,95.08000000000001
6062,9,10,13,34.09,73.9,4.339,977.8,764.0,3.5,0,1.1945000000000001,80,95.56
6063,9,10,14,34.53,74.7,4.339,839.7,665.0,4.34,0,1.1985000000000001,80,95.88000000000001
6064,9,10,15,35.43,74.5,4.339,638.2,520.0,3.62,0,1.1975,80,95.8
6065,9,10,16,39.82,73.0,4.339,395.4,346.0,1.8,0,1.1900000000000002,80,95.20000000000002
6066,9,10,17,40.32,67.5,4.339,119.8,159.0,1.99,0,1.1625,80,93.0
6067,9,10,18,41.03,61.2,4.339,0.0,11.0,1.83,0,1.131,80,90.48
6068,9,10,19,46.13,59.2,4.339,0.0,0.0,3.43,0,1.121,80,89.68
6069,9,10,20,38.32,57.9,4.339,0.0,0.0,3.15,0,1.1145,80,89.16
6070,9,10,21,34.74,56.7,4.339,0.0,0.0,4.49,0,1.1085,80,88.68
6071,9,10,22,30.87,55.9,4.339,0.0,0.0,3.96,0,1.1045,80,88.36
6072,9,10,23,31.3,55.2,4.339,0.0,0.0,5.22,0,1.1010000000000002,80,88.08000000000001
6073,9,11,0,27.84,53.6,4.339,0.0,0.0,5.72,0,1.1,80,88.0
6074,9,11,1,23.47,51.4,4.339,0.0,0.0,4.42,0,1.1,80,88.0
6075,9,11,2,24.63,50.7,4.339,0.0,0.0,3.51,0,1.1,80,88.0
6076,9,11,3,23.22,50.5,4.339,0.0,0.0,2.58,0,1.1,80,88.0
6077,9,11,4,26.39,50.9,4.339,0.0,0.0,1.7,0,1.1,80,88.0
6078,9,11,5,34.59,50.7,4.339,0.0,0.0,1.23,0,1.1,80,88.0
6079,9,11,6,36.29,54.9,4.339,62.9,63.0,2.85,0,1.1,80,88.0
6080,9,11,7,25.27,60.6,4.339,126.3,139.0,1.02,1,1.1280000000000001,100,112.80000000000001
6081,9,11,8,23.66,68.0,4.339,529.5,428.0,0.31,1,1.165,100,116.5
6082,9,11,9,24.03,72.3,4.339,753.2,594.0,1.75,1,1.1865,100,118.65
6083,9,11,10,23.22,74.7,4.339,938.2,727.0,0.88,1,1.1985000000000001,100,119.85000000000001
6084,9,11,11,23.74,76.1,4.339,1037.5,800.0,1.58,1,1.2055,100,120.55
6085,9,11,12,23.0,77.2,4.339,1052.6,812.0,1.42,1,1.211,100,121.10000000000001
6086,9,11,13,25.5,77.7,4.339,987.8,766.0,0.65,1,1.2135,100,121.35000000000001
6087,9,11,14,26.89,77.2,4.339,633.9,540.0,2.97,1,1.211,100,121.10000000000001
6088,9,11,15,30.37,76.3,4.339,587.4,483.0,3.01,0,1.2065000000000001,80,96.52000000000001
6089,9,11,16,39.11,75.0,4.339,392.6,339.0,2.45,0,1.2000000000000002,80,96.00000000000001
6090,9,11,17,41.8,70.2,4.339,29.5,33.0,2.34,0,1.1760000000000002,80,94.08000000000001
6091,9,11,18,41.44,63.7,4.339,0.0,0.0,3.31,0,1.1435000000000002,80,91.48000000000002
6092,9,11,19,40.41,63.1,4.339,0.0,0.0,4.61,0,1.1405,80,91.24000000000001
6093,9,11,20,38.37,62.2,4.339,0.0,0.0,5.38,0,1.1360000000000001,80,90.88000000000001
6094,9,11,21,31.51,61.5,4.339,0.0,0.0,4.1,0,1.1325,80,90.60000000000001
6095,9,11,22,27.24,60.1,4.339,0.0,0.0,1.96,0,1.1255000000000002,80,90.04000000000002
6096,9,11,23,24.55,59.4,4.339,0.0,0.0,3.6,0,1.122,80,89.76
6097,9,12,0,23.13,57.9,4.339,0.0,0.0,3.05,0,1.1145,80,89.16
6098,9,12,1,23.26,56.5,4.339,0.0,0.0,2.34,0,1.1075000000000002,80,88.60000000000001
6099,9,12,2,22.22,55.0,4.339,0.0,0.0,2.8,0,1.1,80,88.0
6100,9,12,3,23.75,53.8,4.339,0.0,0.0,2.24,0,1.1,80,88.0
6101,9,12,4,25.41,52.7,4.339,0.0,0.0,2.38,0,1.1,80,88.0
6102,9,12,5,32.38,51.4,4.339,0.0,0.0,2.3,0,1.1,80,88.0
6103,9,12,6,33.43,55.8,4.339,62.0,61.0,1.25,0,1.104,80,88.32000000000001
6104,9,12,7,25.02,61.3,4.339,288.2,242.0,0.42,1,1.1315000000000002,100,113.15000000000002
6105,9,12,8,24.04,67.3,4.339,545.7,435.0,0.56,1,1.1615,100,116.14999999999999
6106,9,12,9,23.16,70.9,4.339,773.8,603.0,1.73,1,1.1795000000000002,100,117.95000000000002
6107,9,12,10,23.34,73.2,4.339,949.5,732.0,1.64,1,1.191,100,119.10000000000001
6108,9,12,11,22.89,74.8,4.339,1047.7,804.0,1.1,1,1.199,100,119.9
6109,9,12,12,24.64,76.1,4.339,1070.2,821.0,3.26,1,1.2055,100,120.55
6110,9,12,13,27.26,76.5,4.339,1007.2,776.0,3.05,1,1.2075,100,120.75
6111,9,12,14,26.86,76.1,4.339,869.2,677.0,4.36,1,1.2055,100,120.55
6112,9,12,15,33.12,75.2,4.339,660.7,527.0,4.78,0,1.201,80,96.08000000000001
6113,9,12,16,45.28,73.2,4.339,405.6,344.0,3.33,0,1.191,80,95.28
6114,9,12,17,42.27,68.4,4.339,122.1,152.0,2.9,0,1.167,80,93.36
6115,9,12,18,44.2,64.4,4.339,0.0,0.0,2.55,0,1.147,80,91.76
6116,9,12,19,42.51,62.2,4.339,0.0,0.0,2.31,0,1.1360000000000001,80,90.88000000000001
6117,9,12,20,38.9,59.0,4.339,0.0,0.0,1.2,0,1.12,80,89.60000000000001
6118,9,12,21,35.63,55.9,4.339,0.0,0.0,1.49,0,1.1045,80,88.36
6119,9,12,22,27.91,54.5,4.339,0.0,0.0,0.93,0,1.1,80,88.0
6120,9,12,23,28.69,54.0,4.339,0.0,0.0,1.52,0,1.1,80,88.0
6121,9,13,0,27.41,53.1,4.339,0.0,0.0,2.89,0,1.1,80,88.0
6122,9,13,1,26.78,52.5,4.339,0.0,0.0,3.49,0,1.1,80,88.0
6123,9,13,2,27.85,52.3,4.339,0.0,0.0,3.31,0,1.1,80,88.0
6124,9,13,3,22.4,52.3,4.339,0.0,0.0,2.42,1,1.1,100,110.00000000000001
6125,9,13,4,23.55,52.7,4.339,0.0,0.0,3.05,1,1.1,100,110.00000000000001
6126,9,13,5,24.1,53.4,4.339,0.0,0.0,2.05,1,1.1,100,110.00000000000001
6127,9,13,6,27.49,57.7,4.339,54.5,54.0,1.48,1,1.1135000000000002,100,111.35000000000002
6128,9,13,7,28.13,62.8,4.339,139.9,147.0,3.2,1,1.139,100,113.9
6129,9,13,8,25.56,68.0,4.339,244.3,247.0,2.67,1,1.165,100,116.5
6130,9,13,9,24.2,71.2,4.339,253.1,274.0,3.53,1,1.181,100,118.10000000000001
6131,9,13,10,25.21,73.9,4.339,360.4,376.0,1.38,1,1.1945000000000001,100,119.45000000000002
6132,9,13,11,25.61,76.3,4.339,392.4,407.0,3.7,0,1.2065000000000001,80,96.52000000000001
6133,9,13,12,25.76,76.8,4.339,610.3,571.0,1.13,0,1.209,80,96.72
6134,9,13,13,27.22,76.8,4.339,479.6,475.0,3.72,0,1.209,80,96.72
6135,9,13,14,30.43,76.6,4.339,483.3,463.0,3.72,0,1.208,80,96.64
6136,9,13,15,33.99,75.7,4.339,362.1,356.0,3.27,0,1.2035,80,96.28
6137,9,13,16,41.25,74.1,4.339,133.0,147.0,4.7,0,1.1955,80,95.64
6138,9,13,17,41.98,70.0,4.339,68.2,76.0,6.17,0,1.175,80,94.0
6139,9,13,18,44.31,67.1,4.339,0.0,0.0,4.86,0,1.1605,80,92.84
6140,9,13,19,35.91,65.7,4.339,0.0,0.0,6.96,0,1.1535000000000002,80,92.28000000000002
6141,9,13,20,35.09,63.9,4.339,0.0,0.0,7.3,0,1.1445,80,91.56
6142,9,13,21,35.78,62.1,4.339,0.0,0.0,8.07,0,1.1355000000000002,80,90.84000000000002
6143,9,13,22,28.74,60.6,4.339,0.0,0.0,7.35,0,1.1280000000000001,80,90.24000000000001
6144,9,13,23,31.81,59.7,4.339,0.0,0.0,6.21,0,1.1235000000000002,80,89.88000000000001
6145,9,14,0,27.39,59.7,4.339,0.0,0.0,5.58,0,1.1235000000000002,80,89.88000000000001
6146,9,14,1,25.47,59.4,4.339,0.0,0.0,11.31,1,1.122,100,112.20000000000002
6147,9,14,2,26.31,59.0,4.339,0.0,0.0,9.61,1,1.12,100,112.00000000000001
6148,9,14,3,26.26,58.8,4.339,0.0,0.0,7.94,1,1.119,100,111.9
6149,9,14,4,27.19,59.0,4.339,0.0,0.0,8.91,1,1.12,100,112.00000000000001
6150,9,14,5,27.29,58.3,4.339,0.0,0.0,9.44,1,1.1165,100,111.65
6151,9,14,6,29.01,61.5,4.339,49.3,49.0,12.02,1,1.1325,100,113.25
6152,9,14,7,27.06,66.9,4.339,66.1,74.0,11.22,1,1.1595000000000002,100,115.95000000000002
6153,9,14,8,26.55,72.5,4.339,199.6,216.0,11.49,1,1.1875,100,118.75
6154,9,14,9,26.29,75.7,4.339,723.4,563.0,10.61,0,1.2035,80,96.28
6155,9,14,10,26.76,77.9,4.339,901.6,691.0,10.26,0,1.2145000000000001,80,97.16000000000001
6156,9,14,11,28.38,79.2,4.339,508.4,499.0,9.5,0,1.221,80,97.68
6157,9,14,12,32.95,79.0,4.339,326.5,356.0,9.53,0,1.2200000000000002,80,97.60000000000002
6158,9,14,13,34.24,79.3,4.339,463.4,461.0,10.5,0,1.2215,80,97.72
6159,9,14,14,35.63,78.8,4.339,641.8,550.0,11.87,0,1.219,80,97.52000000000001
6160,9,14,15,43.76,77.5,4.339,369.3,362.0,11.07,0,1.2125000000000001,80,97.00000000000001
6161,9,14,16,55.78,76.3,4.339,384.5,318.0,10.38,0,1.2065000000000001,80,96.52000000000001
6162,9,14,17,58.45,71.4,4.339,117.2,134.0,9.34,0,1.1820000000000002,80,94.56000000000002
6163,9,14,18,60.74,66.7,4.339,0.0,0.0,8.42,0,1.1585,80,92.68
6164,9,14,19,54.73,65.3,4.339,0.0,0.0,8.17,0,1.1515,80,92.12
6165,9,14,20,45.86,64.4,4.339,0.0,0.0,9.76,0,1.147,80,91.76
6166,9,14,21,39.46,63.5,4.339,0.0,0.0,9.15,0,1.1425,80,91.4
6167,9,14,22,37.41,61.9,4.339,0.0,0.0,7.56,0,1.1345,80,90.76
6168,9,14,23,31.9,59.5,4.339,0.0,0.0,8.61,0,1.1225,80,89.80000000000001
6169,9,15,0,28.3,57.7,4.339,0.0,0.0,7.78,0,1.1135000000000002,80,89.08000000000001
6170,9,15,1,28.32,56.7,4.339,0.0,0.0,6.07,0,1.1085,80,88.68
6171,9,15,2,25.83,55.9,4.339,0.0,0.0,7.27,1,1.1045,100,110.45
6172,9,15,3,26.11,55.4,4.339,0.0,0.0,6.61,1,1.102,100,110.2
6173,9,15,4,28.61,54.9,4.339,0.0,0.0,7.26,1,1.1,100,110.00000000000001
6174,9,15,5,37.4,54.5,4.339,0.0,0.0,8.94,1,1.1,100,110.00000000000001
6175,9,15,6,43.11,58.3,4.339,53.6,51.0,9.53,1,1.1165,100,111.65
6176,9,15,7,35.06,63.5,4.339,273.9,224.0,9.64,1,1.1425,100,114.25
6177,9,15,8,27.61,69.4,4.339,526.0,411.0,9.37,1,1.1720000000000002,100,117.20000000000002
6178,9,15,9,27.62,73.8,4.339,754.7,578.0,9.41,1,1.1940000000000002,100,119.40000000000002
6179,9,15,10,26.52,76.8,4.339,938.3,709.0,8.58,0,1.209,80,96.72
6180,9,15,11,29.19,78.6,4.339,1038.7,782.0,9.17,0,1.218,80,97.44
6181,9,15,12,34.55,79.9,4.339,1059.0,797.0,9.48,0,1.2245000000000001,80,97.96000000000001
6182,9,15,13,36.57,80.4,4.339,995.8,752.0,9.0,0,1.227,80,98.16000000000001
6183,9,15,14,36.99,80.1,4.339,857.0,652.0,9.5,0,1.2255,80,98.04
6184,9,15,15,44.78,79.2,4.339,652.9,505.0,9.32,0,1.221,80,97.68
6185,9,15,16,49.84,77.0,4.339,402.5,325.0,8.9,0,1.2100000000000002,80,96.80000000000001
6186,9,15,17,49.5,70.9,4.339,125.4,137.0,9.35,0,1.1795000000000002,80,94.36000000000001
6187,9,15,18,51.11,64.9,4.339,0.0,0.0,9.16,0,1.1495000000000002,80,91.96000000000001
6188,9,15,19,45.43,63.7,4.339,0.0,0.0,9.87,0,1.1435000000000002,80,91.48000000000002
6189,9,15,20,42.67,62.2,4.339,0.0,0.0,11.78,0,1.1360000000000001,80,90.88000000000001
6190,9,15,21,37.63,60.6,4.339,0.0,0.0,12.34,0,1.1280000000000001,80,90.24000000000001
6191,9,15,22,34.09,59.2,4.339,0.0,0.0,13.34,0,1.121,80,89.68
6192,9,15,23,35.29,58.1,4.339,0.0,0.0,13.2,0,1.1155000000000002,80,89.24000000000001
6193,9,16,0,33.17,57.7,4.339,0.0,0.0,12.76,0,1.1135000000000002,80,89.08000000000001
6194,9,16,1,28.92,57.6,4.339,0.0,0.0,12.68,0,1.113,80,89.03999999999999
6195,9,16,2,28.69,57.6,4.339,0.0,0.0,12.93,0,1.113,80,89.03999999999999
6196,9,16,3,29.06,57.7,4.339,0.0,0.0,12.94,0,1.1135000000000002,80,89.08000000000001
6197,9,16,4,33.02,57.6,4.339,0.0,0.0,12.67,0,1.113,80,89.03999999999999
6198,9,16,5,39.08,57.0,4.339,0.0,0.0,12.34,0,1.11,80,88.80000000000001
6199,9,16,6,44.04,59.2,4.339,30.4,34.0,11.9,0,1.121,80,89.68
6200,9,16,7,39.19,64.2,4.339,167.5,166.0,12.37,0,1.1460000000000001,80,91.68
6201,9,16,8,27.82,69.8,4.339,453.2,373.0,14.5,1,1.1740000000000002,100,117.40000000000002
6202,9,16,9,28.32,73.6,4.339,724.5,557.0,15.09,1,1.193,100,119.30000000000001
6203,9,16,10,28.31,76.1,4.339,806.6,625.0,15.06,1,1.2055,100,120.55
6204,9,16,11,27.71,78.1,4.339,874.7,674.0,15.85,1,1.2155,100,121.55
6205,9,16,12,28.07,79.3,4.339,797.7,640.0,14.7,1,1.2215,100,122.15
6206,9,16,13,29.33,79.7,4.339,507.0,473.0,15.29,1,1.2235,100,122.35000000000001
6207,9,16,14,29.3,79.2,4.339,636.6,525.0,15.81,1,1.221,100,122.10000000000001
6208,9,16,15,35.56,77.7,4.339,563.9,449.0,15.88,1,1.2135,100,121.35000000000001
6209,9,16,16,48.19,75.2,4.339,285.7,257.0,15.21,0,1.201,80,96.08000000000001
6210,9,16,17,49.94,69.4,4.339,95.2,103.0,13.51,0,1.1720000000000002,80,93.76000000000002
6211,9,16,18,49.09,65.1,4.339,0.0,0.0,13.07,0,1.1505,80,92.04
6212,9,16,19,45.68,63.7,4.339,0.0,0.0,15.03,0,1.1435000000000002,80,91.48000000000002
6213,9,16,20,39.33,61.9,4.339,0.0,0.0,15.64,0,1.1345,80,90.76
6214,9,16,21,33.41,60.3,4.339,0.0,0.0,14.7,0,1.1265,80,90.12
6215,9,16,22,29.17,58.6,4.339,0.0,0.0,13.9,0,1.118,80,89.44000000000001
6216,9,16,23,27.09,57.6,4.339,0.0,0.0,15.01,0,1.113,80,89.03999999999999
6217,9,17,0,26.86,56.7,4.339,0.0,0.0,12.81,0,1.1085,80,88.68
6218,9,17,1,26.92,55.9,4.339,0.0,0.0,13.54,0,1.1045,80,88.36
6219,9,17,2,27.35,55.2,4.339,0.0,0.0,11.09,0,1.1010000000000002,80,88.08000000000001
6220,9,17,3,27.28,54.7,4.339,0.0,0.0,12.67,0,1.1,80,88.0
6221,9,17,4,28.97,53.8,4.339,0.0,0.0,9.24,0,1.1,80,88.0
6222,9,17,5,33.22,52.7,4.339,0.0,0.0,5.83,0,1.1,80,88.0
6223,9,17,6,43.23,55.8,4.339,34.6,38.0,6.47,0,1.104,80,88.32000000000001
6224,9,17,7,33.33,61.5,4.339,79.3,87.0,9.87,1,1.1325,100,113.25
6225,9,17,8,27.45,66.4,4.339,393.0,333.0,10.31,1,1.157,100,115.7
6226,9,17,9,28.34,68.7,4.339,424.6,377.0,8.17,1,1.1685,100,116.85000000000001
6227,9,17,10,27.69,70.2,4.339,296.9,311.0,6.04,1,1.1760000000000002,100,117.60000000000002
6228,9,17,11,27.53,70.2,4.339,279.2,298.0,6.08,1,1.1760000000000002,100,117.60000000000002
6229,9,17,12,29.47,69.4,4.339,390.2,401.0,6.9,1,1.1720000000000002,100,117.20000000000002
6230,9,17,13,29.4,68.9,4.339,946.5,708.0,5.56,1,1.1695000000000002,100,116.95000000000002
6231,9,17,14,27.3,69.3,4.339,540.3,479.0,5.7,1,1.1715,100,117.15
6232,9,17,15,37.66,69.6,4.339,548.2,433.0,6.2,0,1.173,80,93.84
6233,9,17,16,46.29,69.1,4.339,376.7,296.0,4.61,0,1.1705,80,93.64000000000001
6234,9,17,17,50.77,65.8,4.339,120.1,117.0,6.15,0,1.1540000000000001,80,92.32000000000001
6235,9,17,18,47.68,62.1,4.339,0.0,0.0,6.29,0,1.1355000000000002,80,90.84000000000002
6236,9,17,19,46.49,61.2,4.339,0.0,0.0,4.27,0,1.131,80,90.48
6237,9,17,20,33.94,59.7,4.339,0.0,0.0,5.44,0,1.1235000000000002,80,89.88000000000001
6238,9,17,21,29.4,58.8,4.339,0.0,0.0,3.87,0,1.119,80,89.52
6239,9,17,22,27.61,57.6,4.339,0.0,0.0,5.03,0,1.113,80,89.03999999999999
6240,9,17,23,30.7,56.8,4.339,0.0,0.0,2.47,0,1.109,80,88.72
6241,9,18,0,30.37,56.8,4.339,0.0,0.0,2.24,0,1.109,80,88.72
6242,9,18,1,28.56,57.6,4.339,0.0,0.0,4.57,0,1.113,80,89.03999999999999
6243,9,18,2,28.24,58.1,4.339,0.0,0.0,3.36,0,1.1155000000000002,80,89.24000000000001
6244,9,18,3,29.52,57.7,4.339,0.0,0.0,4.68,0,1.1135000000000002,80,89.08000000000001
6245,9,18,4,34.63,57.0,4.339,0.0,0.0,3.21,0,1.11,80,88.80000000000001
6246,9,18,5,38.28,56.1,4.339,0.0,0.0,1.78,0,1.1055000000000001,80,88.44000000000001
6247,9,18,6,47.16,58.6,4.339,49.0,44.0,2.47,0,1.118,80,89.44000000000001
6248,9,18,7,39.31,63.9,4.339,270.0,212.0,3.79,1,1.1445,100,114.45
6249,9,18,8,35.03,70.2,4.339,523.8,397.0,5.56,1,1.1760000000000002,100,117.60000000000002
6250,9,18,9,32.04,74.5,4.339,750.4,561.0,4.92,1,1.1975,100,119.75
6251,9,18,10,31.66,77.5,4.339,927.4,688.0,3.37,1,1.2125000000000001,100,121.25000000000001
6252,9,18,11,29.06,79.7,4.339,1031.4,763.0,1.81,1,1.2235,100,122.35000000000001
6253,9,18,12,32.29,81.1,4.339,1052.4,778.0,2.55,1,1.2305000000000001,100,123.05000000000001
6254,9,18,13,34.43,81.9,4.339,991.6,734.0,3.66,1,1.2345000000000002,100,123.45000000000002
6255,9,18,14,34.87,81.5,4.339,854.5,635.0,1.1,1,1.2325000000000002,100,123.25000000000001
6256,9,18,15,40.64,80.2,4.339,648.3,486.0,2.81,0,1.2260000000000002,80,98.08000000000001
6257,9,18,16,54.86,77.5,4.339,397.6,305.0,3.1,0,1.2125000000000001,80,97.00000000000001
6258,9,18,17,52.8,70.5,4.339,131.6,119.0,3.78,0,1.1775,80,94.2
6259,9,18,18,56.35,64.6,4.339,0.0,0.0,4.25,0,1.1480000000000001,80,91.84
6260,9,18,19,50.06,63.9,4.339,0.0,0.0,4.12,0,1.1445,80,91.56
6261,9,18,20,43.34,64.4,4.339,0.0,0.0,5.33,0,1.147,80,91.76
6262,9,18,21,35.72,64.0,4.339,0.0,0.0,5.3,0,1.145,80,91.6
6263,9,18,22,32.33,64.0,4.339,0.0,0.0,6.99,0,1.145,80,91.6
6264,9,18,23,28.45,63.9,4.339,0.0,0.0,8.83,0,1.1445,80,91.56
6265,9,19,0,26.68,63.3,4.339,0.0,0.0,7.8,0,1.1415000000000002,80,91.32000000000002
6266,9,19,1,24.65,62.8,4.339,0.0,0.0,10.37,0,1.139,80,91.12
6267,9,19,2,23.88,62.2,4.339,0.0,0.0,10.86,0,1.1360000000000001,80,90.88000000000001
6268,9,19,3,24.94,61.5,4.339,0.0,0.0,11.42,0,1.1325,80,90.60000000000001
6269,9,19,4,28.83,61.0,4.339,0.0,0.0,11.35,0,1.1300000000000001,80,90.4
6270,9,19,5,36.53,60.1,4.339,0.0,0.0,11.44,0,1.1255000000000002,80,90.04000000000002
6271,9,19,6,42.98,62.8,4.339,46.8,42.0,12.55,0,1.139,80,91.12
6272,9,19,7,28.85,67.1,4.339,273.1,212.0,15.04,1,1.1605,100,116.05000000000001
6273,9,19,8,27.58,70.7,4.339,530.8,399.0,14.62,1,1.1785,100,117.85000000000001
6274,9,19,9,25.14,73.6,4.339,761.4,565.0,15.08,1,1.193,100,119.30000000000001
6275,9,19,10,25.02,75.7,4.339,937.2,691.0,12.49,1,1.2035,100,120.35
6276,9,19,11,24.3,77.0,4.339,1037.7,763.0,11.89,1,1.2100000000000002,100,121.00000000000001
6277,9,19,12,25.74,77.9,4.339,1057.8,777.0,13.45,1,1.2145000000000001,100,121.45000000000002
6278,9,19,13,27.13,78.1,4.339,995.8,732.0,14.21,1,1.2155,100,121.55
6279,9,19,14,27.02,77.4,4.339,856.3,631.0,14.04,1,1.2120000000000002,100,121.20000000000002
6280,9,19,15,29.25,75.6,4.339,651.6,483.0,11.58,0,1.203,80,96.24000000000001
6281,9,19,16,40.25,73.2,4.339,402.9,303.0,11.5,0,1.191,80,95.28
6282,9,19,17,43.01,68.7,4.339,139.1,116.0,12.04,0,1.1685,80,93.48
6283,9,19,18,44.7,62.6,4.339,0.0,0.0,12.77,0,1.1380000000000001,80,91.04
6284,9,19,19,39.73,60.1,4.339,0.0,0.0,10.99,0,1.1255000000000002,80,90.04000000000002
6285,9,19,20,34.44,57.9,4.339,0.0,0.0,11.54,0,1.1145,80,89.16
6286,9,19,21,31.51,56.1,4.339,0.0,0.0,12.39,0,1.1055000000000001,80,88.44000000000001
6287,9,19,22,29.14,54.7,4.339,0.0,0.0,14.1,0,1.1,80,88.0
6288,9,19,23,27.71,53.2,4.339,0.0,0.0,13.75,0,1.1,80,88.0
6289,9,20,0,25.63,51.8,4.339,0.0,0.0,12.18,0,1.1,80,88.0
6290,9,20,1,24.38,50.5,4.339,0.0,0.0,10.76,0,1.1,80,88.0
6291,9,20,2,24.54,49.1,4.339,0.0,0.0,9.31,0,1.1,80,88.0
6292,9,20,3,24.26,47.8,4.339,0.0,0.0,9.27,0,1.1,80,88.0
6293,9,20,4,25.17,46.6,4.339,0.0,0.0,9.08,0,1.1,80,88.0
6294,9,20,5,25.23,45.3,4.339,0.0,0.0,8.69,0,1.1,80,88.0
6295,9,20,6,21.83,48.0,4.339,52.9,45.0,6.29,0,1.1,80,88.0
6296,9,20,7,21.06,54.0,4.339,295.9,225.0,8.92,1,1.1,100,110.00000000000001
6297,9,20,8,18.69,59.5,4.339,564.6,419.0,8.93,1,1.1225,100,112.25
6298,9,20,9,16.64,63.3,4.339,801.1,589.0,10.17,1,1.1415000000000002,100,114.15000000000002
6299,9,20,10,16.1,66.4,4.339,973.9,713.0,9.76,1,1.157,100,115.7
6300,9,20,11,16.1,68.7,4.339,1076.0,786.0,8.83,1,1.1685,100,116.85000000000001
6301,9,20,12,16.06,70.3,4.339,1094.8,799.0,8.97,1,1.1765,100,117.65
6302,9,20,13,18.48,71.2,4.339,1030.6,752.0,8.5,1,1.181,100,118.10000000000001
6303,9,20,14,19.32,71.1,4.339,885.7,647.0,8.31,1,1.1805,100,118.05000000000001
6304,9,20,15,24.54,70.0,4.339,675.7,495.0,8.28,0,1.175,80,94.0
6305,9,20,16,35.39,67.5,4.339,419.0,309.0,6.75,0,1.1625,80,93.0
6306,9,20,17,52.95,60.4,4.339,151.5,115.0,6.69,0,1.127,80,90.16
6307,9,20,18,47.8,55.2,4.339,0.0,0.0,7.35,0,1.1010000000000002,80,88.08000000000001
6308,9,20,19,38.61,53.2,4.339,0.0,0.0,7.93,0,1.1,80,88.0
6309,9,20,20,33.83,51.4,4.339,0.0,0.0,8.23,0,1.1,80,88.0
6310,9,20,21,29.56,50.0,4.339,0.0,0.0,7.11,0,1.1,80,88.0
6311,9,20,22,26.46,48.7,4.339,0.0,0.0,5.04,0,1.1,80,88.0
6312,9,20,23,23.67,47.7,4.339,0.0,0.0,5.15,0,1.1,80,88.0
6313,9,21,0,23.77,46.8,4.339,0.0,0.0,5.39,0,1.1,80,88.0
6314,9,21,1,20.26,46.4,4.339,0.0,0.0,5.22,0,1.1,80,88.0
6315,9,21,2,20.36,46.4,4.339,0.0,0.0,5.43,0,1.1,80,88.0
6316,9,21,3,20.67,46.6,4.339,0.0,0.0,4.84,0,1.1,80,88.0
6317,9,21,4,21.49,46.4,4.339,0.0,0.0,5.66,1,1.1,100,110.00000000000001
6318,9,21,5,21.4,46.2,4.339,0.0,0.0,6.38,1,1.1,100,110.00000000000001
6319,9,21,6,23.41,48.4,4.339,45.2,39.0,5.86,1,1.1,100,110.00000000000001
6320,9,21,7,23.12,54.1,4.339,279.4,212.0,5.48,1,1.1,100,110.00000000000001
6321,9,21,8,20.79,61.2,4.339,543.9,402.0,3.17,1,1.131,100,113.1
6322,9,21,9,19.24,65.1,4.339,775.3,568.0,3.95,1,1.1505,100,115.05000000000001
6323,9,21,10,19.51,67.6,4.339,868.5,649.0,3.15,1,1.163,100,116.3
6324,9,21,11,20.26,69.6,4.339,887.6,667.0,1.4,1,1.173,100,117.30000000000001
6325,9,21,12,21.72,71.1,4.339,867.5,658.0,3.02,0,1.1805,80,94.44000000000001
6326,9,21,13,22.32,71.6,4.339,795.4,616.0,3.43,0,1.183,80,94.64
6327,9,21,14,24.5,71.4,4.339,784.0,582.0,2.69,0,1.1820000000000002,80,94.56000000000002
6328,9,21,15,35.03,70.3,4.339,595.7,451.0,2.92,0,1.1765,80,94.12
6329,9,21,16,39.47,67.6,4.339,323.5,260.0,3.79,0,1.163,80,93.04
6330,9,21,17,50.76,61.5,4.339,155.9,106.0,3.73,0,1.1325,80,90.60000000000001
6331,9,21,18,43.08,57.9,4.339,0.0,0.0,4.3,0,1.1145,80,89.16
6332,9,21,19,42.58,57.4,4.339,0.0,0.0,4.98,0,1.112,80,88.96000000000001
6333,9,21,20,33.26,54.9,4.339,0.0,0.0,5.6,0,1.1,80,88.0
6334,9,21,21,23.08,52.5,4.339,0.0,0.0,7.08,0,1.1,80,88.0
6335,9,21,22,23.18,50.4,4.339,0.0,0.0,6.24,0,1.1,80,88.0
6336,9,21,23,25.36,48.9,4.339,0.0,0.0,5.64,0,1.1,80,88.0
6337,9,22,0,24.76,48.0,4.339,0.0,0.0,5.46,0,1.1,80,88.0
6338,9,22,1,24.3,47.3,4.339,0.0,0.0,6.06,0,1.1,80,88.0
6339,9,22,2,23.77,46.8,4.339,0.0,0.0,6.07,0,1.1,80,88.0
6340,9,22,3,24.92,46.4,4.339,0.0,0.0,5.53,0,1.1,80,88.0
6341,9,22,4,29.6,46.6,4.339,0.0,0.0,4.14,0,1.1,80,88.0
6342,9,22,5,43.14,47.1,4.339,0.0,0.0,4.6,0,1.1,80,88.0
6343,9,22,6,43.53,49.8,4.339,13.4,15.0,4.55,0,1.1,80,88.0
6344,9,22,7,31.02,54.5,4.339,113.6,124.0,4.33,1,1.1,100,110.00000000000001
6345,9,22,8,26.78,61.0,4.339,518.5,382.0,2.55,1,1.1300000000000001,100,113.00000000000001
6346,9,22,9,25.2,66.4,4.339,740.4,541.0,1.82,1,1.157,100,115.7
6347,9,22,10,24.94,70.5,4.339,914.3,664.0,2.46,1,1.1775,100,117.75
6348,9,22,11,24.96,73.4,4.339,1008.2,731.0,2.61,1,1.1920000000000002,100,119.20000000000002
6349,9,22,12,26.29,75.4,4.339,1021.4,740.0,2.02,1,1.2020000000000002,100,120.20000000000002
6350,9,22,13,29.11,76.6,4.339,956.3,692.0,3.31,1,1.208,100,120.8
6351,9,22,14,32.06,77.0,4.339,662.6,507.0,4.28,1,1.2100000000000002,100,121.00000000000001
6352,9,22,15,40.0,76.5,4.339,576.0,429.0,4.53,0,1.2075,80,96.6
6353,9,22,16,65.58,74.5,4.339,367.2,265.0,4.5,0,1.1975,80,95.8
6354,9,22,17,52.75,68.5,4.339,0.0,80.0,4.42,0,1.1675,80,93.4
6355,9,22,18,56.12,64.6,4.339,0.0,0.0,5.6,0,1.1480000000000001,80,91.84
6356,9,22,19,44.19,64.8,4.339,0.0,0.0,6.8,0,1.149,80,91.92
6357,9,22,20,37.5,63.7,4.339,0.0,0.0,7.91,0,1.1435000000000002,80,91.48000000000002
6358,9,22,21,30.98,63.0,4.339,0.0,0.0,4.86,0,1.1400000000000001,80,91.20000000000002
6359,9,22,22,30.31,62.6,4.339,0.0,0.0,3.47,0,1.1380000000000001,80,91.04
6360,9,22,23,29.95,62.2,4.339,0.0,0.0,4.08,0,1.1360000000000001,80,90.88000000000001
6361,9,23,0,29.62,61.5,4.339,0.0,0.0,3.87,1,1.1325,100,113.25
6362,9,23,1,29.4,60.8,4.339,0.0,0.0,4.19,1,1.129,100,112.9
6363,9,23,2,28.46,60.3,4.339,0.0,0.0,4.07,1,1.1265,100,112.65
6364,9,23,3,29.67,59.5,4.339,0.0,0.0,5.94,1,1.1225,100,112.25
6365,9,23,4,33.46,58.8,4.339,0.0,0.0,5.37,1,1.119,100,111.9
6366,9,23,5,45.53,57.7,4.339,0.0,0.0,5.2,1,1.1135000000000002,100,111.35000000000002
6367,9,23,6,59.0,60.4,4.339,25.4,25.0,4.07,1,1.127,100,112.7
6368,9,23,7,52.53,65.3,4.339,209.9,171.0,5.52,1,1.1515,100,115.14999999999999
6369,9,23,8,34.9,70.9,4.339,124.2,139.0,6.32,0,1.1795000000000002,80,94.36000000000001
6370,9,23,9,31.77,75.4,4.339,359.2,359.0,6.66,0,1.2020000000000002,80,96.16000000000001
6371,9,23,10,34.75,78.4,4.339,333.4,344.0,6.32,0,1.217,80,97.36000000000001
6372,9,23,11,38.87,79.3,4.339,86.7,97.0,6.5,0,1.2215,80,97.72
6373,9,23,12,45.56,78.4,4.339,181.4,203.0,5.49,0,1.217,80,97.36000000000001
6374,9,23,13,43.21,76.6,4.339,197.9,220.0,5.58,0,1.208,80,96.64
6375,9,23,14,52.27,74.8,4.339,256.7,276.0,5.52,0,1.199,80,95.92
6376,9,23,15,64.39,73.0,4.339,168.3,182.0,5.59,0,1.1900000000000002,80,95.20000000000002
6377,9,23,16,83.79,71.2,4.339,101.4,111.0,6.68,0,1.181,80,94.48
6378,9,23,17,87.43,69.1,4.339,0.0,72.0,7.96,0,1.1705,80,93.64000000000001
6379,9,23,18,83.86,67.8,4.339,0.0,0.0,5.33,0,1.1640000000000001,80,93.12
6380,9,23,19,59.01,67.1,4.339,0.0,0.0,6.27,0,1.1605,80,92.84
6381,9,23,20,45.72,66.7,4.339,0.0,0.0,7.95,0,1.1585,80,92.68
6382,9,23,21,43.93,66.2,4.339,0.0,0.0,5.86,0,1.1560000000000001,80,92.48000000000002
6383,9,23,22,33.52,65.8,4.339,0.0,0.0,7.06,0,1.1540000000000001,80,92.32000000000001
6384,9,23,23,38.61,65.5,4.339,0.0,0.0,7.46,0,1.1525,80,92.2
6385,9,24,0,33.31,65.3,4.339,0.0,0.0,10.33,1,1.1515,100,115.14999999999999
6386,9,24,1,30.08,65.1,4.339,0.0,0.0,9.84,1,1.1505,100,115.05000000000001
6387,9,24,2,28.53,64.8,4.339,0.0,0.0,10.35,1,1.149,100,114.9
6388,9,24,3,29.01,64.6,4.339,0.0,0.0,10.34,1,1.1480000000000001,100,114.80000000000001
6389,9,24,4,32.41,64.0,4.339,0.0,0.0,9.79,1,1.145,100,114.5
6390,9,24,5,42.06,63.7,4.339,0.0,0.0,9.04,1,1.1435000000000002,100,114.35000000000002
6391,9,24,6,40.19,63.9,4.339,28.0,26.0,8.89,1,1.1445,100,114.45
6392,9,24,7,36.65,64.4,4.339,5.4,6.0,8.92,1,1.147,100,114.7
6393,9,24,8,34.48,65.3,4.339,19.7,22.0,8.77,0,1.1515,80,92.12
6394,9,24,9,36.7,66.6,4.339,107.4,119.0,7.23,0,1.1580000000000001,80,92.64000000000001
6395,9,24,10,38.13,67.6,4.339,191.5,210.0,5.83,0,1.163,80,93.04
6396,9,24,11,38.88,67.8,4.339,135.2,150.0,7.07,0,1.1640000000000001,80,93.12
6397,9,24,12,44.7,68.0,4.339,147.7,164.0,6.6,0,1.165,80,93.2
6398,9,24,13,43.83,68.0,4.339,69.7,78.0,7.39,0,1.165,80,93.2
6399,9,24,14,50.1,67.6,4.339,93.1,103.0,6.97,0,1.163,80,93.04
6400,9,24,15,56.37,67.1,4.339,53.6,60.0,5.96,0,1.1605,80,92.84
6401,9,24,16,59.81,66.0,4.339,8.0,9.0,6.29,0,1.155,80,92.4
6402,9,24,17,64.1,64.9,4.339,0.0,66.0,7.39,0,1.1495000000000002,80,91.96000000000001
6403,9,24,18,57.55,64.0,4.339,0.0,0.0,7.73,0,1.145,80,91.6
6404,9,24,19,52.15,63.3,4.339,0.0,0.0,7.49,0,1.1415000000000002,80,91.32000000000002
6405,9,24,20,43.97,62.4,4.339,0.0,0.0,7.73,0,1.137,80,90.96000000000001
6406,9,24,21,37.14,61.9,4.339,0.0,0.0,7.57,0,1.1345,80,90.76
6407,9,24,22,32.1,61.5,4.339,0.0,0.0,7.04,0,1.1325,80,90.60000000000001
6408,9,24,23,29.75,61.3,4.339,0.0,0.0,8.05,0,1.1315000000000002,80,90.52000000000001
6409,9,25,0,29.8,61.3,4.339,0.0,0.0,7.4,1,1.1315000000000002,100,113.15000000000002
6410,9,25,1,29.3,61.3,4.339,0.0,0.0,6.1,1,1.1315000000000002,100,113.15000000000002
6411,9,25,2,27.09,61.5,4.339,0.0,0.0,5.96,1,1.1325,100,113.25
6412,9,25,3,27.02,61.7,4.339,0.0,0.0,7.82,1,1.1335000000000002,100,113.35000000000002
6413,9,25,4,30.14,62.1,4.339,0.0,0.0,8.49,1,1.1355000000000002,100,113.55000000000001
6414,9,25,5,32.63,62.1,4.339,0.0,0.0,8.27,1,1.1355000000000002,100,113.55000000000001
6415,9,25,6,37.86,62.6,4.339,15.2,17.0,8.72,1,1.1380000000000001,100,113.80000000000001
6416,9,25,7,46.06,63.5,4.339,54.6,60.0,8.35,1,1.1425,100,114.25
6417,9,25,8,41.18,64.6,4.339,55.4,62.0,9.31,0,1.1480000000000001,80,91.84
6418,9,25,9,45.19,65.7,4.339,79.5,89.0,8.78,0,1.1535000000000002,80,92.28000000000002
6419,9,25,10,43.1,66.9,4.339,99.2,111.0,8.38,0,1.1595000000000002,80,92.76000000000002
6420,9,25,11,44.77,68.2,4.339,119.8,134.0,8.8,0,1.1660000000000001,80,93.28000000000002
6421,9,25,12,46.2,69.8,4.339,94.0,104.0,9.12,0,1.1740000000000002,80,93.92000000000002
6422,9,25,13,46.17,71.2,4.339,78.6,88.0,10.33,0,1.181,80,94.48
6423,9,25,14,46.36,71.8,4.339,21.4,24.0,8.2,0,1.1840000000000002,80,94.72000000000001
6424,9,25,15,49.88,72.3,4.339,28.6,32.0,8.24,0,1.1865,80,94.92000000000002
6425,9,25,16,44.6,72.1,4.339,50.9,57.0,8.02,0,1.1855,80,94.84
6426,9,25,17,50.01,71.4,4.339,0.0,45.0,10.12,0,1.1820000000000002,80,94.56000000000002
6427,9,25,18,51.76,70.9,4.339,0.0,0.0,10.5,0,1.1795000000000002,80,94.36000000000001
6428,9,25,19,40.29,70.3,4.339,0.0,0.0,9.52,0,1.1765,80,94.12
6429,9,25,20,40.64,70.0,4.339,0.0,0.0,8.99,0,1.175,80,94.0
6430,9,25,21,36.02,69.6,4.339,0.0,0.0,9.13,0,1.173,80,93.84
6431,9,25,22,33.23,69.6,4.339,0.0,0.0,9.42,0,1.173,80,93.84
6432,9,25,23,33.13,69.4,4.339,0.0,0.0,8.92,0,1.1720000000000002,80,93.76000000000002
6433,9,26,0,31.87,68.4,4.339,0.0,0.0,8.45,1,1.167,100,116.7
6434,9,26,1,30.01,66.6,4.339,0.0,0.0,8.54,1,1.1580000000000001,100,115.80000000000001
6435,9,26,2,28.74,64.8,4.339,0.0,0.0,9.56,1,1.149,100,114.9
6436,9,26,3,29.62,63.7,4.339,0.0,0.0,8.94,1,1.1435000000000002,100,114.35000000000002
6437,9,26,4,33.53,62.8,4.339,0.0,0.0,8.75,1,1.139,100,113.9
6438,9,26,5,39.04,62.2,4.339,0.0,0.0,9.28,1,1.1360000000000001,100,113.60000000000001
6439,9,26,6,44.23,62.4,4.339,33.0,27.0,9.29,1,1.137,100,113.7
6440,9,26,7,35.79,63.9,4.339,91.4,99.0,7.65,1,1.1445,100,114.45
6441,9,26,8,32.43,66.2,4.339,278.7,256.0,7.23,0,1.1560000000000001,80,92.48000000000002
6442,9,26,9,32.26,69.6,4.339,520.6,419.0,7.4,0,1.173,80,93.84
6443,9,26,10,31.49,73.4,4.339,504.5,461.0,6.47,0,1.1920000000000002,80,95.36000000000001
6444,9,26,11,31.59,76.1,4.339,248.2,275.0,6.68,0,1.2055,80,96.44
6445,9,26,12,35.36,77.4,4.339,134.1,150.0,6.61,0,1.2120000000000002,80,96.96000000000001
6446,9,26,13,40.02,77.7,4.339,959.8,673.0,6.15,0,1.2135,80,97.08
6447,9,26,14,39.64,77.2,4.339,819.6,571.0,7.1,0,1.211,80,96.88000000000001
6448,9,26,15,56.16,75.7,4.339,290.7,284.0,7.07,0,1.2035,80,96.28
6449,9,26,16,67.25,74.1,4.339,383.8,251.0,6.79,0,1.1955,80,95.64
6450,9,26,17,70.78,69.4,4.339,0.0,36.0,6.46,0,1.1720000000000002,80,93.76000000000002
6451,9,26,18,56.08,66.0,4.339,0.0,0.0,6.28,0,1.155,80,92.4
6452,9,26,19,48.83,65.5,4.339,0.0,0.0,5.5,0,1.1525,80,92.2
6453,9,26,20,40.94,64.8,4.339,0.0,0.0,6.19,0,1.149,80,91.92
6454,9,26,21,36.0,63.9,4.339,0.0,0.0,6.14,0,1.1445,80,91.56
6455,9,26,22,30.61,62.6,4.339,0.0,0.0,6.35,0,1.1380000000000001,80,91.04
6456,9,26,23,36.43,61.5,4.339,0.0,0.0,6.01,0,1.1325,80,90.60000000000001
6457,9,27,0,35.07,60.6,4.339,0.0,0.0,6.5,0,1.1280000000000001,80,90.24000000000001
6458,9,27,1,27.71,59.7,4.339,0.0,0.0,6.68,0,1.1235000000000002,80,89.88000000000001
6459,9,27,2,33.71,58.8,4.339,0.0,0.0,5.59,0,1.119,80,89.52
6460,9,27,3,28.93,57.9,4.339,0.0,0.0,5.21,0,1.1145,80,89.16
6461,9,27,4,32.67,57.0,4.339,0.0,0.0,4.53,0,1.11,80,88.80000000000001
6462,9,27,5,37.47,56.3,4.339,0.0,0.0,7.43,0,1.1065,80,88.52000000000001
6463,9,27,6,35.65,58.5,4.339,9.8,11.0,7.78,1,1.1175000000000002,100,111.75000000000001
6464,9,27,7,30.2,63.1,4.339,175.0,151.0,5.91,1,1.1405,100,114.05000000000001
6465,9,27,8,28.04,68.5,4.339,193.6,206.0,6.96,1,1.1675,100,116.75
6466,9,27,9,28.23,72.9,4.339,741.8,522.0,5.79,1,1.1895000000000002,100,118.95000000000002
6467,9,27,10,28.18,75.7,4.339,920.5,645.0,4.07,1,1.2035,100,120.35
6468,9,27,11,28.73,77.5,4.339,880.6,635.0,3.7,1,1.2125000000000001,100,121.25000000000001
6469,9,27,12,32.91,78.3,4.339,842.8,615.0,4.54,1,1.2165000000000001,100,121.65000000000002
6470,9,27,13,34.47,77.9,4.339,826.7,608.0,3.54,1,1.2145000000000001,100,121.45000000000002
6471,9,27,14,37.3,77.2,4.339,451.2,392.0,4.05,0,1.211,80,96.88000000000001
6472,9,27,15,39.88,75.6,4.339,489.5,370.0,4.65,0,1.203,80,96.24000000000001
6473,9,27,16,55.65,73.0,4.339,271.6,203.0,3.77,0,1.1900000000000002,80,95.20000000000002
6474,9,27,17,64.34,70.9,4.339,0.0,53.0,3.21,0,1.1795000000000002,80,94.36000000000001
6475,9,27,18,64.75,68.9,4.339,0.0,0.0,4.19,0,1.1695000000000002,80,93.56000000000002
6476,9,27,19,52.79,66.6,4.339,0.0,0.0,5.22,0,1.1580000000000001,80,92.64000000000001
6477,9,27,20,45.12,64.6,4.339,0.0,0.0,5.85,0,1.1480000000000001,80,91.84
6478,9,27,21,36.09,63.3,4.339,0.0,0.0,4.67,0,1.1415000000000002,80,91.32000000000002
6479,9,27,22,37.17,63.3,4.339,0.0,0.0,3.71,0,1.1415000000000002,80,91.32000000000002
6480,9,27,23,32.95,63.1,4.339,0.0,0.0,4.4,0,1.1405,80,91.24000000000001
6481,9,28,0,28.05,62.8,4.339,0.0,0.0,5.32,0,1.139,80,91.12
6482,9,28,1,28.48,62.4,4.339,0.0,0.0,3.77,0,1.137,80,90.96000000000001
6483,9,28,2,25.08,61.7,4.339,0.0,0.0,3.47,0,1.1335000000000002,80,90.68
6484,9,28,3,22.77,61.0,4.339,0.0,0.0,3.61,1,1.1300000000000001,100,113.00000000000001
6485,9,28,4,25.17,60.3,4.339,0.0,0.0,4.73,1,1.1265,100,112.65
6486,9,28,5,23.6,59.5,4.339,0.0,0.0,6.12,1,1.1225,100,112.25
6487,9,28,6,30.34,61.3,4.339,11.6,13.0,6.25,1,1.1315000000000002,100,113.15000000000002
6488,9,28,7,29.79,66.0,4.339,104.2,113.0,4.57,1,1.155,100,115.5
6489,9,28,8,28.35,71.4,4.339,506.2,355.0,4.11,1,1.1820000000000002,100,118.20000000000002
6490,9,28,9,25.8,75.9,4.339,739.3,517.0,3.89,1,1.2045000000000001,100,120.45000000000002
6491,9,28,10,24.2,78.6,4.339,927.6,645.0,3.42,1,1.218,100,121.8
6492,9,28,11,25.46,80.6,4.339,1022.6,711.0,3.77,0,1.228,80,98.24
6493,9,28,12,26.6,81.7,4.339,1035.0,718.0,3.09,0,1.2335,80,98.68
6494,9,28,13,27.82,82.2,4.339,968.7,669.0,3.79,0,1.2360000000000002,80,98.88000000000002
6495,9,28,14,32.92,82.0,4.339,826.2,565.0,3.99,0,1.235,80,98.80000000000001
6496,9,28,15,40.24,81.0,4.339,621.5,416.0,3.97,0,1.23,80,98.4
6497,9,28,16,62.74,78.8,4.339,124.9,135.0,4.42,0,1.219,80,97.52000000000001
6498,9,28,17,70.18,73.9,4.339,0.0,67.0,4.51,0,1.1945000000000001,80,95.56
6499,9,28,18,64.59,70.7,4.339,0.0,0.0,4.51,0,1.1785,80,94.28
6500,9,28,19,48.72,68.9,4.339,0.0,0.0,5.6,0,1.1695000000000002,80,93.56000000000002
6501,9,28,20,36.08,66.7,4.339,0.0,0.0,5.64,0,1.1585,80,92.68
6502,9,28,21,27.07,64.2,4.339,0.0,0.0,4.57,0,1.1460000000000001,80,91.68
6503,9,28,22,27.14,62.1,4.339,0.0,0.0,3.83,0,1.1355000000000002,80,90.84000000000002
6504,9,28,23,27.17,59.9,4.339,0.0,0.0,3.79,0,1.1245,80,89.96000000000001
6505,9,29,0,32.86,58.1,4.339,0.0,0.0,2.57,0,1.1155000000000002,80,89.24000000000001
6506,9,29,1,27.48,56.7,4.339,0.0,0.0,3.54,0,1.1085,80,88.68
6507,9,29,2,26.84,55.4,4.339,0.0,0.0,1.73,0,1.102,80,88.16000000000001
6508,9,29,3,26.6,54.5,4.339,0.0,0.0,2.8,0,1.1,80,88.0
6509,9,29,4,29.25,54.1,4.339,0.0,0.0,2.08,0,1.1,80,88.0
6510,9,29,5,52.52,53.4,4.339,0.0,0.0,2.73,0,1.1,80,88.0
6511,9,29,6,39.16,55.6,4.339,32.3,24.0,3.49,0,1.1030000000000002,80,88.24000000000001
6512,9,29,7,29.22,62.2,4.339,276.5,187.0,2.72,1,1.1360000000000001,100,113.60000000000001
6513,9,29,8,24.28,67.6,4.339,545.5,372.0,2.41,1,1.163,100,116.3
6514,9,29,9,26.02,74.1,4.339,776.2,533.0,3.27,1,1.1955,100,119.55
6515,9,29,10,25.3,77.4,4.339,950.5,655.0,3.78,1,1.2120000000000002,100,121.20000000000002
6516,9,29,11,25.61,78.8,4.339,847.1,613.0,4.02,1,1.219,100,121.9
6517,9,29,12,29.64,79.7,4.339,751.6,578.0,6.11,1,1.2235,100,122.35000000000001
6518,9,29,13,33.67,79.7,4.339,799.0,581.0,5.16,1,1.2235,100,122.35000000000001
6519,9,29,14,34.59,78.4,4.339,777.9,538.0,5.06,1,1.217,100,121.7
6520,9,29,15,43.46,75.9,4.339,421.6,331.0,7.65,0,1.2045000000000001,80,96.36000000000001
6521,9,29,16,66.19,71.8,4.339,145.9,145.0,4.48,0,1.1840000000000002,80,94.72000000000001
6522,9,29,17,68.66,66.2,4.339,0.0,55.0,5.44,0,1.1560000000000001,80,92.48000000000002
6523,9,29,18,65.58,63.7,4.339,0.0,0.0,7.63,0,1.1435000000000002,80,91.48000000000002
6524,9,29,19,53.11,62.6,4.339,0.0,0.0,7.11,0,1.1380000000000001,80,91.04
6525,9,29,20,38.68,61.7,4.339,0.0,0.0,6.4,0,1.1335000000000002,80,90.68
6526,9,29,21,30.23,61.2,4.339,0.0,0.0,5.7,0,1.131,80,90.48
6527,9,29,22,33.29,60.6,4.339,0.0,0.0,6.23,0,1.1280000000000001,80,90.24000000000001
6528,9,29,23,30.85,60.1,4.339,0.0,0.0,5.68,0,1.1255000000000002,80,90.04000000000002
6529,9,30,0,27.43,59.5,4.339,0.0,0.0,5.39,0,1.1225,80,89.80000000000001
6530,9,30,1,26.37,59.4,4.339,0.0,0.0,4.47,0,1.122,80,89.76
6531,9,30,2,25.75,59.0,4.339,0.0,0.0,4.01,0,1.12,80,89.60000000000001
6532,9,30,3,35.48,58.5,4.339,0.0,0.0,3.93,0,1.1175000000000002,80,89.4
6533,9,30,4,38.88,57.7,4.339,0.0,0.0,3.04,0,1.1135000000000002,80,89.08000000000001
6534,9,30,5,29.19,57.2,4.339,0.0,0.0,5.5,0,1.1110000000000002,80,88.88000000000002
6535,9,30,6,33.44,58.3,4.339,9.8,11.0,5.55,0,1.1165,80,89.32000000000001
6536,9,30,7,45.13,61.7,4.339,193.7,158.0,5.51,0,1.1335000000000002,80,90.68
6537,9,30,8,29.73,66.0,4.339,450.9,333.0,4.81,1,1.155,100,115.5
6538,9,30,9,29.5,70.5,4.339,632.8,461.0,2.91,1,1.1775,100,117.75
6539,9,30,10,29.96,73.8,4.339,920.3,633.0,2.15,1,1.1940000000000002,100,119.40000000000002
6540,9,30,11,28.23,75.2,4.339,1019.4,701.0,2.82,1,1.201,100,120.10000000000001
6541,9,30,12,27.62,75.9,4.339,1043.6,715.0,3.48,1,1.2045000000000001,100,120.45000000000002
6542,9,30,13,26.25,75.7,4.339,988.3,672.0,4.72,1,1.2035,100,120.35
6543,9,30,14,26.64,74.5,4.339,855.3,573.0,4.53,1,1.1975,100,119.75
6544,9,30,15,27.55,72.1,4.339,657.2,426.0,2.95,1,1.1855,100,118.55
6545,9,30,16,46.19,69.1,4.339,421.3,246.0,2.77,0,1.1705,80,93.64000000000001
6546,9,30,17,52.69,63.5,4.339,0.0,65.0,5.06,0,1.1425,80,91.4
6547,9,30,18,34.85,58.8,4.339,0.0,0.0,5.92,0,1.119,80,89.52
6548,9,30,19,35.68,56.8,4.339,0.0,0.0,7.06,0,1.109,80,88.72
6549,9,30,20,30.42,54.9,4.339,0.0,0.0,5.7,0,1.1,80,88.0
6550,9,30,21,27.22,53.2,4.339,0.0,0.0,5.95,0,1.1,80,88.0
6551,9,30,22,26.78,52.3,4.339,0.0,0.0,6.56,0,1.1,80,88.0
6552,9,30,23,26.32,51.3,4.339,0.0,0.0,6.48,0,1.1,80,88.0
6553,10,1,0,25.29,50.2,4.552,0.0,0.0,7.4,0,1.1,80,88.0
6554,10,1,1,24.55,49.3,4.552,0.0,0.0,8.33,0,1.1,80,88.0
6555,10,1,2,23.78,48.4,4.552,0.0,0.0,7.6,0,1.1,80,88.0
6556,10,1,3,24.54,47.5,4.552,0.0,0.0,7.81,0,1.1,80,88.0
6557,10,1,4,26.63,46.8,4.552,0.0,0.0,8.13,0,1.1,80,88.0
6558,10,1,5,29.93,46.0,4.552,0.0,0.0,8.28,0,1.1,80,88.0
6559,10,1,6,33.88,46.6,4.552,26.6,20.0,9.66,0,1.1,80,88.0
6560,10,1,7,31.4,50.9,4.552,278.4,183.0,9.64,0,1.1,80,88.0
6561,10,1,8,27.78,55.2,4.552,553.7,370.0,9.66,1,1.1010000000000002,100,110.10000000000002
6562,10,1,9,28.2,58.5,4.552,795.8,537.0,8.8,1,1.1175000000000002,100,111.75000000000001
6563,10,1,10,26.77,61.3,4.552,968.3,657.0,8.27,1,1.1315000000000002,100,113.15000000000002
6564,10,1,11,25.29,63.5,4.552,1069.4,726.0,7.85,1,1.1425,100,114.25
6565,10,1,12,25.97,65.1,4.552,1086.1,735.0,7.56,1,1.1505,100,115.05000000000001
6566,10,1,13,25.91,65.8,4.552,1015.3,682.0,7.29,1,1.1540000000000001,100,115.40000000000002
6567,10,1,14,26.84,65.7,4.552,870.0,575.0,6.75,1,1.1535000000000002,100,115.35000000000002
6568,10,1,15,27.25,64.6,4.552,663.7,423.0,7.1,1,1.1480000000000001,100,114.80000000000001
6569,10,1,16,39.27,62.4,4.552,429.9,243.0,7.4,0,1.137,80,90.96000000000001
6570,10,1,17,45.45,57.7,4.552,0.0,62.0,7.99,0,1.1135000000000002,80,89.08000000000001
6571,10,1,18,34.9,53.2,4.552,0.0,0.0,9.32,0,1.1,80,88.0
6572,10,1,19,33.29,51.4,4.552,0.0,0.0,8.91,0,1.1,80,88.0
6573,10,1,20,30.26,49.8,4.552,0.0,0.0,9.0,0,1.1,80,88.0
6574,10,1,21,30.24,48.7,4.552,0.0,0.0,7.96,0,1.1,80,88.0
6575,10,1,22,27.52,47.5,4.552,0.0,0.0,8.3,0,1.1,80,88.0
6576,10,1,23,27.26,45.9,4.552,0.0,0.0,8.3,0,1.1,80,88.0
6577,10,2,0,27.41,44.8,4.552,0.0,0.0,7.38,0,1.1,80,88.0
6578,10,2,1,27.61,43.9,4.552,0.0,0.0,9.41,0,1.1,80,88.0
6579,10,2,2,27.12,42.8,4.552,0.0,0.0,9.19,0,1.1,80,88.0
6580,10,2,3,27.73,42.1,4.552,0.0,0.0,7.58,0,1.1,80,88.0
6581,10,2,4,30.26,41.4,4.552,0.0,0.0,6.22,0,1.1,80,88.0
6582,10,2,5,33.83,40.6,4.552,0.0,0.0,6.56,0,1.1,80,88.0
6583,10,2,6,35.27,42.4,4.552,26.3,19.0,5.66,0,1.1,80,88.0
6584,10,2,7,37.51,48.9,4.552,278.9,180.0,5.53,0,1.1,80,88.0
6585,10,2,8,31.44,54.1,4.552,554.9,366.0,4.11,1,1.1,100,110.00000000000001
6586,10,2,9,27.76,58.1,4.552,789.5,528.0,2.99,1,1.1155000000000002,100,111.55000000000001
6587,10,2,10,25.54,61.2,4.552,964.1,649.0,3.38,1,1.131,100,113.1
6588,10,2,11,25.06,63.7,4.552,1064.7,718.0,3.22,1,1.1435000000000002,100,114.35000000000002
6589,10,2,12,26.22,65.7,4.552,1077.8,725.0,2.47,1,1.1535000000000002,100,115.35000000000002
6590,10,2,13,27.95,66.6,4.552,871.8,598.0,2.08,1,1.1580000000000001,100,115.80000000000001
6591,10,2,14,26.7,66.6,4.552,805.8,539.0,2.45,1,1.1580000000000001,100,115.80000000000001
6592,10,2,15,30.6,65.5,4.552,526.7,362.0,1.97,1,1.1525,100,115.25000000000001
6593,10,2,16,45.72,63.0,4.552,268.4,189.0,1.62,0,1.1400000000000001,80,91.20000000000002
6594,10,2,17,58.22,58.8,4.552,0.0,56.0,1.74,0,1.119,80,89.52
6595,10,2,18,59.28,55.2,4.552,0.0,0.0,1.97,0,1.1010000000000002,80,88.08000000000001
6596,10,2,19,45.14,52.0,4.552,0.0,0.0,1.06,0,1.1,80,88.0
6597,10,2,20,37.7,49.1,4.552,0.0,0.0,3.69,0,1.1,80,88.0
6598,10,2,21,37.21,47.3,4.552,0.0,0.0,2.82,0,1.1,80,88.0
6599,10,2,22,28.22,46.6,4.552,0.0,0.0,4.07,0,1.1,80,88.0
6600,10,2,23,29.64,46.2,4.552,0.0,0.0,6.67,0,1.1,80,88.0
6601,10,3,0,28.48,46.6,4.552,0.0,0.0,8.5,0,1.1,80,88.0
6602,10,3,1,25.16,46.6,4.552,0.0,0.0,8.46,0,1.1,80,88.0
6603,10,3,2,24.45,46.0,4.552,0.0,0.0,8.55,0,1.1,80,88.0
6604,10,3,3,26.44,45.1,4.552,0.0,0.0,9.05,0,1.1,80,88.0
6605,10,3,4,29.29,44.4,4.552,0.0,0.0,8.77,0,1.1,80,88.0
6606,10,3,5,40.64,43.5,4.552,0.0,0.0,8.55,0,1.1,80,88.0
6607,10,3,6,46.27,45.1,4.552,17.8,15.0,8.04,0,1.1,80,88.0
6608,10,3,7,35.12,50.4,4.552,80.9,89.0,8.15,0,1.1,80,88.0
6609,10,3,8,28.5,56.7,4.552,208.8,216.0,6.3,1,1.1085,100,110.85000000000001
6610,10,3,9,25.87,62.1,4.552,763.9,511.0,6.34,1,1.1355000000000002,100,113.55000000000001
6611,10,3,10,24.11,65.5,4.552,936.8,630.0,5.02,1,1.1525,100,115.25000000000001
6612,10,3,11,23.02,68.7,4.552,1037.3,698.0,3.36,1,1.1685,100,116.85000000000001
6613,10,3,12,24.02,71.2,4.552,1054.9,707.0,3.75,1,1.181,100,118.10000000000001
6614,10,3,13,26.81,72.5,4.552,985.7,655.0,3.99,1,1.1875,100,118.75
6615,10,3,14,26.26,72.9,4.552,843.8,550.0,4.38,1,1.1895000000000002,100,118.95000000000002
6616,10,3,15,30.56,72.1,4.552,637.4,398.0,4.63,1,1.1855,100,118.55
6617,10,3,16,48.97,68.4,4.552,405.5,219.0,5.06,0,1.167,80,93.36
6618,10,3,17,53.36,61.2,4.552,0.0,48.0,5.86,0,1.131,80,90.48
6619,10,3,18,45.51,57.9,4.552,0.0,0.0,6.97,0,1.1145,80,89.16
6620,10,3,19,35.42,56.1,4.552,0.0,0.0,5.42,0,1.1055000000000001,80,88.44000000000001
6621,10,3,20,31.83,55.2,4.552,0.0,0.0,7.11,0,1.1010000000000002,80,88.08000000000001
6622,10,3,21,29.69,54.7,4.552,0.0,0.0,7.57,0,1.1,80,88.0
6623,10,3,22,23.34,53.6,4.552,0.0,0.0,6.86,0,1.1,80,88.0
6624,10,3,23,40.13,52.9,4.552,0.0,0.0,6.34,0,1.1,80,88.0
6625,10,4,0,33.65,52.3,4.552,0.0,0.0,5.37,0,1.1,80,88.0
6626,10,4,1,31.11,51.8,4.552,0.0,0.0,4.34,0,1.1,80,88.0
6627,10,4,2,24.96,51.3,4.552,0.0,0.0,5.43,0,1.1,80,88.0
6628,10,4,3,26.71,50.7,4.552,0.0,0.0,5.47,0,1.1,80,88.0
6629,10,4,4,30.96,50.4,4.552,0.0,0.0,6.63,0,1.1,80,88.0
6630,10,4,5,33.6,50.0,4.552,0.0,0.0,7.57,0,1.1,80,88.0
6631,10,4,6,45.08,52.2,4.552,17.2,14.0,7.58,0,1.1,80,88.0
6632,10,4,7,32.08,58.5,4.552,81.8,90.0,4.85,1,1.1175000000000002,100,111.75000000000001
6633,10,4,8,29.56,64.6,4.552,507.8,335.0,4.47,1,1.1480000000000001,100,114.80000000000001
6634,10,4,9,23.78,71.6,4.552,737.5,492.0,2.94,1,1.183,100,118.30000000000001
6635,10,4,10,24.64,76.8,4.552,916.4,613.0,3.02,1,1.209,100,120.9
6636,10,4,11,25.85,79.5,4.552,1015.9,680.0,2.5,1,1.2225000000000001,100,122.25000000000001
6637,10,4,12,25.41,80.8,4.552,1035.2,690.0,2.89,1,1.229,100,122.9
6638,10,4,13,26.31,81.1,4.552,966.7,638.0,2.16,1,1.2305000000000001,100,123.05000000000001
6639,10,4,14,35.59,80.4,4.552,822.7,532.0,2.71,1,1.227,100,122.7
6640,10,4,15,46.38,79.0,4.552,620.3,383.0,4.36,0,1.2200000000000002,80,97.60000000000002
6641,10,4,16,71.64,75.0,4.552,392.6,207.0,3.96,0,1.2000000000000002,80,96.00000000000001
6642,10,4,17,85.38,68.2,4.552,0.0,43.0,5.24,0,1.1660000000000001,80,93.28000000000002
6643,10,4,18,67.56,65.7,4.552,0.0,0.0,3.87,0,1.1535000000000002,80,92.28000000000002
6644,10,4,19,57.05,64.6,4.552,0.0,0.0,4.36,0,1.1480000000000001,80,91.84
6645,10,4,20,54.98,63.5,4.552,0.0,0.0,5.32,0,1.1425,80,91.4
6646,10,4,21,46.61,62.6,4.552,0.0,0.0,5.5,0,1.1380000000000001,80,91.04
6647,10,4,22,37.76,61.3,4.552,0.0,0.0,5.46,0,1.1315000000000002,80,90.52000000000001
6648,10,4,23,28.79,60.3,4.552,0.0,0.0,6.42,0,1.1265,80,90.12
6649,10,5,0,24.36,59.5,4.552,0.0,0.0,5.78,0,1.1225,80,89.80000000000001
6650,10,5,1,25.61,58.8,4.552,0.0,0.0,4.78,0,1.119,80,89.52
6651,10,5,2,26.96,58.3,4.552,0.0,0.0,5.39,0,1.1165,80,89.32000000000001
6652,10,5,3,25.99,57.7,4.552,0.0,0.0,4.36,0,1.1135000000000002,80,89.08000000000001
6653,10,5,4,25.04,57.6,4.552,0.0,0.0,4.54,1,1.113,100,111.3
6654,10,5,5,30.9,57.6,4.552,0.0,0.0,3.85,1,1.113,100,111.3
6655,10,5,6,33.44,58.8,4.552,0.0,0.0,4.31,1,1.119,100,111.9
6656,10,5,7,29.59,64.6,4.552,242.0,155.0,4.07,1,1.1480000000000001,100,114.80000000000001
6657,10,5,8,24.89,70.0,4.552,506.4,330.0,3.45,1,1.175,100,117.5
6658,10,5,9,22.34,77.9,4.552,737.8,487.0,4.86,1,1.2145000000000001,100,121.45000000000002
6659,10,5,10,22.93,81.3,4.552,908.9,604.0,4.67,1,1.2315,100,123.15
6660,10,5,11,25.64,83.7,4.552,1007.4,670.0,4.24,1,1.2435,100,124.35000000000001
6661,10,5,12,30.88,84.9,4.552,1023.8,678.0,5.14,0,1.2495,80,99.96000000000001
6662,10,5,13,30.31,85.5,4.552,958.5,628.0,5.74,0,1.2525000000000002,80,100.20000000000002
6663,10,5,14,38.63,84.9,4.552,818.1,524.0,6.02,0,1.2495,80,99.96000000000001
6664,10,5,15,66.63,83.5,4.552,620.0,377.0,6.96,0,1.2425000000000002,80,99.4
6665,10,5,16,88.44,79.3,4.552,401.7,204.0,6.58,0,1.2215,80,97.72
6666,10,5,17,95.28,74.5,4.552,0.0,40.0,7.16,0,1.1975,80,95.8
6667,10,5,18,88.7,71.1,4.552,0.0,0.0,9.06,0,1.1805,80,94.44000000000001
6668,10,5,19,69.13,68.2,4.552,0.0,0.0,8.75,0,1.1660000000000001,80,93.28000000000002
6669,10,5,20,41.54,65.7,4.552,0.0,0.0,8.7,0,1.1535000000000002,80,92.28000000000002
6670,10,5,21,36.52,64.2,4.552,0.0,0.0,7.3,0,1.1460000000000001,80,91.68
6671,10,5,22,31.83,63.1,4.552,0.0,0.0,6.96,0,1.1405,80,91.24000000000001
6672,10,5,23,33.79,61.7,4.552,0.0,0.0,6.43,0,1.1335000000000002,80,90.68
6673,10,6,0,29.47,61.0,4.552,0.0,0.0,6.78,0,1.1300000000000001,80,90.4
6674,10,6,1,26.18,60.1,4.552,0.0,0.0,9.14,0,1.1255000000000002,80,90.04000000000002
6675,10,6,2,24.95,59.4,4.552,0.0,0.0,7.49,0,1.122,80,89.76
6676,10,6,3,26.23,58.5,4.552,0.0,0.0,7.57,0,1.1175000000000002,80,89.4
6677,10,6,4,31.33,57.7,4.552,0.0,0.0,6.61,0,1.1135000000000002,80,89.08000000000001
6678,10,6,5,37.1,56.8,4.552,0.0,0.0,5.94,0,1.109,80,88.72
6679,10,6,6,58.09,57.9,4.552,0.0,0.0,6.24,0,1.1145,80,89.16
6680,10,6,7,36.41,63.7,4.552,50.0,56.0,5.68,1,1.1435000000000002,100,114.35000000000002
6681,10,6,8,28.72,69.4,4.552,189.4,198.0,4.56,1,1.1720000000000002,100,117.20000000000002
6682,10,6,9,25.82,76.1,4.552,764.5,498.0,5.2,1,1.2055,100,120.55
6683,10,6,10,24.92,79.5,4.552,937.6,616.0,5.62,1,1.2225000000000001,100,122.25000000000001
6684,10,6,11,24.96,81.3,4.552,1037.3,683.0,6.74,1,1.2315,100,123.15
6685,10,6,12,28.95,82.4,4.552,1048.8,688.0,7.28,1,1.237,100,123.70000000000002
6686,10,6,13,34.15,82.8,4.552,976.8,634.0,6.63,1,1.239,100,123.9
6687,10,6,14,41.76,82.2,4.552,833.9,528.0,5.19,1,1.2360000000000002,100,123.60000000000002
6688,10,6,15,59.39,80.4,4.552,633.7,379.0,6.06,0,1.227,80,98.16000000000001
6689,10,6,16,124.28,75.2,4.552,415.2,203.0,5.56,0,1.201,80,96.08000000000001
6690,10,6,17,124.78,68.0,4.552,0.0,37.0,6.14,0,1.165,80,93.2
6691,10,6,18,55.69,64.9,4.552,0.0,0.0,5.23,0,1.1495000000000002,80,91.96000000000001
6692,10,6,19,48.28,63.5,4.552,0.0,0.0,8.68,0,1.1425,80,91.4
6693,10,6,20,37.42,62.1,4.552,0.0,0.0,8.24,0,1.1355000000000002,80,90.84000000000002
6694,10,6,21,34.33,61.3,4.552,0.0,0.0,8.6,0,1.1315000000000002,80,90.52000000000001
6695,10,6,22,30.46,60.4,4.552,0.0,0.0,7.3,0,1.127,80,90.16
6696,10,6,23,31.94,59.5,4.552,0.0,0.0,7.95,0,1.1225,80,89.80000000000001
6697,10,7,0,27.75,59.4,4.552,0.0,0.0,6.32,1,1.122,100,112.20000000000002
6698,10,7,1,28.81,59.2,4.552,0.0,0.0,6.22,1,1.121,100,112.1
6699,10,7,2,27.5,58.8,4.552,0.0,0.0,6.04,1,1.119,100,111.9
6700,10,7,3,29.42,58.6,4.552,0.0,0.0,7.44,1,1.118,100,111.80000000000001
6701,10,7,4,33.68,58.3,4.552,0.0,0.0,7.24,1,1.1165,100,111.65
6702,10,7,5,38.9,58.3,4.552,0.0,0.0,7.88,1,1.1165,100,111.65
6703,10,7,6,40.52,59.0,4.552,0.0,0.0,7.82,1,1.12,100,112.00000000000001
6704,10,7,7,35.19,63.5,4.552,21.4,24.0,7.24,1,1.1425,100,114.25
6705,10,7,8,39.42,68.7,4.552,492.5,317.0,6.78,0,1.1685,80,93.48
6706,10,7,9,32.07,73.8,4.552,145.3,161.0,8.67,0,1.1940000000000002,80,95.52000000000001
6707,10,7,10,27.95,77.4,4.552,245.7,264.0,8.9,0,1.2120000000000002,80,96.96000000000001
6708,10,7,11,30.96,79.3,4.552,843.2,577.0,8.8,0,1.2215,80,97.72
6709,10,7,12,40.02,79.7,4.552,648.3,506.0,8.61,0,1.2235,80,97.88
6710,10,7,13,37.54,79.0,4.552,938.8,606.0,8.23,0,1.2200000000000002,80,97.60000000000002
6711,10,7,14,46.35,77.9,4.552,358.5,313.0,6.63,0,1.2145000000000001,80,97.16000000000001
6712,10,7,15,61.81,75.7,4.552,533.0,339.0,6.68,0,1.2035,80,96.28
6713,10,7,16,107.11,73.6,4.552,136.8,126.0,8.41,0,1.193,80,95.44
6714,10,7,17,118.85,72.0,4.552,0.0,7.0,9.05,0,1.185,80,94.80000000000001
6715,10,7,18,60.06,70.3,4.552,0.0,0.0,12.31,0,1.1765,80,94.12
6716,10,7,19,52.97,68.9,4.552,0.0,0.0,12.3,0,1.1695000000000002,80,93.56000000000002
6717,10,7,20,43.48,67.6,4.552,0.0,0.0,16.06,0,1.163,80,93.04
6718,10,7,21,38.77,66.4,4.552,0.0,0.0,13.95,0,1.157,80,92.56
6719,10,7,22,33.14,65.7,4.552,0.0,0.0,14.91,0,1.1535000000000002,80,92.28000000000002
6720,10,7,23,39.64,65.3,4.552,0.0,0.0,14.8,0,1.1515,80,92.12
6721,10,8,0,36.6,64.9,4.552,0.0,0.0,15.87,0,1.1495000000000002,80,91.96000000000001
6722,10,8,1,31.94,64.8,4.552,0.0,0.0,17.09,0,1.149,80,91.92
6723,10,8,2,31.3,64.6,4.552,0.0,0.0,18.15,0,1.1480000000000001,80,91.84
6724,10,8,3,36.31,64.6,4.552,0.0,0.0,16.93,0,1.1480000000000001,80,91.84
6725,10,8,4,39.34,64.4,4.552,0.0,0.0,14.87,0,1.147,80,91.76
6726,10,8,5,50.83,63.3,4.552,0.0,0.0,14.07,0,1.1415000000000002,80,91.32000000000002
6727,10,8,6,56.68,60.8,4.552,0.0,0.0,14.51,0,1.129,80,90.32
6728,10,8,7,61.54,57.7,4.552,130.9,106.0,15.48,0,1.1135000000000002,80,89.08000000000001
6729,10,8,8,55.75,56.8,4.552,19.7,22.0,15.71,0,1.109,80,88.72
6730,10,8,9,52.56,57.4,4.552,256.7,255.0,14.79,0,1.112,80,88.96000000000001
6731,10,8,10,44.68,59.0,4.552,420.0,374.0,13.81,0,1.12,80,89.60000000000001
6732,10,8,11,39.09,62.1,4.552,251.5,276.0,12.68,0,1.1355000000000002,80,90.84000000000002
6733,10,8,12,33.34,64.2,4.552,617.7,512.0,13.97,0,1.1460000000000001,80,91.68
6734,10,8,13,33.09,65.1,4.552,986.1,629.0,11.9,0,1.1505,80,92.04
6735,10,8,14,27.81,64.9,4.552,477.7,393.0,10.7,0,1.1495000000000002,80,91.96000000000001
6736,10,8,15,35.46,63.5,4.552,649.9,376.0,10.25,0,1.1425,80,91.4
6737,10,8,16,36.48,61.2,4.552,102.4,109.0,10.46,1,1.131,100,113.1
6738,10,8,17,41.56,57.9,4.552,0.0,31.0,8.04,1,1.1145,100,111.45
6739,10,8,18,42.57,55.6,4.552,0.0,0.0,8.62,1,1.1030000000000002,100,110.30000000000003
6740,10,8,19,40.94,54.0,4.552,0.0,0.0,9.16,1,1.1,100,110.00000000000001
6741,10,8,20,28.11,52.5,4.552,0.0,0.0,7.46,1,1.1,100,110.00000000000001
6742,10,8,21,26.85,51.1,4.552,0.0,0.0,12.23,1,1.1,100,110.00000000000001
6743,10,8,22,24.58,49.8,4.552,0.0,0.0,9.73,1,1.1,100,110.00000000000001
6744,10,8,23,28.05,48.7,4.552,0.0,0.0,8.2,1,1.1,100,110.00000000000001
6745,10,9,0,25.84,48.0,4.552,0.0,0.0,8.87,0,1.1,80,88.0
6746,10,9,1,24.7,47.1,4.552,0.0,0.0,9.75,0,1.1,80,88.0
6747,10,9,2,24.22,46.0,4.552,0.0,0.0,8.79,0,1.1,80,88.0
6748,10,9,3,25.73,45.0,4.552,0.0,0.0,7.59,0,1.1,80,88.0
6749,10,9,4,28.39,43.7,4.552,0.0,0.0,6.38,0,1.1,80,88.0
6750,10,9,5,98.15,42.4,4.552,0.0,0.0,5.83,0,1.1,80,88.0
6751,10,9,6,110.05,41.7,4.552,0.0,0.0,5.09,0,1.1,80,88.0
6752,10,9,7,31.5,43.9,4.552,271.5,159.0,7.01,1,1.1,100,110.00000000000001
6753,10,9,8,27.26,46.6,4.552,561.6,346.0,6.62,1,1.1,100,110.00000000000001
6754,10,9,9,27.92,48.9,4.552,806.1,510.0,6.74,1,1.1,100,110.00000000000001
6755,10,9,10,26.9,51.3,4.552,986.8,632.0,7.01,1,1.1,100,110.00000000000001
6756,10,9,11,25.22,53.4,4.552,1089.2,700.0,6.65,1,1.1,100,110.00000000000001
6757,10,9,12,26.6,54.9,4.552,1097.4,702.0,8.0,1,1.1,100,110.00000000000001
6758,10,9,13,26.27,55.8,4.552,1028.0,648.0,7.54,1,1.104,100,110.4
6759,10,9,14,25.49,55.8,4.552,881.2,538.0,7.42,1,1.104,100,110.4
6760,10,9,15,33.14,54.9,4.552,676.0,383.0,8.18,0,1.1,80,88.0
6761,10,9,16,42.02,52.5,4.552,465.1,200.0,6.71,0,1.1,80,88.0
6762,10,9,17,55.66,45.5,4.552,0.0,30.0,6.53,0,1.1,80,88.0
6763,10,9,18,46.05,42.4,4.552,0.0,0.0,8.22,0,1.1,80,88.0
6764,10,9,19,35.84,41.4,4.552,0.0,0.0,6.84,0,1.1,80,88.0
6765,10,9,20,36.0,40.1,4.552,0.0,0.0,6.75,0,1.1,80,88.0
6766,10,9,21,32.29,38.8,4.552,0.0,0.0,6.71,0,1.1,80,88.0
6767,10,9,22,30.32,37.9,4.552,0.0,0.0,5.94,0,1.1,80,88.0
6768,10,9,23,27.45,37.0,4.552,0.0,0.0,5.11,0,1.1,80,88.0
6769,10,10,0,27.04,36.3,4.552,0.0,0.0,5.11,0,1.1,80,88.0
6770,10,10,1,26.92,36.1,4.552,0.0,0.0,6.35,0,1.1,80,88.0
6771,10,10,2,25.49,36.1,4.552,0.0,0.0,4.31,0,1.1,80,88.0
6772,10,10,3,26.66,36.1,4.552,0.0,0.0,5.77,0,1.1,80,88.0
6773,10,10,4,36.03,36.3,4.552,0.0,0.0,3.89,0,1.1,80,88.0
6774,10,10,5,61.08,36.3,4.552,0.0,0.0,1.61,0,1.1,80,88.0
6775,10,10,6,71.29,36.7,4.552,0.0,0.0,2.23,0,1.1,80,88.0
6776,10,10,7,35.81,41.5,4.552,79.4,87.0,4.66,0,1.1,80,88.0
6777,10,10,8,27.67,48.0,4.552,554.3,339.0,5.47,1,1.1,100,110.00000000000001
6778,10,10,9,29.69,52.5,4.552,798.1,502.0,5.69,1,1.1,100,110.00000000000001
6779,10,10,10,26.16,55.6,4.552,977.7,623.0,5.54,1,1.1030000000000002,100,110.30000000000003
6780,10,10,11,26.22,57.9,4.552,1079.2,690.0,5.38,1,1.1145,100,111.45
6781,10,10,12,26.49,59.5,4.552,1095.9,697.0,6.86,1,1.1225,100,112.25
6782,10,10,13,27.45,60.4,4.552,1020.1,639.0,7.47,1,1.127,100,112.7
6783,10,10,14,28.72,60.4,4.552,873.5,529.0,5.86,1,1.127,100,112.7
6784,10,10,15,34.27,59.5,4.552,664.6,372.0,6.24,1,1.1225,100,112.25
6785,10,10,16,57.18,56.3,4.552,460.8,191.0,4.95,0,1.1065,80,88.52000000000001
6786,10,10,17,70.51,48.6,4.552,0.0,25.0,4.88,0,1.1,80,88.0
6787,10,10,18,36.65,48.0,4.552,0.0,0.0,3.38,0,1.1,80,88.0
6788,10,10,19,40.6,46.0,4.552,0.0,0.0,2.42,0,1.1,80,88.0
6789,10,10,20,35.55,45.1,4.552,0.0,0.0,0.39,0,1.1,80,88.0
6790,10,10,21,31.74,44.6,4.552,0.0,0.0,1.07,0,1.1,80,88.0
6791,10,10,22,27.89,44.2,4.552,0.0,0.0,1.4,0,1.1,80,88.0
6792,10,10,23,28.9,44.2,4.552,0.0,0.0,1.63,0,1.1,80,88.0
6793,10,11,0,27.28,44.6,4.552,0.0,0.0,3.13,0,1.1,80,88.0
6794,10,11,1,27.08,44.8,4.552,0.0,0.0,3.82,0,1.1,80,88.0
6795,10,11,2,27.42,45.0,4.552,0.0,0.0,4.31,0,1.1,80,88.0
6796,10,11,3,28.5,45.3,4.552,0.0,0.0,4.54,0,1.1,80,88.0
6797,10,11,4,31.4,45.3,4.552,0.0,0.0,5.17,0,1.1,80,88.0
6798,10,11,5,35.34,45.1,4.552,0.0,0.0,5.19,0,1.1,80,88.0
6799,10,11,6,35.78,45.9,4.552,0.0,0.0,5.34,0,1.1,80,88.0
6800,10,11,7,34.31,50.2,4.552,63.5,71.0,5.06,1,1.1,100,110.00000000000001
6801,10,11,8,29.31,55.8,4.552,230.0,221.0,7.73,1,1.104,100,110.4
6802,10,11,9,27.9,60.4,4.552,272.5,278.0,6.9,1,1.127,100,112.7
6803,10,11,10,26.76,63.5,4.552,510.5,439.0,7.12,1,1.1425,100,114.25
6804,10,11,11,27.43,65.7,4.552,226.2,250.0,6.99,1,1.1535000000000002,100,115.35000000000002
6805,10,11,12,30.19,67.3,4.552,414.5,399.0,7.65,1,1.1615,100,116.14999999999999
6806,10,11,13,31.23,67.8,4.552,458.5,415.0,8.41,1,1.1640000000000001,100,116.40000000000002
6807,10,11,14,26.38,67.8,4.552,357.3,332.0,7.94,1,1.1640000000000001,100,116.40000000000002
6808,10,11,15,45.93,66.9,4.552,209.2,211.0,6.5,0,1.1595000000000002,80,92.76000000000002
6809,10,11,16,51.5,64.4,4.552,31.3,35.0,6.1,0,1.147,80,91.76
6810,10,11,17,61.0,60.1,4.552,0.0,20.0,6.28,0,1.1255000000000002,80,90.04000000000002
6811,10,11,18,55.18,56.5,4.552,0.0,0.0,7.1,0,1.1075000000000002,80,88.60000000000001
6812,10,11,19,41.88,54.3,4.552,0.0,0.0,6.92,0,1.1,80,88.0
6813,10,11,20,38.23,53.8,4.552,0.0,0.0,5.59,0,1.1,80,88.0
6814,10,11,21,35.0,52.9,4.552,0.0,0.0,4.66,0,1.1,80,88.0
6815,10,11,22,37.9,51.8,4.552,0.0,0.0,4.23,0,1.1,80,88.0
6816,10,11,23,32.92,50.5,4.552,0.0,0.0,4.07,0,1.1,80,88.0
6817,10,12,0,28.68,49.6,4.552,0.0,0.0,3.21,1,1.1,100,110.00000000000001
6818,10,12,1,25.9,49.5,4.552,0.0,0.0,4.1,1,1.1,100,110.00000000000001
6819,10,12,2,26.11,49.5,4.552,0.0,0.0,5.46,1,1.1,100,110.00000000000001
6820,10,12,3,26.17,49.6,4.552,0.0,0.0,6.43,1,1.1,100,110.00000000000001
6821,10,12,4,25.97,50.0,4.552,0.0,0.0,6.2,1,1.1,100,110.00000000000001
6822,10,12,5,24.75,50.5,4.552,0.0,0.0,5.96,1,1.1,100,110.00000000000001
6823,10,12,6,27.89,50.9,4.552,0.0,0.0,6.04,1,1.1,100,110.00000000000001
6824,10,12,7,31.02,52.5,4.552,146.9,118.0,8.27,1,1.1,100,110.00000000000001
6825,10,12,8,34.67,54.1,4.552,252.4,221.0,6.68,0,1.1,80,88.0
6826,10,12,9,31.8,56.3,4.552,463.3,359.0,3.66,0,1.1065,80,88.52000000000001
6827,10,12,10,29.78,58.3,4.552,404.9,355.0,4.54,0,1.1165,80,89.32000000000001
6828,10,12,11,33.96,59.5,4.552,336.1,332.0,4.91,0,1.1225,80,89.80000000000001
6829,10,12,12,30.43,60.4,4.552,167.1,183.0,6.15,0,1.127,80,90.16
6830,10,12,13,35.0,59.9,4.552,92.1,103.0,6.85,0,1.1245,80,89.96000000000001
6831,10,12,14,32.0,58.3,4.552,31.3,35.0,6.7,0,1.1165,80,89.32000000000001
6832,10,12,15,45.31,56.5,4.552,33.1,37.0,5.95,0,1.1075000000000002,80,88.60000000000001
6833,10,12,16,40.05,55.2,4.552,11.6,13.0,6.22,0,1.1010000000000002,80,88.08000000000001
6834,10,12,17,41.98,54.3,4.552,0.0,8.0,6.1,0,1.1,80,88.0
6835,10,12,18,41.58,53.8,4.552,0.0,0.0,7.44,0,1.1,80,88.0
6836,10,12,19,35.62,53.4,4.552,0.0,0.0,8.12,0,1.1,80,88.0
6837,10,12,20,28.8,53.1,4.552,0.0,0.0,7.27,0,1.1,80,88.0
6838,10,12,21,32.39,52.5,4.552,0.0,0.0,7.32,0,1.1,80,88.0
6839,10,12,22,26.09,51.8,4.552,0.0,0.0,7.08,0,1.1,80,88.0
6840,10,12,23,26.58,51.3,4.552,0.0,0.0,5.54,0,1.1,80,88.0
6841,10,13,0,34.75,50.5,4.552,0.0,0.0,5.82,0,1.1,80,88.0
6842,10,13,1,27.0,49.8,4.552,0.0,0.0,6.75,1,1.1,100,110.00000000000001
6843,10,13,2,26.9,49.5,4.552,0.0,0.0,5.18,1,1.1,100,110.00000000000001
6844,10,13,3,27.03,48.9,4.552,0.0,0.0,6.54,1,1.1,100,110.00000000000001
6845,10,13,4,28.63,48.7,4.552,0.0,0.0,7.04,1,1.1,100,110.00000000000001
6846,10,13,5,27.42,48.4,4.552,0.0,0.0,6.85,1,1.1,100,110.00000000000001
6847,10,13,6,29.62,48.2,4.552,0.0,0.0,6.77,1,1.1,100,110.00000000000001
6848,10,13,7,31.27,48.6,4.552,81.0,75.0,7.28,1,1.1,100,110.00000000000001
6849,10,13,8,31.15,49.3,4.552,9.8,11.0,9.36,1,1.1,100,110.00000000000001
6850,10,13,9,33.59,50.2,4.552,51.8,58.0,8.36,0,1.1,80,88.0
6851,10,13,10,35.85,51.1,4.552,68.8,77.0,8.78,0,1.1,80,88.0
6852,10,13,11,33.83,51.6,4.552,67.9,76.0,9.11,0,1.1,80,88.0
6853,10,13,12,35.35,52.0,4.552,62.6,70.0,8.91,0,1.1,80,88.0
6854,10,13,13,34.42,52.3,4.552,44.7,50.0,9.28,0,1.1,80,88.0
6855,10,13,14,34.57,52.3,4.552,57.2,64.0,9.31,0,1.1,80,88.0
6856,10,13,15,40.86,52.0,4.552,17.9,20.0,8.99,0,1.1,80,88.0
6857,10,13,16,41.56,51.4,4.552,17.9,20.0,8.89,0,1.1,80,88.0
6858,10,13,17,41.96,50.7,4.552,0.0,14.0,8.0,0,1.1,80,88.0
6859,10,13,18,35.51,50.2,4.552,0.0,0.0,8.28,0,1.1,80,88.0
6860,10,13,19,34.31,49.5,4.552,0.0,0.0,6.44,0,1.1,80,88.0
6861,10,13,20,32.22,48.9,4.552,0.0,0.0,8.45,0,1.1,80,88.0
6862,10,13,21,30.5,48.6,4.552,0.0,0.0,8.12,0,1.1,80,88.0
6863,10,13,22,31.3,48.4,4.552,0.0,0.0,7.98,0,1.1,80,88.0
6864,10,13,23,30.93,48.4,4.552,0.0,0.0,7.66,0,1.1,80,88.0
6865,10,14,0,32.46,48.2,4.552,0.0,0.0,7.65,1,1.1,100,110.00000000000001
6866,10,14,1,33.69,48.0,4.552,0.0,0.0,8.63,1,1.1,100,110.00000000000001
6867,10,14,2,32.83,48.0,4.552,0.0,0.0,8.39,1,1.1,100,110.00000000000001
6868,10,14,3,33.82,47.8,4.552,0.0,0.0,8.22,1,1.1,100,110.00000000000001
6869,10,14,4,29.58,47.8,4.552,0.0,0.0,8.14,1,1.1,100,110.00000000000001
6870,10,14,5,40.51,47.7,4.552,0.0,0.0,8.07,1,1.1,100,110.00000000000001
6871,10,14,6,46.01,47.8,4.552,0.0,0.0,7.75,1,1.1,100,110.00000000000001
6872,10,14,7,44.0,49.1,4.552,30.4,34.0,7.43,1,1.1,100,110.00000000000001
6873,10,14,8,52.87,51.3,4.552,46.5,52.0,6.99,0,1.1,80,88.0
6874,10,14,9,50.64,54.7,4.552,713.1,439.0,4.24,0,1.1,80,88.0
6875,10,14,10,44.21,58.6,4.552,142.1,159.0,3.15,0,1.118,80,89.44000000000001
6876,10,14,11,39.81,61.7,4.552,204.4,227.0,2.87,0,1.1335000000000002,80,90.68
6877,10,14,12,33.79,63.9,4.552,238.5,261.0,2.07,0,1.1445,80,91.56
6878,10,14,13,33.51,64.9,4.552,351.8,340.0,4.08,0,1.1495000000000002,80,91.96000000000001
6879,10,14,14,38.66,65.1,4.552,180.5,197.0,4.93,0,1.1505,80,92.04
6880,10,14,15,35.64,64.0,4.552,135.7,146.0,5.88,0,1.145,80,91.6
6881,10,14,16,48.95,61.3,4.552,51.8,58.0,6.48,0,1.1315000000000002,80,90.52000000000001
6882,10,14,17,49.42,56.7,4.552,0.0,5.0,5.65,0,1.1085,80,88.68
6883,10,14,18,48.41,55.0,4.552,0.0,0.0,6.07,0,1.1,80,88.0
6884,10,14,19,42.36,54.0,4.552,0.0,0.0,6.13,0,1.1,80,88.0
6885,10,14,20,38.64,54.3,4.552,0.0,0.0,6.63,0,1.1,80,88.0
6886,10,14,21,25.6,55.0,4.552,0.0,0.0,6.22,0,1.1,80,88.0
6887,10,14,22,23.18,54.9,4.552,0.0,0.0,6.4,0,1.1,80,88.0
6888,10,14,23,25.37,53.6,4.552,0.0,0.0,7.45,0,1.1,80,88.0
6889,10,15,0,22.88,52.2,4.552,0.0,0.0,6.3,0,1.1,80,88.0
6890,10,15,1,21.46,51.3,4.552,0.0,0.0,8.79,0,1.1,80,88.0
6891,10,15,2,21.43,51.4,4.552,0.0,0.0,8.2,0,1.1,80,88.0
6892,10,15,3,22.18,51.6,4.552,0.0,0.0,8.51,0,1.1,80,88.0
6893,10,15,4,24.85,51.4,4.552,0.0,0.0,8.24,0,1.1,80,88.0
6894,10,15,5,41.04,51.3,4.552,0.0,0.0,8.31,0,1.1,80,88.0
6895,10,15,6,37.14,51.3,4.552,0.0,0.0,10.66,0,1.1,80,88.0
6896,10,15,7,28.26,52.0,4.552,73.1,78.0,11.88,0,1.1,80,88.0
6897,10,15,8,22.76,52.9,4.552,146.3,152.0,10.64,1,1.1,100,110.00000000000001
6898,10,15,9,20.97,53.8,4.552,250.4,244.0,11.72,1,1.1,100,110.00000000000001
6899,10,15,10,20.49,56.1,4.552,307.7,289.0,11.83,1,1.1055000000000001,100,110.55000000000001
6900,10,15,11,20.61,58.3,4.552,424.0,379.0,11.54,1,1.1165,100,111.65
6901,10,15,12,20.17,58.8,4.552,232.0,243.0,9.74,1,1.119,100,111.9
6902,10,15,13,19.89,57.9,4.552,668.1,485.0,9.13,1,1.1145,100,111.45
6903,10,15,14,19.98,56.1,4.552,740.8,446.0,7.64,1,1.1055000000000001,100,110.55000000000001
6904,10,15,15,25.9,53.8,4.552,443.1,273.0,8.07,1,1.1,100,110.00000000000001
6905,10,15,16,33.93,51.6,4.552,69.0,73.0,7.38,0,1.1,80,88.0
6906,10,15,17,37.42,49.3,4.552,0.0,0.0,8.45,0,1.1,80,88.0
6907,10,15,18,39.87,47.8,4.552,0.0,0.0,8.79,0,1.1,80,88.0
6908,10,15,19,30.38,46.6,4.552,0.0,0.0,10.08,0,1.1,80,88.0
6909,10,15,20,24.97,45.3,4.552,0.0,0.0,10.95,0,1.1,80,88.0
6910,10,15,21,22.63,44.4,4.552,0.0,0.0,10.95,0,1.1,80,88.0
6911,10,15,22,20.97,43.7,4.552,0.0,0.0,11.27,0,1.1,80,88.0
6912,10,15,23,33.11,43.0,4.552,0.0,0.0,10.6,0,1.1,80,88.0
6913,10,16,0,27.92,42.1,4.552,0.0,0.0,9.77,0,1.1,80,88.0
6914,10,16,1,29.15,41.4,4.552,0.0,0.0,11.49,0,1.1,80,88.0
6915,10,16,2,23.73,40.5,4.552,0.0,0.0,11.64,0,1.1,80,88.0
6916,10,16,3,23.69,39.9,4.552,0.0,0.0,11.04,0,1.1,80,88.0
6917,10,16,4,28.23,39.6,4.552,0.0,0.0,10.36,0,1.1,80,88.0
6918,10,16,5,41.94,38.7,4.552,0.0,0.0,9.76,0,1.1,80,88.0
6919,10,16,6,46.21,38.1,4.552,0.0,0.0,9.81,0,1.1,80,88.0
6920,10,16,7,30.15,40.5,4.552,240.7,129.0,8.44,1,1.1,100,110.00000000000001
6921,10,16,8,24.43,44.1,4.552,536.9,309.0,9.35,1,1.1,100,110.00000000000001
6922,10,16,9,24.14,46.9,4.552,783.5,469.0,11.52,1,1.1,100,110.00000000000001
6923,10,16,10,26.26,49.3,4.552,961.8,586.0,9.96,1,1.1,100,110.00000000000001
6924,10,16,11,25.49,51.3,4.552,1063.4,651.0,9.39,1,1.1,100,110.00000000000001
6925,10,16,12,24.17,52.9,4.552,1073.7,653.0,8.7,1,1.1,100,110.00000000000001
6926,10,16,13,27.0,53.6,4.552,1004.9,598.0,9.0,1,1.1,100,110.00000000000001
6927,10,16,14,27.03,53.6,4.552,858.2,487.0,6.52,1,1.1,100,110.00000000000001
6928,10,16,15,33.72,52.7,4.552,662.2,335.0,6.46,0,1.1,80,88.0
6929,10,16,16,37.57,50.9,4.552,509.7,157.0,5.67,0,1.1,80,88.0
6930,10,16,17,46.0,48.2,4.552,0.0,0.0,6.47,0,1.1,80,88.0
6931,10,16,18,40.9,46.8,4.552,0.0,0.0,7.84,0,1.1,80,88.0
6932,10,16,19,39.9,45.7,4.552,0.0,0.0,7.92,0,1.1,80,88.0
6933,10,16,20,37.17,44.8,4.552,0.0,0.0,5.25,0,1.1,80,88.0
6934,10,16,21,31.79,44.1,4.552,0.0,0.0,8.27,0,1.1,80,88.0
6935,10,16,22,28.62,43.3,4.552,0.0,0.0,8.3,0,1.1,80,88.0
6936,10,16,23,35.46,42.8,4.552,0.0,0.0,7.84,0,1.1,80,88.0
6937,10,17,0,34.72,42.4,4.552,0.0,0.0,6.12,0,1.1,80,88.0
6938,10,17,1,30.17,41.9,4.552,0.0,0.0,6.89,0,1.1,80,88.0
6939,10,17,2,32.3,40.8,4.552,0.0,0.0,6.16,0,1.1,80,88.0
6940,10,17,3,37.55,39.7,4.552,0.0,0.0,5.6,0,1.1,80,88.0
6941,10,17,4,36.44,39.0,4.552,0.0,0.0,6.66,0,1.1,80,88.0
6942,10,17,5,50.76,38.3,4.552,0.0,0.0,7.16,0,1.1,80,88.0
6943,10,17,6,53.82,37.8,4.552,0.0,0.0,6.71,0,1.1,80,88.0
6944,10,17,7,46.48,41.0,4.552,231.1,122.0,5.73,0,1.1,80,88.0
6945,10,17,8,31.13,46.0,4.552,520.5,297.0,7.29,1,1.1,100,110.00000000000001
6946,10,17,9,28.02,50.5,4.552,763.5,454.0,4.73,1,1.1,100,110.00000000000001
6947,10,17,10,28.28,54.3,4.552,941.4,570.0,4.92,1,1.1,100,110.00000000000001
6948,10,17,11,24.11,57.0,4.552,1040.3,633.0,3.65,1,1.11,100,111.00000000000001
6949,10,17,12,25.16,58.6,4.552,1055.9,638.0,4.16,1,1.118,100,111.80000000000001
6950,10,17,13,26.12,59.2,4.552,856.4,528.0,5.37,1,1.121,100,112.1
6951,10,17,14,29.04,59.0,4.552,607.4,396.0,6.16,1,1.12,100,112.00000000000001
6952,10,17,15,36.35,57.7,4.552,657.1,327.0,5.85,1,1.1135000000000002,100,111.35000000000002
6953,10,17,16,56.73,54.7,4.552,522.1,152.0,6.2,0,1.1,80,88.0
6954,10,17,17,59.6,47.1,4.552,0.0,0.0,4.95,0,1.1,80,88.0
6955,10,17,18,52.26,44.6,4.552,0.0,0.0,4.74,0,1.1,80,88.0
6956,10,17,19,46.28,43.7,4.552,0.0,0.0,4.67,0,1.1,80,88.0
6957,10,17,20,42.58,42.6,4.552,0.0,0.0,2.67,0,1.1,80,88.0
6958,10,17,21,39.37,41.7,4.552,0.0,0.0,2.46,0,1.1,80,88.0
6959,10,17,22,30.8,41.0,4.552,0.0,0.0,2.1,0,1.1,80,88.0
6960,10,17,23,52.99,40.3,4.552,0.0,0.0,2.62,0,1.1,80,88.0
6961,10,18,0,47.85,39.6,4.552,0.0,0.0,2.83,0,1.1,80,88.0
6962,10,18,1,50.48,38.8,4.552,0.0,0.0,4.46,0,1.1,80,88.0
6963,10,18,2,44.62,38.5,4.552,0.0,0.0,3.26,0,1.1,80,88.0
6964,10,18,3,43.63,38.3,4.552,0.0,0.0,3.38,0,1.1,80,88.0
6965,10,18,4,46.33,38.3,4.552,0.0,0.0,4.05,0,1.1,80,88.0
6966,10,18,5,56.46,38.5,4.552,0.0,0.0,2.68,0,1.1,80,88.0
6967,10,18,6,57.66,38.8,4.552,0.0,0.0,2.32,0,1.1,80,88.0
6968,10,18,7,50.52,44.6,4.552,211.2,112.0,2.46,0,1.1,80,88.0
6969,10,18,8,34.89,50.9,4.552,493.0,281.0,3.17,1,1.1,100,110.00000000000001
6970,10,18,9,27.61,56.7,4.552,663.2,411.0,2.27,1,1.1085,100,110.85000000000001
6971,10,18,10,25.27,60.1,4.552,836.0,519.0,2.94,1,1.1255000000000002,100,112.55000000000001
6972,10,18,11,25.18,62.6,4.552,844.8,535.0,4.28,1,1.1380000000000001,100,113.80000000000001
6973,10,18,12,25.0,64.6,4.552,837.1,528.0,3.93,1,1.1480000000000001,100,114.80000000000001
6974,10,18,13,25.92,65.8,4.552,933.0,551.0,4.01,1,1.1540000000000001,100,115.40000000000002
6975,10,18,14,27.39,65.8,4.552,793.1,446.0,3.88,1,1.1540000000000001,100,115.40000000000002
6976,10,18,15,40.37,64.8,4.552,599.7,299.0,3.58,1,1.149,100,114.9
6977,10,18,16,62.08,61.3,4.552,468.2,133.0,4.22,0,1.1315000000000002,80,90.52000000000001
6978,10,18,17,66.68,57.2,4.552,0.0,0.0,3.16,0,1.1110000000000002,80,88.88000000000002
6979,10,18,18,69.28,53.4,4.552,0.0,0.0,3.04,0,1.1,80,88.0
6980,10,18,19,51.09,51.4,4.552,0.0,0.0,2.63,0,1.1,80,88.0
6981,10,18,20,46.17,50.4,4.552,0.0,0.0,3.0,0,1.1,80,88.0
6982,10,18,21,40.73,49.5,4.552,0.0,0.0,3.37,0,1.1,80,88.0
6983,10,18,22,41.49,48.7,4.552,0.0,0.0,5.02,0,1.1,80,88.0
6984,10,18,23,40.54,48.0,4.552,0.0,0.0,3.5,0,1.1,80,88.0
6985,10,19,0,36.37,47.7,4.552,0.0,0.0,5.27,0,1.1,80,88.0
6986,10,19,1,35.24,46.9,4.552,0.0,0.0,3.96,0,1.1,80,88.0
6987,10,19,2,37.95,46.4,4.552,0.0,0.0,3.6,0,1.1,80,88.0
6988,10,19,3,35.57,46.9,4.552,0.0,0.0,6.13,0,1.1,80,88.0
6989,10,19,4,36.99,46.8,4.552,0.0,0.0,4.67,0,1.1,80,88.0
6990,10,19,5,43.81,46.6,4.552,0.0,0.0,4.85,0,1.1,80,88.0
6991,10,19,6,40.63,47.1,4.552,0.0,0.0,3.04,0,1.1,80,88.0
6992,10,19,7,35.64,50.9,4.552,199.8,107.0,4.34,1,1.1,100,110.00000000000001
6993,10,19,8,27.0,55.8,4.552,329.0,231.0,5.32,1,1.104,100,110.4
6994,10,19,9,23.3,61.3,4.552,616.4,396.0,4.65,1,1.1315000000000002,100,113.15000000000002
6995,10,19,10,23.84,65.5,4.552,607.4,421.0,6.46,1,1.1525,100,115.25000000000001
6996,10,19,11,24.02,68.4,4.552,800.8,513.0,7.08,1,1.167,100,116.7
6997,10,19,12,25.21,70.2,4.552,851.9,531.0,7.11,1,1.1760000000000002,100,117.60000000000002
6998,10,19,13,28.65,70.9,4.552,706.9,465.0,7.59,1,1.1795000000000002,100,117.95000000000002
6999,10,19,14,32.44,70.5,4.552,378.5,304.0,8.36,1,1.1775,100,117.75
7000,10,19,15,42.87,68.9,4.552,204.5,195.0,7.61,0,1.1695000000000002,80,93.56000000000002
7001,10,19,16,65.25,66.2,4.552,30.4,34.0,8.24,0,1.1560000000000001,80,92.48000000000002
7002,10,19,17,67.42,62.8,4.552,0.0,0.0,8.87,0,1.139,80,91.12
7003,10,19,18,61.14,60.6,4.552,0.0,0.0,10.45,0,1.1280000000000001,80,90.24000000000001
7004,10,19,19,45.79,59.2,4.552,0.0,0.0,9.35,0,1.121,80,89.68
7005,10,19,20,42.76,58.3,4.552,0.0,0.0,8.98,0,1.1165,80,89.32000000000001
7006,10,19,21,34.75,58.1,4.552,0.0,0.0,8.45,0,1.1155000000000002,80,89.24000000000001
7007,10,19,22,33.61,57.9,4.552,0.0,0.0,7.56,0,1.1145,80,89.16
7008,10,19,23,31.58,57.9,4.552,0.0,0.0,9.02,0,1.1145,80,89.16
7009,10,20,0,29.12,58.1,4.552,0.0,0.0,8.75,1,1.1155000000000002,100,111.55000000000001
7010,10,20,1,28.85,58.5,4.552,0.0,0.0,8.97,1,1.1175000000000002,100,111.75000000000001
7011,10,20,2,28.01,59.0,4.552,0.0,0.0,7.9,1,1.12,100,112.00000000000001
7012,10,20,3,28.31,59.5,4.552,0.0,0.0,8.1,1,1.1225,100,112.25
7013,10,20,4,33.18,60.3,4.552,0.0,0.0,8.48,1,1.1265,100,112.65
7014,10,20,5,44.51,61.2,4.552,0.0,0.0,7.87,1,1.131,100,113.1
7015,10,20,6,51.38,61.7,4.552,0.0,0.0,8.3,1,1.1335000000000002,100,113.35000000000002
7016,10,20,7,47.73,62.2,4.552,2.7,3.0,7.71,1,1.1360000000000001,100,113.60000000000001
7017,10,20,8,55.3,63.3,4.552,72.1,79.0,8.96,0,1.1415000000000002,80,91.32000000000002
7018,10,20,9,51.66,64.4,4.552,73.3,82.0,9.59,0,1.147,80,91.76
7019,10,20,10,79.4,65.1,4.552,100.1,112.0,7.77,0,1.1505,80,92.04
7020,10,20,11,72.21,65.7,4.552,292.4,290.0,9.5,0,1.1535000000000002,80,92.28000000000002
7021,10,20,12,46.01,63.9,4.552,313.7,305.0,9.25,0,1.1445,80,91.56
7022,10,20,13,40.16,62.1,4.552,238.9,244.0,7.9,0,1.1355000000000002,80,90.84000000000002
7023,10,20,14,41.56,61.5,4.552,166.7,175.0,7.75,0,1.1325,80,90.60000000000001
7024,10,20,15,47.32,58.8,4.552,327.3,232.0,6.43,0,1.119,80,89.52
7025,10,20,16,51.3,56.7,4.552,15.2,17.0,9.38,0,1.1085,80,88.68
7026,10,20,17,64.77,54.7,4.552,0.0,0.0,8.27,0,1.1,80,88.0
7027,10,20,18,45.66,53.1,4.552,0.0,0.0,6.35,0,1.1,80,88.0
7028,10,20,19,46.65,52.0,4.552,0.0,0.0,5.21,0,1.1,80,88.0
7029,10,20,20,42.49,51.3,4.552,0.0,0.0,6.38,0,1.1,80,88.0
7030,10,20,21,37.32,50.7,4.552,0.0,0.0,5.09,0,1.1,80,88.0
7031,10,20,22,33.23,50.4,4.552,0.0,0.0,6.55,0,1.1,80,88.0
7032,10,20,23,29.6,50.0,4.552,0.0,0.0,4.66,0,1.1,80,88.0
7033,10,21,0,28.07,50.0,4.552,0.0,0.0,8.93,0,1.1,80,88.0
7034,10,21,1,28.9,49.8,4.552,0.0,0.0,6.42,0,1.1,80,88.0
7035,10,21,2,28.56,49.5,4.552,0.0,0.0,5.16,0,1.1,80,88.0
7036,10,21,3,29.08,48.9,4.552,0.0,0.0,6.97,0,1.1,80,88.0
7037,10,21,4,35.21,48.2,4.552,0.0,0.0,5.38,0,1.1,80,88.0
7038,10,21,5,54.74,47.5,4.552,0.0,0.0,5.37,0,1.1,80,88.0
7039,10,21,6,61.98,46.8,4.552,0.0,0.0,4.97,0,1.1,80,88.0
7040,10,21,7,41.67,48.4,4.552,210.4,106.0,2.85,1,1.1,100,110.00000000000001
7041,10,21,8,33.34,51.8,4.552,507.6,279.0,5.04,1,1.1,100,110.00000000000001
7042,10,21,9,32.08,55.2,4.552,753.3,434.0,3.13,1,1.1010000000000002,100,110.10000000000002
7043,10,21,10,29.22,58.3,4.552,932.4,549.0,7.63,1,1.1165,100,111.65
7044,10,21,11,28.32,60.8,4.552,1027.6,609.0,6.86,1,1.129,100,112.9
7045,10,21,12,29.35,62.6,4.552,1044.6,614.0,9.46,1,1.1380000000000001,100,113.80000000000001
7046,10,21,13,31.01,63.7,4.552,972.0,557.0,9.0,1,1.1435000000000002,100,114.35000000000002
7047,10,21,14,32.47,63.7,4.552,828.6,448.0,11.24,1,1.1435000000000002,100,114.35000000000002
7048,10,21,15,56.61,62.8,4.552,630.0,295.0,11.8,0,1.139,80,91.12
7049,10,21,16,82.56,58.5,4.552,552.5,124.0,12.41,0,1.1175000000000002,80,89.4
7050,10,21,17,72.82,53.4,4.552,0.0,0.0,13.7,0,1.1,80,88.0
7051,10,21,18,82.96,54.5,4.552,0.0,0.0,13.18,0,1.1,80,88.0
7052,10,21,19,82.3,54.1,4.552,0.0,0.0,14.56,0,1.1,80,88.0
7053,10,21,20,52.15,54.1,4.552,0.0,0.0,12.97,0,1.1,80,88.0
7054,10,21,21,42.97,54.1,4.552,0.0,0.0,16.08,0,1.1,80,88.0
7055,10,21,22,37.42,54.0,4.552,0.0,0.0,16.57,0,1.1,80,88.0
7056,10,21,23,36.11,53.1,4.552,0.0,0.0,14.3,0,1.1,80,88.0
7057,10,22,0,34.53,52.2,4.552,0.0,0.0,16.89,0,1.1,80,88.0
7058,10,22,1,35.06,51.6,4.552,0.0,0.0,16.94,0,1.1,80,88.0
7059,10,22,2,35.13,51.4,4.552,0.0,0.0,17.53,0,1.1,80,88.0
7060,10,22,3,33.85,50.2,4.552,0.0,0.0,16.86,0,1.1,80,88.0
7061,10,22,4,35.63,50.4,4.552,0.0,0.0,16.68,0,1.1,80,88.0
7062,10,22,5,56.31,50.2,4.552,0.0,0.0,15.58,0,1.1,80,88.0
7063,10,22,6,66.51,49.8,4.552,0.0,0.0,15.66,0,1.1,80,88.0
7064,10,22,7,72.25,51.4,4.552,22.3,25.0,16.22,0,1.1,80,88.0
7065,10,22,8,67.5,53.1,4.552,8.0,9.0,18.68,0,1.1,80,88.0
7066,10,22,9,64.3,54.9,4.552,83.1,93.0,18.28,0,1.1,80,88.0
7067,10,22,10,36.09,57.4,4.552,503.5,406.0,17.18,1,1.112,100,111.20000000000002
7068,10,22,11,32.44,59.4,4.552,22.3,25.0,17.51,1,1.122,100,112.20000000000002
7069,10,22,12,31.71,59.9,4.552,191.2,212.0,16.93,1,1.1245,100,112.45
7070,10,22,13,31.55,59.7,4.552,672.7,461.0,18.53,1,1.1235000000000002,100,112.35000000000002
7071,10,22,14,33.78,58.6,4.552,821.0,441.0,19.09,1,1.118,100,111.80000000000001
7072,10,22,15,56.43,57.2,4.552,65.2,73.0,16.82,1,1.1110000000000002,100,111.10000000000002
7073,10,22,16,60.68,54.1,4.552,3.6,4.0,14.66,1,1.1,100,110.00000000000001
7074,10,22,17,56.59,48.9,4.552,0.0,0.0,16.31,1,1.1,100,110.00000000000001
7075,10,22,18,66.59,48.2,4.552,0.0,0.0,15.84,0,1.1,80,88.0
7076,10,22,19,67.41,48.2,4.552,0.0,0.0,15.31,0,1.1,80,88.0
7077,10,22,20,50.32,47.3,4.552,0.0,0.0,14.62,0,1.1,80,88.0
7078,10,22,21,39.64,46.0,4.552,0.0,0.0,13.03,0,1.1,80,88.0
7079,10,22,22,34.17,45.7,4.552,0.0,0.0,11.33,0,1.1,80,88.0
7080,10,22,23,33.33,46.4,4.552,0.0,0.0,11.5,0,1.1,80,88.0
7081,10,23,0,32.91,47.1,4.552,0.0,0.0,10.96,0,1.1,80,88.0
7082,10,23,1,32.19,47.1,4.552,0.0,0.0,10.35,0,1.1,80,88.0
7083,10,23,2,30.12,46.2,4.552,0.0,0.0,10.46,0,1.1,80,88.0
7084,10,23,3,29.97,45.0,4.552,0.0,0.0,10.05,0,1.1,80,88.0
7085,10,23,4,34.49,44.1,4.552,0.0,0.0,10.58,0,1.1,80,88.0
7086,10,23,5,36.35,43.0,4.552,0.0,0.0,10.1,0,1.1,80,88.0
7087,10,23,6,58.89,42.1,4.552,0.0,0.0,9.75,0,1.1,80,88.0
7088,10,23,7,34.28,45.1,4.552,17.0,19.0,10.06,1,1.1,100,110.00000000000001
7089,10,23,8,29.63,49.6,4.552,480.1,263.0,11.25,1,1.1,100,110.00000000000001
7090,10,23,9,28.73,53.6,4.552,730.4,418.0,10.44,1,1.1,100,110.00000000000001
7091,10,23,10,32.18,56.1,4.552,442.6,345.0,10.38,1,1.1055000000000001,100,110.55000000000001
7092,10,23,11,30.98,57.6,4.552,230.4,250.0,9.48,1,1.113,100,111.3
7093,10,23,12,32.8,58.3,4.552,172.4,191.0,8.36,1,1.1165,100,111.65
7094,10,23,13,32.41,58.3,4.552,174.2,193.0,7.95,1,1.1165,100,111.65
7095,10,23,14,34.04,57.7,4.552,90.3,101.0,8.24,1,1.1135000000000002,100,111.35000000000002
7096,10,23,15,47.07,56.3,4.552,28.6,32.0,8.73,0,1.1065,80,88.52000000000001
7097,10,23,16,57.78,53.6,4.552,3.6,4.0,8.45,0,1.1,80,88.0
7098,10,23,17,60.08,48.2,4.552,0.0,0.0,7.07,0,1.1,80,88.0
7099,10,23,18,46.27,47.8,4.552,0.0,0.0,6.36,0,1.1,80,88.0
7100,10,23,19,45.39,48.2,4.552,0.0,0.0,4.55,0,1.1,80,88.0
7101,10,23,20,41.46,47.8,4.552,0.0,0.0,3.72,0,1.1,80,88.0
7102,10,23,21,38.28,47.5,4.552,0.0,0.0,2.18,0,1.1,80,88.0
7103,10,23,22,45.32,46.9,4.552,0.0,0.0,1.83,0,1.1,80,88.0
7104,10,23,23,38.76,46.6,4.552,0.0,0.0,0.1,0,1.1,80,88.0
7105,10,24,0,40.35,46.0,4.552,0.0,0.0,0.2,0,1.1,80,88.0
7106,10,24,1,38.03,45.1,4.552,0.0,0.0,4.17,0,1.1,80,88.0
7107,10,24,2,36.69,43.7,4.552,0.0,0.0,3.96,0,1.1,80,88.0
7108,10,24,3,38.42,42.8,4.552,0.0,0.0,2.41,0,1.1,80,88.0
7109,10,24,4,39.31,42.1,4.552,0.0,0.0,2.58,0,1.1,80,88.0
7110,10,24,5,61.78,41.5,4.552,0.0,0.0,2.83,0,1.1,80,88.0
7111,10,24,6,67.04,41.4,4.552,0.0,0.0,5.11,0,1.1,80,88.0
7112,10,24,7,72.86,45.7,4.552,184.7,92.0,4.93,0,1.1,80,88.0
7113,10,24,8,38.07,49.8,4.552,102.5,111.0,3.51,1,1.1,100,110.00000000000001
7114,10,24,9,35.35,53.6,4.552,186.0,197.0,2.76,1,1.1,100,110.00000000000001
7115,10,24,10,35.55,55.8,4.552,251.6,258.0,2.72,1,1.104,100,110.4
7116,10,24,11,36.0,56.5,4.552,97.4,109.0,5.32,1,1.1075000000000002,100,110.75000000000001
7117,10,24,12,35.96,56.5,4.552,373.3,355.0,5.79,1,1.1075000000000002,100,110.75000000000001
7118,10,24,13,37.76,55.8,4.552,316.5,309.0,5.41,1,1.104,100,110.4
7119,10,24,14,42.71,54.5,4.552,342.4,296.0,5.37,1,1.1,100,110.00000000000001
7120,10,24,15,55.94,53.2,4.552,626.4,279.0,5.49,1,1.1,100,110.00000000000001
7121,10,24,16,58.52,51.1,4.552,73.7,71.0,5.76,0,1.1,80,88.0
7122,10,24,17,60.72,47.3,4.552,0.0,0.0,5.04,0,1.1,80,88.0
7123,10,24,18,59.62,46.6,4.552,0.0,0.0,6.27,0,1.1,80,88.0
7124,10,24,19,56.75,45.5,4.552,0.0,0.0,6.83,0,1.1,80,88.0
7125,10,24,20,46.34,44.4,4.552,0.0,0.0,8.92,0,1.1,80,88.0
7126,10,24,21,44.67,43.3,4.552,0.0,0.0,10.58,0,1.1,80,88.0
7127,10,24,22,42.57,43.3,4.552,0.0,0.0,10.11,0,1.1,80,88.0
7128,10,24,23,49.38,43.0,4.552,0.0,0.0,8.63,0,1.1,80,88.0
7129,10,25,0,49.98,42.4,4.552,0.0,0.0,6.69,0,1.1,80,88.0
7130,10,25,1,46.98,42.4,4.552,0.0,0.0,4.79,0,1.1,80,88.0
7131,10,25,2,43.32,42.4,4.552,0.0,0.0,7.87,0,1.1,80,88.0
7132,10,25,3,43.12,42.4,4.552,0.0,0.0,8.69,0,1.1,80,88.0
7133,10,25,4,42.84,42.1,4.552,0.0,0.0,11.72,0,1.1,80,88.0
7134,10,25,5,65.57,41.7,4.552,0.0,0.0,10.52,0,1.1,80,88.0
7135,10,25,6,79.74,41.4,4.552,0.0,0.0,11.48,0,1.1,80,88.0
7136,10,25,7,70.41,42.4,4.552,191.0,92.0,10.48,1,1.1,100,110.00000000000001
7137,10,25,8,49.74,45.7,4.552,207.6,185.0,11.65,1,1.1,100,110.00000000000001
7138,10,25,9,40.35,49.8,4.552,745.8,416.0,9.51,1,1.1,100,110.00000000000001
7139,10,25,10,39.33,52.7,4.552,922.4,528.0,8.14,1,1.1,100,110.00000000000001
7140,10,25,11,38.8,54.3,4.552,211.4,233.0,7.61,1,1.1,100,110.00000000000001
7141,10,25,12,41.73,55.4,4.552,343.5,333.0,8.5,1,1.102,100,110.2
7142,10,25,13,41.66,55.4,4.552,128.7,144.0,7.77,1,1.102,100,110.2
7143,10,25,14,49.7,54.7,4.552,501.9,340.0,6.6,1,1.1,100,110.00000000000001
7144,10,25,15,73.1,53.4,4.552,106.2,116.0,5.77,0,1.1,80,88.0
7145,10,25,16,75.05,50.4,4.552,115.1,77.0,5.65,0,1.1,80,88.0
7146,10,25,17,66.49,46.2,4.552,0.0,0.0,6.3,0,1.1,80,88.0
7147,10,25,18,63.86,44.6,4.552,0.0,0.0,8.02,0,1.1,80,88.0
7148,10,25,19,58.61,44.4,4.552,0.0,0.0,9.46,0,1.1,80,88.0
7149,10,25,20,66.89,44.1,4.552,0.0,0.0,10.68,0,1.1,80,88.0
7150,10,25,21,47.31,43.5,4.552,0.0,0.0,11.25,0,1.1,80,88.0
7151,10,25,22,56.86,42.8,4.552,0.0,0.0,11.05,0,1.1,80,88.0
7152,10,25,23,50.03,41.7,4.552,0.0,0.0,12.44,0,1.1,80,88.0
7153,10,26,0,46.71,39.6,4.552,0.0,0.0,9.97,0,1.1,80,88.0
7154,10,26,1,45.83,38.1,4.552,0.0,0.0,10.39,0,1.1,80,88.0
7155,10,26,2,45.86,37.4,4.552,0.0,0.0,11.03,0,1.1,80,88.0
7156,10,26,3,49.08,36.9,4.552,0.0,0.0,10.04,0,1.1,80,88.0
7157,10,26,4,44.65,36.0,4.552,0.0,0.0,10.19,0,1.1,80,88.0
7158,10,26,5,55.68,35.2,4.552,0.0,0.0,9.87,0,1.1,80,88.0
7159,10,26,6,68.48,34.9,4.552,0.0,0.0,9.46,0,1.1,80,88.0
7160,10,26,7,66.4,39.4,4.552,186.6,89.0,10.25,1,1.1,100,110.00000000000001
7161,10,26,8,45.43,45.0,4.552,128.5,138.0,9.12,1,1.1,100,110.00000000000001
7162,10,26,9,44.86,49.1,4.552,746.1,413.0,10.54,1,1.1,100,110.00000000000001
7163,10,26,10,39.35,50.9,4.552,927.2,527.0,7.68,1,1.1,100,110.00000000000001
7164,10,26,11,41.54,52.3,4.552,1028.9,589.0,8.58,1,1.1,100,110.00000000000001
7165,10,26,12,41.63,53.2,4.552,1046.6,593.0,8.32,1,1.1,100,110.00000000000001
7166,10,26,13,44.65,53.6,4.552,980.8,538.0,8.65,1,1.1,100,110.00000000000001
7167,10,26,14,54.75,53.4,4.552,836.6,427.0,6.82,1,1.1,100,110.00000000000001
7168,10,26,15,79.61,52.2,4.552,657.1,278.0,6.49,0,1.1,80,88.0
7169,10,26,16,86.03,48.2,4.552,656.9,109.0,5.06,0,1.1,80,88.0
7170,10,26,17,99.06,41.5,4.552,0.0,0.0,3.36,0,1.1,80,88.0
7171,10,26,18,92.08,40.5,4.552,0.0,0.0,2.73,0,1.1,80,88.0
7172,10,26,19,78.53,39.4,4.552,0.0,0.0,3.28,0,1.1,80,88.0
7173,10,26,20,56.72,38.1,4.552,0.0,0.0,3.34,0,1.1,80,88.0
7174,10,26,21,54.97,37.0,4.552,0.0,0.0,1.64,0,1.1,80,88.0
7175,10,26,22,49.54,36.3,4.552,0.0,0.0,3.64,0,1.1,80,88.0
7176,10,26,23,45.84,35.2,4.552,0.0,0.0,4.25,0,1.1,80,88.0
7177,10,27,0,44.92,34.3,4.552,0.0,0.0,5.29,0,1.1,80,88.0
7178,10,27,1,41.69,33.6,4.552,0.0,0.0,5.27,0,1.1,80,88.0
7179,10,27,2,42.06,33.1,4.552,0.0,0.0,5.98,0,1.1,80,88.0
7180,10,27,3,41.61,33.1,4.552,0.0,0.0,8.19,0,1.1,80,88.0
7181,10,27,4,83.36,33.4,4.552,0.0,0.0,10.45,0,1.1,80,88.0
7182,10,27,5,130.43,33.1,4.552,0.0,0.0,11.97,0,1.1,80,88.0
7183,10,27,6,168.83,33.1,4.552,0.0,0.0,9.98,0,1.1,80,88.0
7184,10,27,7,128.85,36.7,4.552,183.6,85.0,11.94,0,1.1,80,88.0
7185,10,27,8,85.16,41.7,4.552,155.5,157.0,8.02,1,1.1,100,110.00000000000001
7186,10,27,9,56.09,46.9,4.552,736.0,404.0,4.33,1,1.1,100,110.00000000000001
7187,10,27,10,42.84,50.2,4.552,916.2,517.0,6.21,1,1.1,100,110.00000000000001
7188,10,27,11,42.71,52.0,4.552,1016.4,578.0,8.6,1,1.1,100,110.00000000000001
7189,10,27,12,50.38,53.1,4.552,1033.9,582.0,8.47,1,1.1,100,110.00000000000001
7190,10,27,13,80.23,53.4,4.552,969.4,528.0,7.65,1,1.1,100,110.00000000000001
7191,10,27,14,80.01,52.9,4.552,831.2,420.0,7.32,1,1.1,100,110.00000000000001
7192,10,27,15,111.03,51.6,4.552,84.0,94.0,7.13,1,1.1,100,110.00000000000001
7193,10,27,16,185.5,48.2,4.552,0.0,104.0,5.44,0,1.1,80,88.0
7194,10,27,17,104.27,41.4,4.552,0.0,0.0,6.56,0,1.1,80,88.0
7195,10,27,18,75.31,40.5,4.552,0.0,0.0,6.86,0,1.1,80,88.0
7196,10,27,19,73.93,40.6,4.552,0.0,0.0,8.23,0,1.1,80,88.0
7197,10,27,20,54.68,39.0,4.552,0.0,0.0,8.98,0,1.1,80,88.0
7198,10,27,21,44.47,37.9,4.552,0.0,0.0,11.01,0,1.1,80,88.0
7199,10,27,22,41.74,37.8,4.552,0.0,0.0,10.36,0,1.1,80,88.0
7200,10,27,23,43.09,37.8,4.552,0.0,0.0,9.95,0,1.1,80,88.0
7201,10,28,0,43.59,37.8,4.552,0.0,0.0,11.5,0,1.1,80,88.0
7202,10,28,1,42.49,38.1,4.552,0.0,0.0,12.69,0,1.1,80,88.0
7203,10,28,2,41.26,38.5,4.552,0.0,0.0,12.48,0,1.1,80,88.0
7204,10,28,3,42.13,38.5,4.552,0.0,0.0,12.52,0,1.1,80,88.0
7205,10,28,4,63.04,37.2,4.552,0.0,0.0,11.17,0,1.1,80,88.0
7206,10,28,5,83.01,37.8,4.552,0.0,0.0,9.18,0,1.1,80,88.0
7207,10,28,6,135.85,37.6,4.552,0.0,0.0,9.92,0,1.1,80,88.0
7208,10,28,7,85.09,38.8,4.552,180.3,82.0,10.85,0,1.1,80,88.0
7209,10,28,8,72.69,42.8,4.552,487.6,248.0,8.91,1,1.1,100,110.00000000000001
7210,10,28,9,40.76,47.7,4.552,737.1,400.0,9.86,1,1.1,100,110.00000000000001
7211,10,28,10,37.23,51.3,4.552,917.6,513.0,9.15,1,1.1,100,110.00000000000001
7212,10,28,11,35.32,54.0,4.552,642.1,458.0,10.91,1,1.1,100,110.00000000000001
7213,10,28,12,35.34,55.8,4.552,1035.9,578.0,10.21,1,1.104,100,110.4
7214,10,28,13,36.93,56.7,4.552,973.1,525.0,11.64,1,1.1085,100,110.85000000000001
7215,10,28,14,35.9,56.7,4.552,835.8,417.0,11.5,1,1.1085,100,110.85000000000001
7216,10,28,15,57.08,55.2,4.552,489.5,238.0,12.13,1,1.1010000000000002,100,110.10000000000002
7217,10,28,16,80.9,50.4,4.552,0.0,100.0,11.61,0,1.1,80,88.0
7218,10,28,17,77.66,44.1,4.552,0.0,0.0,12.12,0,1.1,80,88.0
7219,10,28,18,57.71,42.4,4.552,0.0,0.0,11.73,0,1.1,80,88.0
7220,10,28,19,60.31,41.0,4.552,0.0,0.0,13.16,0,1.1,80,88.0
7221,10,28,20,52.82,40.1,4.552,0.0,0.0,13.76,0,1.1,80,88.0
7222,10,28,21,41.18,39.2,4.552,0.0,0.0,11.62,0,1.1,80,88.0
7223,10,28,22,42.13,38.8,4.552,0.0,0.0,10.34,0,1.1,80,88.0
7224,10,28,23,45.07,39.6,4.552,0.0,0.0,8.76,0,1.1,80,88.0
7225,10,29,0,39.66,39.4,4.552,0.0,0.0,5.5,0,1.1,80,88.0
7226,10,29,1,39.46,39.0,4.552,0.0,0.0,4.6,0,1.1,80,88.0
7227,10,29,2,41.6,39.2,4.552,0.0,0.0,5.23,0,1.1,80,88.0
7228,10,29,3,49.7,37.6,4.552,0.0,0.0,4.87,0,1.1,80,88.0
7229,10,29,4,66.41,36.9,4.552,0.0,0.0,4.61,0,1.1,80,88.0
7230,10,29,5,60.49,37.2,4.552,0.0,0.0,4.25,0,1.1,80,88.0
7231,10,29,6,56.02,37.2,4.552,0.0,0.0,3.12,0,1.1,80,88.0
7232,10,29,7,49.84,39.6,4.552,66.6,59.0,4.57,1,1.1,100,110.00000000000001
7233,10,29,8,63.08,44.4,4.552,84.0,94.0,3.81,1,1.1,100,110.00000000000001
7234,10,29,9,51.81,48.9,4.552,122.4,135.0,4.38,1,1.1,100,110.00000000000001
7235,10,29,10,40.38,51.4,4.552,148.4,166.0,0.24,1,1.1,100,110.00000000000001
7236,10,29,11,41.12,52.7,4.552,169.8,190.0,4.66,1,1.1,100,110.00000000000001
7237,10,29,12,44.11,53.2,4.552,144.8,162.0,4.44,1,1.1,100,110.00000000000001
7238,10,29,13,44.12,52.9,4.552,186.7,205.0,3.75,1,1.1,100,110.00000000000001
7239,10,29,14,49.62,52.2,4.552,116.3,128.0,4.25,1,1.1,100,110.00000000000001
7240,10,29,15,70.26,51.1,4.552,139.0,135.0,3.64,0,1.1,80,88.0
7241,10,29,16,75.85,48.7,4.552,0.0,45.0,3.1,0,1.1,80,88.0
7242,10,29,17,75.96,45.7,4.552,0.0,0.0,2.27,0,1.1,80,88.0
7243,10,29,18,51.04,44.4,4.552,0.0,0.0,1.9,0,1.1,80,88.0
7244,10,29,19,66.57,43.9,4.552,0.0,0.0,3.67,0,1.1,80,88.0
7245,10,29,20,54.56,43.3,4.552,0.0,0.0,3.2,0,1.1,80,88.0
7246,10,29,21,44.56,43.0,4.552,0.0,0.0,2.41,0,1.1,80,88.0
7247,10,29,22,43.82,42.6,4.552,0.0,0.0,3.97,0,1.1,80,88.0
7248,10,29,23,46.49,42.6,4.552,0.0,0.0,3.2,0,1.1,80,88.0
7249,10,30,0,44.14,42.4,4.552,0.0,0.0,4.62,1,1.1,100,110.00000000000001
7250,10,30,1,41.82,42.8,4.552,0.0,0.0,5.19,1,1.1,100,110.00000000000001
7251,10,30,2,40.09,43.2,4.552,0.0,0.0,5.11,1,1.1,100,110.00000000000001
7252,10,30,3,41.3,43.3,4.552,0.0,0.0,5.67,1,1.1,100,110.00000000000001
7253,10,30,4,40.37,43.5,4.552,0.0,0.0,6.25,1,1.1,100,110.00000000000001
7254,10,30,5,52.79,43.5,4.552,0.0,0.0,7.02,1,1.1,100,110.00000000000001
7255,10,30,6,56.56,43.7,4.552,0.0,0.0,6.07,1,1.1,100,110.00000000000001
7256,10,30,7,61.39,44.2,4.552,136.4,67.0,4.9,1,1.1,100,110.00000000000001
7257,10,30,8,64.55,45.5,4.552,18.8,21.0,4.55,0,1.1,80,88.0
7258,10,30,9,65.44,46.9,4.552,8.9,10.0,3.42,0,1.1,80,88.0
7259,10,30,10,56.84,48.4,4.552,72.9,80.0,3.6,0,1.1,80,88.0
7260,10,30,11,56.61,49.5,4.552,68.8,77.0,2.86,0,1.1,80,88.0
7261,10,30,12,58.19,50.5,4.552,55.4,62.0,4.99,0,1.1,80,88.0
7262,10,30,13,57.1,51.3,4.552,25.9,29.0,7.76,0,1.1,80,88.0
7263,10,30,14,60.8,51.6,4.552,47.4,53.0,9.11,0,1.1,80,88.0
7264,10,30,15,56.42,51.8,4.552,49.7,53.0,7.78,0,1.1,80,88.0
7265,10,30,16,66.43,51.8,4.552,0.0,82.0,9.04,0,1.1,80,88.0
7266,10,30,17,64.68,51.8,4.552,0.0,0.0,8.59,0,1.1,80,88.0
7267,10,30,18,54.7,51.8,4.552,0.0,0.0,10.22,0,1.1,80,88.0
7268,10,30,19,44.6,52.2,4.552,0.0,0.0,10.4,0,1.1,80,88.0
7269,10,30,20,43.48,52.9,4.552,0.0,0.0,10.92,0,1.1,80,88.0
7270,10,30,21,40.13,53.4,4.552,0.0,0.0,11.42,0,1.1,80,88.0
7271,10,30,22,42.36,53.8,4.552,0.0,0.0,10.68,0,1.1,80,88.0
7272,10,30,23,42.12,54.1,4.552,0.0,0.0,10.1,0,1.1,80,88.0
7273,10,31,0,35.91,54.3,4.552,0.0,0.0,8.97,0,1.1,80,88.0
7274,10,31,1,36.59,54.5,4.552,0.0,0.0,8.84,0,1.1,80,88.0
7275,10,31,2,35.6,53.6,4.552,0.0,0.0,7.43,0,1.1,80,88.0
7276,10,31,3,36.83,52.5,4.552,0.0,0.0,7.28,0,1.1,80,88.0
7277,10,31,4,42.3,52.9,4.552,0.0,0.0,7.43,0,1.1,80,88.0
7278,10,31,5,33.89,53.2,4.552,0.0,0.0,7.83,0,1.1,80,88.0
7279,10,31,6,42.66,52.0,4.552,0.0,0.0,5.1,0,1.1,80,88.0
7280,10,31,7,41.19,51.1,4.552,3.6,4.0,4.03,0,1.1,80,88.0
7281,10,31,8,35.32,50.2,4.552,147.7,149.0,5.88,1,1.1,100,110.00000000000001
7282,10,31,9,36.28,49.8,4.552,701.5,377.0,6.72,1,1.1,100,110.00000000000001
7283,10,31,10,37.44,50.2,4.552,487.5,372.0,6.01,1,1.1,100,110.00000000000001
7284,10,31,11,38.98,50.2,4.552,165.3,185.0,5.75,1,1.1,100,110.00000000000001
7285,10,31,12,40.6,49.5,4.552,356.3,336.0,5.01,1,1.1,100,110.00000000000001
7286,10,31,13,36.01,49.5,4.552,243.0,247.0,5.07,1,1.1,100,110.00000000000001
7287,10,31,14,36.11,49.1,4.552,138.9,153.0,4.87,1,1.1,100,110.00000000000001
7288,10,31,15,32.66,48.0,4.552,119.4,127.0,3.76,1,1.1,100,110.00000000000001
7289,10,31,16,41.24,46.6,4.552,0.0,43.0,3.77,0,1.1,80,88.0
7290,10,31,17,42.3,45.9,4.552,0.0,0.0,3.51,0,1.1,80,88.0
7291,10,31,18,41.49,45.5,4.552,0.0,0.0,3.0,0,1.1,80,88.0
7292,10,31,19,41.0,45.0,4.552,0.0,0.0,2.24,0,1.1,80,88.0
7293,10,31,20,31.56,44.2,4.552,0.0,0.0,0.83,0,1.1,80,88.0
7294,10,31,21,32.53,43.5,4.552,0.0,0.0,1.64,0,1.1,80,88.0
7295,10,31,22,33.59,43.0,4.552,0.0,0.0,4.55,0,1.1,80,88.0
7296,10,31,23,31.4,42.6,4.552,0.0,0.0,5.82,0,1.1,80,88.0
7297,11,1,0,31.24,42.4,4.918,0.0,0.0,5.7,1,1.1,100,110.00000000000001
7298,11,1,1,31.06,42.3,4.918,0.0,0.0,6.34,1,1.1,100,110.00000000000001
7299,11,1,2,30.44,42.3,4.918,0.0,0.0,6.65,1,1.1,100,110.00000000000001
7300,11,1,3,31.13,42.3,4.918,0.0,0.0,5.06,1,1.1,100,110.00000000000001
7301,11,1,4,31.55,41.9,4.918,0.0,0.0,5.29,1,1.1,100,110.00000000000001
7302,11,1,5,31.91,41.4,4.918,0.0,0.0,5.96,1,1.1,100,110.00000000000001
7303,11,1,6,34.75,41.0,4.918,0.0,0.0,4.76,1,1.1,100,110.00000000000001
7304,11,1,7,38.25,41.5,4.918,152.5,68.0,2.9,1,1.1,100,110.00000000000001
7305,11,1,8,34.98,43.9,4.918,176.4,161.0,3.6,0,1.1,80,88.0
7306,11,1,9,39.17,46.2,4.918,726.3,384.0,0.96,0,1.1,80,88.0
7307,11,1,10,35.31,48.4,4.918,912.5,497.0,1.4,0,1.1,80,88.0
7308,11,1,11,34.51,50.0,4.918,1011.7,556.0,0.32,0,1.1,80,88.0
7309,11,1,12,33.86,50.9,4.918,1030.0,559.0,3.47,0,1.1,80,88.0
7310,11,1,13,28.04,51.3,4.918,965.4,504.0,6.41,0,1.1,80,88.0
7311,11,1,14,29.18,50.5,4.918,831.4,397.0,7.12,0,1.1,80,88.0
7312,11,1,15,33.59,48.9,4.918,667.4,251.0,4.23,0,1.1,80,88.0
7313,11,1,16,35.55,46.6,4.918,0.0,86.0,6.59,0,1.1,80,88.0
7314,11,1,17,36.62,44.2,4.918,0.0,0.0,9.34,0,1.1,80,88.0
7315,11,1,18,35.3,42.8,4.918,0.0,0.0,8.58,0,1.1,80,88.0
7316,11,1,19,34.45,41.5,4.918,0.0,0.0,9.42,0,1.1,80,88.0
7317,11,1,20,34.35,39.9,4.918,0.0,0.0,8.98,0,1.1,80,88.0
7318,11,1,21,35.51,38.3,4.918,0.0,0.0,8.13,0,1.1,80,88.0
7319,11,1,22,33.15,36.9,4.918,0.0,0.0,7.42,0,1.1,80,88.0
7320,11,1,23,32.59,35.6,4.918,0.0,0.0,7.83,0,1.1,80,88.0
7321,11,2,0,34.17,34.2,4.918,0.0,0.0,7.26,0,1.1,80,88.0
7322,11,2,1,32.2,33.1,4.918,0.0,0.0,8.23,0,1.1,80,88.0
7323,11,2,2,31.81,32.9,4.918,0.0,0.0,8.07,0,1.1,80,88.0
7324,11,2,3,33.26,32.7,4.918,0.0,0.0,9.61,0,1.1,80,88.0
7325,11,2,4,33.29,32.0,4.918,0.0,0.0,8.83,0,1.1,80,88.0
7326,11,2,5,39.32,32.4,4.918,0.0,0.0,5.9,0,1.1,80,88.0
7327,11,2,6,39.97,31.8,4.918,0.0,0.0,5.36,0,1.1,80,88.0
7328,11,2,7,45.08,33.8,4.918,151.3,66.0,5.63,0,1.1,80,88.0
7329,11,2,8,38.87,38.1,4.918,468.1,229.0,5.39,1,1.1,100,110.00000000000001
7330,11,2,9,33.23,43.2,4.918,661.4,375.0,4.27,1,1.1,100,110.00000000000001
7331,11,2,10,32.68,46.6,4.918,906.2,491.0,5.79,1,1.1,100,110.00000000000001
7332,11,2,11,32.74,48.9,4.918,1010.1,552.0,6.17,1,1.1,100,110.00000000000001
7333,11,2,12,33.48,50.4,4.918,1029.1,555.0,6.83,1,1.1,100,110.00000000000001
7334,11,2,13,34.45,51.1,4.918,966.9,501.0,7.55,1,1.1,100,110.00000000000001
7335,11,2,14,36.83,50.9,4.918,833.5,394.0,6.59,1,1.1,100,110.00000000000001
7336,11,2,15,40.65,49.6,4.918,665.4,246.0,6.6,1,1.1,100,110.00000000000001
7337,11,2,16,45.87,45.1,4.918,0.0,82.0,5.53,0,1.1,80,88.0
7338,11,2,17,78.42,39.4,4.918,0.0,0.0,4.25,0,1.1,80,88.0
7339,11,2,18,76.63,38.5,4.918,0.0,0.0,4.35,0,1.1,80,88.0
7340,11,2,19,67.97,38.1,4.918,0.0,0.0,5.41,0,1.1,80,88.0
7341,11,2,20,63.35,38.3,4.918,0.0,0.0,5.22,0,1.1,80,88.0
7342,11,2,21,49.86,38.7,4.918,0.0,0.0,6.48,0,1.1,80,88.0
7343,11,2,22,47.84,38.1,4.918,0.0,0.0,6.71,0,1.1,80,88.0
7344,11,2,23,43.83,37.0,4.918,0.0,0.0,5.72,0,1.1,80,88.0
7345,11,3,0,41.52,36.7,4.918,0.0,0.0,6.31,0,1.1,80,88.0
7346,11,3,1,41.56,37.4,4.918,0.0,0.0,6.35,0,1.1,80,88.0
7347,11,3,2,40.43,37.4,4.918,0.0,0.0,7.68,0,1.1,80,88.0
7348,11,3,3,39.69,36.5,4.918,0.0,0.0,5.69,0,1.1,80,88.0
7349,11,3,4,41.4,37.4,4.918,0.0,0.0,5.81,0,1.1,80,88.0
7350,11,3,5,59.2,38.7,4.918,0.0,0.0,7.29,0,1.1,80,88.0
7351,11,3,6,90.86,39.4,4.918,0.0,0.0,7.88,0,1.1,80,88.0
7352,11,3,7,95.15,41.0,4.918,112.4,55.0,7.74,0,1.1,80,88.0
7353,11,3,8,59.93,44.1,4.918,95.9,101.0,9.45,1,1.1,100,110.00000000000001
7354,11,3,9,44.05,48.0,4.918,598.5,349.0,8.76,1,1.1,100,110.00000000000001
7355,11,3,10,39.49,52.2,4.918,756.1,436.0,8.72,1,1.1,100,110.00000000000001
7356,11,3,11,40.15,55.0,4.918,960.6,527.0,9.42,1,1.1,100,110.00000000000001
7357,11,3,12,45.94,55.9,4.918,202.5,221.0,9.43,1,1.1045,100,110.45
7358,11,3,13,53.86,55.6,4.918,140.3,157.0,9.87,1,1.1030000000000002,100,110.30000000000003
7359,11,3,14,64.23,54.5,4.918,177.4,187.0,10.11,1,1.1,100,110.00000000000001
7360,11,3,15,56.86,53.1,4.918,155.9,149.0,9.9,1,1.1,100,110.00000000000001
7361,11,3,16,82.84,51.3,4.918,0.0,19.0,9.89,0,1.1,80,88.0
7362,11,3,17,89.42,49.8,4.918,0.0,0.0,10.47,0,1.1,80,88.0
7363,11,3,18,55.07,49.3,4.918,0.0,0.0,10.22,0,1.1,80,88.0
7364,11,3,19,55.51,48.7,4.918,0.0,0.0,10.77,0,1.1,80,88.0
7365,11,3,20,50.33,48.2,4.918,0.0,0.0,11.57,0,1.1,80,88.0
7366,11,3,21,42.34,46.8,4.918,0.0,0.0,12.41,0,1.1,80,88.0
7367,11,3,22,48.76,45.1,4.918,0.0,0.0,11.7,0,1.1,80,88.0
7368,11,3,23,53.13,44.1,4.918,0.0,0.0,10.85,0,1.1,80,88.0
7369,11,4,0,36.2,43.7,4.918,0.0,0.0,8.9,0,1.1,80,88.0
7370,11,4,1,35.97,43.5,4.918,0.0,0.0,8.49,0,1.1,80,88.0
7371,11,4,2,35.14,43.3,4.918,0.0,0.0,8.98,0,1.1,80,88.0
7372,11,4,3,35.04,42.8,4.918,0.0,0.0,7.18,0,1.1,80,88.0
7373,11,4,4,35.5,42.4,4.918,0.0,0.0,6.69,0,1.1,80,88.0
7374,11,4,5,41.15,42.1,4.918,0.0,0.0,5.78,0,1.1,80,88.0
7375,11,4,6,55.6,41.7,4.918,0.0,0.0,5.47,0,1.1,80,88.0
7376,11,4,7,55.57,42.3,4.918,134.6,59.0,6.41,0,1.1,80,88.0
7377,11,4,8,40.93,44.2,4.918,463.6,222.0,6.7,0,1.1,80,88.0
7378,11,4,9,33.13,46.6,4.918,726.2,374.0,7.32,1,1.1,100,110.00000000000001
7379,11,4,10,31.78,48.7,4.918,920.1,490.0,6.85,1,1.1,100,110.00000000000001
7380,11,4,11,32.13,50.2,4.918,1024.9,551.0,7.02,1,1.1,100,110.00000000000001
7381,11,4,12,31.68,51.3,4.918,445.5,376.0,6.54,1,1.1,100,110.00000000000001
7382,11,4,13,32.05,51.6,4.918,594.1,393.0,5.28,1,1.1,100,110.00000000000001
7383,11,4,14,36.56,51.4,4.918,831.1,385.0,4.75,1,1.1,100,110.00000000000001
7384,11,4,15,33.59,50.7,4.918,665.6,237.0,4.86,1,1.1,100,110.00000000000001
7385,11,4,16,40.67,48.6,4.918,0.0,75.0,4.38,1,1.1,100,110.00000000000001
7386,11,4,17,73.79,46.8,4.918,0.0,0.0,5.41,0,1.1,80,88.0
7387,11,4,18,54.18,45.9,4.918,0.0,0.0,4.84,0,1.1,80,88.0
7388,11,4,19,48.03,45.0,4.918,0.0,0.0,4.76,0,1.1,80,88.0
7389,11,4,20,41.22,43.9,4.918,0.0,0.0,4.86,0,1.1,80,88.0
7390,11,4,21,36.98,42.8,4.918,0.0,0.0,4.41,0,1.1,80,88.0
7391,11,4,22,35.53,41.4,4.918,0.0,0.0,3.71,0,1.1,80,88.0
7392,11,4,23,36.65,40.6,4.918,0.0,0.0,4.4,0,1.1,80,88.0
7393,11,5,0,34.44,39.6,4.918,0.0,0.0,6.14,1,1.1,100,110.00000000000001
7394,11,5,1,36.08,37.9,4.918,0.0,0.0,5.63,1,1.1,100,110.00000000000001
7395,11,5,2,34.37,36.7,4.918,0.0,0.0,5.04,1,1.1,100,110.00000000000001
7396,11,5,3,32.78,36.1,4.918,0.0,0.0,4.9,1,1.1,100,110.00000000000001
7397,11,5,4,35.48,36.7,4.918,0.0,0.0,4.98,1,1.1,100,110.00000000000001
7398,11,5,5,36.16,37.0,4.918,0.0,0.0,5.82,1,1.1,100,110.00000000000001
7399,11,5,6,54.42,38.3,4.918,0.0,0.0,6.24,1,1.1,100,110.00000000000001
7400,11,5,7,62.71,39.6,4.918,93.8,49.0,6.16,1,1.1,100,110.00000000000001
7401,11,5,8,46.93,41.7,4.918,56.3,63.0,6.53,0,1.1,80,88.0
7402,11,5,9,41.89,44.1,4.918,218.5,208.0,6.48,0,1.1,80,88.0
7403,11,5,10,44.85,47.1,4.918,205.3,208.0,7.82,0,1.1,80,88.0
7404,11,5,11,41.49,50.7,4.918,326.1,292.0,9.2,0,1.1,80,88.0
7405,11,5,12,41.45,53.1,4.918,653.0,414.0,9.35,0,1.1,80,88.0
7406,11,5,13,45.47,53.8,4.918,304.0,270.0,8.63,0,1.1,80,88.0
7407,11,5,14,51.75,53.1,4.918,228.4,208.0,8.84,0,1.1,80,88.0
7408,11,5,15,65.06,51.4,4.918,34.9,39.0,9.42,0,1.1,80,88.0
7409,11,5,16,78.06,50.0,4.918,0.0,61.0,7.22,0,1.1,80,88.0
7410,11,5,17,84.0,48.4,4.918,0.0,0.0,8.3,0,1.1,80,88.0
7411,11,5,18,81.52,47.3,4.918,0.0,0.0,11.17,0,1.1,80,88.0
7412,11,5,19,66.55,47.3,4.918,0.0,0.0,6.16,0,1.1,80,88.0
7413,11,5,20,63.02,47.7,4.918,0.0,0.0,5.91,0,1.1,80,88.0
7414,11,5,21,45.12,48.6,4.918,0.0,0.0,7.8,0,1.1,80,88.0
7415,11,5,22,40.42,49.5,4.918,0.0,0.0,6.08,0,1.1,80,88.0
7416,11,5,23,34.92,48.6,4.918,0.0,0.0,4.85,0,1.1,80,88.0
7417,11,6,0,43.15,45.5,4.918,0.0,0.0,3.62,0,1.1,80,88.0
7418,11,6,1,37.67,42.1,4.918,0.0,0.0,3.43,0,1.1,80,88.0
7419,11,6,2,34.22,40.1,4.918,0.0,0.0,2.59,0,1.1,80,88.0
7420,11,6,3,33.53,39.6,4.918,0.0,0.0,3.17,0,1.1,80,88.0
7421,11,6,4,30.04,39.2,4.918,0.0,0.0,4.02,0,1.1,80,88.0
7422,11,6,5,33.35,39.2,4.918,0.0,0.0,3.06,0,1.1,80,88.0
7423,11,6,6,57.97,39.2,4.918,0.0,0.0,1.89,0,1.1,80,88.0
7424,11,6,7,61.19,39.9,4.918,120.6,52.0,0.86,0,1.1,80,88.0
7425,11,6,8,43.78,41.9,4.918,447.3,210.0,1.1,1,1.1,100,110.00000000000001
7426,11,6,9,31.93,43.5,4.918,712.3,361.0,1.46,1,1.1,100,110.00000000000001
7427,11,6,10,35.33,44.8,4.918,272.1,269.0,3.16,1,1.1,100,110.00000000000001
7428,11,6,11,34.5,45.3,4.918,203.5,222.0,3.09,1,1.1,100,110.00000000000001
7429,11,6,12,34.42,45.9,4.918,236.3,248.0,3.84,1,1.1,100,110.00000000000001
7430,11,6,13,35.63,46.0,4.918,155.7,172.0,4.17,1,1.1,100,110.00000000000001
7431,11,6,14,36.66,45.7,4.918,256.4,236.0,4.91,1,1.1,100,110.00000000000001
7432,11,6,15,45.6,44.4,4.918,6.3,7.0,4.9,1,1.1,100,110.00000000000001
7433,11,6,16,61.43,42.1,4.918,0.0,50.0,4.99,0,1.1,80,88.0
7434,11,6,17,87.58,39.6,4.918,0.0,0.0,5.54,0,1.1,80,88.0
7435,11,6,18,76.71,37.2,4.918,0.0,0.0,7.15,0,1.1,80,88.0
7436,11,6,19,71.05,35.4,4.918,0.0,0.0,8.4,0,1.1,80,88.0
7437,11,6,20,91.44,33.4,4.918,0.0,0.0,9.48,0,1.1,80,88.0
7438,11,6,21,82.63,31.8,4.918,0.0,0.0,10.43,0,1.1,80,88.0
7439,11,6,22,44.5,30.2,4.918,0.0,0.0,10.19,0,1.1,80,88.0
7440,11,6,23,40.41,29.1,4.918,0.0,0.0,11.35,0,1.1,80,88.0
7441,11,7,0,45.02,28.6,4.918,0.0,0.0,9.89,0,1.1,80,88.0
7442,11,7,1,42.05,28.2,4.918,0.0,0.0,7.13,0,1.1,80,88.0
7443,11,7,2,41.67,27.9,4.918,0.0,0.0,7.7,0,1.1,80,88.0
7444,11,7,3,40.79,28.0,4.918,0.0,0.0,11.45,0,1.1,80,88.0
7445,11,7,4,42.97,29.1,4.918,0.0,0.0,13.24,0,1.1,80,88.0
7446,11,7,5,49.96,30.7,4.918,0.0,0.0,14.65,0,1.1,80,88.0
7447,11,7,6,71.19,31.3,4.918,0.0,0.0,11.29,0,1.1,80,88.0
7448,11,7,7,80.1,32.5,4.918,41.9,40.0,10.3,0,1.1,80,88.0
7449,11,7,8,56.53,36.5,4.918,146.6,135.0,7.81,1,1.1,100,110.00000000000001
7450,11,7,9,51.59,41.4,4.918,318.1,250.0,15.0,1,1.1,100,110.00000000000001
7451,11,7,10,44.71,43.2,4.918,357.8,297.0,14.05,1,1.1,100,110.00000000000001
7452,11,7,11,41.04,44.4,4.918,496.9,371.0,15.21,1,1.1,100,110.00000000000001
7453,11,7,12,42.46,46.0,4.918,670.1,421.0,16.25,1,1.1,100,110.00000000000001
7454,11,7,13,43.93,47.7,4.918,707.9,403.0,12.42,1,1.1,100,110.00000000000001
7455,11,7,14,49.53,48.7,4.918,328.8,250.0,15.06,1,1.1,100,110.00000000000001
7456,11,7,15,78.73,48.7,4.918,510.5,208.0,17.64,1,1.1,100,110.00000000000001
7457,11,7,16,72.03,48.7,4.918,0.0,47.0,20.09,0,1.1,80,88.0
7458,11,7,17,90.16,48.6,4.918,0.0,0.0,18.86,0,1.1,80,88.0
7459,11,7,18,64.82,48.6,4.918,0.0,0.0,13.76,0,1.1,80,88.0
7460,11,7,19,61.19,48.4,4.918,0.0,0.0,13.53,0,1.1,80,88.0
7461,11,7,20,55.83,48.2,4.918,0.0,0.0,12.95,0,1.1,80,88.0
7462,11,7,21,53.02,48.6,4.918,0.0,0.0,13.43,0,1.1,80,88.0
7463,11,7,22,42.92,48.9,4.918,0.0,0.0,14.22,0,1.1,80,88.0
7464,11,7,23,44.06,48.7,4.918,0.0,0.0,12.76,0,1.1,80,88.0
7465,11,8,0,47.43,48.6,4.918,0.0,0.0,13.31,0,1.1,80,88.0
7466,11,8,1,37.9,48.6,4.918,0.0,0.0,13.42,1,1.1,100,110.00000000000001
7467,11,8,2,38.03,48.6,4.918,0.0,0.0,13.97,1,1.1,100,110.00000000000001
7468,11,8,3,38.13,48.7,4.918,0.0,0.0,14.19,1,1.1,100,110.00000000000001
7469,11,8,4,39.76,48.7,4.918,0.0,0.0,14.26,1,1.1,100,110.00000000000001
7470,11,8,5,41.34,48.7,4.918,0.0,0.0,15.13,1,1.1,100,110.00000000000001
7471,11,8,6,37.78,48.4,4.918,0.0,0.0,15.46,1,1.1,100,110.00000000000001
7472,11,8,7,42.66,48.7,4.918,95.3,43.0,14.51,1,1.1,100,110.00000000000001
7473,11,8,8,42.06,50.4,4.918,194.3,149.0,11.79,1,1.1,100,110.00000000000001
7474,11,8,9,52.7,52.7,4.918,406.2,273.0,9.89,0,1.1,80,88.0
7475,11,8,10,39.23,54.3,4.918,149.4,165.0,9.92,0,1.1,80,88.0
7476,11,8,11,38.59,55.6,4.918,124.2,139.0,9.9,0,1.1030000000000002,80,88.24000000000001
7477,11,8,12,38.77,56.1,4.918,1006.0,522.0,9.89,0,1.1055000000000001,80,88.44000000000001
7478,11,8,13,37.16,55.9,4.918,952.8,471.0,9.32,0,1.1045,80,88.36
7479,11,8,14,37.14,54.7,4.918,830.4,368.0,9.24,0,1.1,80,88.0
7480,11,8,15,38.19,52.5,4.918,686.0,224.0,8.46,0,1.1,80,88.0
7481,11,8,16,42.57,48.0,4.918,0.0,65.0,9.47,0,1.1,80,88.0
7482,11,8,17,50.22,42.8,4.918,0.0,0.0,9.86,0,1.1,80,88.0
7483,11,8,18,43.01,40.8,4.918,0.0,0.0,9.56,0,1.1,80,88.0
7484,11,8,19,41.58,38.8,4.918,0.0,0.0,7.44,0,1.1,80,88.0
7485,11,8,20,37.36,38.8,4.918,0.0,0.0,4.97,0,1.1,80,88.0
7486,11,8,21,39.29,39.4,4.918,0.0,0.0,5.32,0,1.1,80,88.0
7487,11,8,22,40.27,39.6,4.918,0.0,0.0,2.39,0,1.1,80,88.0
7488,11,8,23,42.15,39.4,4.918,0.0,0.0,3.28,0,1.1,80,88.0
7489,11,9,0,49.03,39.6,4.918,0.0,0.0,4.61,0,1.1,80,88.0
7490,11,9,1,45.48,39.7,4.918,0.0,0.0,1.52,1,1.1,100,110.00000000000001
7491,11,9,2,45.07,39.9,4.918,0.0,0.0,2.19,1,1.1,100,110.00000000000001
7492,11,9,3,43.09,39.9,4.918,0.0,0.0,3.65,1,1.1,100,110.00000000000001
7493,11,9,4,42.42,39.6,4.918,0.0,0.0,3.67,1,1.1,100,110.00000000000001
7494,11,9,5,41.09,39.2,4.918,0.0,0.0,4.19,1,1.1,100,110.00000000000001
7495,11,9,6,47.7,38.7,4.918,0.0,0.0,6.44,1,1.1,100,110.00000000000001
7496,11,9,7,50.77,39.2,4.918,18.8,21.0,6.92,1,1.1,100,110.00000000000001
7497,11,9,8,48.93,41.2,4.918,36.6,41.0,7.35,1,1.1,100,110.00000000000001
7498,11,9,9,49.81,43.5,4.918,62.6,70.0,7.0,0,1.1,80,88.0
7499,11,9,10,49.86,45.9,4.918,63.2,69.0,7.81,0,1.1,80,88.0
7500,11,9,11,53.62,48.4,4.918,36.6,41.0,7.6,0,1.1,80,88.0
7501,11,9,12,62.94,51.4,4.918,222.6,221.0,5.88,0,1.1,80,88.0
7502,11,9,13,64.04,53.2,4.918,123.1,132.0,4.54,0,1.1,80,88.0
7503,11,9,14,61.97,53.8,4.918,42.0,47.0,4.69,0,1.1,80,88.0
7504,11,9,15,66.37,53.1,4.918,14.3,16.0,6.22,0,1.1,80,88.0
7505,11,9,16,70.13,52.2,4.918,0.0,23.0,5.14,0,1.1,80,88.0
7506,11,9,17,78.18,51.8,4.918,0.0,0.0,10.53,0,1.1,80,88.0
7507,11,9,18,71.97,51.8,4.918,0.0,0.0,13.56,0,1.1,80,88.0
7508,11,9,19,46.6,51.3,4.918,0.0,0.0,16.78,0,1.1,80,88.0
7509,11,9,20,47.69,50.5,4.918,0.0,0.0,17.16,0,1.1,80,88.0
7510,11,9,21,45.35,49.8,4.918,0.0,0.0,17.15,0,1.1,80,88.0
7511,11,9,22,39.83,49.3,4.918,0.0,0.0,17.15,0,1.1,80,88.0
7512,11,9,23,38.57,48.9,4.918,0.0,0.0,16.08,0,1.1,80,88.0
7513,11,10,0,35.96,48.4,4.918,0.0,0.0,16.01,1,1.1,100,110.00000000000001
7514,11,10,1,36.79,48.2,4.918,0.0,0.0,15.39,1,1.1,100,110.00000000000001
7515,11,10,2,35.07,48.0,4.918,0.0,0.0,13.46,1,1.1,100,110.00000000000001
7516,11,10,3,34.73,47.3,4.918,0.0,0.0,14.46,1,1.1,100,110.00000000000001
7517,11,10,4,37.78,46.9,4.918,0.0,0.0,15.81,1,1.1,100,110.00000000000001
7518,11,10,5,41.38,46.4,4.918,0.0,0.0,16.05,1,1.1,100,110.00000000000001
7519,11,10,6,49.09,45.7,4.918,0.0,0.0,15.65,1,1.1,100,110.00000000000001
7520,11,10,7,59.85,45.1,4.918,20.6,23.0,13.3,1,1.1,100,110.00000000000001
7521,11,10,8,66.22,45.7,4.918,61.7,69.0,14.59,0,1.1,80,88.0
7522,11,10,9,74.69,47.1,4.918,631.5,318.0,14.19,0,1.1,80,88.0
7523,11,10,10,74.59,48.0,4.918,354.4,301.0,13.01,0,1.1,80,88.0
7524,11,10,11,74.64,49.1,4.918,73.3,82.0,12.91,0,1.1,80,88.0
7525,11,10,12,73.13,50.7,4.918,27.7,31.0,11.88,0,1.1,80,88.0
7526,11,10,13,79.01,51.4,4.918,15.2,17.0,11.84,0,1.1,80,88.0
7527,11,10,14,66.5,51.3,4.918,25.0,28.0,12.02,0,1.1,80,88.0
7528,11,10,15,62.96,49.3,4.918,162.8,138.0,11.81,0,1.1,80,88.0
7529,11,10,16,70.43,46.2,4.918,0.0,35.0,11.79,0,1.1,80,88.0
7530,11,10,17,81.82,43.0,4.918,0.0,0.0,14.13,0,1.1,80,88.0
7531,11,10,18,72.65,39.4,4.918,0.0,0.0,15.46,0,1.1,80,88.0
7532,11,10,19,63.09,36.7,4.918,0.0,0.0,15.07,0,1.1,80,88.0
7533,11,10,20,56.84,34.7,4.918,0.0,0.0,15.94,0,1.1,80,88.0
7534,11,10,21,48.31,32.9,4.918,0.0,0.0,14.22,0,1.1,80,88.0
7535,11,10,22,44.22,31.5,4.918,0.0,0.0,13.17,0,1.1,80,88.0
7536,11,10,23,45.05,30.2,4.918,0.0,0.0,6.78,0,1.1,80,88.0
7537,11,11,0,42.88,29.5,4.918,0.0,0.0,7.21,1,1.1,100,110.00000000000001
7538,11,11,1,38.98,28.9,4.918,0.0,0.0,9.81,1,1.1,100,110.00000000000001
7539,11,11,2,38.61,28.8,4.918,0.0,0.0,10.18,1,1.1,100,110.00000000000001
7540,11,11,3,38.68,28.8,4.918,0.0,0.0,10.19,1,1.1,100,110.00000000000001
7541,11,11,4,40.79,28.6,4.918,0.0,0.0,8.77,1,1.1,100,110.00000000000001
7542,11,11,5,55.48,28.6,4.918,0.0,0.0,4.59,1,1.1,100,110.00000000000001
7543,11,11,6,62.81,28.4,4.918,0.0,0.0,3.5,1,1.1,100,110.00000000000001
7544,11,11,7,75.34,28.8,4.918,87.5,38.0,6.16,1,1.1,100,110.00000000000001
7545,11,11,8,56.42,30.4,4.918,42.0,47.0,8.81,0,1.1,80,88.0
7546,11,11,9,48.72,31.6,4.918,155.9,166.0,9.67,0,1.1,80,88.0
7547,11,11,10,57.95,32.4,4.918,143.1,158.0,8.54,0,1.1,80,88.0
7548,11,11,11,60.53,33.1,4.918,491.2,377.0,7.4,0,1.1,80,88.0
7549,11,11,12,67.58,33.4,4.918,184.3,202.0,7.98,0,1.1,80,88.0
7550,11,11,13,79.73,33.4,4.918,104.6,117.0,7.89,0,1.1,80,88.0
7551,11,11,14,83.12,33.1,4.918,271.3,235.0,9.42,0,1.1,80,88.0
7552,11,11,15,76.1,32.4,4.918,33.1,37.0,8.36,0,1.1,80,88.0
7553,11,11,16,95.07,31.3,4.918,0.0,33.0,7.39,0,1.1,80,88.0
7554,11,11,17,134.75,30.7,4.918,0.0,0.0,5.91,0,1.1,80,88.0
7555,11,11,18,93.26,30.7,4.918,0.0,0.0,5.94,0,1.1,80,88.0
7556,11,11,19,68.14,30.6,4.918,0.0,0.0,6.3,0,1.1,80,88.0
7557,11,11,20,63.39,30.7,4.918,0.0,0.0,5.34,0,1.1,80,88.0
7558,11,11,21,56.17,30.7,4.918,0.0,0.0,5.82,0,1.1,80,88.0
7559,11,11,22,52.9,31.1,4.918,0.0,0.0,5.07,0,1.1,80,88.0
7560,11,11,23,51.04,31.3,4.918,0.0,0.0,4.25,0,1.1,80,88.0
7561,11,12,0,60.52,31.6,4.918,0.0,0.0,4.63,1,1.1,100,110.00000000000001
7562,11,12,1,64.46,32.2,4.918,0.0,0.0,3.99,1,1.1,100,110.00000000000001
7563,11,12,2,53.61,32.9,4.918,0.0,0.0,5.09,1,1.1,100,110.00000000000001
7564,11,12,3,54.04,33.6,4.918,0.0,0.0,4.57,1,1.1,100,110.00000000000001
7565,11,12,4,73.36,33.8,4.918,0.0,0.0,4.65,1,1.1,100,110.00000000000001
7566,11,12,5,58.45,33.6,4.918,0.0,0.0,4.2,1,1.1,100,110.00000000000001
7567,11,12,6,76.95,33.3,4.918,0.0,0.0,4.38,1,1.1,100,110.00000000000001
7568,11,12,7,88.14,33.3,4.918,25.8,25.0,3.69,1,1.1,100,110.00000000000001
7569,11,12,8,101.1,34.5,4.918,132.8,124.0,2.83,0,1.1,80,88.0
7570,11,12,9,109.92,36.1,4.918,70.6,79.0,4.05,0,1.1,80,88.0
7571,11,12,10,100.26,37.9,4.918,101.6,110.0,3.27,0,1.1,80,88.0
7572,11,12,11,93.42,39.4,4.918,133.2,149.0,3.07,0,1.1,80,88.0
7573,11,12,12,88.74,40.5,4.918,115.3,129.0,3.55,0,1.1,80,88.0
7574,11,12,13,87.69,41.2,4.918,136.7,153.0,3.81,0,1.1,80,88.0
7575,11,12,14,93.24,41.0,4.918,126.0,131.0,4.48,0,1.1,80,88.0
7576,11,12,15,90.37,40.1,4.918,69.0,73.0,6.25,0,1.1,80,88.0
7577,11,12,16,100.41,37.4,4.918,0.0,35.0,5.86,0,1.1,80,88.0
7578,11,12,17,103.16,35.1,4.918,0.0,0.0,5.34,0,1.1,80,88.0
7579,11,12,18,95.19,34.3,4.918,0.0,0.0,4.76,0,1.1,80,88.0
7580,11,12,19,93.99,34.7,4.918,0.0,0.0,4.03,0,1.1,80,88.0
7581,11,12,20,84.19,35.4,4.918,0.0,0.0,3.42,0,1.1,80,88.0
7582,11,12,21,76.92,35.4,4.918,0.0,0.0,3.22,0,1.1,80,88.0
7583,11,12,22,62.76,35.4,4.918,0.0,0.0,4.42,0,1.1,80,88.0
7584,11,12,23,62.81,35.6,4.918,0.0,0.0,3.99,0,1.1,80,88.0
7585,11,13,0,63.07,36.0,4.918,0.0,0.0,4.61,0,1.1,80,88.0
7586,11,13,1,55.75,36.3,4.918,0.0,0.0,4.46,0,1.1,80,88.0
7587,11,13,2,51.41,36.7,4.918,0.0,0.0,3.38,0,1.1,80,88.0
7588,11,13,3,53.94,37.2,4.918,0.0,0.0,3.04,0,1.1,80,88.0
7589,11,13,4,58.26,37.4,4.918,0.0,0.0,4.92,0,1.1,80,88.0
7590,11,13,5,73.94,37.4,4.918,0.0,0.0,5.84,0,1.1,80,88.0
7591,11,13,6,95.47,37.2,4.918,0.0,0.0,4.46,0,1.1,80,88.0
7592,11,13,7,111.04,37.6,4.918,60.8,30.0,2.45,0,1.1,80,88.0
7593,11,13,8,70.69,39.7,4.918,57.2,64.0,1.18,1,1.1,100,110.00000000000001
7594,11,13,9,58.91,41.5,4.918,106.6,117.0,0.5,1,1.1,100,110.00000000000001
7595,11,13,10,52.16,42.4,4.918,97.4,109.0,0.86,1,1.1,100,110.00000000000001
7596,11,13,11,55.47,42.8,4.918,128.7,144.0,0.87,1,1.1,100,110.00000000000001
7597,11,13,12,67.82,42.4,4.918,159.1,178.0,2.12,1,1.1,100,110.00000000000001
7598,11,13,13,65.41,42.1,4.918,157.6,166.0,3.65,1,1.1,100,110.00000000000001
7599,11,13,14,73.16,41.7,4.918,225.1,211.0,2.45,1,1.1,100,110.00000000000001
7600,11,13,15,57.76,41.2,4.918,17.9,20.0,1.77,1,1.1,100,110.00000000000001
7601,11,13,16,88.3,39.4,4.918,0.0,38.0,2.28,0,1.1,80,88.0
7602,11,13,17,91.55,37.9,4.918,0.0,0.0,3.23,0,1.1,80,88.0
7603,11,13,18,76.09,37.2,4.918,0.0,0.0,3.7,0,1.1,80,88.0
7604,11,13,19,75.83,36.5,4.918,0.0,0.0,4.22,0,1.1,80,88.0
7605,11,13,20,73.6,35.8,4.918,0.0,0.0,3.49,0,1.1,80,88.0
7606,11,13,21,65.37,34.9,4.918,0.0,0.0,3.65,0,1.1,80,88.0
7607,11,13,22,56.73,34.0,4.918,0.0,0.0,3.85,0,1.1,80,88.0
7608,11,13,23,54.78,33.4,4.918,0.0,0.0,4.48,0,1.1,80,88.0
7609,11,14,0,52.86,32.9,4.918,0.0,0.0,6.19,0,1.1,80,88.0
7610,11,14,1,52.81,31.8,4.918,0.0,0.0,6.7,0,1.1,80,88.0
7611,11,14,2,48.66,31.6,4.918,0.0,0.0,7.71,0,1.1,80,88.0
7612,11,14,3,48.74,31.6,4.918,0.0,0.0,5.81,0,1.1,80,88.0
7613,11,14,4,55.93,31.8,4.918,0.0,0.0,6.96,0,1.1,80,88.0
7614,11,14,5,51.81,30.9,4.918,0.0,0.0,7.26,0,1.1,80,88.0
7615,11,14,6,71.56,30.6,4.918,0.0,0.0,7.23,0,1.1,80,88.0
7616,11,14,7,84.03,31.8,4.918,14.3,16.0,7.56,0,1.1,80,88.0
7617,11,14,8,49.78,35.2,4.918,403.9,176.0,6.85,1,1.1,100,110.00000000000001
7618,11,14,9,40.05,38.8,4.918,185.3,188.0,9.29,1,1.1,100,110.00000000000001
7619,11,14,10,42.2,41.2,4.918,209.7,217.0,8.55,1,1.1,100,110.00000000000001
7620,11,14,11,42.26,42.8,4.918,213.2,225.0,9.42,1,1.1,100,110.00000000000001
7621,11,14,12,43.12,43.3,4.918,121.5,136.0,8.5,1,1.1,100,110.00000000000001
7622,11,14,13,43.06,42.8,4.918,109.0,122.0,8.52,1,1.1,100,110.00000000000001
7623,11,14,14,56.39,41.9,4.918,65.2,73.0,8.24,1,1.1,100,110.00000000000001
7624,11,14,15,74.75,40.6,4.918,60.8,68.0,7.89,1,1.1,100,110.00000000000001
7625,11,14,16,79.77,37.2,4.918,0.0,47.0,8.13,0,1.1,80,88.0
7626,11,14,17,73.23,34.5,4.918,0.0,0.0,8.12,0,1.1,80,88.0
7627,11,14,18,78.15,34.3,4.918,0.0,0.0,7.11,0,1.1,80,88.0
7628,11,14,19,75.89,33.6,4.918,0.0,0.0,7.88,0,1.1,80,88.0
7629,11,14,20,73.46,32.5,4.918,0.0,0.0,8.03,0,1.1,80,88.0
7630,11,14,21,60.44,31.6,4.918,0.0,0.0,6.97,0,1.1,80,88.0
7631,11,14,22,55.17,30.9,4.918,0.0,0.0,7.53,0,1.1,80,88.0
7632,11,14,23,52.13,30.0,4.918,0.0,0.0,7.9,0,1.1,80,88.0
7633,11,15,0,57.8,29.5,4.918,0.0,0.0,7.01,0,1.1,80,88.0
7634,11,15,1,65.18,28.9,4.918,0.0,0.0,7.46,0,1.1,80,88.0
7635,11,15,2,56.75,28.4,4.918,0.0,0.0,6.89,0,1.1,80,88.0
7636,11,15,3,69.08,28.6,4.918,0.0,0.0,3.15,0,1.1,80,88.0
7637,11,15,4,64.83,28.9,4.918,0.0,0.0,0.42,0,1.1,80,88.0
7638,11,15,5,54.39,28.9,4.918,0.0,0.0,1.3,0,1.1,80,88.0
7639,11,15,6,75.74,28.9,4.918,0.0,0.0,1.84,0,1.1,80,88.0
7640,11,15,7,81.99,29.7,4.918,77.0,30.0,2.19,0,1.1,80,88.0
7641,11,15,8,62.58,33.3,4.918,417.9,178.0,2.46,1,1.1,100,110.00000000000001
7642,11,15,9,52.27,37.0,4.918,692.8,327.0,4.22,1,1.1,100,110.00000000000001
7643,11,15,10,47.27,39.7,4.918,877.4,435.0,3.58,1,1.1,100,110.00000000000001
7644,11,15,11,45.09,41.4,4.918,982.2,494.0,4.76,1,1.1,100,110.00000000000001
7645,11,15,12,45.59,42.6,4.918,999.2,495.0,5.43,1,1.1,100,110.00000000000001
7646,11,15,13,55.96,43.0,4.918,661.5,369.0,5.79,1,1.1,100,110.00000000000001
7647,11,15,14,68.46,42.3,4.918,569.7,288.0,6.35,1,1.1,100,110.00000000000001
7648,11,15,15,69.93,41.0,4.918,48.3,54.0,5.41,1,1.1,100,110.00000000000001
7649,11,15,16,98.27,36.9,4.918,0.0,34.0,5.83,0,1.1,80,88.0
7650,11,15,17,94.58,35.2,4.918,0.0,0.0,7.2,0,1.1,80,88.0
7651,11,15,18,82.14,35.8,4.918,0.0,0.0,10.53,0,1.1,80,88.0
7652,11,15,19,76.48,34.7,4.918,0.0,0.0,9.25,0,1.1,80,88.0
7653,11,15,20,81.84,34.9,4.918,0.0,0.0,8.93,0,1.1,80,88.0
7654,11,15,21,66.81,35.4,4.918,0.0,0.0,9.84,0,1.1,80,88.0
7655,11,15,22,56.25,36.7,4.918,0.0,0.0,9.42,0,1.1,80,88.0
7656,11,15,23,51.15,38.1,4.918,0.0,0.0,11.49,0,1.1,80,88.0
7657,11,16,0,76.55,39.6,4.918,0.0,0.0,9.03,0,1.1,80,88.0
7658,11,16,1,69.12,40.8,4.918,0.0,0.0,10.68,0,1.1,80,88.0
7659,11,16,2,66.15,41.4,4.918,0.0,0.0,11.52,0,1.1,80,88.0
7660,11,16,3,67.37,42.4,4.918,0.0,0.0,13.01,0,1.1,80,88.0
7661,11,16,4,72.39,43.9,4.918,0.0,0.0,12.39,0,1.1,80,88.0
7662,11,16,5,72.98,44.6,4.918,0.0,0.0,11.39,0,1.1,80,88.0
7663,11,16,6,67.29,44.2,4.918,0.0,0.0,10.3,1,1.1,100,110.00000000000001
7664,11,16,7,56.33,43.3,4.918,23.7,22.0,8.35,1,1.1,100,110.00000000000001
7665,11,16,8,75.3,42.6,4.918,73.1,79.0,8.66,1,1.1,100,110.00000000000001
7666,11,16,9,60.43,42.4,4.918,274.8,225.0,8.75,1,1.1,100,110.00000000000001
7667,11,16,10,65.68,42.3,4.918,838.0,419.0,8.66,1,1.1,100,110.00000000000001
7668,11,16,11,58.27,42.6,4.918,162.9,180.0,7.77,1,1.1,100,110.00000000000001
7669,11,16,12,61.97,42.8,4.918,121.5,136.0,5.63,1,1.1,100,110.00000000000001
7670,11,16,13,69.46,41.9,4.918,44.7,50.0,5.05,1,1.1,100,110.00000000000001
7671,11,16,14,70.28,40.1,4.918,32.2,36.0,6.01,0,1.1,80,88.0
7672,11,16,15,64.43,38.3,4.918,31.3,35.0,4.6,0,1.1,80,88.0
7673,11,16,16,76.3,36.7,4.918,0.0,6.0,5.22,0,1.1,80,88.0
7674,11,16,17,74.7,35.8,4.918,0.0,0.0,4.37,0,1.1,80,88.0
7675,11,16,18,77.63,34.9,4.918,0.0,0.0,3.44,0,1.1,80,88.0
7676,11,16,19,69.67,34.0,4.918,0.0,0.0,4.17,0,1.1,80,88.0
7677,11,16,20,62.74,32.9,4.918,0.0,0.0,3.76,0,1.1,80,88.0
7678,11,16,21,56.47,31.6,4.918,0.0,0.0,4.53,0,1.1,80,88.0
7679,11,16,22,47.24,30.9,4.918,0.0,0.0,5.25,0,1.1,80,88.0
7680,11,16,23,52.33,30.2,4.918,0.0,0.0,4.57,0,1.1,80,88.0
7681,11,17,0,48.9,29.7,4.918,0.0,0.0,5.15,1,1.1,100,110.00000000000001
7682,11,17,1,47.44,29.1,4.918,0.0,0.0,4.62,1,1.1,100,110.00000000000001
7683,11,17,2,49.04,28.8,4.918,0.0,0.0,5.76,1,1.1,100,110.00000000000001
7684,11,17,3,49.96,28.6,4.918,0.0,0.0,6.84,1,1.1,100,110.00000000000001
7685,11,17,4,51.16,28.6,4.918,0.0,0.0,6.16,1,1.1,100,110.00000000000001
7686,11,17,5,62.65,28.6,4.918,0.0,0.0,7.09,1,1.1,100,110.00000000000001
7687,11,17,6,83.89,28.8,4.918,0.0,0.0,8.07,1,1.1,100,110.00000000000001
7688,11,17,7,100.9,29.3,4.918,56.3,24.0,11.44,1,1.1,100,110.00000000000001
7689,11,17,8,82.64,31.1,4.918,123.8,112.0,12.2,0,1.1,80,88.0
7690,11,17,9,70.14,33.3,4.918,244.6,213.0,16.14,0,1.1,80,88.0
7691,11,17,10,60.58,34.9,4.918,450.8,322.0,17.43,0,1.1,80,88.0
7692,11,17,11,54.4,35.8,4.918,620.3,394.0,16.36,0,1.1,80,88.0
7693,11,17,12,53.44,36.3,4.918,989.0,486.0,14.85,0,1.1,80,88.0
7694,11,17,13,54.56,36.5,4.918,933.7,434.0,13.36,0,1.1,80,88.0
7695,11,17,14,61.24,36.3,4.918,812.3,331.0,13.18,0,1.1,80,88.0
7696,11,17,15,96.83,35.6,4.918,687.8,190.0,14.16,0,1.1,80,88.0
7697,11,17,16,109.01,34.0,4.918,0.0,42.0,13.92,0,1.1,80,88.0
7698,11,17,17,135.29,33.1,4.918,0.0,0.0,15.27,0,1.1,80,88.0
7699,11,17,18,96.74,32.4,4.918,0.0,0.0,15.53,0,1.1,80,88.0
7700,11,17,19,89.08,32.0,4.918,0.0,0.0,12.51,0,1.1,80,88.0
7701,11,17,20,83.2,31.6,4.918,0.0,0.0,13.58,0,1.1,80,88.0
7702,11,17,21,59.9,31.6,4.918,0.0,0.0,14.49,0,1.1,80,88.0
7703,11,17,22,55.71,31.6,4.918,0.0,0.0,12.72,0,1.1,80,88.0
7704,11,17,23,39.99,31.6,4.918,0.0,0.0,11.82,0,1.1,80,88.0
7705,11,18,0,42.73,31.6,4.918,0.0,0.0,11.43,0,1.1,80,88.0
7706,11,18,1,42.19,31.5,4.918,0.0,0.0,11.16,0,1.1,80,88.0
7707,11,18,2,43.8,31.3,4.918,0.0,0.0,8.41,0,1.1,80,88.0
7708,11,18,3,42.22,31.1,4.918,0.0,0.0,8.32,0,1.1,80,88.0
7709,11,18,4,44.7,30.9,4.918,0.0,0.0,7.96,0,1.1,80,88.0
7710,11,18,5,53.2,30.9,4.918,0.0,0.0,6.54,0,1.1,80,88.0
7711,11,18,6,80.66,30.7,4.918,0.0,0.0,7.23,0,1.1,80,88.0
7712,11,18,7,110.16,31.5,4.918,60.3,23.0,6.83,0,1.1,80,88.0
7713,11,18,8,57.21,34.3,4.918,395.7,163.0,9.44,1,1.1,100,110.00000000000001
7714,11,18,9,46.36,37.0,4.918,666.1,307.0,9.94,1,1.1,100,110.00000000000001
7715,11,18,10,45.5,39.4,4.918,859.1,418.0,9.29,1,1.1,100,110.00000000000001
7716,11,18,11,45.27,41.0,4.918,971.2,480.0,11.24,1,1.1,100,110.00000000000001
7717,11,18,12,44.02,41.7,4.918,996.9,485.0,12.58,1,1.1,100,110.00000000000001
7718,11,18,13,45.98,42.1,4.918,943.6,434.0,14.45,1,1.1,100,110.00000000000001
7719,11,18,14,47.46,41.5,4.918,822.3,331.0,13.06,1,1.1,100,110.00000000000001
7720,11,18,15,59.44,40.1,4.918,698.8,189.0,11.47,1,1.1,100,110.00000000000001
7721,11,18,16,106.21,35.8,4.918,0.0,42.0,11.58,0,1.1,80,88.0
7722,11,18,17,121.26,31.6,4.918,0.0,0.0,11.55,0,1.1,80,88.0
7723,11,18,18,105.57,29.7,4.918,0.0,0.0,11.68,0,1.1,80,88.0
7724,11,18,19,90.03,28.9,4.918,0.0,0.0,12.25,0,1.1,80,88.0
7725,11,18,20,85.79,27.9,4.918,0.0,0.0,12.18,0,1.1,80,88.0
7726,11,18,21,72.61,27.0,4.918,0.0,0.0,11.81,0,1.1,80,88.0
7727,11,18,22,71.62,26.6,4.918,0.0,0.0,11.98,0,1.1,80,88.0
7728,11,18,23,65.52,27.3,4.918,0.0,0.0,12.09,0,1.1,80,88.0
7729,11,19,0,52.16,27.7,4.918,0.0,0.0,12.09,0,1.1,80,88.0
7730,11,19,1,51.26,27.9,4.918,0.0,0.0,11.57,0,1.1,80,88.0
7731,11,19,2,53.22,27.9,4.918,0.0,0.0,9.84,0,1.1,80,88.0
7732,11,19,3,52.0,27.9,4.918,0.0,0.0,9.01,0,1.1,80,88.0
7733,11,19,4,52.46,27.1,4.918,0.0,0.0,8.08,0,1.1,80,88.0
7734,11,19,5,67.26,26.6,4.918,0.0,0.0,7.75,0,1.1,80,88.0
7735,11,19,6,94.52,26.4,4.918,0.0,0.0,8.14,0,1.1,80,88.0
7736,11,19,7,120.55,28.4,4.918,51.9,21.0,9.28,0,1.1,80,88.0
7737,11,19,8,87.32,33.8,4.918,385.2,160.0,12.54,1,1.1,100,110.00000000000001
7738,11,19,9,60.49,38.5,4.918,669.3,309.0,12.96,1,1.1,100,110.00000000000001
7739,11,19,10,53.51,40.8,4.918,866.8,421.0,12.86,1,1.1,100,110.00000000000001
7740,11,19,11,49.79,42.3,4.918,972.3,479.0,12.77,1,1.1,100,110.00000000000001
7741,11,19,12,48.92,43.3,4.918,999.8,484.0,13.14,1,1.1,100,110.00000000000001
7742,11,19,13,50.31,43.5,4.918,945.0,432.0,11.57,1,1.1,100,110.00000000000001
7743,11,19,14,55.12,42.8,4.918,824.7,329.0,10.16,1,1.1,100,110.00000000000001
7744,11,19,15,68.99,39.7,4.918,707.3,188.0,11.84,1,1.1,100,110.00000000000001
7745,11,19,16,99.8,31.6,4.918,0.0,39.0,10.94,0,1.1,80,88.0
7746,11,19,17,119.26,29.7,4.918,0.0,0.0,10.13,0,1.1,80,88.0
7747,11,19,18,112.64,29.3,4.918,0.0,0.0,10.74,0,1.1,80,88.0
7748,11,19,19,104.68,28.9,4.918,0.0,0.0,10.71,0,1.1,80,88.0
7749,11,19,20,96.93,28.6,4.918,0.0,0.0,11.75,0,1.1,80,88.0
7750,11,19,21,78.34,28.4,4.918,0.0,0.0,12.78,0,1.1,80,88.0
7751,11,19,22,60.31,27.9,4.918,0.0,0.0,10.96,0,1.1,80,88.0
7752,11,19,23,52.59,27.5,4.918,0.0,0.0,10.17,0,1.1,80,88.0
7753,11,20,0,50.56,27.7,4.918,0.0,0.0,10.37,0,1.1,80,88.0
7754,11,20,1,49.17,28.0,4.918,0.0,0.0,10.49,0,1.1,80,88.0
7755,11,20,2,49.34,28.4,4.918,0.0,0.0,9.45,0,1.1,80,88.0
7756,11,20,3,50.82,28.9,4.918,0.0,0.0,8.49,0,1.1,80,88.0
7757,11,20,4,51.16,30.0,4.918,0.0,0.0,8.36,0,1.1,80,88.0
7758,11,20,5,60.29,30.2,4.918,0.0,0.0,8.32,0,1.1,80,88.0
7759,11,20,6,100.83,30.0,4.918,0.0,0.0,6.89,0,1.1,80,88.0
7760,11,20,7,107.62,30.0,4.918,41.9,18.0,6.36,0,1.1,80,88.0
7761,11,20,8,85.3,33.4,4.918,192.6,125.0,5.83,1,1.1,100,110.00000000000001
7762,11,20,9,61.53,37.6,4.918,645.3,296.0,6.11,1,1.1,100,110.00000000000001
7763,11,20,10,52.99,40.3,4.918,687.3,376.0,7.39,1,1.1,100,110.00000000000001
7764,11,20,11,50.54,41.9,4.918,721.8,402.0,7.45,1,1.1,100,110.00000000000001
7765,11,20,12,49.89,43.0,4.918,519.0,346.0,6.96,1,1.1,100,110.00000000000001
7766,11,20,13,50.11,43.7,4.918,675.5,355.0,6.19,1,1.1,100,110.00000000000001
7767,11,20,14,57.9,43.2,4.918,802.0,318.0,6.28,1,1.1,100,110.00000000000001
7768,11,20,15,80.34,41.0,4.918,686.6,180.0,6.05,1,1.1,100,110.00000000000001
7769,11,20,16,103.39,37.9,4.918,0.0,37.0,4.43,0,1.1,80,88.0
7770,11,20,17,114.96,36.0,4.918,0.0,0.0,4.22,0,1.1,80,88.0
7771,11,20,18,104.87,34.0,4.918,0.0,0.0,4.22,0,1.1,80,88.0
7772,11,20,19,105.15,32.0,4.918,0.0,0.0,4.1,0,1.1,80,88.0
7773,11,20,20,102.41,30.7,4.918,0.0,0.0,2.15,0,1.1,80,88.0
7774,11,20,21,70.24,29.8,4.918,0.0,0.0,2.23,0,1.1,80,88.0
7775,11,20,22,63.5,28.9,4.918,0.0,0.0,3.89,0,1.1,80,88.0
7776,11,20,23,56.47,28.2,4.918,0.0,0.0,3.61,0,1.1,80,88.0
7777,11,21,0,77.12,28.2,4.918,0.0,0.0,2.5,0,1.1,80,88.0
7778,11,21,1,63.46,29.1,4.918,0.0,0.0,5.34,0,1.1,80,88.0
7779,11,21,2,62.9,29.5,4.918,0.0,0.0,4.35,0,1.1,80,88.0
7780,11,21,3,57.58,28.2,4.918,0.0,0.0,2.42,0,1.1,80,88.0
7781,11,21,4,63.21,27.7,4.918,0.0,0.0,3.75,0,1.1,80,88.0
7782,11,21,5,69.29,28.0,4.918,0.0,0.0,1.76,0,1.1,80,88.0
7783,11,21,6,110.35,28.9,4.918,0.0,0.0,2.19,0,1.1,80,88.0
7784,11,21,7,99.99,31.5,4.918,2.7,3.0,2.41,0,1.1,80,88.0
7785,11,21,8,88.42,35.1,4.918,280.1,131.0,3.93,1,1.1,100,110.00000000000001
7786,11,21,9,80.18,38.8,4.918,62.6,70.0,4.41,1,1.1,100,110.00000000000001
7787,11,21,10,67.34,41.7,4.918,57.2,64.0,5.73,1,1.1,100,110.00000000000001
7788,11,21,11,61.72,43.2,4.918,304.0,285.0,6.02,1,1.1,100,110.00000000000001
7789,11,21,12,59.8,44.2,4.918,121.8,134.0,7.8,1,1.1,100,110.00000000000001
7790,11,21,13,62.65,44.8,4.918,105.5,118.0,8.45,1,1.1,100,110.00000000000001
7791,11,21,14,68.72,44.2,4.918,79.5,89.0,8.29,1,1.1,100,110.00000000000001
7792,11,21,15,63.21,41.4,4.918,62.6,70.0,7.74,1,1.1,100,110.00000000000001
7793,11,21,16,89.04,37.0,4.918,0.0,5.0,8.41,0,1.1,80,88.0
7794,11,21,17,93.17,36.7,4.918,0.0,0.0,8.53,0,1.1,80,88.0
7795,11,21,18,85.7,36.5,4.918,0.0,0.0,9.14,0,1.1,80,88.0
7796,11,21,19,69.81,36.0,4.918,0.0,0.0,10.39,0,1.1,80,88.0
7797,11,21,20,59.23,35.6,4.918,0.0,0.0,9.8,0,1.1,80,88.0
7798,11,21,21,55.96,36.1,4.918,0.0,0.0,10.61,0,1.1,80,88.0
7799,11,21,22,51.47,36.7,4.918,0.0,0.0,10.36,0,1.1,80,88.0
7800,11,21,23,48.03,37.6,4.918,0.0,0.0,9.78,0,1.1,80,88.0
7801,11,22,0,63.24,37.4,4.918,0.0,0.0,11.84,0,1.1,80,88.0
7802,11,22,1,62.42,37.2,4.918,0.0,0.0,9.51,0,1.1,80,88.0
7803,11,22,2,56.17,37.2,4.918,0.0,0.0,9.38,0,1.1,80,88.0
7804,11,22,3,54.18,37.2,4.918,0.0,0.0,9.59,0,1.1,80,88.0
7805,11,22,4,53.87,37.2,4.918,0.0,0.0,10.06,0,1.1,80,88.0
7806,11,22,5,59.19,37.0,4.918,0.0,0.0,8.47,0,1.1,80,88.0
7807,11,22,6,62.92,36.9,4.918,0.0,0.0,7.09,0,1.1,80,88.0
7808,11,22,7,63.27,36.9,4.918,2.7,3.0,7.57,0,1.1,80,88.0
7809,11,22,8,89.05,38.1,4.918,5.4,6.0,5.74,0,1.1,80,88.0
7810,11,22,9,95.76,39.7,4.918,14.3,16.0,8.72,0,1.1,80,88.0
7811,11,22,10,80.07,41.5,4.918,117.1,125.0,8.97,0,1.1,80,88.0
7812,11,22,11,67.23,44.4,4.918,412.6,324.0,8.5,0,1.1,80,88.0
7813,11,22,12,64.6,46.6,4.918,311.7,287.0,7.3,0,1.1,80,88.0
7814,11,22,13,53.96,46.8,4.918,75.1,84.0,6.3,0,1.1,80,88.0
7815,11,22,14,53.44,45.7,4.918,809.4,316.0,6.25,0,1.1,80,88.0
7816,11,22,15,59.63,43.5,4.918,702.0,178.0,5.63,0,1.1,80,88.0
7817,11,22,16,68.39,39.9,4.918,0.0,35.0,6.25,1,1.1,100,110.00000000000001
7818,11,22,17,63.46,36.7,4.918,0.0,0.0,5.99,1,1.1,100,110.00000000000001
7819,11,22,18,49.15,34.2,4.918,0.0,0.0,5.65,1,1.1,100,110.00000000000001
7820,11,22,19,56.37,31.1,4.918,0.0,0.0,7.5,1,1.1,100,110.00000000000001
7821,11,22,20,52.3,29.1,4.918,0.0,0.0,8.24,1,1.1,100,110.00000000000001
7822,11,22,21,53.28,27.3,4.918,0.0,0.0,8.85,1,1.1,100,110.00000000000001
7823,11,22,22,51.01,26.6,4.918,0.0,0.0,9.07,1,1.1,100,110.00000000000001
7824,11,22,23,56.2,26.2,4.918,0.0,0.0,11.53,1,1.1,100,110.00000000000001
7825,11,23,0,62.61,26.8,4.918,0.0,0.0,11.45,0,1.1,80,88.0
7826,11,23,1,59.09,27.3,4.918,0.0,0.0,12.92,0,1.1,80,88.0
7827,11,23,2,55.43,27.9,4.918,0.0,0.0,11.02,0,1.1,80,88.0
7828,11,23,3,53.05,28.2,4.918,0.0,0.0,10.61,1,1.1,100,110.00000000000001
7829,11,23,4,54.19,27.9,4.918,0.0,0.0,11.07,1,1.1,100,110.00000000000001
7830,11,23,5,56.24,28.4,4.918,0.0,0.0,13.58,1,1.1,100,110.00000000000001
7831,11,23,6,58.16,28.9,4.918,0.0,0.0,13.47,1,1.1,100,110.00000000000001
7832,11,23,7,64.73,30.4,4.918,0.0,0.0,14.57,1,1.1,100,110.00000000000001
7833,11,23,8,63.4,33.1,4.918,219.4,123.0,13.66,1,1.1,100,110.00000000000001
7834,11,23,9,54.52,36.7,4.918,102.3,112.0,14.15,1,1.1,100,110.00000000000001
7835,11,23,10,54.23,39.4,4.918,66.1,74.0,15.08,1,1.1,100,110.00000000000001
7836,11,23,11,65.16,40.5,4.918,49.2,55.0,17.65,0,1.1,80,88.0
7837,11,23,12,89.42,40.8,4.918,37.5,42.0,17.4,0,1.1,80,88.0
7838,11,23,13,122.36,40.3,4.918,13.4,15.0,17.8,0,1.1,80,88.0
7839,11,23,14,128.5,39.0,4.918,48.3,54.0,13.35,0,1.1,80,88.0
7840,11,23,15,96.67,36.9,4.918,5.4,6.0,10.42,0,1.1,80,88.0
7841,11,23,16,97.45,33.4,4.918,0.0,2.0,10.44,0,1.1,80,88.0
7842,11,23,17,120.02,32.4,4.918,0.0,0.0,9.31,0,1.1,80,88.0
7843,11,23,18,92.67,32.7,4.918,0.0,0.0,9.65,0,1.1,80,88.0
7844,11,23,19,87.81,32.5,4.918,0.0,0.0,11.34,0,1.1,80,88.0
7845,11,23,20,85.19,32.5,4.918,0.0,0.0,10.53,0,1.1,80,88.0
7846,11,23,21,67.5,33.1,4.918,0.0,0.0,12.32,0,1.1,80,88.0
7847,11,23,22,72.12,33.4,4.918,0.0,0.0,11.0,0,1.1,80,88.0
7848,11,23,23,74.43,33.6,4.918,0.0,0.0,11.05,0,1.1,80,88.0
7849,11,24,0,67.08,34.5,4.918,0.0,0.0,10.35,0,1.1,80,88.0
7850,11,24,1,56.54,34.9,4.918,0.0,0.0,8.9,0,1.1,80,88.0
7851,11,24,2,55.79,35.2,4.918,0.0,0.0,9.07,0,1.1,80,88.0
7852,11,24,3,56.22,35.1,4.918,0.0,0.0,9.17,0,1.1,80,88.0
7853,11,24,4,76.99,34.9,4.918,0.0,0.0,6.3,0,1.1,80,88.0
7854,11,24,5,69.52,34.7,4.918,0.0,0.0,4.95,0,1.1,80,88.0
7855,11,24,6,127.31,34.2,4.918,0.0,0.0,6.17,0,1.1,80,88.0
7856,11,24,7,144.4,34.7,4.918,0.0,0.0,8.57,0,1.1,80,88.0
7857,11,24,8,96.27,36.7,4.918,324.8,135.0,9.37,1,1.1,100,110.00000000000001
7858,11,24,9,56.01,39.6,4.918,226.6,195.0,10.18,1,1.1,100,110.00000000000001
7859,11,24,10,56.52,42.1,4.918,255.6,241.0,10.7,1,1.1,100,110.00000000000001
7860,11,24,11,54.85,44.1,4.918,612.0,374.0,10.99,1,1.1,100,110.00000000000001
7861,11,24,12,51.74,45.0,4.918,163.2,178.0,11.06,1,1.1,100,110.00000000000001
7862,11,24,13,50.86,45.1,4.918,227.2,225.0,11.28,1,1.1,100,110.00000000000001
7863,11,24,14,55.11,44.4,4.918,810.7,312.0,11.4,1,1.1,100,110.00000000000001
7864,11,24,15,71.65,42.3,4.918,705.7,174.0,11.53,1,1.1,100,110.00000000000001
7865,11,24,16,104.21,36.1,4.918,0.0,32.0,12.1,0,1.1,80,88.0
7866,11,24,17,114.59,33.4,4.918,0.0,0.0,11.33,0,1.1,80,88.0
7867,11,24,18,92.76,31.6,4.918,0.0,0.0,11.92,0,1.1,80,88.0
7868,11,24,19,87.58,31.3,4.918,0.0,0.0,12.29,0,1.1,80,88.0
7869,11,24,20,92.48,31.5,4.918,0.0,0.0,11.13,0,1.1,80,88.0
7870,11,24,21,81.14,30.7,4.918,0.0,0.0,9.53,0,1.1,80,88.0
7871,11,24,22,67.36,30.6,4.918,0.0,0.0,8.67,0,1.1,80,88.0
7872,11,24,23,57.5,29.7,4.918,0.0,0.0,6.89,0,1.1,80,88.0
7873,11,25,0,60.01,29.8,4.918,0.0,0.0,7.11,1,1.1,100,110.00000000000001
7874,11,25,1,51.03,31.5,4.918,0.0,0.0,7.99,1,1.1,100,110.00000000000001
7875,11,25,2,48.61,33.8,4.918,0.0,0.0,9.14,1,1.1,100,110.00000000000001
7876,11,25,3,50.76,34.3,4.918,0.0,0.0,10.93,1,1.1,100,110.00000000000001
7877,11,25,4,51.26,34.7,4.918,0.0,0.0,11.48,1,1.1,100,110.00000000000001
7878,11,25,5,62.38,34.9,4.918,0.0,0.0,9.83,1,1.1,100,110.00000000000001
7879,11,25,6,87.3,34.5,4.918,0.0,0.0,10.3,1,1.1,100,110.00000000000001
7880,11,25,7,94.55,35.1,4.918,0.0,0.0,4.36,1,1.1,100,110.00000000000001
7881,11,25,8,82.27,37.2,4.918,58.1,62.0,2.95,0,1.1,80,88.0
7882,11,25,9,81.31,40.3,4.918,131.4,131.0,6.59,0,1.1,80,88.0
7883,11,25,10,70.12,44.1,4.918,202.8,192.0,6.72,0,1.1,80,88.0
7884,11,25,11,53.56,46.0,4.918,152.9,161.0,6.65,0,1.1,80,88.0
7885,11,25,12,72.08,46.8,4.918,114.6,124.0,5.94,0,1.1,80,88.0
7886,11,25,13,94.16,46.8,4.918,131.5,138.0,7.07,0,1.1,80,88.0
7887,11,25,14,87.72,45.7,4.918,130.3,131.0,6.28,0,1.1,80,88.0
7888,11,25,15,90.44,43.9,4.918,57.6,59.0,6.95,0,1.1,80,88.0
7889,11,25,16,86.85,41.9,4.918,0.0,22.0,5.9,0,1.1,80,88.0
7890,11,25,17,99.75,42.1,4.918,0.0,0.0,6.37,0,1.1,80,88.0
7891,11,25,18,93.9,42.3,4.918,0.0,0.0,7.83,0,1.1,80,88.0
7892,11,25,19,79.59,43.0,4.918,0.0,0.0,8.13,0,1.1,80,88.0
7893,11,25,20,70.14,43.7,4.918,0.0,0.0,7.66,0,1.1,80,88.0
7894,11,25,21,60.44,44.1,4.918,0.0,0.0,7.16,0,1.1,80,88.0
7895,11,25,22,52.26,44.4,4.918,0.0,0.0,7.57,0,1.1,80,88.0
7896,11,25,23,49.87,45.0,4.918,0.0,0.0,6.56,0,1.1,80,88.0
7897,11,26,0,50.49,45.7,4.918,0.0,0.0,5.73,1,1.1,100,110.00000000000001
7898,11,26,1,44.8,47.1,4.918,0.0,0.0,6.77,1,1.1,100,110.00000000000001
7899,11,26,2,44.57,47.5,4.918,0.0,0.0,5.33,1,1.1,100,110.00000000000001
7900,11,26,3,44.51,47.8,4.918,0.0,0.0,5.34,1,1.1,100,110.00000000000001
7901,11,26,4,44.61,45.9,4.918,0.0,0.0,4.01,1,1.1,100,110.00000000000001
7902,11,26,5,51.36,45.5,4.918,0.0,0.0,3.66,1,1.1,100,110.00000000000001
7903,11,26,6,67.45,45.5,4.918,0.0,0.0,3.9,1,1.1,100,110.00000000000001
7904,11,26,7,65.65,46.0,4.918,0.0,0.0,5.3,1,1.1,100,110.00000000000001
7905,11,26,8,66.43,48.0,4.918,27.7,31.0,6.2,0,1.1,80,88.0
7906,11,26,9,62.88,49.6,4.918,74.2,83.0,5.43,0,1.1,80,88.0
7907,11,26,10,77.89,51.6,4.918,752.6,359.0,3.29,0,1.1,80,88.0
7908,11,26,11,72.75,54.0,4.918,113.5,127.0,4.34,0,1.1,80,88.0
7909,11,26,12,65.14,56.1,4.918,125.1,140.0,5.34,0,1.1055000000000001,80,88.44000000000001
7910,11,26,13,62.07,57.7,4.918,14.3,16.0,6.99,0,1.1135000000000002,80,89.08000000000001
7911,11,26,14,59.17,57.9,4.918,730.1,284.0,7.37,0,1.1145,80,89.16
7912,11,26,15,70.94,55.6,4.918,6.3,7.0,8.3,0,1.1030000000000002,80,88.24000000000001
7913,11,26,16,79.7,51.8,4.918,0.0,2.0,8.33,0,1.1,80,88.0
7914,11,26,17,74.58,51.1,4.918,0.0,0.0,7.96,0,1.1,80,88.0
7915,11,26,18,68.48,50.5,4.918,0.0,0.0,8.55,0,1.1,80,88.0
7916,11,26,19,68.36,50.0,4.918,0.0,0.0,7.94,0,1.1,80,88.0
7917,11,26,20,62.79,49.8,4.918,0.0,0.0,9.14,0,1.1,80,88.0
7918,11,26,21,56.38,50.4,4.918,0.0,0.0,10.82,0,1.1,80,88.0
7919,11,26,22,54.54,49.6,4.918,0.0,0.0,10.64,0,1.1,80,88.0
7920,11,26,23,50.03,45.9,4.918,0.0,0.0,10.96,0,1.1,80,88.0
7921,11,27,0,52.72,40.5,4.918,0.0,0.0,10.14,0,1.1,80,88.0
7922,11,27,1,51.18,37.8,4.918,0.0,0.0,3.88,0,1.1,80,88.0
7923,11,27,2,49.07,36.7,4.918,0.0,0.0,2.66,0,1.1,80,88.0
7924,11,27,3,47.1,35.6,4.918,0.0,0.0,6.85,0,1.1,80,88.0
7925,11,27,4,44.18,34.7,4.918,0.0,0.0,5.78,0,1.1,80,88.0
7926,11,27,5,44.94,34.2,4.918,0.0,0.0,8.28,0,1.1,80,88.0
7927,11,27,6,45.24,33.8,4.918,0.0,0.0,11.07,1,1.1,100,110.00000000000001
7928,11,27,7,46.91,33.8,4.918,0.0,0.0,11.59,1,1.1,100,110.00000000000001
7929,11,27,8,52.03,36.1,4.918,245.3,113.0,12.44,1,1.1,100,110.00000000000001
7930,11,27,9,46.39,38.7,4.918,607.3,270.0,11.62,1,1.1,100,110.00000000000001
7931,11,27,10,45.98,39.9,4.918,566.7,314.0,11.91,1,1.1,100,110.00000000000001
7932,11,27,11,45.11,40.3,4.918,370.6,305.0,12.12,1,1.1,100,110.00000000000001
7933,11,27,12,45.02,41.0,4.918,510.8,343.0,13.81,1,1.1,100,110.00000000000001
7934,11,27,13,42.84,41.2,4.918,481.8,308.0,14.64,1,1.1,100,110.00000000000001
7935,11,27,14,49.66,40.6,4.918,112.0,122.0,16.14,0,1.1,80,88.0
7936,11,27,15,53.09,39.2,4.918,24.1,27.0,15.75,0,1.1,80,88.0
7937,11,27,16,61.11,36.7,4.918,0.0,15.0,14.39,0,1.1,80,88.0
7938,11,27,17,65.3,35.2,4.918,0.0,0.0,13.45,0,1.1,80,88.0
7939,11,27,18,59.46,34.9,4.918,0.0,0.0,14.67,0,1.1,80,88.0
7940,11,27,19,43.41,34.9,4.918,0.0,0.0,13.85,0,1.1,80,88.0
7941,11,27,20,45.5,34.7,4.918,0.0,0.0,16.12,0,1.1,80,88.0
7942,11,27,21,44.28,34.2,4.918,0.0,0.0,12.97,0,1.1,80,88.0
7943,11,27,22,43.88,33.6,4.918,0.0,0.0,12.08,0,1.1,80,88.0
7944,11,27,23,43.02,32.9,4.918,0.0,0.0,12.96,0,1.1,80,88.0
7945,11,28,0,49.46,32.2,4.918,0.0,0.0,12.65,0,1.1,80,88.0
7946,11,28,1,45.78,31.5,4.918,0.0,0.0,12.83,0,1.1,80,88.0
7947,11,28,2,43.39,31.1,4.918,0.0,0.0,11.89,0,1.1,80,88.0
7948,11,28,3,44.9,30.7,4.918,0.0,0.0,12.59,0,1.1,80,88.0
7949,11,28,4,45.82,30.6,4.918,0.0,0.0,12.77,0,1.1,80,88.0
7950,11,28,5,49.31,30.4,4.918,0.0,0.0,14.27,0,1.1,80,88.0
7951,11,28,6,90.3,30.4,4.918,0.0,0.0,15.52,0,1.1,80,88.0
7952,11,28,7,72.08,30.7,4.918,0.0,0.0,15.29,0,1.1,80,88.0
7953,11,28,8,50.39,32.5,4.918,11.6,13.0,14.51,1,1.1,100,110.00000000000001
7954,11,28,9,42.01,34.5,4.918,240.5,196.0,14.82,1,1.1,100,110.00000000000001
7955,11,28,10,43.3,35.6,4.918,387.9,272.0,12.64,1,1.1,100,110.00000000000001
7956,11,28,11,49.9,35.8,4.918,726.5,397.0,13.45,1,1.1,100,110.00000000000001
7957,11,28,12,46.13,36.0,4.918,482.2,322.0,14.17,1,1.1,100,110.00000000000001
7958,11,28,13,47.8,35.8,4.918,185.0,183.0,14.24,1,1.1,100,110.00000000000001
7959,11,28,14,55.17,35.2,4.918,114.6,119.0,14.84,1,1.1,100,110.00000000000001
7960,11,28,15,70.12,34.3,4.918,376.0,123.0,14.87,1,1.1,100,110.00000000000001
7961,11,28,16,77.3,33.3,4.918,0.0,21.0,15.72,0,1.1,80,88.0
7962,11,28,17,85.43,32.5,4.918,0.0,0.0,14.5,0,1.1,80,88.0
7963,11,28,18,78.85,32.2,4.918,0.0,0.0,15.15,0,1.1,80,88.0
7964,11,28,19,74.0,31.6,4.918,0.0,0.0,16.62,0,1.1,80,88.0
7965,11,28,20,65.31,31.3,4.918,0.0,0.0,17.55,0,1.1,80,88.0
7966,11,28,21,64.23,30.7,4.918,0.0,0.0,15.01,0,1.1,80,88.0
7967,11,28,22,55.77,30.4,4.918,0.0,0.0,13.76,0,1.1,80,88.0
7968,11,28,23,53.83,30.0,4.918,0.0,0.0,13.7,0,1.1,80,88.0
7969,11,29,0,51.52,29.8,4.918,0.0,0.0,17.01,0,1.1,80,88.0
7970,11,29,1,57.71,29.5,4.918,0.0,0.0,15.81,0,1.1,80,88.0
7971,11,29,2,54.46,28.9,4.918,0.0,0.0,12.67,0,1.1,80,88.0
7972,11,29,3,49.94,28.8,4.918,0.0,0.0,11.1,0,1.1,80,88.0
7973,11,29,4,53.43,28.4,4.918,0.0,0.0,9.1,0,1.1,80,88.0
7974,11,29,5,49.62,28.2,4.918,0.0,0.0,8.96,0,1.1,80,88.0
7975,11,29,6,48.59,28.2,4.918,0.0,0.0,10.04,0,1.1,80,88.0
7976,11,29,7,58.47,28.4,4.918,0.0,0.0,9.04,0,1.1,80,88.0
7977,11,29,8,45.94,30.4,4.918,339.4,128.0,8.4,1,1.1,100,110.00000000000001
7978,11,29,9,38.44,32.7,4.918,632.3,272.0,11.81,1,1.1,100,110.00000000000001
7979,11,29,10,36.75,34.5,4.918,836.5,383.0,11.41,1,1.1,100,110.00000000000001
7980,11,29,11,31.94,36.0,4.918,957.1,447.0,11.41,1,1.1,100,110.00000000000001
7981,11,29,12,35.95,36.9,4.918,309.7,281.0,10.54,1,1.1,100,110.00000000000001
7982,11,29,13,31.58,37.0,4.918,609.0,336.0,9.2,1,1.1,100,110.00000000000001
7983,11,29,14,38.08,36.5,4.918,286.4,212.0,8.39,1,1.1,100,110.00000000000001
7984,11,29,15,50.38,34.9,4.918,736.2,168.0,7.63,1,1.1,100,110.00000000000001
7985,11,29,16,86.46,30.0,4.918,0.0,28.0,5.84,0,1.1,80,88.0
7986,11,29,17,93.97,27.1,4.918,0.0,0.0,7.56,0,1.1,80,88.0
7987,11,29,18,89.92,26.6,4.918,0.0,0.0,8.39,0,1.1,80,88.0
7988,11,29,19,88.57,28.8,4.918,0.0,0.0,6.92,0,1.1,80,88.0
7989,11,29,20,104.46,29.7,4.918,0.0,0.0,7.66,0,1.1,80,88.0
7990,11,29,21,85.6,30.0,4.918,0.0,0.0,7.65,0,1.1,80,88.0
7991,11,29,22,82.66,30.4,4.918,0.0,0.0,6.56,0,1.1,80,88.0
7992,11,29,23,86.86,30.6,4.918,0.0,0.0,7.39,0,1.1,80,88.0
7993,11,30,0,61.49,30.0,4.918,0.0,0.0,10.27,1,1.1,100,110.00000000000001
7994,11,30,1,59.49,30.2,4.918,0.0,0.0,9.42,1,1.1,100,110.00000000000001
7995,11,30,2,59.38,30.4,4.918,0.0,0.0,7.83,1,1.1,100,110.00000000000001
7996,11,30,3,59.21,30.2,4.918,0.0,0.0,6.93,1,1.1,100,110.00000000000001
7997,11,30,4,56.86,30.2,4.918,0.0,0.0,6.63,1,1.1,100,110.00000000000001
7998,11,30,5,67.47,30.0,4.918,0.0,0.0,6.06,1,1.1,100,110.00000000000001
7999,11,30,6,61.59,29.7,4.918,0.0,0.0,6.44,1,1.1,100,110.00000000000001
8000,11,30,7,60.88,29.7,4.918,0.0,0.0,5.92,1,1.1,100,110.00000000000001
8001,11,30,8,70.64,30.7,4.918,31.3,35.0,7.06,0,1.1,80,88.0
8002,11,30,9,108.84,32.9,4.918,46.5,52.0,6.95,0,1.1,80,88.0
8003,11,30,10,108.6,35.2,4.918,57.2,64.0,6.47,0,1.1,80,88.0
8004,11,30,11,111.36,37.4,4.918,47.4,53.0,7.61,0,1.1,80,88.0
8005,11,30,12,109.7,39.2,4.918,43.8,49.0,7.16,0,1.1,80,88.0
8006,11,30,13,108.95,39.7,4.918,24.1,27.0,7.27,0,1.1,80,88.0
8007,11,30,14,96.11,39.7,4.918,41.1,46.0,8.06,0,1.1,80,88.0
8008,11,30,15,91.3,39.4,4.918,18.8,21.0,7.21,0,1.1,80,88.0
8009,11,30,16,90.7,38.8,4.918,0.0,15.0,6.27,0,1.1,80,88.0
8010,11,30,17,96.52,38.5,4.918,0.0,0.0,8.07,0,1.1,80,88.0
8011,11,30,18,100.46,37.9,4.918,0.0,0.0,9.08,0,1.1,80,88.0
8012,11,30,19,98.62,37.2,4.918,0.0,0.0,8.01,0,1.1,80,88.0
8013,11,30,20,73.45,36.5,4.918,0.0,0.0,9.0,0,1.1,80,88.0
8014,11,30,21,56.83,36.0,4.918,0.0,0.0,9.72,0,1.1,80,88.0
8015,11,30,22,55.83,35.8,4.918,0.0,0.0,9.79,0,1.1,80,88.0
8016,11,30,23,47.52,35.4,4.918,0.0,0.0,10.68,0,1.1,80,88.0
8017,12,1,0,69.29,34.7,5.362,0.0,0.0,11.9,0,1.1,80,88.0
8018,12,1,1,79.35,33.6,5.362,0.0,0.0,10.6,0,1.1,80,88.0
8019,12,1,2,67.8,32.7,5.362,0.0,0.0,10.58,0,1.1,80,88.0
8020,12,1,3,80.21,32.2,5.362,0.0,0.0,8.97,0,1.1,80,88.0
8021,12,1,4,93.93,32.4,5.362,0.0,0.0,5.94,0,1.1,80,88.0
8022,12,1,5,79.22,32.5,5.362,0.0,0.0,5.43,0,1.1,80,88.0
8023,12,1,6,72.24,32.7,5.362,0.0,0.0,5.73,0,1.1,80,88.0
8024,12,1,7,87.53,32.9,5.362,0.0,0.0,5.11,0,1.1,80,88.0
8025,12,1,8,75.1,33.3,5.362,42.0,47.0,5.78,1,1.1,100,110.00000000000001
8026,12,1,9,71.35,33.6,5.362,282.5,201.0,5.78,1,1.1,100,110.00000000000001
8027,12,1,10,72.14,34.5,5.362,824.3,377.0,5.58,1,1.1,100,110.00000000000001
8028,12,1,11,65.92,35.6,5.362,959.3,446.0,5.64,1,1.1,100,110.00000000000001
8029,12,1,12,63.42,36.1,5.362,996.8,455.0,7.27,1,1.1,100,110.00000000000001
8030,12,1,13,70.5,36.1,5.362,951.6,407.0,6.75,1,1.1,100,110.00000000000001
8031,12,1,14,73.43,35.6,5.362,621.7,276.0,6.44,1,1.1,100,110.00000000000001
8032,12,1,15,76.58,33.4,5.362,673.7,154.0,7.05,1,1.1,100,110.00000000000001
8033,12,1,16,107.18,27.5,5.362,0.0,16.0,7.83,0,1.1,80,88.0
8034,12,1,17,119.01,27.0,5.362,0.0,0.0,8.46,0,1.1,80,88.0
8035,12,1,18,112.19,25.7,5.362,0.0,0.0,4.7,0,1.1,80,88.0
8036,12,1,19,111.86,24.4,5.362,0.0,0.0,5.23,0,1.1,80,88.0
8037,12,1,20,108.89,23.7,5.362,0.0,0.0,4.99,0,1.1,80,88.0
8038,12,1,21,108.42,23.7,5.362,0.0,0.0,4.17,0,1.1,80,88.0
8039,12,1,22,97.14,23.4,5.362,0.0,0.0,3.87,0,1.1,80,88.0
8040,12,1,23,97.68,24.3,5.362,0.0,0.0,4.78,0,1.1,80,88.0
8041,12,2,0,121.96,25.3,5.362,0.0,0.0,5.79,1,1.1,100,110.00000000000001
8042,12,2,1,130.73,25.7,5.362,0.0,0.0,4.3,1,1.1,100,110.00000000000001
8043,12,2,2,132.03,25.9,5.362,0.0,0.0,3.7,1,1.1,100,110.00000000000001
8044,12,2,3,125.2,26.2,5.362,0.0,0.0,4.31,1,1.1,100,110.00000000000001
8045,12,2,4,116.95,26.8,5.362,0.0,0.0,3.0,1,1.1,100,110.00000000000001
8046,12,2,5,126.0,27.3,5.362,0.0,0.0,2.96,1,1.1,100,110.00000000000001
8047,12,2,6,144.29,27.9,5.362,0.0,0.0,3.61,1,1.1,100,110.00000000000001
8048,12,2,7,150.05,28.0,5.362,0.0,0.0,2.89,1,1.1,100,110.00000000000001
8049,12,2,8,149.67,28.9,5.362,56.3,63.0,2.47,0,1.1,80,88.0
8050,12,2,9,154.5,30.2,5.362,52.7,59.0,3.21,0,1.1,80,88.0
8051,12,2,10,167.42,31.1,5.362,55.4,62.0,4.41,0,1.1,80,88.0
8052,12,2,11,168.02,31.6,5.362,115.3,129.0,3.11,0,1.1,80,88.0
8053,12,2,12,149.41,31.8,5.362,84.0,94.0,6.01,0,1.1,80,88.0
8054,12,2,13,149.71,31.8,5.362,51.8,58.0,5.54,0,1.1,80,88.0
8055,12,2,14,149.48,31.5,5.362,21.4,24.0,6.04,0,1.1,80,88.0
8056,12,2,15,154.91,30.7,5.362,6.3,7.0,6.35,0,1.1,80,88.0
8057,12,2,16,180.97,30.0,5.362,0.0,23.0,5.76,0,1.1,80,88.0
8058,12,2,17,176.05,29.5,5.362,0.0,0.0,3.76,0,1.1,80,88.0
8059,12,2,18,182.22,28.9,5.362,0.0,0.0,3.78,0,1.1,80,88.0
8060,12,2,19,156.21,28.4,5.362,0.0,0.0,1.78,0,1.1,80,88.0
8061,12,2,20,150.03,27.9,5.362,0.0,0.0,0.86,0,1.1,80,88.0
8062,12,2,21,129.18,27.5,5.362,0.0,0.0,3.65,0,1.1,80,88.0
8063,12,2,22,126.74,27.1,5.362,0.0,0.0,2.34,0,1.1,80,88.0
8064,12,2,23,107.75,27.0,5.362,0.0,0.0,0.89,0,1.1,80,88.0
8065,12,3,0,139.94,26.8,5.362,0.0,0.0,2.28,0,1.1,80,88.0
8066,12,3,1,139.4,26.2,5.362,0.0,0.0,1.14,0,1.1,80,88.0
8067,12,3,2,138.52,25.7,5.362,0.0,0.0,1.67,0,1.1,80,88.0
8068,12,3,3,132.83,24.6,5.362,0.0,0.0,1.42,0,1.1,80,88.0
8069,12,3,4,138.76,23.4,5.362,0.0,0.0,2.34,0,1.1,80,88.0
8070,12,3,5,147.33,22.3,5.362,0.0,0.0,2.86,0,1.1,80,88.0
8071,12,3,6,165.68,21.0,5.362,0.0,0.0,4.01,0,1.1,80,88.0
8072,12,3,7,195.75,18.1,5.362,0.0,0.0,4.65,0,1.1,80,88.0
8073,12,3,8,160.53,20.8,5.362,311.1,117.0,5.1,1,1.1,100,110.00000000000001
8074,12,3,9,139.28,25.2,5.362,616.8,263.0,6.7,1,1.1,100,110.00000000000001
8075,12,3,10,121.58,27.9,5.362,832.6,379.0,6.92,1,1.1,100,110.00000000000001
8076,12,3,11,122.03,29.7,5.362,898.8,438.0,7.04,1,1.1,100,110.00000000000001
8077,12,3,12,127.66,31.1,5.362,602.3,373.0,6.62,1,1.1,100,110.00000000000001
8078,12,3,13,129.89,31.8,5.362,802.8,370.0,6.32,1,1.1,100,110.00000000000001
8079,12,3,14,136.67,31.5,5.362,825.5,301.0,7.74,1,1.1,100,110.00000000000001
8080,12,3,15,172.31,30.6,5.362,739.2,164.0,7.02,1,1.1,100,110.00000000000001
8081,12,3,16,189.09,27.9,5.362,0.0,26.0,6.96,0,1.1,80,88.0
8082,12,3,17,204.67,24.6,5.362,0.0,0.0,6.86,0,1.1,80,88.0
8083,12,3,18,200.51,21.2,5.362,0.0,0.0,6.7,0,1.1,80,88.0
8084,12,3,19,183.53,19.9,5.362,0.0,0.0,6.22,0,1.1,80,88.0
8085,12,3,20,170.26,21.0,5.362,0.0,0.0,5.5,0,1.1,80,88.0
8086,12,3,21,154.12,21.9,5.362,0.0,0.0,4.69,0,1.1,80,88.0
8087,12,3,22,138.0,22.3,5.362,0.0,0.0,4.03,0,1.1,80,88.0
8088,12,3,23,138.51,23.0,5.362,0.0,0.0,3.94,0,1.1,80,88.0
8089,12,4,0,152.68,23.4,5.362,0.0,0.0,5.53,0,1.1,80,88.0
8090,12,4,1,162.89,22.6,5.362,0.0,0.0,4.73,0,1.1,80,88.0
8091,12,4,2,153.06,21.6,5.362,0.0,0.0,2.72,0,1.1,80,88.0
8092,12,4,3,153.23,20.7,5.362,0.0,0.0,2.39,0,1.1,80,88.0
8093,12,4,4,158.88,20.8,5.362,0.0,0.0,1.58,0,1.1,80,88.0
8094,12,4,5,175.7,20.8,5.362,0.0,0.0,4.55,0,1.1,80,88.0
8095,12,4,6,179.21,20.7,5.362,0.0,0.0,9.83,0,1.1,80,88.0
8096,12,4,7,247.03,20.8,5.362,0.0,0.0,10.43,0,1.1,80,88.0
8097,12,4,8,201.68,24.8,5.362,247.0,103.0,11.58,0,1.1,80,88.0
8098,12,4,9,170.94,29.8,5.362,292.2,205.0,11.13,1,1.1,100,110.00000000000001
8099,12,4,10,183.25,31.6,5.362,613.4,333.0,15.01,1,1.1,100,110.00000000000001
8100,12,4,11,177.68,32.4,5.362,772.0,408.0,8.47,1,1.1,100,110.00000000000001
8101,12,4,12,172.03,32.5,5.362,955.5,443.0,9.28,1,1.1,100,110.00000000000001
8102,12,4,13,160.72,32.0,5.362,265.4,271.0,10.94,1,1.1,100,110.00000000000001
8103,12,4,14,158.45,30.0,5.362,140.1,153.0,10.69,1,1.1,100,110.00000000000001
8104,12,4,15,159.55,27.0,5.362,101.7,106.0,11.09,1,1.1,100,110.00000000000001
8105,12,4,16,188.39,24.6,5.362,0.0,24.0,10.64,1,1.1,100,110.00000000000001
8106,12,4,17,211.29,22.1,5.362,0.0,0.0,9.6,0,1.1,80,88.0
8107,12,4,18,220.28,18.3,5.362,0.0,0.0,7.34,0,1.1,80,88.0
8108,12,4,19,210.52,14.9,5.362,0.0,0.0,9.0,0,1.1,80,88.0
8109,12,4,20,214.25,12.9,5.362,0.0,0.0,8.04,0,1.1,80,88.0
8110,12,4,21,191.52,11.3,5.362,0.0,0.0,8.67,0,1.1,80,88.0
8111,12,4,22,168.32,9.5,5.362,0.0,0.0,8.66,0,1.1,80,88.0
8112,12,4,23,173.68,7.5,5.362,0.0,0.0,11.25,0,1.1,80,88.0
8113,12,5,0,149.55,4.5,5.362,0.0,0.0,9.32,0,1.1,80,88.0
8114,12,5,1,161.0,1.8,5.362,0.0,0.0,11.22,0,1.1,80,88.0
8115,12,5,2,153.84,1.4,5.362,0.0,0.0,10.71,0,1.1,80,88.0
8116,12,5,3,153.36,2.7,5.362,0.0,0.0,11.18,0,1.1,80,88.0
8117,12,5,4,164.33,3.4,5.362,0.0,0.0,12.23,0,1.1,80,88.0
8118,12,5,5,197.43,3.9,5.362,0.0,0.0,11.83,0,1.1,80,88.0
8119,12,5,6,280.77,3.9,5.362,0.0,0.0,11.05,0,1.1,80,88.0
8120,12,5,7,260.4,4.3,5.362,0.0,0.0,9.8,0,1.1,80,88.0
8121,12,5,8,266.36,7.2,5.362,325.1,116.0,9.44,1,1.1,100,110.00000000000001
8122,12,5,9,175.64,12.7,5.362,635.4,265.0,9.71,1,1.1,100,110.00000000000001
8123,12,5,10,160.42,16.2,5.362,840.6,377.0,8.66,1,1.1,100,110.00000000000001
8124,12,5,11,153.97,18.5,5.362,970.1,445.0,6.96,1,1.1,100,110.00000000000001
8125,12,5,12,143.86,20.3,5.362,1010.9,456.0,6.44,1,1.1,100,110.00000000000001
8126,12,5,13,137.75,21.6,5.362,968.0,409.0,6.3,1,1.1,100,110.00000000000001
8127,12,5,14,149.11,21.9,5.362,561.3,263.0,6.93,1,1.1,100,110.00000000000001
8128,12,5,15,232.31,20.3,5.362,552.7,152.0,5.6,1,1.1,100,110.00000000000001
8129,12,5,16,295.62,16.5,5.362,0.0,18.0,4.49,0,1.1,80,88.0
8130,12,5,17,291.16,15.1,5.362,0.0,0.0,4.37,0,1.1,80,88.0
8131,12,5,18,284.62,14.7,5.362,0.0,0.0,4.7,0,1.1,80,88.0
8132,12,5,19,230.04,14.0,5.362,0.0,0.0,3.9,0,1.1,80,88.0
8133,12,5,20,202.78,14.0,5.362,0.0,0.0,2.5,0,1.1,80,88.0
8134,12,5,21,192.26,14.9,5.362,0.0,0.0,2.39,0,1.1,80,88.0
8135,12,5,22,177.52,14.9,5.362,0.0,0.0,1.75,0,1.1,80,88.0
8136,12,5,23,191.42,14.4,5.362,0.0,0.0,1.74,0,1.1,80,88.0
8137,12,6,0,172.28,14.7,5.362,0.0,0.0,2.3,1,1.1,100,110.00000000000001
8138,12,6,1,165.64,14.9,5.362,0.0,0.0,2.61,1,1.1,100,110.00000000000001
8139,12,6,2,158.5,15.3,5.362,0.0,0.0,2.95,1,1.1,100,110.00000000000001
8140,12,6,3,164.81,16.2,5.362,0.0,0.0,2.67,1,1.1,100,110.00000000000001
8141,12,6,4,161.84,17.4,5.362,0.0,0.0,2.45,1,1.1,100,110.00000000000001
8142,12,6,5,169.36,18.7,5.362,0.0,0.0,2.47,1,1.1,100,110.00000000000001
8143,12,6,6,190.97,19.8,5.362,0.0,0.0,2.06,1,1.1,100,110.00000000000001
8144,12,6,7,181.52,21.2,5.362,0.0,0.0,2.05,1,1.1,100,110.00000000000001
8145,12,6,8,221.05,24.4,5.362,124.7,91.0,2.06,0,1.1,80,88.0
8146,12,6,9,227.32,27.5,5.362,365.6,217.0,2.45,0,1.1,80,88.0
8147,12,6,10,225.45,30.2,5.362,587.6,326.0,3.82,0,1.1,80,88.0
8148,12,6,11,205.67,32.7,5.362,265.6,260.0,5.49,0,1.1,80,88.0
8149,12,6,12,195.54,34.3,5.362,464.6,343.0,5.73,0,1.1,80,88.0
8150,12,6,13,179.69,35.1,5.362,905.2,390.0,7.52,0,1.1,80,88.0
8151,12,6,14,169.23,34.9,5.362,797.4,293.0,8.36,0,1.1,80,88.0
8152,12,6,15,172.29,33.4,5.362,706.4,158.0,8.19,0,1.1,80,88.0
8153,12,6,16,191.83,27.7,5.362,0.0,24.0,8.63,0,1.1,80,88.0
8154,12,6,17,239.07,23.9,5.362,0.0,0.0,9.27,0,1.1,80,88.0
8155,12,6,18,191.94,24.3,5.362,0.0,0.0,9.81,0,1.1,80,88.0
8156,12,6,19,164.23,24.4,5.362,0.0,0.0,8.9,0,1.1,80,88.0
8157,12,6,20,142.34,24.1,5.362,0.0,0.0,8.75,0,1.1,80,88.0
8158,12,6,21,156.89,24.1,5.362,0.0,0.0,10.89,0,1.1,80,88.0
8159,12,6,22,150.87,23.5,5.362,0.0,0.0,10.28,0,1.1,80,88.0
8160,12,6,23,156.26,22.8,5.362,0.0,0.0,10.37,0,1.1,80,88.0
8161,12,7,0,187.49,22.1,5.362,0.0,0.0,6.98,0,1.1,80,88.0
8162,12,7,1,156.03,21.6,5.362,0.0,0.0,8.56,1,1.1,100,110.00000000000001
8163,12,7,2,150.64,21.6,5.362,0.0,0.0,8.12,1,1.1,100,110.00000000000001
8164,12,7,3,147.94,21.7,5.362,0.0,0.0,7.22,1,1.1,100,110.00000000000001
8165,12,7,4,147.74,21.9,5.362,0.0,0.0,7.43,1,1.1,100,110.00000000000001
8166,12,7,5,153.14,21.7,5.362,0.0,0.0,7.04,1,1.1,100,110.00000000000001
8167,12,7,6,152.82,21.9,5.362,0.0,0.0,5.73,1,1.1,100,110.00000000000001
8168,12,7,7,188.13,22.8,5.362,0.0,0.0,6.17,1,1.1,100,110.00000000000001
8169,12,7,8,184.5,26.1,5.362,63.5,71.0,4.91,1,1.1,100,110.00000000000001
8170,12,7,9,162.72,31.5,5.362,135.0,148.0,6.14,0,1.1,80,88.0
8171,12,7,10,158.81,34.2,5.362,281.4,265.0,5.12,0,1.1,80,88.0
8172,12,7,11,155.94,34.9,5.362,211.1,231.0,3.49,0,1.1,80,88.0
8173,12,7,12,163.76,34.7,5.362,177.4,189.0,3.94,0,1.1,80,88.0
8174,12,7,13,171.21,34.5,5.362,697.0,347.0,5.72,0,1.1,80,88.0
8175,12,7,14,197.13,34.2,5.362,563.3,259.0,6.55,0,1.1,80,88.0
8176,12,7,15,214.42,33.3,5.362,267.0,130.0,5.24,0,1.1,80,88.0
8177,12,7,16,235.89,31.5,5.362,0.0,4.0,5.15,0,1.1,80,88.0
8178,12,7,17,246.56,30.7,5.362,0.0,0.0,5.88,0,1.1,80,88.0
8179,12,7,18,240.9,30.6,5.362,0.0,0.0,7.93,0,1.1,80,88.0
8180,12,7,19,216.22,29.5,5.362,0.0,0.0,8.68,0,1.1,80,88.0
8181,12,7,20,201.55,27.1,5.362,0.0,0.0,8.27,0,1.1,80,88.0
8182,12,7,21,198.11,25.9,5.362,0.0,0.0,8.92,0,1.1,80,88.0
8183,12,7,22,166.96,25.5,5.362,0.0,0.0,7.89,0,1.1,80,88.0
8184,12,7,23,190.39,26.2,5.362,0.0,0.0,8.14,0,1.1,80,88.0
8185,12,8,0,165.77,27.1,5.362,0.0,0.0,6.97,0,1.1,80,88.0
8186,12,8,1,154.53,26.6,5.362,0.0,0.0,6.79,0,1.1,80,88.0
8187,12,8,2,154.22,24.4,5.362,0.0,0.0,6.65,0,1.1,80,88.0
8188,12,8,3,154.4,22.1,5.362,0.0,0.0,8.41,0,1.1,80,88.0
8189,12,8,4,155.73,19.8,5.362,0.0,0.0,7.49,0,1.1,80,88.0
8190,12,8,5,197.06,17.8,5.362,0.0,0.0,4.42,0,1.1,80,88.0
8191,12,8,6,154.2,16.2,5.362,0.0,0.0,4.13,0,1.1,80,88.0
8192,12,8,7,282.61,14.5,5.362,0.0,0.0,2.31,0,1.1,80,88.0
8193,12,8,8,201.42,15.4,5.362,305.6,109.0,1.56,1,1.1,100,110.00000000000001
8194,12,8,9,157.13,17.4,5.362,624.2,258.0,1.33,1,1.1,100,110.00000000000001
8195,12,8,10,170.78,18.9,5.362,847.5,377.0,1.69,1,1.1,100,110.00000000000001
8196,12,8,11,158.61,20.1,5.362,980.7,446.0,2.73,1,1.1,100,110.00000000000001
8197,12,8,12,157.08,20.8,5.362,1023.0,457.0,0.67,1,1.1,100,110.00000000000001
8198,12,8,13,157.32,21.0,5.362,983.0,411.0,1.12,1,1.1,100,110.00000000000001
8199,12,8,14,151.8,20.5,5.362,873.6,310.0,3.1,1,1.1,100,110.00000000000001
8200,12,8,15,212.18,18.3,5.362,804.4,170.0,4.24,1,1.1,100,110.00000000000001
8201,12,8,16,305.38,13.5,5.362,0.0,13.0,4.34,0,1.1,80,88.0
8202,12,8,17,289.5,11.8,5.362,0.0,0.0,4.54,0,1.1,80,88.0
8203,12,8,18,293.95,11.3,5.362,0.0,0.0,4.55,0,1.1,80,88.0
8204,12,8,19,290.73,10.6,5.362,0.0,0.0,5.23,0,1.1,80,88.0
8205,12,8,20,281.47,9.9,5.362,0.0,0.0,5.56,0,1.1,80,88.0
8206,12,8,21,234.3,9.1,5.362,0.0,0.0,5.63,0,1.1,80,88.0
8207,12,8,22,202.71,8.2,5.362,0.0,0.0,5.75,0,1.1,80,88.0
8208,12,8,23,187.01,7.5,5.362,0.0,0.0,4.76,0,1.1,80,88.0
8209,12,9,0,177.28,6.8,5.362,0.0,0.0,5.17,1,1.1,100,110.00000000000001
8210,12,9,1,171.29,6.3,5.362,0.0,0.0,4.34,1,1.1,100,110.00000000000001
8211,12,9,2,163.33,5.7,5.362,0.0,0.0,4.95,1,1.1,100,110.00000000000001
8212,12,9,3,164.61,5.5,5.362,0.0,0.0,4.49,1,1.1,100,110.00000000000001
8213,12,9,4,181.51,5.5,5.362,0.0,0.0,5.22,1,1.1,100,110.00000000000001
8214,12,9,5,221.67,5.5,5.362,0.0,0.0,4.91,1,1.1,100,110.00000000000001
8215,12,9,6,269.44,5.7,5.362,0.0,0.0,4.31,1,1.1,100,110.00000000000001
8216,12,9,7,287.45,6.1,5.362,0.0,0.0,6.04,1,1.1,100,110.00000000000001
8217,12,9,8,276.48,9.5,5.362,290.6,103.0,6.3,0,1.1,80,88.0
8218,12,9,9,224.05,16.0,5.362,603.3,249.0,6.96,0,1.1,80,88.0
8219,12,9,10,182.13,21.2,5.362,825.3,367.0,6.31,0,1.1,80,88.0
8220,12,9,11,179.77,23.7,5.362,959.2,437.0,5.96,0,1.1,80,88.0
8221,12,9,12,178.19,25.0,5.362,1003.2,450.0,6.05,0,1.1,80,88.0
8222,12,9,13,180.64,24.8,5.362,764.4,367.0,6.96,0,1.1,80,88.0
8223,12,9,14,204.37,24.1,5.362,773.2,303.0,7.39,0,1.1,80,88.0
8224,12,9,15,227.03,22.5,5.362,58.1,65.0,6.66,0,1.1,80,88.0
8225,12,9,16,267.3,19.9,5.362,0.0,17.0,6.92,0,1.1,80,88.0
8226,12,9,17,277.09,19.0,5.362,0.0,0.0,7.82,0,1.1,80,88.0
8227,12,9,18,266.05,19.2,5.362,0.0,0.0,7.05,0,1.1,80,88.0
8228,12,9,19,257.07,19.4,5.362,0.0,0.0,6.82,0,1.1,80,88.0
8229,12,9,20,236.81,19.4,5.362,0.0,0.0,7.61,0,1.1,80,88.0
8230,12,9,21,204.56,19.9,5.362,0.0,0.0,6.84,0,1.1,80,88.0
8231,12,9,22,170.22,20.8,5.362,0.0,0.0,7.57,0,1.1,80,88.0
8232,12,9,23,178.54,22.6,5.362,0.0,0.0,7.11,0,1.1,80,88.0
8233,12,10,0,175.08,24.6,5.362,0.0,0.0,5.53,0,1.1,80,88.0
8234,12,10,1,168.97,25.5,5.362,0.0,0.0,5.86,0,1.1,80,88.0
8235,12,10,2,160.97,25.9,5.362,0.0,0.0,5.49,0,1.1,80,88.0
8236,12,10,3,163.98,25.7,5.362,0.0,0.0,4.38,0,1.1,80,88.0
8237,12,10,4,168.58,25.2,5.362,0.0,0.0,4.05,0,1.1,80,88.0
8238,12,10,5,185.51,23.2,5.362,0.0,0.0,4.31,0,1.1,80,88.0
8239,12,10,6,264.69,21.2,5.362,0.0,0.0,7.42,0,1.1,80,88.0
8240,12,10,7,230.45,21.2,5.362,0.0,0.0,11.61,0,1.1,80,88.0
8241,12,10,8,228.83,25.2,5.362,224.3,89.0,11.73,0,1.1,80,88.0
8242,12,10,9,213.86,29.1,5.362,353.3,202.0,14.89,0,1.1,80,88.0
8243,12,10,10,227.88,31.5,5.362,547.4,301.0,14.94,0,1.1,80,88.0
8244,12,10,11,230.84,32.4,5.362,723.9,376.0,15.21,0,1.1,80,88.0
8245,12,10,12,192.44,33.1,5.362,147.4,160.0,11.94,0,1.1,80,88.0
8246,12,10,13,170.89,34.0,5.362,133.9,147.0,9.22,0,1.1,80,88.0
8247,12,10,14,180.2,34.7,5.362,84.0,94.0,7.92,0,1.1,80,88.0
8248,12,10,15,183.77,34.9,5.362,50.3,50.0,6.56,0,1.1,80,88.0
8249,12,10,16,182.77,34.7,5.362,0.0,19.0,5.27,1,1.1,100,110.00000000000001
8250,12,10,17,170.6,34.7,5.362,0.0,0.0,6.54,1,1.1,100,110.00000000000001
8251,12,10,18,154.82,34.5,5.362,0.0,0.0,8.41,1,1.1,100,110.00000000000001
8252,12,10,19,147.07,34.5,5.362,0.0,0.0,5.79,1,1.1,100,110.00000000000001
8253,12,10,20,165.61,34.3,5.362,0.0,0.0,9.31,1,1.1,100,110.00000000000001
8254,12,10,21,162.64,34.3,5.362,0.0,0.0,10.89,1,1.1,100,110.00000000000001
8255,12,10,22,160.03,34.2,5.362,0.0,0.0,11.17,1,1.1,100,110.00000000000001
8256,12,10,23,148.0,34.2,5.362,0.0,0.0,8.38,1,1.1,100,110.00000000000001
8257,12,11,0,143.44,34.0,5.362,0.0,0.0,7.84,0,1.1,80,88.0
8258,12,11,1,134.68,33.8,5.362,0.0,0.0,10.84,0,1.1,80,88.0
8259,12,11,2,128.82,33.6,5.362,0.0,0.0,10.24,0,1.1,80,88.0
8260,12,11,3,126.53,32.9,5.362,0.0,0.0,9.51,0,1.1,80,88.0
8261,12,11,4,131.79,30.9,5.362,0.0,0.0,8.52,0,1.1,80,88.0
8262,12,11,5,139.25,28.4,5.362,0.0,0.0,6.8,0,1.1,80,88.0
8263,12,11,6,129.33,25.9,5.362,0.0,0.0,7.11,0,1.1,80,88.0
8264,12,11,7,154.96,24.1,5.362,0.0,0.0,11.19,0,1.1,80,88.0
8265,12,11,8,140.84,22.8,5.362,270.2,99.0,15.46,1,1.1,100,110.00000000000001
8266,12,11,9,114.51,22.3,5.362,596.5,247.0,15.9,1,1.1,100,110.00000000000001
8267,12,11,10,116.15,22.3,5.362,824.7,365.0,16.47,1,1.1,100,110.00000000000001
8268,12,11,11,110.48,22.8,5.362,959.1,435.0,17.69,1,1.1,100,110.00000000000001
8269,12,11,12,113.06,23.2,5.362,722.5,404.0,13.79,1,1.1,100,110.00000000000001
8270,12,11,13,114.34,23.0,5.362,467.2,326.0,14.13,1,1.1,100,110.00000000000001
8271,12,11,14,115.12,22.6,5.362,150.3,154.0,13.17,1,1.1,100,110.00000000000001
8272,12,11,15,151.87,21.9,5.362,744.8,163.0,16.1,1,1.1,100,110.00000000000001
8273,12,11,16,190.26,21.2,5.362,0.0,25.0,13.82,0,1.1,80,88.0
8274,12,11,17,185.64,20.8,5.362,0.0,0.0,13.91,0,1.1,80,88.0
8275,12,11,18,194.4,20.1,5.362,0.0,0.0,12.02,0,1.1,80,88.0
8276,12,11,19,199.5,19.4,5.362,0.0,0.0,11.86,0,1.1,80,88.0
8277,12,11,20,210.85,18.9,5.362,0.0,0.0,15.58,0,1.1,80,88.0
8278,12,11,21,181.13,18.3,5.362,0.0,0.0,16.01,0,1.1,80,88.0
8279,12,11,22,155.58,18.1,5.362,0.0,0.0,19.98,0,1.1,80,88.0
8280,12,11,23,134.34,17.8,5.362,0.0,0.0,19.05,0,1.1,80,88.0
8281,12,12,0,130.0,17.4,5.362,0.0,0.0,19.18,0,1.1,80,88.0
8282,12,12,1,127.55,17.1,5.362,0.0,0.0,18.23,0,1.1,80,88.0
8283,12,12,2,126.04,16.5,5.362,0.0,0.0,15.62,0,1.1,80,88.0
8284,12,12,3,134.95,16.0,5.362,0.0,0.0,14.59,0,1.1,80,88.0
8285,12,12,4,137.53,15.4,5.362,0.0,0.0,12.87,0,1.1,80,88.0
8286,12,12,5,146.58,15.1,5.362,0.0,0.0,10.5,0,1.1,80,88.0
8287,12,12,6,146.29,15.3,5.362,0.0,0.0,9.12,0,1.1,80,88.0
8288,12,12,7,175.01,15.6,5.362,0.0,0.0,8.74,0,1.1,80,88.0
8289,12,12,8,160.87,17.6,5.362,259.5,95.0,7.2,0,1.1,80,88.0
8290,12,12,9,135.01,20.5,5.362,579.7,241.0,8.2,1,1.1,100,110.00000000000001
8291,12,12,10,139.72,23.4,5.362,801.0,356.0,8.44,1,1.1,100,110.00000000000001
8292,12,12,11,136.83,25.7,5.362,934.8,425.0,8.94,1,1.1,100,110.00000000000001
8293,12,12,12,133.02,27.3,5.362,979.0,438.0,9.05,1,1.1,100,110.00000000000001
8294,12,12,13,126.69,28.2,5.362,399.7,309.0,9.21,1,1.1,100,110.00000000000001
8295,12,12,14,120.43,28.4,5.362,412.6,240.0,8.65,1,1.1,100,110.00000000000001
8296,12,12,15,137.36,27.9,5.362,755.7,162.0,7.57,1,1.1,100,110.00000000000001
8297,12,12,16,158.7,27.0,5.362,0.0,25.0,7.05,1,1.1,100,110.00000000000001
8298,12,12,17,170.83,26.4,5.362,0.0,0.0,8.13,0,1.1,80,88.0
8299,12,12,18,161.82,26.2,5.362,0.0,0.0,8.36,0,1.1,80,88.0
8300,12,12,19,165.27,25.9,5.362,0.0,0.0,7.8,0,1.1,80,88.0
8301,12,12,20,183.26,25.3,5.362,0.0,0.0,7.57,0,1.1,80,88.0
8302,12,12,21,171.02,24.3,5.362,0.0,0.0,6.34,0,1.1,80,88.0
8303,12,12,22,150.27,22.5,5.362,0.0,0.0,5.58,0,1.1,80,88.0
8304,12,12,23,136.02,21.9,5.362,0.0,0.0,6.85,0,1.1,80,88.0
8305,12,13,0,132.28,20.8,5.362,0.0,0.0,8.28,1,1.1,100,110.00000000000001
8306,12,13,1,132.63,20.1,5.362,0.0,0.0,8.33,1,1.1,100,110.00000000000001
8307,12,13,2,124.79,19.4,5.362,0.0,0.0,7.83,1,1.1,100,110.00000000000001
8308,12,13,3,129.23,18.3,5.362,0.0,0.0,7.88,1,1.1,100,110.00000000000001
8309,12,13,4,134.81,17.8,5.362,0.0,0.0,6.21,1,1.1,100,110.00000000000001
8310,12,13,5,131.35,18.3,5.362,0.0,0.0,7.05,1,1.1,100,110.00000000000001
8311,12,13,6,125.13,19.4,5.362,0.0,0.0,13.47,1,1.1,100,110.00000000000001
8312,12,13,7,149.71,19.8,5.362,0.0,0.0,12.88,1,1.1,100,110.00000000000001
8313,12,13,8,159.59,21.4,5.362,236.5,89.0,14.4,0,1.1,80,88.0
8314,12,13,9,160.47,25.7,5.362,383.8,204.0,16.93,0,1.1,80,88.0
8315,12,13,10,186.73,28.4,5.362,767.2,345.0,16.75,0,1.1,80,88.0
8316,12,13,11,161.35,29.7,5.362,892.7,412.0,15.74,0,1.1,80,88.0
8317,12,13,12,157.01,30.2,5.362,371.3,300.0,14.9,0,1.1,80,88.0
8318,12,13,13,158.17,30.4,5.362,324.8,272.0,13.79,0,1.1,80,88.0
8319,12,13,14,157.71,30.2,5.362,338.0,232.0,13.88,0,1.1,80,88.0
8320,12,13,15,163.67,29.3,5.362,57.2,64.0,13.39,0,1.1,80,88.0
8321,12,13,16,187.48,27.3,5.362,0.0,22.0,13.28,0,1.1,80,88.0
8322,12,13,17,211.58,26.2,5.362,0.0,0.0,11.14,0,1.1,80,88.0
8323,12,13,18,191.15,26.1,5.362,0.0,0.0,13.5,0,1.1,80,88.0
8324,12,13,19,181.92,25.9,5.362,0.0,0.0,11.82,0,1.1,80,88.0
8325,12,13,20,167.94,25.9,5.362,0.0,0.0,12.69,0,1.1,80,88.0
8326,12,13,21,150.53,25.9,5.362,0.0,0.0,13.96,0,1.1,80,88.0
8327,12,13,22,151.85,25.9,5.362,0.0,0.0,14.79,0,1.1,80,88.0
8328,12,13,23,150.06,26.1,5.362,0.0,0.0,12.55,0,1.1,80,88.0
8329,12,14,0,144.29,26.2,5.362,0.0,0.0,8.45,0,1.1,80,88.0
8330,12,14,1,142.86,26.2,5.362,0.0,0.0,12.24,1,1.1,100,110.00000000000001
8331,12,14,2,137.97,26.1,5.362,0.0,0.0,13.26,1,1.1,100,110.00000000000001
8332,12,14,3,138.6,25.7,5.362,0.0,0.0,11.35,1,1.1,100,110.00000000000001
8333,12,14,4,138.3,25.3,5.362,0.0,0.0,9.37,1,1.1,100,110.00000000000001
8334,12,14,5,138.98,24.8,5.362,0.0,0.0,7.73,1,1.1,100,110.00000000000001
8335,12,14,6,137.63,24.3,5.362,0.0,0.0,5.36,1,1.1,100,110.00000000000001
8336,12,14,7,113.99,23.7,5.362,0.0,0.0,3.51,1,1.1,100,110.00000000000001
8337,12,14,8,124.95,24.6,5.362,52.6,55.0,5.07,1,1.1,100,110.00000000000001
8338,12,14,9,166.75,25.5,5.362,468.8,216.0,5.69,0,1.1,80,88.0
8339,12,14,10,190.84,25.9,5.362,79.9,87.0,7.04,0,1.1,80,88.0
8340,12,14,11,195.47,26.2,5.362,223.3,242.0,7.94,0,1.1,80,88.0
8341,12,14,12,176.47,26.4,5.362,340.3,301.0,8.78,0,1.1,80,88.0
8342,12,14,13,177.48,26.4,5.362,460.7,325.0,9.75,0,1.1,80,88.0
8343,12,14,14,178.37,25.7,5.362,158.2,173.0,10.47,0,1.1,80,88.0
8344,12,14,15,194.64,24.6,5.362,59.9,67.0,9.66,0,1.1,80,88.0
8345,12,14,16,208.29,22.8,5.362,0.0,17.0,9.54,0,1.1,80,88.0
8346,12,14,17,220.07,21.0,5.362,0.0,0.0,10.54,0,1.1,80,88.0
8347,12,14,18,177.8,19.2,5.362,0.0,0.0,10.84,0,1.1,80,88.0
8348,12,14,19,167.89,17.4,5.362,0.0,0.0,11.01,0,1.1,80,88.0
8349,12,14,20,167.59,15.4,5.362,0.0,0.0,11.46,0,1.1,80,88.0
8350,12,14,21,156.62,13.5,5.362,0.0,0.0,13.13,0,1.1,80,88.0
8351,12,14,22,146.32,11.5,5.362,0.0,0.0,13.68,0,1.1,80,88.0
8352,12,14,23,120.29,9.9,5.362,0.0,0.0,14.47,0,1.1,80,88.0
8353,12,15,0,159.63,8.6,5.362,0.0,0.0,14.94,0,1.1,80,88.0
8354,12,15,1,163.45,7.9,5.362,0.0,0.0,16.6,0,1.1,80,88.0
8355,12,15,2,160.52,7.9,5.362,0.0,0.0,17.57,0,1.1,80,88.0
8356,12,15,3,160.34,8.1,5.362,0.0,0.0,18.64,0,1.1,80,88.0
8357,12,15,4,168.81,8.2,5.362,0.0,0.0,18.88,0,1.1,80,88.0
8358,12,15,5,183.75,8.4,5.362,0.0,0.0,20.29,0,1.1,80,88.0
8359,12,15,6,230.31,8.4,5.362,0.0,0.0,21.71,0,1.1,80,88.0
8360,12,15,7,242.14,8.6,5.362,0.0,0.0,21.4,0,1.1,80,88.0
8361,12,15,8,205.71,10.8,5.362,268.6,93.0,19.45,1,1.1,100,110.00000000000001
8362,12,15,9,184.43,14.0,5.362,590.4,239.0,20.24,1,1.1,100,110.00000000000001
8363,12,15,10,170.83,17.1,5.362,819.0,359.0,18.64,1,1.1,100,110.00000000000001
8364,12,15,11,165.92,19.0,5.362,946.2,426.0,18.29,1,1.1,100,110.00000000000001
8365,12,15,12,165.51,19.9,5.362,993.2,441.0,18.2,1,1.1,100,110.00000000000001
8366,12,15,13,167.1,20.1,5.362,947.4,395.0,19.1,1,1.1,100,110.00000000000001
8367,12,15,14,187.9,19.8,5.362,623.3,267.0,19.47,1,1.1,100,110.00000000000001
8368,12,15,15,207.16,19.0,5.362,755.2,163.0,17.17,1,1.1,100,110.00000000000001
8369,12,15,16,250.45,18.3,5.362,0.0,27.0,19.23,0,1.1,80,88.0
8370,12,15,17,254.93,18.0,5.362,0.0,0.0,19.12,0,1.1,80,88.0
8371,12,15,18,245.68,17.6,5.362,0.0,0.0,18.77,0,1.1,80,88.0
8372,12,15,19,242.91,16.9,5.362,0.0,0.0,19.5,0,1.1,80,88.0
8373,12,15,20,236.58,15.3,5.362,0.0,0.0,18.42,0,1.1,80,88.0
8374,12,15,21,199.87,14.2,5.362,0.0,0.0,19.01,0,1.1,80,88.0
8375,12,15,22,171.13,14.4,5.362,0.0,0.0,18.12,0,1.1,80,88.0
8376,12,15,23,161.57,14.5,5.362,0.0,0.0,17.83,0,1.1,80,88.0
8377,12,16,0,183.14,14.9,5.362,0.0,0.0,16.35,0,1.1,80,88.0
8378,12,16,1,182.54,15.8,5.362,0.0,0.0,14.77,0,1.1,80,88.0
8379,12,16,2,181.81,16.2,5.362,0.0,0.0,16.61,0,1.1,80,88.0
8380,12,16,3,186.11,16.2,5.362,0.0,0.0,17.27,0,1.1,80,88.0
8381,12,16,4,188.68,15.4,5.362,0.0,0.0,13.09,0,1.1,80,88.0
8382,12,16,5,186.79,13.6,5.362,0.0,0.0,10.32,0,1.1,80,88.0
8383,12,16,6,212.2,12.4,5.362,0.0,0.0,9.64,0,1.1,80,88.0
8384,12,16,7,243.75,12.6,5.362,0.0,0.0,8.69,0,1.1,80,88.0
8385,12,16,8,201.67,16.2,5.362,242.1,88.0,4.24,1,1.1,100,110.00000000000001
8386,12,16,9,163.04,22.6,5.362,563.3,233.0,7.47,1,1.1,100,110.00000000000001
8387,12,16,10,143.58,26.6,5.362,793.6,352.0,6.9,1,1.1,100,110.00000000000001
8388,12,16,11,141.62,29.1,5.362,935.0,424.0,4.66,1,1.1,100,110.00000000000001
8389,12,16,12,139.34,30.2,5.362,985.8,440.0,4.9,1,1.1,100,110.00000000000001
8390,12,16,13,149.35,30.4,5.362,938.2,393.0,2.58,1,1.1,100,110.00000000000001
8391,12,16,14,146.78,29.5,5.362,834.2,298.0,3.27,1,1.1,100,110.00000000000001
8392,12,16,15,179.7,27.0,5.362,754.1,164.0,3.37,1,1.1,100,110.00000000000001
8393,12,16,16,213.72,23.2,5.362,0.0,12.0,4.74,0,1.1,80,88.0
8394,12,16,17,236.32,21.7,5.362,0.0,0.0,5.6,0,1.1,80,88.0
8395,12,16,18,209.66,21.0,5.362,0.0,0.0,6.17,0,1.1,80,88.0
8396,12,16,19,199.13,22.1,5.362,0.0,0.0,5.25,0,1.1,80,88.0
8397,12,16,20,193.7,23.4,5.362,0.0,0.0,4.14,0,1.1,80,88.0
8398,12,16,21,175.99,23.5,5.362,0.0,0.0,5.54,0,1.1,80,88.0
8399,12,16,22,161.41,22.8,5.362,0.0,0.0,6.6,0,1.1,80,88.0
8400,12,16,23,155.01,21.7,5.362,0.0,0.0,6.24,0,1.1,80,88.0
8401,12,17,0,98.83,20.7,5.362,0.0,0.0,6.16,0,1.1,80,88.0
8402,12,17,1,86.44,19.9,5.362,0.0,0.0,6.52,0,1.1,80,88.0
8403,12,17,2,75.94,19.8,5.362,0.0,0.0,5.78,0,1.1,80,88.0
8404,12,17,3,87.32,19.8,5.362,0.0,0.0,7.76,0,1.1,80,88.0
8405,12,17,4,85.58,19.8,5.362,0.0,0.0,8.83,0,1.1,80,88.0
8406,12,17,5,98.15,19.9,5.362,0.0,0.0,8.97,0,1.1,80,88.0
8407,12,17,6,131.53,20.7,5.362,0.0,0.0,7.16,0,1.1,80,88.0
8408,12,17,7,174.43,22.1,5.362,0.0,0.0,6.32,0,1.1,80,88.0
8409,12,17,8,125.32,25.0,5.362,4.5,5.0,5.29,0,1.1,80,88.0
8410,12,17,9,93.13,28.9,5.362,59.9,67.0,5.74,0,1.1,80,88.0
8411,12,17,10,65.7,33.1,5.362,726.7,330.0,6.48,0,1.1,80,88.0
8412,12,17,11,66.19,36.5,5.362,53.6,60.0,6.82,0,1.1,80,88.0
8413,12,17,12,78.14,37.9,5.362,423.1,330.0,7.24,0,1.1,80,88.0
8414,12,17,13,84.43,38.7,5.362,11.6,13.0,7.84,0,1.1,80,88.0
8415,12,17,14,72.79,38.7,5.362,158.8,170.0,7.33,0,1.1,80,88.0
8416,12,17,15,66.5,38.1,5.362,112.3,103.0,6.05,0,1.1,80,88.0
8417,12,17,16,79.3,37.2,5.362,0.0,25.0,6.11,1,1.1,100,110.00000000000001
8418,12,17,17,89.37,37.0,5.362,0.0,0.0,6.6,1,1.1,100,110.00000000000001
8419,12,17,18,75.06,36.7,5.362,0.0,0.0,5.46,1,1.1,100,110.00000000000001
8420,12,17,19,71.52,36.3,5.362,0.0,0.0,3.79,1,1.1,100,110.00000000000001
8421,12,17,20,68.11,35.8,5.362,0.0,0.0,5.52,1,1.1,100,110.00000000000001
8422,12,17,21,66.37,34.9,5.362,0.0,0.0,5.72,1,1.1,100,110.00000000000001
8423,12,17,22,56.42,33.8,5.362,0.0,0.0,6.11,1,1.1,100,110.00000000000001
8424,12,17,23,51.94,33.4,5.362,0.0,0.0,6.35,1,1.1,100,110.00000000000001
8425,12,18,0,65.04,32.2,5.362,0.0,0.0,7.59,0,1.1,80,88.0
8426,12,18,1,81.6,28.2,5.362,0.0,0.0,11.58,0,1.1,80,88.0
8427,12,18,2,70.76,26.2,5.362,0.0,0.0,12.06,0,1.1,80,88.0
8428,12,18,3,68.51,25.3,5.362,0.0,0.0,15.4,0,1.1,80,88.0
8429,12,18,4,74.51,24.6,5.362,0.0,0.0,14.4,0,1.1,80,88.0
8430,12,18,5,95.23,26.1,5.362,0.0,0.0,18.28,0,1.1,80,88.0
8431,12,18,6,97.38,28.2,5.362,0.0,0.0,16.69,0,1.1,80,88.0
8432,12,18,7,108.23,26.8,5.362,0.0,0.0,15.2,0,1.1,80,88.0
8433,12,18,8,90.03,27.9,5.362,250.3,87.0,16.97,0,1.1,80,88.0
8434,12,18,9,63.58,33.6,5.362,572.8,232.0,17.03,1,1.1,100,110.00000000000001
8435,12,18,10,46.05,36.9,5.362,792.3,347.0,17.07,1,1.1,100,110.00000000000001
8436,12,18,11,44.62,39.6,5.362,932.0,419.0,14.6,1,1.1,100,110.00000000000001
8437,12,18,12,37.26,40.8,5.362,970.3,431.0,13.22,1,1.1,100,110.00000000000001
8438,12,18,13,41.58,41.2,5.362,927.3,387.0,9.61,1,1.1,100,110.00000000000001
8439,12,18,14,44.93,40.3,5.362,291.3,209.0,11.97,1,1.1,100,110.00000000000001
8440,12,18,15,56.88,38.3,5.362,716.4,158.0,14.75,1,1.1,100,110.00000000000001
8441,12,18,16,77.5,35.8,5.362,0.0,25.0,18.54,1,1.1,100,110.00000000000001
8442,12,18,17,79.88,35.2,5.362,0.0,0.0,19.89,0,1.1,80,88.0
8443,12,18,18,74.18,35.6,5.362,0.0,0.0,19.38,0,1.1,80,88.0
8444,12,18,19,65.29,36.0,5.362,0.0,0.0,17.35,0,1.1,80,88.0
8445,12,18,20,62.97,36.5,5.362,0.0,0.0,16.79,0,1.1,80,88.0
8446,12,18,21,67.18,37.2,5.362,0.0,0.0,15.44,0,1.1,80,88.0
8447,12,18,22,57.82,37.9,5.362,0.0,0.0,14.33,0,1.1,80,88.0
8448,12,18,23,50.02,38.7,5.362,0.0,0.0,12.07,0,1.1,80,88.0
8449,12,19,0,78.82,39.4,5.362,0.0,0.0,11.06,0,1.1,80,88.0
8450,12,19,1,78.14,40.3,5.362,0.0,0.0,11.26,0,1.1,80,88.0
8451,12,19,2,64.92,41.2,5.362,0.0,0.0,11.04,1,1.1,100,110.00000000000001
8452,12,19,3,53.2,42.8,5.362,0.0,0.0,10.21,1,1.1,100,110.00000000000001
8453,12,19,4,61.4,43.9,5.362,0.0,0.0,8.61,1,1.1,100,110.00000000000001
8454,12,19,5,74.02,45.3,5.362,0.0,0.0,7.44,1,1.1,100,110.00000000000001
8455,12,19,6,51.28,47.1,5.362,0.0,0.0,8.04,1,1.1,100,110.00000000000001
8456,12,19,7,50.45,48.9,5.362,0.0,0.0,8.22,1,1.1,100,110.00000000000001
8457,12,19,8,52.18,50.7,5.362,168.9,69.0,12.08,1,1.1,100,110.00000000000001
8458,12,19,9,63.93,52.5,5.362,52.4,56.0,11.13,1,1.1,100,110.00000000000001
8459,12,19,10,81.93,54.3,5.362,101.5,111.0,13.29,0,1.1,80,88.0
8460,12,19,11,89.72,55.6,5.362,783.7,369.0,13.29,0,1.1030000000000002,80,88.24000000000001
8461,12,19,12,77.89,54.9,5.362,830.2,385.0,12.57,0,1.1,80,88.0
8462,12,19,13,67.52,52.7,5.362,250.0,243.0,11.43,0,1.1,80,88.0
8463,12,19,14,62.19,47.1,5.362,750.5,274.0,13.11,0,1.1,80,88.0
8464,12,19,15,65.13,40.5,5.362,452.5,142.0,14.76,0,1.1,80,88.0
8465,12,19,16,68.5,36.7,5.362,0.0,17.0,13.39,0,1.1,80,88.0
8466,12,19,17,66.2,34.9,5.362,0.0,0.0,13.29,0,1.1,80,88.0
8467,12,19,18,70.6,33.6,5.362,0.0,0.0,12.28,0,1.1,80,88.0
8468,12,19,19,66.61,32.0,5.362,0.0,0.0,11.47,0,1.1,80,88.0
8469,12,19,20,68.3,30.4,5.362,0.0,0.0,11.3,0,1.1,80,88.0
8470,12,19,21,63.66,29.1,5.362,0.0,0.0,11.72,0,1.1,80,88.0
8471,12,19,22,54.97,28.4,5.362,0.0,0.0,11.67,0,1.1,80,88.0
8472,12,19,23,48.96,27.7,5.362,0.0,0.0,11.61,0,1.1,80,88.0
8473,12,20,0,71.77,27.0,5.362,0.0,0.0,13.01,0,1.1,80,88.0
8474,12,20,1,57.62,27.0,5.362,0.0,0.0,12.41,0,1.1,80,88.0
8475,12,20,2,54.27,27.1,5.362,0.0,0.0,13.02,0,1.1,80,88.0
8476,12,20,3,54.78,27.0,5.362,0.0,0.0,13.63,0,1.1,80,88.0
8477,12,20,4,54.61,26.1,5.362,0.0,0.0,12.6,0,1.1,80,88.0
8478,12,20,5,57.03,25.2,5.362,0.0,0.0,13.61,1,1.1,100,110.00000000000001
8479,12,20,6,63.31,24.3,5.362,0.0,0.0,8.62,1,1.1,100,110.00000000000001
8480,12,20,7,68.42,23.5,5.362,0.0,0.0,7.74,1,1.1,100,110.00000000000001
8481,12,20,8,51.53,25.0,5.362,244.1,83.0,7.3,1,1.1,100,110.00000000000001
8482,12,20,9,51.71,28.0,5.362,555.6,222.0,7.46,1,1.1,100,110.00000000000001
8483,12,20,10,57.44,30.9,5.362,779.7,338.0,7.05,1,1.1,100,110.00000000000001
8484,12,20,11,51.46,33.4,5.362,906.6,405.0,10.06,1,1.1,100,110.00000000000001
8485,12,20,12,51.51,34.9,5.362,956.4,422.0,10.08,1,1.1,100,110.00000000000001
8486,12,20,13,57.96,34.9,5.362,915.5,380.0,9.24,0,1.1,80,88.0
8487,12,20,14,71.01,34.3,5.362,110.7,111.0,9.06,0,1.1,80,88.0
8488,12,20,15,88.0,32.7,5.362,457.8,136.0,9.59,0,1.1,80,88.0
8489,12,20,16,97.04,29.5,5.362,0.0,28.0,10.33,0,1.1,80,88.0
8490,12,20,17,118.34,29.8,5.362,0.0,0.0,11.44,0,1.1,80,88.0
8491,12,20,18,111.94,29.8,5.362,0.0,0.0,11.62,0,1.1,80,88.0
8492,12,20,19,88.42,30.0,5.362,0.0,0.0,10.16,0,1.1,80,88.0
8493,12,20,20,90.84,30.4,5.362,0.0,0.0,10.47,0,1.1,80,88.0
8494,12,20,21,74.63,30.7,5.362,0.0,0.0,10.78,0,1.1,80,88.0
8495,12,20,22,63.84,31.5,5.362,0.0,0.0,10.84,0,1.1,80,88.0
8496,12,20,23,56.32,32.0,5.362,0.0,0.0,11.58,0,1.1,80,88.0
8497,12,21,0,54.09,32.4,5.362,0.0,0.0,10.69,1,1.1,100,110.00000000000001
8498,12,21,1,51.38,32.5,5.362,0.0,0.0,10.34,1,1.1,100,110.00000000000001
8499,12,21,2,50.35,32.7,5.362,0.0,0.0,11.7,1,1.1,100,110.00000000000001
8500,12,21,3,50.79,32.7,5.362,0.0,0.0,11.24,1,1.1,100,110.00000000000001
8501,12,21,4,51.91,32.5,5.362,0.0,0.0,10.17,1,1.1,100,110.00000000000001
8502,12,21,5,53.49,31.8,5.362,0.0,0.0,9.87,1,1.1,100,110.00000000000001
8503,12,21,6,47.6,31.1,5.362,0.0,0.0,9.31,1,1.1,100,110.00000000000001
8504,12,21,7,57.05,31.3,5.362,0.0,0.0,10.04,1,1.1,100,110.00000000000001
8505,12,21,8,62.31,34.2,5.362,39.3,44.0,9.55,0,1.1,80,88.0
8506,12,21,9,57.32,36.3,5.362,228.0,165.0,11.0,0,1.1,80,88.0
8507,12,21,10,60.93,35.6,5.362,106.9,117.0,9.92,0,1.1,80,88.0
8508,12,21,11,54.45,34.0,5.362,420.5,302.0,10.14,0,1.1,80,88.0
8509,12,21,12,55.05,33.1,5.362,325.0,279.0,7.42,0,1.1,80,88.0
8510,12,21,13,48.19,32.9,5.362,909.4,382.0,6.76,0,1.1,80,88.0
8511,12,21,14,55.79,32.0,5.362,800.2,290.0,7.37,0,1.1,80,88.0
8512,12,21,15,56.43,30.6,5.362,100.4,98.0,6.71,0,1.1,80,88.0
8513,12,21,16,87.55,28.9,5.362,0.0,18.0,7.06,0,1.1,80,88.0
8514,12,21,17,96.84,28.2,5.362,0.0,0.0,5.74,0,1.1,80,88.0
8515,12,21,18,95.52,27.7,5.362,0.0,0.0,4.75,0,1.1,80,88.0
8516,12,21,19,78.77,27.7,5.362,0.0,0.0,4.67,0,1.1,80,88.0
8517,12,21,20,72.02,27.7,5.362,0.0,0.0,3.89,0,1.1,80,88.0
8518,12,21,21,59.03,27.5,5.362,0.0,0.0,5.02,0,1.1,80,88.0
8519,12,21,22,57.14,27.0,5.362,0.0,0.0,5.55,0,1.1,80,88.0
8520,12,21,23,55.48,26.2,5.362,0.0,0.0,3.78,0,1.1,80,88.0
8521,12,22,0,56.54,24.8,5.362,0.0,0.0,5.69,0,1.1,80,88.0
8522,12,22,1,56.3,23.5,5.362,0.0,0.0,5.2,0,1.1,80,88.0
8523,12,22,2,52.07,22.1,5.362,0.0,0.0,5.77,0,1.1,80,88.0
8524,12,22,3,52.41,20.8,5.362,0.0,0.0,4.74,0,1.1,80,88.0
8525,12,22,4,57.33,19.6,5.362,0.0,0.0,5.42,0,1.1,80,88.0
8526,12,22,5,65.2,18.7,5.362,0.0,0.0,5.23,0,1.1,80,88.0
8527,12,22,6,73.45,18.0,5.362,0.0,0.0,6.01,0,1.1,80,88.0
8528,12,22,7,104.61,17.2,5.362,0.0,0.0,6.49,0,1.1,80,88.0
8529,12,22,8,72.7,18.9,5.362,41.1,46.0,3.64,1,1.1,100,110.00000000000001
8530,12,22,9,54.86,21.7,5.362,546.8,218.0,3.12,1,1.1,100,110.00000000000001
8531,12,22,10,54.89,24.6,5.362,771.2,334.0,2.73,1,1.1,100,110.00000000000001
8532,12,22,11,52.14,27.1,5.362,901.8,403.0,1.01,1,1.1,100,110.00000000000001
8533,12,22,12,50.99,29.1,5.362,951.4,421.0,0.43,1,1.1,100,110.00000000000001
8534,12,22,13,52.97,30.4,5.362,911.0,380.0,1.27,1,1.1,100,110.00000000000001
8535,12,22,14,66.56,30.4,5.362,809.0,290.0,2.05,1,1.1,100,110.00000000000001
8536,12,22,15,79.0,28.9,5.362,97.4,95.0,1.93,1,1.1,100,110.00000000000001
8537,12,22,16,96.54,23.9,5.362,0.0,30.0,2.22,0,1.1,80,88.0
8538,12,22,17,108.69,22.3,5.362,0.0,0.0,1.88,0,1.1,80,88.0
8539,12,22,18,99.22,21.7,5.362,0.0,0.0,2.82,0,1.1,80,88.0
8540,12,22,19,95.06,21.7,5.362,0.0,0.0,2.71,0,1.1,80,88.0
8541,12,22,20,96.19,21.9,5.362,0.0,0.0,3.18,0,1.1,80,88.0
8542,12,22,21,92.26,21.7,5.362,0.0,0.0,3.55,0,1.1,80,88.0
8543,12,22,22,80.93,21.0,5.362,0.0,0.0,3.71,0,1.1,80,88.0
8544,12,22,23,75.52,20.5,5.362,0.0,0.0,2.38,0,1.1,80,88.0
8545,12,23,0,104.71,20.1,5.362,0.0,0.0,3.48,1,1.1,100,110.00000000000001
8546,12,23,1,105.51,19.9,5.362,0.0,0.0,4.55,1,1.1,100,110.00000000000001
8547,12,23,2,94.27,20.3,5.362,0.0,0.0,5.5,1,1.1,100,110.00000000000001
8548,12,23,3,92.2,21.0,5.362,0.0,0.0,4.78,1,1.1,100,110.00000000000001
8549,12,23,4,100.19,22.1,5.362,0.0,0.0,3.59,1,1.1,100,110.00000000000001
8550,12,23,5,106.97,23.2,5.362,0.0,0.0,4.2,1,1.1,100,110.00000000000001
8551,12,23,6,108.75,24.1,5.362,0.0,0.0,4.57,1,1.1,100,110.00000000000001
8552,12,23,7,129.34,24.4,5.362,0.0,0.0,4.3,1,1.1,100,110.00000000000001
8553,12,23,8,128.14,26.1,5.362,185.8,70.0,4.73,0,1.1,80,88.0
8554,12,23,9,131.35,28.4,5.362,149.3,134.0,5.07,0,1.1,80,88.0
8555,12,23,10,134.61,30.4,5.362,51.8,58.0,5.01,0,1.1,80,88.0
8556,12,23,11,135.9,32.7,5.362,115.8,123.0,3.64,0,1.1,80,88.0
8557,12,23,12,135.84,35.2,5.362,115.0,124.0,2.85,0,1.1,80,88.0
8558,12,23,13,134.77,36.0,5.362,6.3,7.0,3.45,0,1.1,80,88.0
8559,12,23,14,125.17,35.4,5.362,55.4,62.0,3.26,0,1.1,80,88.0
8560,12,23,15,124.68,34.2,5.362,94.5,86.0,3.34,0,1.1,80,88.0
8561,12,23,16,133.29,32.2,5.362,0.0,26.0,4.16,0,1.1,80,88.0
8562,12,23,17,134.15,31.8,5.362,0.0,0.0,3.93,0,1.1,80,88.0
8563,12,23,18,133.53,31.5,5.362,0.0,0.0,3.38,0,1.1,80,88.0
8564,12,23,19,120.13,31.3,5.362,0.0,0.0,5.44,0,1.1,80,88.0
8565,12,23,20,119.56,30.9,5.362,0.0,0.0,3.77,0,1.1,80,88.0
8566,12,23,21,101.6,31.1,5.362,0.0,0.0,5.17,0,1.1,80,88.0
8567,12,23,22,98.13,31.1,5.362,0.0,0.0,6.35,0,1.1,80,88.0
8568,12,23,23,90.91,31.1,5.362,0.0,0.0,5.21,0,1.1,80,88.0
8569,12,24,0,83.88,31.5,5.362,0.0,0.0,3.33,0,1.1,80,88.0
8570,12,24,1,93.77,32.7,5.362,0.0,0.0,4.27,0,1.1,80,88.0
8571,12,24,2,87.28,33.4,5.362,0.0,0.0,5.02,0,1.1,80,88.0
8572,12,24,3,79.59,33.8,5.362,0.0,0.0,5.95,0,1.1,80,88.0
8573,12,24,4,87.21,34.0,5.362,0.0,0.0,5.58,0,1.1,80,88.0
8574,12,24,5,87.6,33.6,5.362,0.0,0.0,5.96,0,1.1,80,88.0
8575,12,24,6,77.17,33.3,5.362,0.0,0.0,4.81,0,1.1,80,88.0
8576,12,24,7,82.46,32.9,5.362,0.0,0.0,4.63,0,1.1,80,88.0
8577,12,24,8,98.86,33.6,5.362,167.7,68.0,5.58,0,1.1,80,88.0
8578,12,24,9,78.96,34.7,5.362,17.0,19.0,3.87,1,1.1,100,110.00000000000001
8579,12,24,10,66.03,34.7,5.362,81.7,89.0,4.29,1,1.1,100,110.00000000000001
8580,12,24,11,63.51,34.0,5.362,126.0,141.0,4.49,1,1.1,100,110.00000000000001
8581,12,24,12,59.07,33.4,5.362,269.3,253.0,4.2,1,1.1,100,110.00000000000001
8582,12,24,13,55.25,33.1,5.362,118.7,130.0,3.61,1,1.1,100,110.00000000000001
8583,12,24,14,70.47,32.4,5.362,199.1,184.0,3.67,1,1.1,100,110.00000000000001
8584,12,24,15,59.7,30.9,5.362,100.9,99.0,2.05,1,1.1,100,110.00000000000001
8585,12,24,16,73.79,27.0,5.362,0.0,32.0,2.5,1,1.1,100,110.00000000000001
8586,12,24,17,105.83,24.4,5.362,0.0,0.0,2.05,0,1.1,80,88.0
8587,12,24,18,86.55,22.5,5.362,0.0,0.0,1.94,0,1.1,80,88.0
8588,12,24,19,91.14,21.2,5.362,0.0,0.0,2.07,0,1.1,80,88.0
8589,12,24,20,108.4,20.5,5.362,0.0,0.0,3.2,0,1.1,80,88.0
8590,12,24,21,86.2,20.3,5.362,0.0,0.0,3.27,0,1.1,80,88.0
8591,12,24,22,83.35,21.7,5.362,0.0,0.0,1.57,0,1.1,80,88.0
8592,12,24,23,92.2,22.3,5.362,0.0,0.0,1.22,0,1.1,80,88.0
8593,12,25,0,107.56,22.5,5.362,0.0,0.0,2.31,0,1.1,80,88.0
8594,12,25,1,112.87,22.6,5.362,0.0,0.0,2.34,0,1.1,80,88.0
8595,12,25,2,93.36,22.8,5.362,0.0,0.0,2.87,0,1.1,80,88.0
8596,12,25,3,91.5,22.8,5.362,0.0,0.0,1.7,0,1.1,80,88.0
8597,12,25,4,96.57,23.5,5.362,0.0,0.0,1.65,0,1.1,80,88.0
8598,12,25,5,91.45,23.9,5.362,0.0,0.0,2.38,0,1.1,80,88.0
8599,12,25,6,77.36,23.9,5.362,0.0,0.0,2.0,0,1.1,80,88.0
8600,12,25,7,76.33,24.8,5.362,0.0,0.0,2.03,0,1.1,80,88.0
8601,12,25,8,84.94,27.0,5.362,9.8,11.0,2.73,0,1.1,80,88.0
8602,12,25,9,112.14,29.8,5.362,46.1,49.0,2.81,0,1.1,80,88.0
8603,12,25,10,99.34,33.6,5.362,47.4,53.0,2.3,0,1.1,80,88.0
8604,12,25,11,95.15,36.7,5.362,156.5,168.0,2.59,0,1.1,80,88.0
8605,12,25,12,80.39,37.2,5.362,79.5,89.0,3.82,0,1.1,80,88.0
8606,12,25,13,68.58,36.5,5.362,413.6,285.0,3.36,1,1.1,100,110.00000000000001
8607,12,25,14,64.37,34.5,5.362,378.4,226.0,3.97,1,1.1,100,110.00000000000001
8608,12,25,15,64.39,30.9,5.362,6.3,7.0,4.08,1,1.1,100,110.00000000000001
8609,12,25,16,64.26,26.8,5.362,0.0,2.0,2.96,1,1.1,100,110.00000000000001
8610,12,25,17,54.76,23.5,5.362,0.0,0.0,3.56,1,1.1,100,110.00000000000001
8611,12,25,18,54.53,21.2,5.362,0.0,0.0,3.62,1,1.1,100,110.00000000000001
8612,12,25,19,69.21,19.0,5.362,0.0,0.0,3.59,1,1.1,100,110.00000000000001
8613,12,25,20,54.86,17.2,5.362,0.0,0.0,5.78,1,1.1,100,110.00000000000001
8614,12,25,21,72.0,15.4,5.362,0.0,0.0,4.0,0,1.1,80,88.0
8615,12,25,22,71.56,14.0,5.362,0.0,0.0,3.01,0,1.1,80,88.0
8616,12,25,23,74.0,12.7,5.362,0.0,0.0,3.45,0,1.1,80,88.0
8617,12,26,0,129.17,11.3,5.362,0.0,0.0,3.13,0,1.1,80,88.0
8618,12,26,1,132.03,10.0,5.362,0.0,0.0,3.1,0,1.1,80,88.0
8619,12,26,2,121.98,9.0,5.362,0.0,0.0,3.27,0,1.1,80,88.0
8620,12,26,3,126.13,7.9,5.362,0.0,0.0,4.43,0,1.1,80,88.0
8621,12,26,4,129.56,7.0,5.362,0.0,0.0,5.62,0,1.1,80,88.0
8622,12,26,5,107.95,5.5,5.362,0.0,0.0,6.27,1,1.1,100,110.00000000000001
8623,12,26,6,137.09,4.8,5.362,0.0,0.0,7.18,1,1.1,100,110.00000000000001
8624,12,26,7,139.07,4.5,5.362,0.0,0.0,6.31,1,1.1,100,110.00000000000001
8625,12,26,8,138.23,7.3,5.362,45.6,47.0,6.19,1,1.1,100,110.00000000000001
8626,12,26,9,135.77,10.6,5.362,312.9,178.0,5.56,1,1.1,100,110.00000000000001
8627,12,26,10,119.36,13.1,5.362,499.9,278.0,4.68,1,1.1,100,110.00000000000001
8628,12,26,11,119.95,15.3,5.362,395.9,280.0,4.42,1,1.1,100,110.00000000000001
8629,12,26,12,119.41,17.1,5.362,312.1,257.0,4.69,1,1.1,100,110.00000000000001
8630,12,26,13,121.07,17.8,5.362,407.9,270.0,3.87,0,1.1,80,88.0
8631,12,26,14,138.46,18.1,5.362,578.5,248.0,5.39,0,1.1,80,88.0
8632,12,26,15,161.03,17.6,5.362,159.4,112.0,4.2,0,1.1,80,88.0
8633,12,26,16,197.2,16.5,5.362,0.0,33.0,5.02,0,1.1,80,88.0
8634,12,26,17,205.84,16.3,5.362,0.0,0.0,4.96,0,1.1,80,88.0
8635,12,26,18,196.94,16.3,5.362,0.0,0.0,6.13,0,1.1,80,88.0
8636,12,26,19,193.86,16.7,5.362,0.0,0.0,6.75,0,1.1,80,88.0
8637,12,26,20,196.29,16.5,5.362,0.0,0.0,6.38,0,1.1,80,88.0
8638,12,26,21,172.06,16.3,5.362,0.0,0.0,6.12,0,1.1,80,88.0
8639,12,26,22,159.74,16.2,5.362,0.0,0.0,6.4,0,1.1,80,88.0
8640,12,26,23,156.86,16.2,5.362,0.0,0.0,6.97,0,1.1,80,88.0
8641,12,27,0,149.09,15.8,5.362,0.0,0.0,5.95,0,1.1,80,88.0
8642,12,27,1,139.23,15.6,5.362,0.0,0.0,6.16,0,1.1,80,88.0
8643,12,27,2,138.69,15.4,5.362,0.0,0.0,6.0,0,1.1,80,88.0
8644,12,27,3,138.68,15.1,5.362,0.0,0.0,8.47,0,1.1,80,88.0
8645,12,27,4,137.81,14.7,5.362,0.0,0.0,7.46,0,1.1,80,88.0
8646,12,27,5,142.04,14.2,5.362,0.0,0.0,6.15,0,1.1,80,88.0
8647,12,27,6,123.15,13.5,5.362,0.0,0.0,4.0,0,1.1,80,88.0
8648,12,27,7,110.23,12.6,5.362,0.0,0.0,5.81,0,1.1,80,88.0
8649,12,27,8,122.0,14.4,5.362,19.7,22.0,4.98,0,1.1,80,88.0
8650,12,27,9,139.36,17.6,5.362,474.8,206.0,5.44,0,1.1,80,88.0
8651,12,27,10,134.97,20.7,5.362,102.8,115.0,7.35,0,1.1,80,88.0
8652,12,27,11,130.3,23.2,5.362,135.4,149.0,4.99,0,1.1,80,88.0
8653,12,27,12,131.69,25.3,5.362,171.4,189.0,2.55,0,1.1,80,88.0
8654,12,27,13,117.33,26.6,5.362,310.6,295.0,2.72,0,1.1,80,88.0
8655,12,27,14,117.21,26.8,5.362,186.6,194.0,3.28,1,1.1,100,110.00000000000001
8656,12,27,15,112.2,24.6,5.362,734.5,175.0,3.06,1,1.1,100,110.00000000000001
8657,12,27,16,138.16,18.5,5.362,0.0,37.0,4.85,1,1.1,100,110.00000000000001
8658,12,27,17,154.4,16.3,5.362,0.0,0.0,2.66,1,1.1,100,110.00000000000001
8659,12,27,18,110.87,15.6,5.362,0.0,0.0,3.07,1,1.1,100,110.00000000000001
8660,12,27,19,98.11,14.7,5.362,0.0,0.0,4.0,1,1.1,100,110.00000000000001
8661,12,27,20,101.81,13.5,5.362,0.0,0.0,4.34,1,1.1,100,110.00000000000001
8662,12,27,21,104.9,12.7,5.362,0.0,0.0,4.84,1,1.1,100,110.00000000000001
8663,12,27,22,126.81,12.2,5.362,0.0,0.0,4.29,0,1.1,80,88.0
8664,12,27,23,115.78,11.7,5.362,0.0,0.0,1.81,0,1.1,80,88.0
8665,12,28,0,129.7,11.1,5.362,0.0,0.0,2.66,0,1.1,80,88.0
8666,12,28,1,138.77,10.4,5.362,0.0,0.0,4.42,0,1.1,80,88.0
8667,12,28,2,137.35,10.2,5.362,0.0,0.0,3.23,0,1.1,80,88.0
8668,12,28,3,140.67,10.0,5.362,0.0,0.0,3.61,0,1.1,80,88.0
8669,12,28,4,130.62,9.9,5.362,0.0,0.0,5.27,0,1.1,80,88.0
8670,12,28,5,132.72,9.5,5.362,0.0,0.0,7.15,0,1.1,80,88.0
8671,12,28,6,116.58,9.5,5.362,0.0,0.0,8.45,0,1.1,80,88.0
8672,12,28,7,135.11,9.9,5.362,0.0,0.0,6.21,0,1.1,80,88.0
8673,12,28,8,137.25,13.8,5.362,217.0,75.0,6.59,1,1.1,100,110.00000000000001
8674,12,28,9,148.66,20.5,5.362,537.1,217.0,6.37,1,1.1,100,110.00000000000001
8675,12,28,10,127.34,25.0,5.362,769.4,338.0,7.2,1,1.1,100,110.00000000000001
8676,12,28,11,122.43,28.6,5.362,817.3,395.0,7.57,1,1.1,100,110.00000000000001
8677,12,28,12,108.87,30.9,5.362,851.8,408.0,8.19,1,1.1,100,110.00000000000001
8678,12,28,13,123.73,31.5,5.362,831.5,375.0,7.69,1,1.1,100,110.00000000000001
8679,12,28,14,118.28,31.1,5.362,733.6,298.0,8.48,1,1.1,100,110.00000000000001
8680,12,28,15,128.02,28.8,5.362,329.5,143.0,8.15,1,1.1,100,110.00000000000001
8681,12,28,16,167.81,26.1,5.362,0.0,38.0,6.85,0,1.1,80,88.0
8682,12,28,17,175.56,25.9,5.362,0.0,0.0,7.04,0,1.1,80,88.0
8683,12,28,18,139.57,25.7,5.362,0.0,0.0,8.2,0,1.1,80,88.0
8684,12,28,19,105.35,25.2,5.362,0.0,0.0,7.61,0,1.1,80,88.0
8685,12,28,20,132.63,25.3,5.362,0.0,0.0,7.84,0,1.1,80,88.0
8686,12,28,21,121.21,26.2,5.362,0.0,0.0,7.53,0,1.1,80,88.0
8687,12,28,22,126.11,27.3,5.362,0.0,0.0,4.51,0,1.1,80,88.0
8688,12,28,23,110.91,28.0,5.362,0.0,0.0,7.1,0,1.1,80,88.0
8689,12,29,0,127.58,28.6,5.362,0.0,0.0,7.2,0,1.1,80,88.0
8690,12,29,1,125.84,29.8,5.362,0.0,0.0,5.79,0,1.1,80,88.0
8691,12,29,2,117.43,32.0,5.362,0.0,0.0,4.19,0,1.1,80,88.0
8692,12,29,3,107.12,34.0,5.362,0.0,0.0,3.78,0,1.1,80,88.0
8693,12,29,4,113.33,34.9,5.362,0.0,0.0,2.38,0,1.1,80,88.0
8694,12,29,5,118.49,35.1,5.362,0.0,0.0,2.34,0,1.1,80,88.0
8695,12,29,6,110.32,35.4,5.362,0.0,0.0,5.05,0,1.1,80,88.0
8696,12,29,7,148.83,35.4,5.362,0.0,0.0,4.0,0,1.1,80,88.0
8697,12,29,8,146.86,35.6,5.362,53.5,52.0,4.34,0,1.1,80,88.0
8698,12,29,9,138.89,35.8,5.362,47.4,53.0,0.68,0,1.1,80,88.0
8699,12,29,10,155.79,36.3,5.362,81.7,89.0,6.89,0,1.1,80,88.0
8700,12,29,11,142.03,36.7,5.362,102.2,112.0,5.96,0,1.1,80,88.0
8701,12,29,12,140.28,36.9,5.362,124.7,137.0,5.79,0,1.1,80,88.0
8702,12,29,13,126.43,36.9,5.362,115.9,127.0,6.44,0,1.1,80,88.0
8703,12,29,14,121.46,36.9,5.362,201.7,182.0,7.43,0,1.1,80,88.0
8704,12,29,15,116.9,36.7,5.362,481.2,159.0,7.55,0,1.1,80,88.0
8705,12,29,16,131.75,35.8,5.362,0.0,27.0,8.06,1,1.1,100,110.00000000000001
8706,12,29,17,134.45,34.5,5.362,0.0,0.0,10.22,1,1.1,100,110.00000000000001
8707,12,29,18,110.5,32.4,5.362,0.0,0.0,11.74,1,1.1,100,110.00000000000001
8708,12,29,19,114.92,30.0,5.362,0.0,0.0,13.15,1,1.1,100,110.00000000000001
8709,12,29,20,110.89,27.9,5.362,0.0,0.0,13.28,1,1.1,100,110.00000000000001
8710,12,29,21,109.01,26.6,5.362,0.0,0.0,12.55,1,1.1,100,110.00000000000001
8711,12,29,22,102.28,25.2,5.362,0.0,0.0,12.94,1,1.1,100,110.00000000000001
8712,12,29,23,90.08,23.0,5.362,0.0,0.0,11.61,1,1.1,100,110.00000000000001
8713,12,30,0,94.83,21.4,5.362,0.0,0.0,12.29,1,1.1,100,110.00000000000001
8714,12,30,1,86.12,20.7,5.362,0.0,0.0,11.8,1,1.1,100,110.00000000000001
8715,12,30,2,86.09,19.8,5.362,0.0,0.0,11.28,1,1.1,100,110.00000000000001
8716,12,30,3,68.34,18.5,5.362,0.0,0.0,11.25,1,1.1,100,110.00000000000001
8717,12,30,4,61.17,17.6,5.362,0.0,0.0,10.17,1,1.1,100,110.00000000000001
8718,12,30,5,79.42,17.4,5.362,0.0,0.0,10.33,1,1.1,100,110.00000000000001
8719,12,30,6,91.3,17.2,5.362,0.0,0.0,8.56,1,1.1,100,110.00000000000001
8720,12,30,7,112.22,17.4,5.362,0.0,0.0,7.96,1,1.1,100,110.00000000000001
8721,12,30,8,119.22,18.0,5.362,166.9,69.0,8.0,0,1.1,80,88.0
8722,12,30,9,106.82,18.3,5.362,498.4,213.0,10.04,0,1.1,80,88.0
8723,12,30,10,114.0,18.5,5.362,545.5,314.0,9.46,0,1.1,80,88.0
8724,12,30,11,118.46,18.5,5.362,358.4,324.0,9.71,0,1.1,80,88.0
8725,12,30,12,111.92,18.9,5.362,557.9,373.0,8.11,0,1.1,80,88.0
8726,12,30,13,101.39,19.0,5.362,420.4,326.0,11.0,0,1.1,80,88.0
8727,12,30,14,111.63,19.2,5.362,287.3,242.0,10.99,0,1.1,80,88.0
8728,12,30,15,121.12,19.0,5.362,151.5,124.0,9.21,0,1.1,80,88.0
8729,12,30,16,161.58,19.2,5.362,0.0,6.0,9.54,0,1.1,80,88.0
8730,12,30,17,192.43,19.6,5.362,0.0,0.0,8.88,0,1.1,80,88.0
8731,12,30,18,170.8,20.1,5.362,0.0,0.0,9.71,0,1.1,80,88.0
8732,12,30,19,148.08,20.7,5.362,0.0,0.0,11.27,0,1.1,80,88.0
8733,12,30,20,152.28,21.0,5.362,0.0,0.0,11.53,0,1.1,80,88.0
8734,12,30,21,140.88,21.2,5.362,0.0,0.0,12.48,0,1.1,80,88.0
8735,12,30,22,132.83,21.0,5.362,0.0,0.0,12.03,0,1.1,80,88.0
8736,12,30,23,126.28,20.7,5.362,0.0,0.0,11.89,0,1.1,80,88.0
8737,12,31,0,121.34,19.9,5.362,0.0,0.0,12.61,1,1.1,100,110.00000000000001
8738,12,31,1,115.55,19.2,5.362,0.0,0.0,13.04,1,1.1,100,110.00000000000001
8739,12,31,2,119.2,19.0,5.362,0.0,0.0,12.85,1,1.1,100,110.00000000000001
8740,12,31,3,103.72,19.0,5.362,0.0,0.0,12.03,1,1.1,100,110.00000000000001
8741,12,31,4,115.41,19.2,5.362,0.0,0.0,10.9,1,1.1,100,110.00000000000001
8742,12,31,5,122.02,19.8,5.362,0.0,0.0,10.43,1,1.1,100,110.00000000000001
8743,12,31,6,130.43,20.5,5.362,0.0,0.0,9.75,1,1.1,100,110.00000000000001
8744,12,31,7,143.1,20.7,5.362,0.0,0.0,9.18,1,1.1,100,110.00000000000001
8745,12,31,8,158.39,21.6,5.362,51.0,53.0,8.5,0,1.1,80,88.0
8746,12,31,9,148.1,23.2,5.362,294.2,184.0,8.81,0,1.1,80,88.0
8747,12,31,10,137.6,24.6,5.362,750.9,338.0,9.31,0,1.1,80,88.0
8748,12,31,11,132.01,25.5,5.362,445.1,324.0,9.07,0,1.1,80,88.0
8749,12,31,12,127.59,25.9,5.362,417.3,326.0,9.17,0,1.1,80,88.0
8750,12,31,13,126.69,26.1,5.362,143.3,155.0,9.27,0,1.1,80,88.0
8751,12,31,14,131.6,25.9,5.362,540.4,268.0,8.56,0,1.1,80,88.0
8752,12,31,15,135.44,24.8,5.362,494.0,168.0,7.57,0,1.1,80,88.0
8753,12,31,16,139.59,23.0,5.362,0.0,36.0,8.68,0,1.1,80,88.0
8754,12,31,17,168.24,21.2,5.362,0.0,0.0,8.81,0,1.1,80,88.0
8755,12,31,18,162.42,19.6,5.362,0.0,0.0,8.27,0,1.1,80,88.0
8756,12,31,19,176.76,36.3,5.362,0.0,0.0,7.29,0,1.1,80,88.0
8757,12,31,20,173.02,35.8,5.362,0.0,0.0,9.04,0,1.1,80,88.0
8758,12,31,21,151.92,36.0,5.362,0.0,0.0,10.23,0,1.1,80,88.0
8759,12,31,22,144.23,36.3,5.362,0.0,0.0,8.36,0,1.1,80,88.0
8760,12,31,23,142.8,36.7,5.362,0.0,0.0,6.69,0,1.1,80,88.0
