hour,month,day,hour_of_day,DA_LMP_$/MWh,Temp_F,Gas_$/MMBtu,POA_W/m2,GHI_W/m2,Wind100m_m/s,,,,,
1,1,1,0,36.26,36.3,5.149,0.0,0.0,7.46,,,,,
2,1,1,1,34.56,35.6,5.149,0.0,0.0,9.45,,,,,
3,1,1,2,31.36,36.0,5.149,0.0,0.0,13.27,,,,,
4,1,1,3,29.75,36.3,5.149,0.0,0.0,15.06,,,,,
5,1,1,4,28.28,36.9,5.149,0.0,0.0,17.66,,,,,
6,1,1,5,28.98,37.6,5.149,0.0,0.0,17.83,,,,,
7,1,1,6,29.49,38.3,5.149,0.0,0.0,18.63,,,,,
8,1,1,7,30.09,38.7,5.149,0.0,0.0,19.13,,,,,
9,1,1,8,30.88,39.0,5.149,166.6,63.0,17.87,,,,,
10,1,1,9,33.83,39.4,5.149,12.5,14.0,15.80,,,,,
11,1,1,10,42.23,39.7,5.149,42.9,48.0,12.71,,,,,
12,1,1,11,43.86,40.8,5.149,66.1,74.0,9.45,,,,,
13,1,1,12,44.71,41.7,5.149,118.0,132.0,13.27,,,,,
14,1,1,13,42.11,41.7,5.149,90.3,101.0,12.01,,,,,
15,1,1,14,38.20,41.5,5.149,16.1,18.0,11.47,,,,,
16,1,1,15,37.90,40.5,5.149,7.1,8.0,12.05,,,,,
17,1,1,16,47.78,38.8,5.149,0.0,26.0,11.11,,,,,
18,1,1,17,53.74,37.9,5.149,0.0,0.0,11.63,,,,,
19,1,1,18,49.47,36.9,5.149,0.0,0.0,10.26,,,,,
20,1,1,19,44.90,35.8,5.149,0.0,0.0,8.97,,,,,
21,1,1,20,44.12,34.9,5.149,0.0,0.0,13.71,,,,,
22,1,1,21,43.24,34.3,5.149,0.0,0.0,7.11,,,,,
23,1,1,22,37.43,33.8,5.149,0.0,0.0,7.07,,,,,
24,1,1,23,40.04,33.4,5.149,0.0,0.0,5.95,,,,,
25,1,2,0,40.93,32.9,5.149,0.0,0.0,5.62,,,,,
26,1,2,1,36.66,32.5,5.149,0.0,0.0,5.24,,,,,
27,1,2,2,35.81,32.4,5.149,0.0,0.0,6.52,,,,,
28,1,2,3,34.73,32.2,5.149,0.0,0.0,6.43,,,,,
29,1,2,4,35.94,32.0,5.149,0.0,0.0,5.73,,,,,
30,1,2,5,46.19,31.8,5.149,0.0,0.0,6.92,,,,,
31,1,2,6,48.62,31.6,5.149,0.0,0.0,7.07,,,,,
32,1,2,7,60.53,31.5,5.149,0.0,0.0,7.01,,,,,
33,1,2,8,58.98,32.2,5.149,193.7,70.0,8.36,,,,,
34,1,2,9,52.15,33.1,5.149,514.3,211.0,8.90,,,,,
35,1,2,10,54.91,34.3,5.149,761.3,335.0,9.13,,,,,
36,1,2,11,52.78,35.2,5.149,908.3,412.0,9.43,,,,,
37,1,2,12,51.98,35.8,5.149,965.7,434.0,10.11,,,,,
38,1,2,13,58.80,36.1,5.149,487.6,307.0,8.89,,,,,
39,1,2,14,62.21,35.6,5.149,144.7,152.0,8.80,,,,,
40,1,2,15,62.45,34.3,5.149,700.1,181.0,8.20,,,,,
41,1,2,16,68.78,33.1,5.149,0.0,39.0,5.79,,,,,
42,1,2,17,69.38,32.5,5.149,0.0,0.0,6.17,,,,,
43,1,2,18,69.16,32.2,5.149,0.0,0.0,5.23,,,,,
44,1,2,19,69.63,31.6,5.149,0.0,0.0,6.50,,,,,
45,1,2,20,69.59,30.7,5.149,0.0,0.0,5.55,,,,,
46,1,2,21,63.96,30.2,5.149,0.0,0.0,5.25,,,,,
47,1,2,22,55.07,29.8,5.149,0.0,0.0,4.86,,,,,
48,1,2,23,57.69,29.5,5.149,0.0,0.0,3.62,,,,,
49,1,3,0,56.80,29.5,5.149,0.0,0.0,3.66,,,,,
50,1,3,1,58.07,29.5,5.149,0.0,0.0,4.92,,,,,
51,1,3,2,52.87,29.5,5.149,0.0,0.0,4.60,,,,,
52,1,3,3,52.46,29.5,5.149,0.0,0.0,4.03,,,,,
53,1,3,4,56.61,29.5,5.149,0.0,0.0,3.88,,,,,
54,1,3,5,66.74,29.5,5.149,0.0,0.0,4.13,,,,,
55,1,3,6,67.05,29.3,5.149,0.0,0.0,4.01,,,,,
56,1,3,7,72.81,28.9,5.149,0.0,0.0,4.03,,,,,
57,1,3,8,67.77,29.5,5.149,175.0,68.0,3.28,,,,,
58,1,3,9,66.68,30.6,5.149,88.4,96.0,3.82,,,,,
59,1,3,10,67.06,31.6,5.149,219.2,209.0,3.15,,,,,
60,1,3,11,67.54,32.4,5.149,109.9,123.0,3.66,,,,,
61,1,3,12,67.43,32.7,5.149,105.5,118.0,2.82,,,,,
62,1,3,13,67.69,32.7,5.149,285.8,255.0,2.86,,,,,
63,1,3,14,71.49,32.2,5.149,319.2,228.0,2.86,,,,,
64,1,3,15,81.89,30.9,5.149,164.4,130.0,3.61,,,,,
65,1,3,16,86.29,29.5,5.149,0.0,48.0,2.03,,,,,
66,1,3,17,99.91,28.6,5.149,0.0,0.0,2.63,,,,,
67,1,3,18,89.75,28.0,5.149,0.0,0.0,1.83,,,,,
68,1,3,19,81.06,27.7,5.149,0.0,0.0,0.96,,,,,
69,1,3,20,78.94,27.5,5.149,0.0,0.0,2.38,,,,,
70,1,3,21,74.80,27.1,5.149,0.0,0.0,3.56,,,,,
71,1,3,22,74.66,27.0,5.149,0.0,0.0,6.50,,,,,
72,1,3,23,72.49,26.4,5.149,0.0,0.0,3.29,,,,,
73,1,4,0,81.47,25.9,5.149,0.0,0.0,4.06,,,,,
74,1,4,1,80.87,24.6,5.149,0.0,0.0,2.92,,,,,
75,1,4,2,75.75,23.7,5.149,0.0,0.0,2.12,,,,,
76,1,4,3,81.05,23.2,5.149,0.0,0.0,1.83,,,,,
77,1,4,4,93.71,22.6,5.149,0.0,0.0,2.41,,,,,
78,1,4,5,101.84,22.1,5.149,0.0,0.0,3.58,,,,,
79,1,4,6,72.64,21.4,5.149,0.0,0.0,4.25,,,,,
80,1,4,7,73.25,20.8,5.149,0.0,0.0,1.80,,,,,
81,1,4,8,78.65,21.0,5.149,202.7,72.0,0.70,,,,,
82,1,4,9,76.44,21.9,5.149,126.3,120.0,6.66,,,,,
83,1,4,10,91.83,22.8,5.149,109.8,114.0,4.87,,,,,
84,1,4,11,84.39,23.5,5.149,169.1,168.0,5.89,,,,,
85,1,4,12,83.31,24.3,5.149,507.8,324.0,4.59,,,,,
86,1,4,13,87.07,24.6,5.149,188.8,178.0,3.58,,,,,
87,1,4,14,94.97,24.6,5.149,123.3,126.0,2.01,,,,,
88,1,4,15,101.11,24.3,5.149,281.1,145.0,1.93,,,,,
89,1,4,16,151.94,23.7,5.149,0.0,49.0,2.76,,,,,
90,1,4,17,158.47,23.7,5.149,0.0,0.0,3.23,,,,,
91,1,4,18,135.73,24.1,5.149,0.0,0.0,5.11,,,,,
92,1,4,19,122.41,24.8,5.149,0.0,0.0,4.84,,,,,
93,1,4,20,105.26,25.3,5.149,0.0,0.0,4.07,,,,,
94,1,4,21,99.74,25.7,5.149,0.0,0.0,4.20,,,,,
95,1,4,22,91.98,26.1,5.149,0.0,0.0,3.55,,,,,
96,1,4,23,107.49,26.1,5.149,0.0,0.0,4.95,,,,,
97,1,5,0,103.08,26.1,5.149,0.0,0.0,7.32,,,,,
98,1,5,1,95.31,26.1,5.149,0.0,0.0,6.92,,,,,
99,1,5,2,89.79,25.9,5.149,0.0,0.0,5.73,,,,,
100,1,5,3,100.70,25.7,5.149,0.0,0.0,3.82,,,,,
101,1,5,4,102.64,25.5,5.149,0.0,0.0,3.70,,,,,
102,1,5,5,102.77,25.2,5.149,0.0,0.0,5.65,,,,,
103,1,5,6,102.09,24.8,5.149,0.0,0.0,2.64,,,,,
104,1,5,7,101.60,24.6,5.149,0.0,0.0,1.38,,,,,
105,1,5,8,105.46,25.2,5.149,52.5,51.0,2.23,,,,,
106,1,5,9,109.64,26.2,5.149,116.9,125.0,3.67,,,,,
107,1,5,10,114.77,27.3,5.149,134.9,146.0,3.62,,,,,
108,1,5,11,98.15,27.9,5.149,199.3,207.0,4.33,,,,,
109,1,5,12,98.42,28.2,5.149,123.7,136.0,3.39,,,,,
110,1,5,13,97.09,28.2,5.149,56.3,63.0,3.91,,,,,
111,1,5,14,103.96,27.7,5.149,34.0,38.0,1.87,,,,,
112,1,5,15,105.56,26.6,5.149,18.8,21.0,2.32,,,,,
113,1,5,16,144.91,25.0,5.149,0.0,32.0,3.12,,,,,
114,1,5,17,155.92,23.2,5.149,0.0,0.0,2.57,,,,,
115,1,5,18,156.51,21.6,5.149,0.0,0.0,1.90,,,,,
116,1,5,19,144.04,19.6,5.149,0.0,0.0,3.49,,,,,
117,1,5,20,123.51,18.1,5.149,0.0,0.0,2.61,,,,,
118,1,5,21,105.01,17.1,5.149,0.0,0.0,2.51,,,,,
119,1,5,22,92.11,16.3,5.149,0.0,0.0,3.33,,,,,
120,1,5,23,93.40,15.4,5.149,0.0,0.0,2.47,,,,,
121,1,6,0,95.73,15.1,5.149,0.0,0.0,2.62,,,,,
122,1,6,1,96.48,14.9,5.149,0.0,0.0,2.82,,,,,
123,1,6,2,94.92,14.9,5.149,0.0,0.0,2.46,,,,,
124,1,6,3,96.38,15.1,5.149,0.0,0.0,2.26,,,,,
125,1,6,4,96.60,14.9,5.149,0.0,0.0,3.32,,,,,
126,1,6,5,112.25,14.5,5.149,0.0,0.0,1.56,,,,,
127,1,6,6,143.51,14.4,5.149,0.0,0.0,1.68,,,,,
128,1,6,7,171.02,14.4,5.149,0.0,0.0,2.37,,,,,
129,1,6,8,161.32,15.3,5.149,203.9,74.0,2.67,,,,,
130,1,6,9,147.36,16.9,5.149,83.8,91.0,1.64,,,,,
131,1,6,10,159.66,18.5,5.149,301.8,246.0,1.81,,,,,
132,1,6,11,159.36,20.1,5.149,297.0,269.0,1.30,,,,,
133,1,6,12,147.63,21.6,5.149,527.8,352.0,0.76,,,,,
134,1,6,13,143.86,22.8,5.149,745.6,366.0,0.48,,,,,
135,1,6,14,142.15,22.6,5.149,351.9,252.0,2.75,,,,,
136,1,6,15,157.64,21.2,5.149,84.0,94.0,3.90,,,,,
137,1,6,16,173.89,19.2,5.149,0.0,39.0,5.43,,,,,
138,1,6,17,208.68,17.4,5.149,0.0,0.0,5.91,,,,,
139,1,6,18,191.94,15.6,5.149,0.0,0.0,3.47,,,,,
140,1,6,19,174.77,14.2,5.149,0.0,0.0,5.04,,,,,
141,1,6,20,153.86,12.7,5.149,0.0,0.0,6.14,,,,,
142,1,6,21,147.30,11.7,5.149,0.0,0.0,9.37,,,,,
143,1,6,22,150.15,10.9,5.149,0.0,0.0,11.04,,,,,
144,1,6,23,129.94,10.4,5.149,0.0,0.0,13.24,,,,,
145,1,7,0,130.32,10.2,5.149,0.0,0.0,12.83,,,,,
146,1,7,1,124.65,10.0,5.149,0.0,0.0,11.10,,,,,
147,1,7,2,126.60,9.9,5.149,0.0,0.0,10.22,,,,,
148,1,7,3,125.74,9.7,5.149,0.0,0.0,9.80,,,,,
149,1,7,4,139.13,9.9,5.149,0.0,0.0,8.62,,,,,
150,1,7,5,154.66,10.4,5.149,0.0,0.0,8.87,,,,,
151,1,7,6,180.61,11.1,5.149,0.0,0.0,10.40,,,,,
152,1,7,7,202.75,11.8,5.149,0.0,0.0,10.54,,,,,
153,1,7,8,180.39,13.8,5.149,57.9,57.0,11.03,,,,,
154,1,7,9,139.82,16.0,5.149,226.9,171.0,11.11,,,,,
155,1,7,10,128.08,17.8,5.149,295.3,240.0,12.73,,,,,
156,1,7,11,127.13,19.2,5.149,380.5,307.0,12.03,,,,,
157,1,7,12,123.26,20.3,5.149,408.4,341.0,13.04,,,,,
158,1,7,13,120.63,20.8,5.149,452.0,330.0,12.44,,,,,
159,1,7,14,124.40,20.7,5.149,229.1,223.0,14.15,,,,,
160,1,7,15,130.47,19.8,5.149,176.3,146.0,13.11,,,,,
161,1,7,16,154.33,18.5,5.149,0.0,44.0,14.05,,,,,
162,1,7,17,164.00,18.0,5.149,0.0,0.0,13.71,,,,,
163,1,7,18,155.37,17.6,5.149,0.0,0.0,13.38,,,,,
164,1,7,19,147.13,17.4,5.149,0.0,0.0,11.81,,,,,
165,1,7,20,132.44,17.1,5.149,0.0,0.0,11.12,,,,,
166,1,7,21,129.70,16.9,5.149,0.0,0.0,10.11,,,,,
167,1,7,22,124.00,16.5,5.149,0.0,0.0,10.14,,,,,
168,1,7,23,123.49,16.3,5.149,0.0,0.0,9.14,,,,,
169,1,8,0,140.21,16.0,5.149,0.0,0.0,9.47,,,,,
170,1,8,1,134.26,15.6,5.149,0.0,0.0,9.54,,,,,
171,1,8,2,124.25,15.1,5.149,0.0,0.0,9.89,,,,,
172,1,8,3,120.65,14.7,5.149,0.0,0.0,9.43,,,,,
173,1,8,4,134.24,14.2,5.149,0.0,0.0,10.14,,,,,
174,1,8,5,133.68,13.8,5.149,0.0,0.0,10.49,,,,,
175,1,8,6,158.48,13.5,5.149,0.0,0.0,10.20,,,,,
176,1,8,7,196.46,13.3,5.149,0.0,0.0,9.58,,,,,
177,1,8,8,159.00,14.5,5.149,222.5,77.0,5.90,,,,,
178,1,8,9,148.51,16.3,5.149,547.9,224.0,6.07,,,,,
179,1,8,10,146.49,18.1,5.149,785.0,349.0,2.15,,,,,
180,1,8,11,136.64,19.2,5.149,922.8,424.0,1.51,,,,,
181,1,8,12,136.81,19.8,5.149,984.5,450.0,2.77,,,,,
182,1,8,13,137.47,19.4,5.149,965.6,420.0,3.10,,,,,
183,1,8,14,144.83,18.3,5.149,872.8,335.0,3.40,,,,,
184,1,8,15,157.88,16.7,5.149,752.0,205.0,4.30,,,,,
185,1,8,16,161.45,14.9,5.149,0.0,61.0,3.36,,,,,
186,1,8,17,200.44,13.8,5.149,0.0,0.0,6.06,,,,,
187,1,8,18,194.63,13.3,5.149,0.0,0.0,5.15,,,,,
188,1,8,19,168.74,13.3,5.149,0.0,0.0,5.76,,,,,
189,1,8,20,168.22,13.5,5.149,0.0,0.0,5.12,,,,,
190,1,8,21,169.41,13.6,5.149,0.0,0.0,7.10,,,,,
191,1,8,22,144.72,13.5,5.149,0.0,0.0,8.83,,,,,
192,1,8,23,152.09,13.1,5.149,0.0,0.0,8.89,,,,,
193,1,9,0,136.03,12.6,5.149,0.0,0.0,8.85,,,,,
194,1,9,1,128.82,12.4,5.149,0.0,0.0,7.89,,,,,
195,1,9,2,124.00,12.0,5.149,0.0,0.0,7.65,,,,,
196,1,9,3,120.76,11.7,5.149,0.0,0.0,9.18,,,,,
197,1,9,4,124.52,11.7,5.149,0.0,0.0,10.63,,,,,
198,1,9,5,141.08,12.2,5.149,0.0,0.0,6.96,,,,,
199,1,9,6,159.41,12.6,5.149,0.0,0.0,6.44,,,,,
200,1,9,7,191.08,12.9,5.149,0.0,0.0,6.59,,,,,
201,1,9,8,173.97,13.8,5.149,30.4,34.0,9.38,,,,,
202,1,9,9,154.24,15.3,5.149,138.9,127.0,10.38,,,,,
203,1,9,10,139.30,17.2,5.149,202.9,183.0,10.61,,,,,
204,1,9,11,132.73,19.2,5.149,212.8,197.0,11.03,,,,,
205,1,9,12,122.71,20.5,5.149,250.8,222.0,10.38,,,,,
206,1,9,13,123.09,20.8,5.149,207.5,191.0,11.03,,,,,
207,1,9,14,128.08,20.3,5.149,848.2,329.0,12.55,,,,,
208,1,9,15,128.53,19.0,5.149,736.1,204.0,12.66,,,,,
209,1,9,16,158.94,17.6,5.149,0.0,21.0,14.73,,,,,
210,1,9,17,163.15,16.9,5.149,0.0,0.0,16.58,,,,,
211,1,9,18,156.52,16.7,5.149,0.0,0.0,15.68,,,,,
212,1,9,19,142.87,16.7,5.149,0.0,0.0,13.98,,,,,
213,1,9,20,145.33,17.1,5.149,0.0,0.0,13.92,,,,,
214,1,9,21,142.44,17.4,5.149,0.0,0.0,12.40,,,,,
215,1,9,22,125.96,17.4,5.149,0.0,0.0,13.06,,,,,
216,1,9,23,119.28,17.4,5.149,0.0,0.0,13.31,,,,,
217,1,10,0,103.92,17.4,5.149,0.0,0.0,12.07,,,,,
218,1,10,1,95.00,17.2,5.149,0.0,0.0,10.75,,,,,
219,1,10,2,90.56,16.9,5.149,0.0,0.0,11.48,,,,,
220,1,10,3,91.66,16.7,5.149,0.0,0.0,11.84,,,,,
221,1,10,4,98.39,16.3,5.149,0.0,0.0,10.93,,,,,
222,1,10,5,116.77,16.2,5.149,0.0,0.0,7.30,,,,,
223,1,10,6,146.08,16.2,5.149,0.0,0.0,8.10,,,,,
224,1,10,7,152.37,16.3,5.149,0.0,0.0,6.86,,,,,
225,1,10,8,127.09,18.5,5.149,221.8,77.0,5.89,,,,,
226,1,10,9,110.63,22.3,5.149,539.5,222.0,8.47,,,,,
227,1,10,10,94.96,26.1,5.149,771.5,346.0,9.03,,,,,
228,1,10,11,88.50,29.5,5.149,920.7,426.0,9.25,,,,,
229,1,10,12,82.22,32.5,5.149,981.4,451.0,9.81,,,,,
230,1,10,13,83.90,34.2,5.149,962.9,422.0,9.00,,,,,
231,1,10,14,87.39,34.3,5.149,870.8,338.0,8.49,,,,,
232,1,10,15,99.75,32.5,5.149,759.9,212.0,7.94,,,,,
233,1,10,16,109.59,28.2,5.149,0.0,67.0,6.04,,,,,
234,1,10,17,139.94,25.7,5.149,0.0,0.0,5.67,,,,,
235,1,10,18,119.05,25.9,5.149,0.0,0.0,5.66,,,,,
236,1,10,19,114.98,25.7,5.149,0.0,0.0,4.93,,,,,
237,1,10,20,121.01,25.3,5.149,0.0,0.0,3.61,,,,,
238,1,10,21,109.83,25.0,5.149,0.0,0.0,3.70,,,,,
239,1,10,22,108.56,24.6,5.149,0.0,0.0,1.56,,,,,
240,1,10,23,100.24,24.1,5.149,0.0,0.0,2.63,,,,,
241,1,11,0,90.00,23.5,5.149,0.0,0.0,1.77,,,,,
242,1,11,1,89.38,23.5,5.149,0.0,0.0,1.94,,,,,
243,1,11,2,83.68,22.1,5.149,0.0,0.0,2.75,,,,,
244,1,11,3,83.03,22.1,5.149,0.0,0.0,3.39,,,,,
245,1,11,4,83.34,22.3,5.149,0.0,0.0,2.90,,,,,
246,1,11,5,82.42,22.3,5.149,0.0,0.0,2.51,,,,,
247,1,11,6,91.14,22.3,5.149,0.0,0.0,2.54,,,,,
248,1,11,7,90.33,22.1,5.149,0.0,0.0,4.18,,,,,
249,1,11,8,98.32,23.0,5.149,33.1,37.0,4.61,,,,,
250,1,11,9,113.28,24.4,5.149,71.5,80.0,2.78,,,,,
251,1,11,10,96.41,25.9,5.149,256.8,236.0,1.92,,,,,
252,1,11,11,92.05,27.1,5.149,129.0,142.0,1.29,,,,,
253,1,11,12,94.56,27.9,5.149,230.8,242.0,1.83,,,,,
254,1,11,13,90.69,28.0,5.149,183.1,202.0,2.11,,,,,
255,1,11,14,92.50,27.7,5.149,164.8,181.0,3.00,,,,,
256,1,11,15,92.89,27.1,5.149,51.8,58.0,3.09,,,,,
257,1,11,16,96.75,25.7,5.149,0.0,33.0,4.14,,,,,
258,1,11,17,131.08,24.8,5.149,0.0,0.0,5.18,,,,,
259,1,11,18,98.79,24.1,5.149,0.0,0.0,4.66,,,,,
260,1,11,19,101.78,23.2,5.149,0.0,0.0,4.36,,,,,
261,1,11,20,89.88,22.3,5.149,0.0,0.0,4.95,,,,,
262,1,11,21,86.61,21.7,5.149,0.0,0.0,4.99,,,,,
263,1,11,22,83.33,21.4,5.149,0.0,0.0,5.53,,,,,
264,1,11,23,80.86,21.2,5.149,0.0,0.0,5.15,,,,,
265,1,12,0,79.91,20.8,5.149,0.0,0.0,5.62,,,,,
266,1,12,1,80.12,20.7,5.149,0.0,0.0,7.17,,,,,
267,1,12,2,79.85,20.1,5.149,0.0,0.0,6.12,,,,,
268,1,12,3,79.36,19.8,5.149,0.0,0.0,6.22,,,,,
269,1,12,4,80.04,19.0,5.149,0.0,0.0,5.19,,,,,
270,1,12,5,79.77,18.3,5.149,0.0,0.0,4.79,,,,,
271,1,12,6,79.05,17.6,5.149,0.0,0.0,4.35,,,,,
272,1,12,7,79.92,17.6,5.149,0.0,0.0,4.62,,,,,
273,1,12,8,79.89,21.7,5.149,68.5,62.0,5.53,,,,,
274,1,12,9,77.97,26.6,5.149,153.2,160.0,6.01,,,,,
275,1,12,10,73.30,30.2,5.149,279.8,269.0,6.78,,,,,
276,1,12,11,71.17,32.7,5.149,936.1,442.0,6.82,,,,,
277,1,12,12,68.91,34.3,5.149,1001.8,470.0,7.11,,,,,
278,1,12,13,73.57,35.2,5.149,979.1,439.0,7.54,,,,,
279,1,12,14,75.16,34.9,5.149,877.5,351.0,7.94,,,,,
280,1,12,15,79.94,32.5,5.149,753.9,221.0,8.30,,,,,
281,1,12,16,89.51,26.2,5.149,0.0,71.0,6.89,,,,,
282,1,12,17,113.27,23.9,5.149,0.0,0.0,8.55,,,,,
283,1,12,18,105.65,23.0,5.149,0.0,0.0,6.96,,,,,
284,1,12,19,95.00,22.8,5.149,0.0,0.0,7.35,,,,,
285,1,12,20,90.50,22.6,5.149,0.0,0.0,5.74,,,,,
286,1,12,21,83.74,22.3,5.149,0.0,0.0,6.31,,,,,
287,1,12,22,80.64,22.5,5.149,0.0,0.0,8.42,,,,,
288,1,12,23,80.56,22.1,5.149,0.0,0.0,3.60,,,,,
289,1,13,0,90.69,23.4,5.149,0.0,0.0,2.59,,,,,
290,1,13,1,91.76,23.7,5.149,0.0,0.0,3.25,,,,,
291,1,13,2,91.87,23.4,5.149,0.0,0.0,1.73,,,,,
292,1,13,3,88.72,23.7,5.149,0.0,0.0,3.36,,,,,
293,1,13,4,89.06,23.9,5.149,0.0,0.0,3.27,,,,,
294,1,13,5,94.41,23.5,5.149,0.0,0.0,3.01,,,,,
295,1,13,6,94.71,22.3,5.149,0.0,0.0,5.74,,,,,
296,1,13,7,146.95,21.4,5.149,0.0,0.0,7.78,,,,,
297,1,13,8,117.67,26.4,5.149,49.2,55.0,7.85,,,,,
298,1,13,9,86.45,31.5,5.149,68.8,77.0,7.08,,,,,
299,1,13,10,86.17,35.6,5.149,113.5,127.0,9.37,,,,,
300,1,13,11,83.47,37.0,5.149,110.8,124.0,7.56,,,,,
301,1,13,12,82.24,37.6,5.149,111.7,125.0,8.90,,,,,
302,1,13,13,83.63,37.6,5.149,398.1,339.0,12.28,,,,,
303,1,13,14,86.05,36.7,5.149,94.7,106.0,12.55,,,,,
304,1,13,15,89.30,34.5,5.149,41.1,46.0,10.69,,,,,
305,1,13,16,95.90,31.6,5.149,0.0,69.0,11.04,,,,,
306,1,13,17,146.62,31.3,5.149,0.0,0.0,11.78,,,,,
307,1,13,18,132.52,30.4,5.149,0.0,0.0,12.86,,,,,
308,1,13,19,120.51,29.3,5.149,0.0,0.0,13.59,,,,,
309,1,13,20,115.02,27.9,5.149,0.0,0.0,14.15,,,,,
310,1,13,21,91.25,27.0,5.149,0.0,0.0,11.54,,,,,
311,1,13,22,82.26,26.1,5.149,0.0,0.0,11.72,,,,,
312,1,13,23,80.73,25.5,5.149,0.0,0.0,10.85,,,,,
313,1,14,0,81.47,25.2,5.149,0.0,0.0,7.81,,,,,
314,1,14,1,80.97,24.8,5.149,0.0,0.0,9.74,,,,,
315,1,14,2,80.81,24.4,5.149,0.0,0.0,8.55,,,,,
316,1,14,3,80.85,23.9,5.149,0.0,0.0,8.08,,,,,
317,1,14,4,81.62,23.4,5.149,0.0,0.0,6.69,,,,,
318,1,14,5,87.43,23.0,5.149,0.0,0.0,8.11,,,,,
319,1,14,6,107.96,22.6,5.149,0.0,0.0,7.33,,,,,
320,1,14,7,134.59,22.6,5.149,0.0,0.0,8.31,,,,,
321,1,14,8,100.51,23.9,5.149,205.1,81.0,6.06,,,,,
322,1,14,9,81.28,25.2,5.149,537.8,235.0,8.89,,,,,
323,1,14,10,88.00,26.1,5.149,785.2,367.0,7.98,,,,,
324,1,14,11,87.84,26.6,5.149,945.3,453.0,9.43,,,,,
325,1,14,12,83.61,26.6,5.149,1012.8,482.0,8.98,,,,,
326,1,14,13,90.00,26.2,5.149,989.4,451.0,7.22,,,,,
327,1,14,14,98.55,25.3,5.149,892.2,364.0,6.92,,,,,
328,1,14,15,112.22,23.9,5.149,600.9,227.0,7.30,,,,,
329,1,14,16,125.99,22.3,5.149,0.0,50.0,6.40,,,,,
330,1,14,17,154.30,21.4,5.149,0.0,0.0,7.17,,,,,
331,1,14,18,149.33,21.0,5.149,0.0,0.0,9.62,,,,,
332,1,14,19,131.91,20.7,5.149,0.0,0.0,8.53,,,,,
333,1,14,20,125.91,20.5,5.149,0.0,0.0,9.92,,,,,
334,1,14,21,110.68,20.5,5.149,0.0,0.0,11.58,,,,,
335,1,14,22,106.03,20.7,5.149,0.0,0.0,14.01,,,,,
336,1,14,23,101.26,20.7,5.149,0.0,0.0,10.81,,,,,
337,1,15,0,110.00,20.5,5.149,0.0,0.0,12.24,,,,,
338,1,15,1,101.87,20.1,5.149,0.0,0.0,11.16,,,,,
339,1,15,2,101.71,19.8,5.149,0.0,0.0,11.49,,,,,
340,1,15,3,100.00,19.6,5.149,0.0,0.0,12.59,,,,,
341,1,15,4,107.25,19.2,5.149,0.0,0.0,13.16,,,,,
342,1,15,5,113.06,19.0,5.149,0.0,0.0,13.74,,,,,
343,1,15,6,123.25,18.5,5.149,0.0,0.0,13.99,,,,,
344,1,15,7,162.85,18.1,5.149,0.0,0.0,13.72,,,,,
345,1,15,8,128.97,19.0,5.149,53.3,56.0,12.19,,,,,
346,1,15,9,106.83,20.3,5.149,552.7,240.0,12.48,,,,,
347,1,15,10,105.22,21.7,5.149,656.6,344.0,12.20,,,,,
348,1,15,11,103.01,23.0,5.149,542.6,384.0,11.17,,,,,
349,1,15,12,99.19,23.5,5.149,266.4,286.0,10.47,,,,,
350,1,15,13,99.90,23.4,5.149,263.7,277.0,11.50,,,,,
351,1,15,14,109.65,22.8,5.149,163.8,180.0,11.89,,,,,
352,1,15,15,132.37,22.1,5.149,132.3,143.0,11.36,,,,,
353,1,15,16,152.08,21.0,5.149,0.0,49.0,11.08,,,,,
354,1,15,17,182.95,20.1,5.149,0.0,0.0,12.82,,,,,
355,1,15,18,175.59,19.6,5.149,0.0,0.0,13.44,,,,,
356,1,15,19,162.83,19.0,5.149,0.0,0.0,15.51,,,,,
357,1,15,20,169.28,18.0,5.149,0.0,0.0,12.89,,,,,
358,1,15,21,142.03,16.3,5.149,0.0,0.0,14.39,,,,,
359,1,15,22,133.58,14.9,5.149,0.0,0.0,14.57,,,,,
360,1,15,23,127.90,13.6,5.149,0.0,0.0,14.24,,,,,
361,1,16,0,135.00,12.7,5.149,0.0,0.0,13.92,,,,,
362,1,16,1,129.80,12.4,5.149,0.0,0.0,14.30,,,,,
363,1,16,2,129.91,12.2,5.149,0.0,0.0,11.45,,,,,
364,1,16,3,129.32,12.2,5.149,0.0,0.0,12.19,,,,,
365,1,16,4,140.85,12.6,5.149,0.0,0.0,11.78,,,,,
366,1,16,5,142.06,12.9,5.149,0.0,0.0,13.31,,,,,
367,1,16,6,179.65,13.3,5.149,0.0,0.0,11.90,,,,,
368,1,16,7,204.41,14.2,5.149,0.0,0.0,9.66,,,,,
369,1,16,8,172.27,18.7,5.149,21.4,24.0,11.46,,,,,
370,1,16,9,142.34,22.5,5.149,429.2,230.0,9.83,,,,,
371,1,16,10,127.70,25.0,5.149,379.6,295.0,11.36,,,,,
372,1,16,11,122.46,26.2,5.149,721.6,415.0,13.18,,,,,
373,1,16,12,121.22,27.0,5.149,997.7,482.0,15.14,,,,,
374,1,16,13,127.95,27.1,5.149,558.8,376.0,13.14,,,,,
375,1,16,14,127.14,26.8,5.149,282.9,252.0,12.87,,,,,
376,1,16,15,145.65,25.5,5.149,103.3,107.0,11.64,,,,,
377,1,16,16,176.95,23.2,5.149,0.0,48.0,14.21,,,,,
378,1,16,17,203.74,22.1,5.149,0.0,0.0,14.38,,,,,
379,1,16,18,175.57,21.7,5.149,0.0,0.0,13.37,,,,,
380,1,16,19,164.88,21.6,5.149,0.0,0.0,8.25,,,,,
381,1,16,20,149.63,21.4,5.149,0.0,0.0,9.35,,,,,
382,1,16,21,142.50,21.2,5.149,0.0,0.0,11.44,,,,,
383,1,16,22,141.80,20.8,5.149,0.0,0.0,12.50,,,,,
384,1,16,23,133.48,20.3,5.149,0.0,0.0,13.50,,,,,
385,1,17,0,144.28,19.6,5.149,0.0,0.0,13.21,,,,,
386,1,17,1,124.20,18.3,5.149,0.0,0.0,15.69,,,,,
387,1,17,2,122.37,16.7,5.149,0.0,0.0,13.34,,,,,
388,1,17,3,122.06,16.0,5.149,0.0,0.0,12.76,,,,,
389,1,17,4,125.01,15.6,5.149,0.0,0.0,10.84,,,,,
390,1,17,5,140.98,15.4,5.149,0.0,0.0,9.31,,,,,
391,1,17,6,200.75,15.4,5.149,0.0,0.0,9.77,,,,,
392,1,17,7,225.00,16.2,5.149,0.0,0.0,9.62,,,,,
393,1,17,8,228.38,20.7,5.149,16.1,18.0,9.26,,,,,
394,1,17,9,151.36,25.2,5.149,526.9,236.0,8.61,,,,,
395,1,17,10,122.55,29.1,5.149,351.3,299.0,6.11,,,,,
396,1,17,11,113.04,32.0,5.149,944.3,458.0,3.64,,,,,
397,1,17,12,107.90,33.6,5.149,499.4,399.0,7.93,,,,,
398,1,17,13,106.50,34.2,5.149,982.4,457.0,9.35,,,,,
399,1,17,14,116.73,34.0,5.149,876.0,368.0,8.69,,,,,
400,1,17,15,135.85,32.2,5.149,139.3,151.0,9.14,,,,,
401,1,17,16,134.08,27.0,5.149,0.0,23.0,5.44,,,,,
402,1,17,17,164.53,24.3,5.149,0.0,0.0,3.93,,,,,
403,1,17,18,148.14,23.0,5.149,0.0,0.0,5.34,,,,,
404,1,17,19,137.77,22.1,5.149,0.0,0.0,6.63,,,,,
405,1,17,20,130.93,22.5,5.149,0.0,0.0,6.42,,,,,
406,1,17,21,124.17,23.2,5.149,0.0,0.0,7.24,,,,,
407,1,17,22,121.84,23.2,5.149,0.0,0.0,10.53,,,,,
408,1,17,23,115.22,23.4,5.149,0.0,0.0,12.48,,,,,
409,1,18,0,150.62,24.1,5.149,0.0,0.0,10.34,,,,,
410,1,18,1,163.46,24.3,5.149,0.0,0.0,11.41,,,,,
411,1,18,2,143.35,24.4,5.149,0.0,0.0,11.11,,,,,
412,1,18,3,138.72,24.4,5.149,0.0,0.0,11.18,,,,,
413,1,18,4,138.73,24.6,5.149,0.0,0.0,12.48,,,,,
414,1,18,5,142.26,25.2,5.149,0.0,0.0,14.02,,,,,
415,1,18,6,136.39,25.3,5.149,0.0,0.0,12.50,,,,,
416,1,18,7,145.68,26.2,5.149,0.0,0.0,15.88,,,,,
417,1,18,8,148.50,29.3,5.149,105.8,75.0,16.13,,,,,
418,1,18,9,157.33,33.1,5.149,224.7,182.0,17.01,,,,,
419,1,18,10,201.57,36.7,5.149,420.6,296.0,17.09,,,,,
420,1,18,11,198.72,38.7,5.149,209.9,222.0,14.87,,,,,
421,1,18,12,190.34,38.8,5.149,136.1,150.0,18.98,,,,,
422,1,18,13,193.19,38.7,5.149,130.0,143.0,18.06,,,,,
423,1,18,14,193.30,38.1,5.149,126.8,139.0,12.51,,,,,
424,1,18,15,201.55,37.4,5.149,50.0,56.0,11.58,,,,,
425,1,18,16,214.51,36.5,5.149,0.0,65.0,12.96,,,,,
426,1,18,17,216.48,35.4,5.149,0.0,0.0,14.71,,,,,
427,1,18,18,166.99,34.9,5.149,0.0,0.0,15.48,,,,,
428,1,18,19,161.48,34.5,5.149,0.0,0.0,14.84,,,,,
429,1,18,20,147.49,34.2,5.149,0.0,0.0,14.62,,,,,
430,1,18,21,131.01,33.8,5.149,0.0,0.0,11.75,,,,,
431,1,18,22,114.25,34.0,5.149,0.0,0.0,9.64,,,,,
432,1,18,23,128.83,34.3,5.149,0.0,0.0,9.52,,,,,
433,1,19,0,118.32,34.3,5.149,0.0,0.0,10.18,,,,,
434,1,19,1,110.94,34.3,5.149,0.0,0.0,10.82,,,,,
435,1,19,2,102.00,34.2,5.149,0.0,0.0,10.31,,,,,
436,1,19,3,95.55,33.3,5.149,0.0,0.0,9.83,,,,,
437,1,19,4,96.51,32.2,5.149,0.0,0.0,9.77,,,,,
438,1,19,5,101.42,31.6,5.149,0.0,0.0,10.64,,,,,
439,1,19,6,105.80,31.3,5.149,0.0,0.0,7.91,,,,,
440,1,19,7,108.44,30.7,5.149,0.0,0.0,3.54,,,,,
441,1,19,8,147.09,30.9,5.149,201.7,84.0,6.16,,,,,
442,1,19,9,176.35,32.4,5.149,527.2,238.0,2.38,,,,,
443,1,19,10,170.03,34.2,5.149,135.8,152.0,2.11,,,,,
444,1,19,11,162.54,35.6,5.149,135.8,152.0,2.00,,,,,
445,1,19,12,183.27,36.5,5.149,92.1,103.0,3.01,,,,,
446,1,19,13,196.84,36.1,5.149,120.7,135.0,3.44,,,,,
447,1,19,14,203.27,34.5,5.149,162.7,179.0,3.50,,,,,
448,1,19,15,223.80,31.8,5.149,26.8,30.0,3.02,,,,,
449,1,19,16,218.72,29.1,5.149,0.0,85.0,4.95,,,,,
450,1,19,17,256.97,26.6,5.149,0.0,0.0,5.88,,,,,
451,1,19,18,222.13,24.6,5.149,0.0,0.0,4.84,,,,,
452,1,19,19,195.16,23.0,5.149,0.0,0.0,5.67,,,,,
453,1,19,20,184.13,21.6,5.149,0.0,0.0,4.46,,,,,
454,1,19,21,183.25,20.3,5.149,0.0,0.0,4.44,,,,,
455,1,19,22,182.67,19.2,5.149,0.0,0.0,7.81,,,,,
456,1,19,23,168.85,18.1,5.149,0.0,0.0,5.14,,,,,
457,1,20,0,169.66,17.1,5.149,0.0,0.0,5.88,,,,,
458,1,20,1,160.92,16.0,5.149,0.0,0.0,5.69,,,,,
459,1,20,2,158.03,15.1,5.149,0.0,0.0,3.94,,,,,
460,1,20,3,157.66,14.4,5.149,0.0,0.0,5.07,,,,,
461,1,20,4,143.27,13.8,5.149,0.0,0.0,5.24,,,,,
462,1,20,5,163.45,12.7,5.149,0.0,0.0,5.14,,,,,
463,1,20,6,170.46,11.8,5.149,0.0,0.0,4.47,,,,,
464,1,20,7,201.21,11.1,5.149,0.0,0.0,3.75,,,,,
465,1,20,8,204.49,12.7,5.149,261.7,98.0,2.37,,,,,
466,1,20,9,214.42,15.1,5.149,156.9,170.0,2.03,,,,,
467,1,20,10,221.09,17.2,5.149,267.7,278.0,1.75,,,,,
468,1,20,11,210.53,18.7,5.149,999.6,487.0,2.24,,,,,
469,1,20,12,202.96,19.4,5.149,1070.9,520.0,1.19,,,,,
470,1,20,13,200.45,19.4,5.149,228.7,253.0,5.68,,,,,
471,1,20,14,215.96,18.5,5.149,236.8,250.0,6.12,,,,,
472,1,20,15,219.02,17.4,5.149,92.9,104.0,7.11,,,,,
473,1,20,16,217.03,15.6,5.149,0.0,104.0,7.23,,,,,
474,1,20,17,277.93,14.2,5.149,0.0,0.0,6.41,,,,,
475,1,20,18,272.97,13.5,5.149,0.0,0.0,3.77,,,,,
476,1,20,19,239.17,12.9,5.149,0.0,0.0,6.90,,,,,
477,1,20,20,233.29,12.4,5.149,0.0,0.0,8.23,,,,,
478,1,20,21,223.87,11.7,5.149,0.0,0.0,9.18,,,,,
479,1,20,22,209.96,11.3,5.149,0.0,0.0,5.41,,,,,
480,1,20,23,201.10,10.6,5.149,0.0,0.0,7.66,,,,,
481,1,21,0,173.91,10.0,5.149,0.0,0.0,8.50,,,,,
482,1,21,1,159.78,8.4,5.149,0.0,0.0,9.15,,,,,
483,1,21,2,172.39,6.3,5.149,0.0,0.0,9.28,,,,,
484,1,21,3,169.86,5.5,5.149,0.0,0.0,8.60,,,,,
485,1,21,4,188.11,5.4,5.149,0.0,0.0,7.73,,,,,
486,1,21,5,190.52,5.0,5.149,0.0,0.0,7.42,,,,,
487,1,21,6,238.09,4.1,5.149,0.0,0.0,5.78,,,,,
488,1,21,7,257.71,4.1,5.149,0.0,0.0,6.49,,,,,
489,1,21,8,226.68,8.1,5.149,11.6,13.0,7.46,,,,,
490,1,21,9,216.20,12.4,5.149,291.6,201.0,5.62,,,,,
491,1,21,10,218.88,14.7,5.149,606.2,331.0,5.28,,,,,
492,1,21,11,201.96,16.0,5.149,621.1,399.0,6.22,,,,,
493,1,21,12,200.05,16.3,5.149,378.3,354.0,5.94,,,,,
494,1,21,13,213.09,16.2,5.149,388.4,348.0,5.04,,,,,
495,1,21,14,224.10,15.6,5.149,274.1,267.0,6.29,,,,,
496,1,21,15,241.05,14.5,5.149,182.6,171.0,6.24,,,,,
497,1,21,16,247.78,12.2,5.149,0.0,15.0,7.20,,,,,
498,1,21,17,282.91,10.6,5.149,0.0,0.0,9.19,,,,,
499,1,21,18,275.30,9.5,5.149,0.0,0.0,9.26,,,,,
500,1,21,19,246.48,8.2,5.149,0.0,0.0,10.08,,,,,
501,1,21,20,241.28,7.0,5.149,0.0,0.0,10.46,,,,,
502,1,21,21,230.00,6.1,5.149,0.0,0.0,9.42,,,,,
503,1,21,22,231.96,5.2,5.149,0.0,0.0,9.55,,,,,
504,1,21,23,217.50,4.1,5.149,0.0,0.0,5.39,,,,,
505,1,22,0,180.18,3.0,5.149,0.0,0.0,5.30,,,,,
506,1,22,1,170.96,2.3,5.149,0.0,0.0,5.21,,,,,
507,1,22,2,165.80,1.6,5.149,0.0,0.0,5.67,,,,,
508,1,22,3,170.63,1.0,5.149,0.0,0.0,6.41,,,,,
509,1,22,4,185.98,0.7,5.149,0.0,0.0,5.05,,,,,
510,1,22,5,211.49,0.3,5.149,0.0,0.0,3.83,,,,,
511,1,22,6,242.25,0.1,5.149,0.0,0.0,1.69,,,,,
512,1,22,7,289.20,1.0,5.149,0.0,0.0,4.20,,,,,
513,1,22,8,247.24,5.7,5.149,268.3,104.0,5.09,,,,,
514,1,22,9,215.58,10.6,5.149,591.3,265.0,4.43,,,,,
515,1,22,10,182.18,13.5,5.149,838.3,403.0,4.27,,,,,
516,1,22,11,169.26,15.6,5.149,999.8,494.0,4.55,,,,,
517,1,22,12,167.97,17.2,5.149,1053.7,519.0,6.04,,,,,
518,1,22,13,160.92,18.0,5.149,1034.7,491.0,6.11,,,,,
519,1,22,14,167.23,18.0,5.149,937.7,405.0,6.37,,,,,
520,1,22,15,177.13,16.3,5.149,780.4,266.0,7.02,,,,,
521,1,22,16,193.82,13.1,5.149,644.8,107.0,7.45,,,,,
522,1,22,17,241.98,11.8,5.149,0.0,0.0,7.37,,,,,
523,1,22,18,241.14,12.2,5.149,0.0,0.0,7.37,,,,,
524,1,22,19,220.81,12.2,5.149,0.0,0.0,5.85,,,,,
525,1,22,20,216.88,12.4,5.149,0.0,0.0,4.98,,,,,
526,1,22,21,202.88,12.4,5.149,0.0,0.0,4.80,,,,,
527,1,22,22,203.71,12.4,5.149,0.0,0.0,4.40,,,,,
528,1,22,23,186.34,12.2,5.149,0.0,0.0,0.62,,,,,
529,1,23,0,164.45,11.5,5.149,0.0,0.0,0.86,,,,,
530,1,23,1,162.98,10.2,5.149,0.0,0.0,1.33,,,,,
531,1,23,2,159.67,8.6,5.149,0.0,0.0,3.76,,,,,
532,1,23,3,159.94,8.1,5.149,0.0,0.0,5.82,,,,,
533,1,23,4,164.77,9.1,5.149,0.0,0.0,3.59,,,,,
534,1,23,5,167.42,10.0,5.149,0.0,0.0,5.85,,,,,
535,1,23,6,213.19,10.4,5.149,0.0,0.0,8.97,,,,,
536,1,23,7,239.65,11.1,5.149,0.0,0.0,8.02,,,,,
537,1,23,8,227.47,13.8,5.149,236.3,97.0,10.78,,,,,
538,1,23,9,201.98,17.1,5.149,491.8,216.0,6.56,,,,,
539,1,23,10,175.77,20.3,5.149,294.3,295.0,9.31,,,,,
540,1,23,11,151.60,22.8,5.149,659.3,408.0,9.03,,,,,
541,1,23,12,145.57,24.6,5.149,493.4,401.0,7.64,,,,,
542,1,23,13,144.63,25.5,5.149,714.8,412.0,8.50,,,,,
543,1,23,14,144.68,25.5,5.149,959.1,416.0,12.00,,,,,
544,1,23,15,156.29,23.9,5.149,817.0,280.0,13.26,,,,,
545,1,23,16,178.42,18.0,5.149,681.0,113.0,13.79,,,,,
546,1,23,17,201.60,13.8,5.149,0.0,0.0,14.65,,,,,
547,1,23,18,198.63,12.7,5.149,0.0,0.0,17.28,,,,,
548,1,23,19,184.05,12.0,5.149,0.0,0.0,15.80,,,,,
549,1,23,20,167.75,11.7,5.149,0.0,0.0,16.08,,,,,
550,1,23,21,149.96,11.7,5.149,0.0,0.0,14.42,,,,,
551,1,23,22,145.76,12.0,5.149,0.0,0.0,13.57,,,,,
552,1,23,23,140.98,12.4,5.149,0.0,0.0,15.37,,,,,
553,1,24,0,156.55,12.6,5.149,0.0,0.0,14.75,,,,,
554,1,24,1,158.51,12.7,5.149,0.0,0.0,13.44,,,,,
555,1,24,2,133.23,13.3,5.149,0.0,0.0,16.80,,,,,
556,1,24,3,147.82,13.5,5.149,0.0,0.0,12.58,,,,,
557,1,24,4,154.69,13.6,5.149,0.0,0.0,12.32,,,,,
558,1,24,5,175.60,14.0,5.149,0.0,0.0,10.54,,,,,
559,1,24,6,210.47,14.2,5.149,0.0,0.0,13.40,,,,,
560,1,24,7,212.33,15.1,5.149,0.0,0.0,11.88,,,,,
561,1,24,8,188.43,19.4,5.149,219.8,97.0,8.46,,,,,
562,1,24,9,157.45,23.2,5.149,486.0,223.0,14.47,,,,,
563,1,24,10,152.16,25.7,5.149,290.1,295.0,12.31,,,,,
564,1,24,11,126.17,27.0,5.149,954.6,486.0,13.11,,,,,
565,1,24,12,125.32,27.3,5.149,1028.6,520.0,11.98,,,,,
566,1,24,13,121.25,27.3,5.149,206.5,231.0,12.94,,,,,
567,1,24,14,124.70,26.8,5.149,163.6,183.0,14.11,,,,,
568,1,24,15,135.41,25.5,5.149,94.7,106.0,14.85,,,,,
569,1,24,16,153.23,22.5,5.149,102.1,86.0,15.16,,,,,
570,1,24,17,178.78,19.8,5.149,0.0,0.0,13.61,,,,,
571,1,24,18,176.46,17.6,5.149,0.0,0.0,12.86,,,,,
572,1,24,19,154.56,16.0,5.149,0.0,0.0,11.31,,,,,
573,1,24,20,151.95,14.5,5.149,0.0,0.0,12.97,,,,,
574,1,24,21,148.11,13.6,5.149,0.0,0.0,10.74,,,,,
575,1,24,22,156.74,13.1,5.149,0.0,0.0,10.99,,,,,
576,1,24,23,161.00,12.6,5.149,0.0,0.0,10.04,,,,,
577,1,25,0,164.12,12.0,5.149,0.0,0.0,10.18,,,,,
578,1,25,1,157.24,12.0,5.149,0.0,0.0,9.36,,,,,
579,1,25,2,155.60,11.8,5.149,0.0,0.0,10.52,,,,,
580,1,25,3,157.96,11.7,5.149,0.0,0.0,8.79,,,,,
581,1,25,4,160.30,11.3,5.149,0.0,0.0,6.67,,,,,
582,1,25,5,152.63,10.9,5.149,0.0,0.0,4.17,,,,,
583,1,25,6,158.83,10.4,5.149,0.0,0.0,3.54,,,,,
584,1,25,7,208.72,11.3,5.149,0.0,0.0,1.12,,,,,
585,1,25,8,198.48,16.5,5.149,261.1,107.0,1.61,,,,,
586,1,25,9,182.08,21.2,5.149,524.2,230.0,1.14,,,,,
587,1,25,10,163.66,23.9,5.149,294.5,298.0,1.29,,,,,
588,1,25,11,140.70,25.5,5.149,439.9,401.0,4.44,,,,,
589,1,25,12,126.67,26.6,5.149,219.0,245.0,6.21,,,,,
590,1,25,13,120.66,27.3,5.149,381.8,371.0,7.43,,,,,
591,1,25,14,143.05,27.1,5.149,185.9,205.0,7.16,,,,,
592,1,25,15,148.46,25.7,5.149,175.4,170.0,7.64,,,,,
593,1,25,16,185.61,23.5,5.149,687.0,114.0,7.92,,,,,
594,1,25,17,212.75,21.9,5.149,0.0,0.0,8.84,,,,,
595,1,25,18,178.47,19.8,5.149,0.0,0.0,8.47,,,,,
596,1,25,19,167.42,18.3,5.149,0.0,0.0,11.45,,,,,
597,1,25,20,166.88,17.4,5.149,0.0,0.0,12.37,,,,,
598,1,25,21,157.02,16.7,5.149,0.0,0.0,11.67,,,,,
599,1,25,22,135.15,16.3,5.149,0.0,0.0,10.70,,,,,
600,1,25,23,126.75,16.2,5.149,0.0,0.0,8.32,,,,,
601,1,26,0,113.13,15.6,5.149,0.0,0.0,8.06,,,,,
602,1,26,1,112.60,16.0,5.149,0.0,0.0,3.76,,,,,
603,1,26,2,111.80,17.2,5.149,0.0,0.0,3.12,,,,,
604,1,26,3,110.08,18.3,5.149,0.0,0.0,2.51,,,,,
605,1,26,4,111.05,18.7,5.149,0.0,0.0,1.58,,,,,
606,1,26,5,116.36,19.9,5.149,0.0,0.0,5.94,,,,,
607,1,26,6,112.28,21.2,5.149,0.0,0.0,11.67,,,,,
608,1,26,7,116.67,22.5,5.149,0.0,0.0,12.65,,,,,
609,1,26,8,116.97,27.0,5.149,70.0,75.0,14.07,,,,,
610,1,26,9,134.43,30.9,5.149,178.3,187.0,14.39,,,,,
611,1,26,10,112.74,33.1,5.149,263.7,275.0,14.68,,,,,
612,1,26,11,105.42,34.3,5.149,489.8,410.0,15.14,,,,,
613,1,26,12,100.56,34.7,5.149,205.6,230.0,14.42,,,,,
614,1,26,13,99.80,34.3,5.149,425.0,387.0,18.10,,,,,
615,1,26,14,103.87,33.4,5.149,118.9,133.0,20.97,,,,,
616,1,26,15,119.55,32.4,5.149,175.0,184.0,24.78,,,,,
617,1,26,16,136.89,30.6,5.149,30.4,34.0,19.83,,,,,
618,1,26,17,175.57,29.3,5.149,0.0,0.0,15.17,,,,,
619,1,26,18,168.51,28.4,5.149,0.0,0.0,12.52,,,,,
620,1,26,19,153.13,27.5,5.149,0.0,0.0,13.93,,,,,
621,1,26,20,124.94,26.4,5.149,0.0,0.0,16.13,,,,,
622,1,26,21,120.73,25.0,5.149,0.0,0.0,17.05,,,,,
623,1,26,22,119.18,23.5,5.149,0.0,0.0,14.64,,,,,
624,1,26,23,113.05,22.1,5.149,0.0,0.0,12.96,,,,,
625,1,27,0,111.68,20.7,5.149,0.0,0.0,12.48,,,,,
626,1,27,1,110.87,19.4,5.149,0.0,0.0,11.47,,,,,
627,1,27,2,108.44,18.5,5.149,0.0,0.0,10.63,,,,,
628,1,27,3,113.16,18.1,5.149,0.0,0.0,12.12,,,,,
629,1,27,4,121.02,17.6,5.149,0.0,0.0,11.85,,,,,
630,1,27,5,135.16,17.2,5.149,0.0,0.0,11.51,,,,,
631,1,27,6,167.31,17.1,5.149,0.0,0.0,9.65,,,,,
632,1,27,7,184.13,18.9,5.149,0.0,0.0,8.30,,,,,
633,1,27,8,164.51,23.2,5.149,251.2,99.0,7.11,,,,,
634,1,27,9,115.48,26.6,5.149,189.3,197.0,8.27,,,,,
635,1,27,10,114.70,29.8,5.149,311.2,307.0,9.24,,,,,
636,1,27,11,110.64,32.5,5.149,987.6,502.0,7.82,,,,,
637,1,27,12,99.66,34.5,5.149,1057.7,536.0,7.12,,,,,
638,1,27,13,99.02,35.4,5.149,1038.7,509.0,6.70,,,,,
639,1,27,14,100.44,35.4,5.149,931.1,420.0,8.08,,,,,
640,1,27,15,109.91,34.3,5.149,782.4,287.0,6.48,,,,,
641,1,27,16,144.27,32.2,5.149,759.3,126.0,5.38,,,,,
642,1,27,17,168.27,30.7,5.149,0.0,0.0,3.79,,,,,
643,1,27,18,168.46,30.2,5.149,0.0,0.0,5.36,,,,,
644,1,27,19,165.77,29.8,5.149,0.0,0.0,4.35,,,,,
645,1,27,20,151.99,29.5,5.149,0.0,0.0,4.49,,,,,
646,1,27,21,135.98,28.9,5.149,0.0,0.0,6.35,,,,,
647,1,27,22,112.75,28.6,5.149,0.0,0.0,6.17,,,,,
648,1,27,23,110.56,28.4,5.149,0.0,0.0,7.99,,,,,
649,1,28,0,98.35,28.6,5.149,0.0,0.0,7.17,,,,,
650,1,28,1,99.85,28.9,5.149,0.0,0.0,7.94,,,,,
651,1,28,2,96.07,29.1,5.149,0.0,0.0,8.66,,,,,
652,1,28,3,96.64,29.1,5.149,0.0,0.0,9.03,,,,,
653,1,28,4,97.66,28.9,5.149,0.0,0.0,6.44,,,,,
654,1,28,5,105.50,28.8,5.149,0.0,0.0,6.70,,,,,
655,1,28,6,115.91,28.8,5.149,0.0,0.0,10.43,,,,,
656,1,28,7,175.02,29.1,5.149,0.0,0.0,15.45,,,,,
657,1,28,8,157.66,30.4,5.149,34.9,39.0,15.58,,,,,
658,1,28,9,124.60,29.5,5.149,138.6,148.0,15.44,,,,,
659,1,28,10,125.06,26.1,5.149,288.9,299.0,15.13,,,,,
660,1,28,11,118.02,24.1,5.149,559.1,442.0,13.62,,,,,
661,1,28,12,108.54,23.2,5.149,1098.6,557.0,14.82,,,,,
662,1,28,13,102.16,22.6,5.149,1064.5,524.0,15.08,,,,,
663,1,28,14,114.51,21.9,5.149,966.2,438.0,14.62,,,,,
664,1,28,15,148.36,20.8,5.149,820.2,303.0,12.07,,,,,
665,1,28,16,166.80,18.0,5.149,73.4,71.0,10.28,,,,,
666,1,28,17,212.04,15.4,5.149,0.0,0.0,7.81,,,,,
667,1,28,18,197.50,14.5,5.149,0.0,0.0,6.07,,,,,
668,1,28,19,186.33,14.7,5.149,0.0,0.0,5.81,,,,,
669,1,28,20,183.01,16.5,5.149,0.0,0.0,5.37,,,,,
670,1,28,21,171.25,17.8,5.149,0.0,0.0,5.20,,,,,
671,1,28,22,167.37,18.0,5.149,0.0,0.0,5.06,,,,,
672,1,28,23,149.02,18.0,5.149,0.0,0.0,4.92,,,,,
673,1,29,0,135.56,18.1,5.149,0.0,0.0,4.31,,,,,
674,1,29,1,133.69,18.7,5.149,0.0,0.0,3.53,,,,,
675,1,29,2,133.25,19.4,5.149,0.0,0.0,3.72,,,,,
676,1,29,3,132.35,20.5,5.149,0.0,0.0,3.23,,,,,
677,1,29,4,136.24,21.4,5.149,0.0,0.0,2.45,,,,,
678,1,29,5,159.32,22.5,5.149,0.0,0.0,2.50,,,,,
679,1,29,6,211.08,22.8,5.149,0.0,0.0,4.38,,,,,
680,1,29,7,228.25,23.7,5.149,0.0,0.0,5.05,,,,,
681,1,29,8,202.85,27.9,5.149,230.8,106.0,6.21,,,,,
682,1,29,9,176.30,32.9,5.149,33.1,37.0,7.40,,,,,
683,1,29,10,145.15,37.0,5.149,154.6,173.0,8.11,,,,,
684,1,29,11,135.66,39.0,5.149,184.1,206.0,10.09,,,,,
685,1,29,12,132.74,39.2,5.149,391.3,390.0,10.40,,,,,
686,1,29,13,132.42,38.3,5.149,201.5,219.0,9.01,,,,,
687,1,29,14,136.63,36.3,5.149,323.2,315.0,10.10,,,,,
688,1,29,15,170.74,33.4,5.149,60.8,68.0,10.67,,,,,
689,1,29,16,174.15,30.7,5.149,801.5,133.0,12.46,,,,,
690,1,29,17,198.67,28.9,5.149,0.0,0.0,12.08,,,,,
691,1,29,18,186.23,27.3,5.149,0.0,0.0,12.31,,,,,
692,1,29,19,169.30,25.7,5.149,0.0,0.0,4.84,,,,,
693,1,29,20,157.37,23.9,5.149,0.0,0.0,7.34,,,,,
694,1,29,21,135.29,21.9,5.149,0.0,0.0,8.56,,,,,
695,1,29,22,120.94,20.1,5.149,0.0,0.0,9.42,,,,,
696,1,29,23,118.81,18.3,5.149,0.0,0.0,10.00,,,,,
697,1,30,0,129.47,16.9,5.149,0.0,0.0,10.69,,,,,
698,1,30,1,133.23,16.5,5.149,0.0,0.0,12.46,,,,,
699,1,30,2,129.51,16.7,5.149,0.0,0.0,12.99,,,,,
700,1,30,3,139.65,16.3,5.149,0.0,0.0,6.14,,,,,
701,1,30,4,144.00,15.6,5.149,0.0,0.0,7.69,,,,,
702,1,30,5,148.74,14.4,5.149,0.0,0.0,6.77,,,,,
703,1,30,6,184.66,12.6,5.149,0.0,0.0,2.20,,,,,
704,1,30,7,228.94,11.7,5.149,0.0,0.0,5.42,,,,,
705,1,30,8,177.33,13.5,5.149,305.8,126.0,7.65,,,,,
706,1,30,9,132.40,16.2,5.149,629.4,296.0,7.69,,,,,
707,1,30,10,120.48,18.9,5.149,742.6,365.0,7.93,,,,,
708,1,30,11,110.66,21.0,5.149,522.8,438.0,5.82,,,,,
709,1,30,12,100.03,22.5,5.149,1077.5,555.0,5.82,,,,,
710,1,30,13,104.34,23.4,5.149,1058.6,529.0,6.30,,,,,
711,1,30,14,115.71,23.5,5.149,343.3,328.0,6.22,,,,,
712,1,30,15,134.74,22.8,5.149,798.0,305.0,3.72,,,,,
713,1,30,16,150.10,19.0,5.149,812.2,140.0,3.84,,,,,
714,1,30,17,205.47,15.4,5.149,0.0,0.0,3.94,,,,,
715,1,30,18,201.24,14.9,5.149,0.0,0.0,3.38,,,,,
716,1,30,19,191.45,14.9,5.149,0.0,0.0,3.70,,,,,
717,1,30,20,153.65,15.6,5.149,0.0,0.0,5.30,,,,,
718,1,30,21,153.82,16.9,5.149,0.0,0.0,9.64,,,,,
719,1,30,22,128.96,18.0,5.149,0.0,0.0,8.53,,,,,
720,1,30,23,140.89,19.2,5.149,0.0,0.0,6.60,,,,,
721,1,31,0,122.24,19.9,5.149,0.0,0.0,5.58,,,,,
722,1,31,1,117.70,20.3,5.149,0.0,0.0,7.04,,,,,
723,1,31,2,114.59,20.8,5.149,0.0,0.0,6.98,,,,,
724,1,31,3,112.04,21.6,5.149,0.0,0.0,7.35,,,,,
725,1,31,4,112.92,22.6,5.149,0.0,0.0,8.01,,,,,
726,1,31,5,123.21,23.9,5.149,0.0,0.0,11.82,,,,,
727,1,31,6,119.13,25.5,5.149,0.0,0.0,11.45,,,,,
728,1,31,7,138.74,27.3,5.149,0.0,0.0,9.86,,,,,
729,1,31,8,130.11,29.7,5.149,47.4,53.0,8.69,,,,,
730,1,31,9,140.61,32.2,5.149,85.8,96.0,10.21,,,,,
731,1,31,10,139.51,34.2,5.149,136.0,150.0,8.96,,,,,
732,1,31,11,125.42,35.8,5.149,161.9,179.0,8.61,,,,,
733,1,31,12,119.71,36.7,5.149,186.8,205.0,8.25,,,,,
734,1,31,13,125.92,37.2,5.149,106.4,119.0,8.15,,,,,
735,1,31,14,132.01,36.9,5.149,88.6,97.0,7.45,,,,,
736,1,31,15,130.36,36.0,5.149,45.6,51.0,7.59,,,,,
737,1,31,16,120.67,34.9,5.149,5.4,6.0,7.20,,,,,
738,1,31,17,139.93,32.2,5.149,0.0,0.0,6.52,,,,,
739,1,31,18,129.25,32.2,5.149,0.0,0.0,5.85,,,,,
740,1,31,19,115.02,32.2,5.149,0.0,0.0,3.64,,,,,
741,1,31,20,99.74,31.6,5.149,0.0,0.0,5.20,,,,,
742,1,31,21,97.26,31.8,5.149,0.0,0.0,5.36,,,,,
743,1,31,22,87.38,31.6,5.149,0.0,0.0,4.10,,,,,
744,1,31,23,86.11,31.5,5.149,0.0,0.0,3.00,,,,,
745,2,1,0,88.99,30.9,5.439,0.0,0.0,1.93,,,,,
746,2,1,1,86.79,30.6,5.439,0.0,0.0,2.01,,,,,
747,2,1,2,86.58,29.8,5.439,0.0,0.0,2.14,,,,,
748,2,1,3,86.44,28.8,5.439,0.0,0.0,2.45,,,,,
749,2,1,4,86.54,27.7,5.439,0.0,0.0,2.83,,,,,
750,2,1,5,86.25,26.1,5.439,0.0,0.0,2.69,,,,,
751,2,1,6,85.30,23.5,5.439,0.0,0.0,3.51,,,,,
752,2,1,7,95.94,20.1,5.439,0.0,0.0,1.93,,,,,
753,2,1,8,99.92,18.1,5.439,14.3,16.0,3.77,,,,,
754,2,1,9,113.37,18.1,5.439,185.4,198.0,4.63,,,,,
755,2,1,10,98.25,19.0,5.439,285.2,300.0,4.25,,,,,
756,2,1,11,88.49,19.9,5.439,370.4,380.0,6.02,,,,,
757,2,1,12,87.06,20.1,5.439,1108.3,576.0,8.76,,,,,
758,2,1,13,86.75,19.8,5.439,1091.1,551.0,9.37,,,,,
759,2,1,14,88.60,18.9,5.439,990.3,464.0,9.03,,,,,
760,2,1,15,98.91,17.1,5.439,834.1,326.0,8.54,,,,,
761,2,1,16,121.19,14.4,5.439,814.1,156.0,8.90,,,,,
762,2,1,17,167.17,10.6,5.439,0.0,0.0,8.52,,,,,
763,2,1,18,166.75,7.7,5.439,0.0,0.0,8.42,,,,,
764,2,1,19,166.57,5.9,5.439,0.0,0.0,7.98,,,,,
765,2,1,20,165.04,4.3,5.439,0.0,0.0,7.89,,,,,
766,2,1,21,150.62,2.3,5.439,0.0,0.0,9.05,,,,,
767,2,1,22,146.50,1.2,5.439,0.0,0.0,9.67,,,,,
768,2,1,23,115.77,0.5,5.439,0.0,0.0,9.78,,,,,
769,2,2,0,136.93,0.5,5.439,0.0,0.0,9.78,,,,,
770,2,2,1,135.73,0.9,5.439,0.0,0.0,11.49,,,,,
771,2,2,2,125.13,0.9,5.439,0.0,0.0,11.00,,,,,
772,2,2,3,133.92,0.5,5.439,0.0,0.0,9.14,,,,,
773,2,2,4,143.17,0.1,5.439,0.0,0.0,7.80,,,,,
774,2,2,5,140.66,0.0,5.439,0.0,0.0,7.98,,,,,
775,2,2,6,138.20,0.1,5.439,0.0,0.0,6.93,,,,,
776,2,2,7,152.02,1.0,5.439,0.0,0.0,5.95,,,,,
777,2,2,8,151.68,5.7,5.439,254.8,110.0,4.50,,,,,
778,2,2,9,148.53,10.9,5.439,495.6,236.0,6.11,,,,,
779,2,2,10,121.47,13.5,5.439,549.7,339.0,7.71,,,,,
780,2,2,11,114.31,15.1,5.439,663.7,422.0,7.70,,,,,
781,2,2,12,118.92,16.3,5.439,457.7,403.0,6.52,,,,,
782,2,2,13,121.88,17.2,5.439,383.5,361.0,8.81,,,,,
783,2,2,14,119.22,17.8,5.439,256.0,261.0,10.10,,,,,
784,2,2,15,134.14,17.8,5.439,206.8,200.0,9.26,,,,,
785,2,2,16,191.16,16.5,5.439,55.6,55.0,9.60,,,,,
786,2,2,17,195.21,15.3,5.439,0.0,0.0,8.83,,,,,
787,2,2,18,189.30,15.8,5.439,0.0,0.0,9.08,,,,,
788,2,2,19,164.78,16.9,5.439,0.0,0.0,11.48,,,,,
789,2,2,20,133.06,17.8,5.439,0.0,0.0,14.51,,,,,
790,2,2,21,132.56,18.1,5.439,0.0,0.0,15.23,,,,,
791,2,2,22,127.66,18.7,5.439,0.0,0.0,15.27,,,,,
792,2,2,23,113.97,19.6,5.439,0.0,0.0,16.66,,,,,
793,2,3,0,107.06,21.9,5.439,0.0,0.0,16.35,,,,,
794,2,3,1,105.19,22.8,5.439,0.0,0.0,17.20,,,,,
795,2,3,2,95.03,22.6,5.439,0.0,0.0,15.83,,,,,
796,2,3,3,95.86,21.9,5.439,0.0,0.0,15.86,,,,,
797,2,3,4,103.37,20.7,5.439,0.0,0.0,16.38,,,,,
798,2,3,5,127.20,18.9,5.439,0.0,0.0,15.73,,,,,
799,2,3,6,131.94,18.5,5.439,0.0,0.0,14.44,,,,,
800,2,3,7,152.02,20.3,5.439,0.0,0.0,12.06,,,,,
801,2,3,8,159.75,25.7,5.439,41.1,46.0,14.29,,,,,
802,2,3,9,125.82,29.5,5.439,154.3,168.0,14.12,,,,,
803,2,3,10,100.58,32.7,5.439,312.7,297.0,15.63,,,,,
804,2,3,11,91.56,35.1,5.439,778.3,420.0,15.22,,,,,
805,2,3,12,88.83,35.8,5.439,754.8,447.0,15.60,,,,,
806,2,3,13,89.10,36.0,5.439,518.0,412.0,17.15,,,,,
807,2,3,14,93.01,36.0,5.439,614.7,355.0,17.10,,,,,
808,2,3,15,97.83,35.4,5.439,141.1,149.0,18.38,,,,,
809,2,3,16,115.93,34.0,5.439,77.5,79.0,18.14,,,,,
810,2,3,17,134.74,33.6,5.439,0.0,0.0,17.70,,,,,
811,2,3,18,128.67,34.0,5.439,0.0,0.0,17.09,,,,,
812,2,3,19,112.79,34.2,5.439,0.0,0.0,16.48,,,,,
813,2,3,20,93.16,34.3,5.439,0.0,0.0,17.30,,,,,
814,2,3,21,89.37,34.5,5.439,0.0,0.0,17.85,,,,,
815,2,3,22,86.09,34.5,5.439,0.0,0.0,18.44,,,,,
816,2,3,23,83.29,34.3,5.439,0.0,0.0,17.29,,,,,
817,2,4,0,96.22,34.0,5.439,0.0,0.0,17.26,,,,,
818,2,4,1,96.17,33.6,5.439,0.0,0.0,17.54,,,,,
819,2,4,2,95.76,32.9,5.439,0.0,0.0,16.69,,,,,
820,2,4,3,95.32,32.2,5.439,0.0,0.0,17.83,,,,,
821,2,4,4,94.82,31.3,5.439,0.0,0.0,18.24,,,,,
822,2,4,5,95.82,30.4,5.439,0.0,0.0,17.61,,,,,
823,2,4,6,105.57,29.3,5.439,0.0,0.0,15.79,,,,,
824,2,4,7,138.20,28.6,5.439,0.0,0.0,11.94,,,,,
825,2,4,8,114.79,28.9,5.439,10.7,12.0,9.76,,,,,
826,2,4,9,95.57,29.5,5.439,83.1,93.0,13.27,,,,,
827,2,4,10,95.49,30.4,5.439,267.1,281.0,14.19,,,,,
828,2,4,11,94.00,31.1,5.439,460.9,424.0,12.62,,,,,
829,2,4,12,93.90,31.3,5.439,381.6,385.0,11.46,,,,,
830,2,4,13,93.51,30.4,5.439,403.2,394.0,10.60,,,,,
831,2,4,14,94.81,28.9,5.439,380.2,357.0,9.72,,,,,
832,2,4,15,106.38,27.0,5.439,23.2,26.0,8.60,,,,,
833,2,4,16,129.13,24.4,5.439,19.7,22.0,6.69,,,,,
834,2,4,17,154.03,22.3,5.439,0.0,0.0,6.24,,,,,
835,2,4,18,160.02,20.7,5.439,0.0,0.0,8.35,,,,,
836,2,4,19,165.25,18.9,5.439,0.0,0.0,6.84,,,,,
837,2,4,20,153.63,17.1,5.439,0.0,0.0,7.90,,,,,
838,2,4,21,137.70,14.5,5.439,0.0,0.0,8.90,,,,,
839,2,4,22,124.02,11.5,5.439,0.0,0.0,10.22,,,,,
840,2,4,23,111.32,9.3,5.439,0.0,0.0,10.48,,,,,
841,2,5,0,125.27,8.1,5.439,0.0,0.0,11.02,,,,,
842,2,5,1,123.86,7.3,5.439,0.0,0.0,10.02,,,,,
843,2,5,2,124.68,7.0,5.439,0.0,0.0,8.81,,,,,
844,2,5,3,128.32,6.1,5.439,0.0,0.0,8.13,,,,,
845,2,5,4,139.03,5.2,5.439,0.0,0.0,8.57,,,,,
846,2,5,5,168.93,5.4,5.439,0.0,0.0,8.65,,,,,
847,2,5,6,191.58,5.4,5.439,0.0,0.0,7.15,,,,,
848,2,5,7,244.84,6.1,5.439,0.0,0.0,6.22,,,,,
849,2,5,8,194.96,11.3,5.439,309.7,130.0,4.90,,,,,
850,2,5,9,148.49,14.4,5.439,655.2,324.0,5.65,,,,,
851,2,5,10,139.48,16.5,5.439,354.6,353.0,9.35,,,,,
852,2,5,11,125.02,18.5,5.439,519.6,465.0,10.83,,,,,
853,2,5,12,115.10,19.8,5.439,1122.7,600.0,11.91,,,,,
854,2,5,13,116.10,20.7,5.439,1101.7,573.0,12.69,,,,,
855,2,5,14,126.79,20.8,5.439,998.8,486.0,13.40,,,,,
856,2,5,15,139.24,19.9,5.439,834.1,346.0,12.36,,,,,
857,2,5,16,165.60,15.4,5.439,754.7,174.0,8.25,,,,,
858,2,5,17,198.30,10.0,5.439,0.0,17.0,6.54,,,,,
859,2,5,18,198.49,8.8,5.439,0.0,0.0,9.11,,,,,
860,2,5,19,198.40,8.1,5.439,0.0,0.0,8.06,,,,,
861,2,5,20,192.89,7.9,5.439,0.0,0.0,6.35,,,,,
862,2,5,21,156.38,8.6,5.439,0.0,0.0,6.84,,,,,
863,2,5,22,157.37,9.7,5.439,0.0,0.0,5.25,,,,,
864,2,5,23,146.68,10.2,5.439,0.0,0.0,5.73,,,,,
865,2,6,0,142.78,10.2,5.439,0.0,0.0,5.88,,,,,
866,2,6,1,143.07,9.9,5.439,0.0,0.0,8.30,,,,,
867,2,6,2,142.16,9.3,5.439,0.0,0.0,8.51,,,,,
868,2,6,3,141.98,9.3,5.439,0.0,0.0,8.34,,,,,
869,2,6,4,142.36,9.1,5.439,0.0,0.0,8.73,,,,,
870,2,6,5,160.22,8.8,5.439,0.0,0.0,9.42,,,,,
871,2,6,6,161.13,10.2,5.439,0.0,0.0,10.48,,,,,
872,2,6,7,180.43,13.5,5.439,0.0,0.0,7.89,,,,,
873,2,6,8,164.78,17.1,5.439,27.7,31.0,9.93,,,,,
874,2,6,9,167.09,19.9,5.439,26.8,30.0,5.64,,,,,
875,2,6,10,158.18,22.3,5.439,17.9,20.0,8.58,,,,,
876,2,6,11,160.12,24.8,5.439,59.0,66.0,9.69,,,,,
877,2,6,12,158.23,27.1,5.439,34.9,39.0,8.47,,,,,
878,2,6,13,148.15,28.9,5.439,41.1,46.0,8.03,,,,,
879,2,6,14,141.80,30.0,5.439,26.8,30.0,9.20,,,,,
880,2,6,15,135.54,30.2,5.439,17.9,20.0,9.70,,,,,
881,2,6,16,147.12,29.5,5.439,554.6,152.0,9.12,,,,,
882,2,6,17,156.34,28.6,5.439,0.0,15.0,8.99,,,,,
883,2,6,18,146.85,28.2,5.439,0.0,0.0,8.36,,,,,
884,2,6,19,134.49,28.4,5.439,0.0,0.0,10.04,,,,,
885,2,6,20,114.66,28.9,5.439,0.0,0.0,9.12,,,,,
886,2,6,21,115.78,28.9,5.439,0.0,0.0,6.69,,,,,
887,2,6,22,104.41,29.3,5.439,0.0,0.0,8.24,,,,,
888,2,6,23,101.11,29.5,5.439,0.0,0.0,9.28,,,,,
889,2,7,0,99.44,29.7,5.439,0.0,0.0,8.88,,,,,
890,2,7,1,101.23,29.7,5.439,0.0,0.0,6.31,,,,,
891,2,7,2,96.20,29.8,5.439,0.0,0.0,5.77,,,,,
892,2,7,3,96.04,29.5,5.439,0.0,0.0,4.27,,,,,
893,2,7,4,99.65,28.8,5.439,0.0,0.0,4.44,,,,,
894,2,7,5,108.27,29.1,5.439,0.0,0.0,2.96,,,,,
895,2,7,6,111.92,28.9,5.439,0.0,0.0,3.72,,,,,
896,2,7,7,145.38,28.8,5.439,0.0,0.0,2.68,,,,,
897,2,7,8,115.53,27.1,5.439,13.4,15.0,2.77,,,,,
898,2,7,9,110.61,25.5,5.439,136.1,150.0,2.24,,,,,
899,2,7,10,104.96,25.2,5.439,342.0,346.0,2.75,,,,,
900,2,7,11,103.48,25.2,5.439,385.8,391.0,5.02,,,,,
901,2,7,12,94.96,24.8,5.439,454.9,447.0,5.99,,,,,
902,2,7,13,94.75,24.8,5.439,443.9,431.0,7.44,,,,,
903,2,7,14,103.42,24.6,5.439,301.0,312.0,7.24,,,,,
904,2,7,15,105.98,24.3,5.439,205.5,218.0,8.74,,,,,
905,2,7,16,115.04,23.4,5.439,85.0,89.0,8.44,,,,,
906,2,7,17,159.18,22.5,5.439,0.0,9.0,8.31,,,,,
907,2,7,18,155.79,22.1,5.439,0.0,0.0,9.28,,,,,
908,2,7,19,134.13,21.7,5.439,0.0,0.0,7.42,,,,,
909,2,7,20,132.50,21.2,5.439,0.0,0.0,7.77,,,,,
910,2,7,21,120.13,20.5,5.439,0.0,0.0,10.78,,,,,
911,2,7,22,119.37,20.1,5.439,0.0,0.0,12.27,,,,,
912,2,7,23,105.12,19.6,5.439,0.0,0.0,7.58,,,,,
913,2,8,0,136.13,17.4,5.439,0.0,0.0,5.29,,,,,
914,2,8,1,133.60,14.9,5.439,0.0,0.0,8.39,,,,,
915,2,8,2,130.31,14.5,5.439,0.0,0.0,13.18,,,,,
916,2,8,3,131.21,14.5,5.439,0.0,0.0,14.07,,,,,
917,2,8,4,126.47,14.0,5.439,0.0,0.0,13.25,,,,,
918,2,8,5,130.79,13.3,5.439,0.0,0.0,13.16,,,,,
919,2,8,6,142.40,13.3,5.439,0.0,0.0,14.38,,,,,
920,2,8,7,158.54,14.5,5.439,0.0,0.0,12.61,,,,,
921,2,8,8,152.81,20.1,5.439,66.1,74.0,16.36,,,,,
922,2,8,9,130.41,23.7,5.439,399.9,270.0,14.21,,,,,
923,2,8,10,130.54,25.5,5.439,493.8,379.0,14.23,,,,,
924,2,8,11,126.17,27.3,5.439,582.2,446.0,12.71,,,,,
925,2,8,12,126.42,28.6,5.439,577.2,461.0,12.23,,,,,
926,2,8,13,128.68,29.3,5.439,610.4,451.0,14.24,,,,,
927,2,8,14,143.73,28.8,5.439,432.5,359.0,14.11,,,,,
928,2,8,15,152.29,28.0,5.439,298.6,248.0,12.91,,,,,
929,2,8,16,151.92,26.6,5.439,477.7,138.0,13.88,,,,,
930,2,8,17,186.43,25.7,5.439,0.0,9.0,14.95,,,,,
931,2,8,18,186.76,22.1,5.439,0.0,0.0,16.57,,,,,
932,2,8,19,174.39,22.1,5.439,0.0,0.0,14.85,,,,,
933,2,8,20,167.12,21.9,5.439,0.0,0.0,19.23,,,,,
934,2,8,21,149.43,23.2,5.439,0.0,0.0,19.72,,,,,
935,2,8,22,144.23,21.9,5.439,0.0,0.0,18.79,,,,,
936,2,8,23,148.11,22.3,5.439,0.0,0.0,9.83,,,,,
937,2,9,0,132.26,21.9,5.439,0.0,0.0,8.85,,,,,
938,2,9,1,134.49,21.7,5.439,0.0,0.0,7.89,,,,,
939,2,9,2,131.02,21.7,5.439,0.0,0.0,4.90,,,,,
940,2,9,3,129.54,21.4,5.439,0.0,0.0,5.48,,,,,
941,2,9,4,130.24,21.0,5.439,0.0,0.0,6.97,,,,,
942,2,9,5,128.23,20.7,5.439,0.0,0.0,8.76,,,,,
943,2,9,6,130.75,20.1,5.439,0.0,0.0,8.65,,,,,
944,2,9,7,127.12,19.9,5.439,0.0,0.0,3.67,,,,,
945,2,9,8,150.55,20.5,5.439,28.6,32.0,3.77,,,,,
946,2,9,9,158.13,21.6,5.439,160.3,177.0,5.58,,,,,
947,2,9,10,172.92,23.7,5.439,207.3,232.0,5.08,,,,,
948,2,9,11,188.07,25.9,5.439,241.5,268.0,5.54,,,,,
949,2,9,12,163.69,27.5,5.439,426.2,431.0,6.16,,,,,
950,2,9,13,146.87,28.4,5.439,77.8,87.0,6.68,,,,,
951,2,9,14,154.32,28.9,5.439,135.0,151.0,5.62,,,,,
952,2,9,15,159.70,28.8,5.439,67.0,75.0,7.33,,,,,
953,2,9,16,164.58,26.2,5.439,9.8,11.0,8.81,,,,,
954,2,9,17,202.54,21.2,5.439,0.0,22.0,8.31,,,,,
955,2,9,18,185.70,18.9,5.439,0.0,0.0,8.39,,,,,
956,2,9,19,185.10,17.6,5.439,0.0,0.0,8.72,,,,,
957,2,9,20,155.63,17.1,5.439,0.0,0.0,10.08,,,,,
958,2,9,21,144.38,17.6,5.439,0.0,0.0,8.78,,,,,
959,2,9,22,134.75,18.3,5.439,0.0,0.0,7.57,,,,,
960,2,9,23,145.85,19.0,5.439,0.0,0.0,7.80,,,,,
961,2,10,0,136.50,20.7,5.439,0.0,0.0,9.69,,,,,
962,2,10,1,133.23,20.7,5.439,0.0,0.0,5.83,,,,,
963,2,10,2,131.35,18.3,5.439,0.0,0.0,15.00,,,,,
964,2,10,3,130.77,15.1,5.439,0.0,0.0,16.40,,,,,
965,2,10,4,131.83,12.9,5.439,0.0,0.0,14.82,,,,,
966,2,10,5,143.50,12.2,5.439,0.0,0.0,17.24,,,,,
967,2,10,6,206.48,12.4,5.439,0.0,0.0,17.64,,,,,
968,2,10,7,223.24,13.6,5.439,0.0,0.0,16.92,,,,,
969,2,10,8,190.84,18.7,5.439,67.0,75.0,19.59,,,,,
970,2,10,9,163.26,21.9,5.439,170.9,187.0,20.35,,,,,
971,2,10,10,138.96,24.3,5.439,271.5,294.0,20.55,,,,,
972,2,10,11,121.88,25.5,5.439,241.3,270.0,20.22,,,,,
973,2,10,12,114.23,25.9,5.439,369.3,391.0,22.36,,,,,
974,2,10,13,113.97,25.9,5.439,183.2,205.0,21.35,,,,,
975,2,10,14,132.94,25.5,5.439,387.1,377.0,22.05,,,,,
976,2,10,15,146.01,24.8,5.439,295.6,278.0,20.69,,,,,
977,2,10,16,143.44,23.0,5.439,113.4,121.0,20.32,,,,,
978,2,10,17,196.24,19.9,5.439,0.0,8.0,20.07,,,,,
979,2,10,18,204.54,17.1,5.439,0.0,0.0,20.29,,,,,
980,2,10,19,189.48,13.8,5.439,0.0,0.0,21.25,,,,,
981,2,10,20,187.33,10.8,5.439,0.0,0.0,20.19,,,,,
982,2,10,21,163.46,9.3,5.439,0.0,0.0,18.58,,,,,
983,2,10,22,146.89,8.8,5.439,0.0,0.0,16.93,,,,,
984,2,10,23,153.79,7.9,5.439,0.0,0.0,15.58,,,,,
985,2,11,0,143.21,7.5,5.439,0.0,0.0,14.12,,,,,
986,2,11,1,149.49,7.0,5.439,0.0,0.0,15.59,,,,,
987,2,11,2,150.76,7.5,5.439,0.0,0.0,17.91,,,,,
988,2,11,3,156.08,7.3,5.439,0.0,0.0,18.57,,,,,
989,2,11,4,160.23,7.5,5.439,0.0,0.0,18.86,,,,,
990,2,11,5,170.48,7.7,5.439,0.0,0.0,19.19,,,,,
991,2,11,6,228.91,7.2,5.439,0.0,0.0,15.56,,,,,
992,2,11,7,240.02,8.4,5.439,0.0,0.0,15.86,,,,,
993,2,11,8,203.86,15.4,5.439,170.0,134.0,16.50,,,,,
994,2,11,9,171.50,20.8,5.439,275.4,251.0,15.46,,,,,
995,2,11,10,145.68,23.9,5.439,424.4,369.0,13.95,,,,,
996,2,11,11,137.10,25.5,5.439,584.2,466.0,11.59,,,,,
997,2,11,12,134.27,26.8,5.439,663.8,499.0,10.70,,,,,
998,2,11,13,134.02,27.3,5.439,473.3,427.0,9.26,,,,,
999,2,11,14,138.55,27.5,5.439,471.8,384.0,9.41,,,,,
1000,2,11,15,151.38,27.1,5.439,288.9,259.0,9.58,,,,,
1001,2,11,16,161.98,24.8,5.439,73.9,78.0,9.50,,,,,
1002,2,11,17,191.17,20.8,5.439,0.0,22.0,9.03,,,,,
1003,2,11,18,189.06,19.8,5.439,0.0,0.0,9.00,,,,,
1004,2,11,19,163.44,19.8,5.439,0.0,0.0,10.90,,,,,
1005,2,11,20,159.12,19.6,5.439,0.0,0.0,10.76,,,,,
1006,2,11,21,150.09,19.0,5.439,0.0,0.0,12.87,,,,,
1007,2,11,22,138.81,18.0,5.439,0.0,0.0,10.33,,,,,
1008,2,11,23,134.24,17.6,5.439,0.0,0.0,8.28,,,,,
1009,2,12,0,135.93,18.3,5.439,0.0,0.0,8.36,,,,,
1010,2,12,1,135.41,17.6,5.439,0.0,0.0,8.05,,,,,
1011,2,12,2,136.38,13.6,5.439,0.0,0.0,8.42,,,,,
1012,2,12,3,135.11,8.4,5.439,0.0,0.0,7.58,,,,,
1013,2,12,4,138.15,7.3,5.439,0.0,0.0,7.47,,,,,
1014,2,12,5,156.32,8.1,5.439,0.0,0.0,8.00,,,,,
1015,2,12,6,155.14,8.4,5.439,0.0,0.0,9.01,,,,,
1016,2,12,7,214.82,10.2,5.439,8.9,10.0,9.83,,,,,
1017,2,12,8,202.80,15.1,5.439,182.2,139.0,9.59,,,,,
1018,2,12,9,188.81,18.7,5.439,229.5,229.0,10.02,,,,,
1019,2,12,10,181.69,21.7,5.439,327.7,321.0,10.33,,,,,
1020,2,12,11,152.10,23.9,5.439,498.5,437.0,9.44,,,,,
1021,2,12,12,147.39,25.3,5.439,538.8,465.0,5.86,,,,,
1022,2,12,13,148.33,26.2,5.439,521.5,445.0,5.49,,,,,
1023,2,12,14,151.76,26.6,5.439,455.4,378.0,5.48,,,,,
1024,2,12,15,188.10,26.6,5.439,193.2,199.0,5.38,,,,,
1025,2,12,16,157.90,25.5,5.439,180.7,138.0,5.54,,,,,
1026,2,12,17,172.18,23.9,5.439,0.0,26.0,3.96,,,,,
1027,2,12,18,176.15,23.0,5.439,0.0,0.0,3.32,,,,,
1028,2,12,19,160.74,22.3,5.439,0.0,0.0,0.22,,,,,
1029,2,12,20,165.87,21.9,5.439,0.0,0.0,0.76,,,,,
1030,2,12,21,138.04,21.9,5.439,0.0,0.0,0.81,,,,,
1031,2,12,22,138.24,22.3,5.439,0.0,0.0,3.95,,,,,
1032,2,12,23,131.83,23.0,5.439,0.0,0.0,2.46,,,,,
1033,2,13,0,141.93,23.7,5.439,0.0,0.0,4.10,,,,,
1034,2,13,1,138.24,24.8,5.439,0.0,0.0,6.40,,,,,
1035,2,13,2,126.78,26.2,5.439,0.0,0.0,5.63,,,,,
1036,2,13,3,124.88,27.3,5.439,0.0,0.0,7.47,,,,,
1037,2,13,4,143.38,28.2,5.439,0.0,0.0,8.66,,,,,
1038,2,13,5,143.59,28.9,5.439,0.0,0.0,7.34,,,,,
1039,2,13,6,139.71,29.7,5.439,0.0,0.0,7.48,,,,,
1040,2,13,7,141.11,30.7,5.439,23.7,16.0,6.84,,,,,
1041,2,13,8,173.77,32.0,5.439,58.2,63.0,6.55,,,,,
1042,2,13,9,164.44,33.3,5.439,38.4,43.0,6.78,,,,,
1043,2,13,10,182.37,34.2,5.439,156.0,171.0,5.22,,,,,
1044,2,13,11,181.65,34.5,5.439,82.2,92.0,3.88,,,,,
1045,2,13,12,156.38,34.7,5.439,77.8,87.0,3.54,,,,,
1046,2,13,13,138.33,34.7,5.439,258.1,275.0,0.51,,,,,
1047,2,13,14,131.10,34.7,5.439,244.3,267.0,1.32,,,,,
1048,2,13,15,117.55,34.7,5.439,153.7,172.0,2.10,,,,,
1049,2,13,16,126.03,34.7,5.439,577.3,191.0,2.67,,,,,
1050,2,13,17,165.86,34.7,5.439,0.0,32.0,2.91,,,,,
1051,2,13,18,153.10,32.9,5.439,0.0,0.0,4.38,,,,,
1052,2,13,19,125.81,30.6,5.439,0.0,0.0,4.56,,,,,
1053,2,13,20,119.85,27.1,5.439,0.0,0.0,5.60,,,,,
1054,2,13,21,123.85,25.5,5.439,0.0,0.0,4.72,,,,,
1055,2,13,22,114.86,25.2,5.439,0.0,0.0,10.21,,,,,
1056,2,13,23,114.63,24.4,5.439,0.0,0.0,9.86,,,,,
1057,2,14,0,123.32,23.5,5.439,0.0,0.0,11.32,,,,,
1058,2,14,1,118.82,23.2,5.439,0.0,0.0,13.51,,,,,
1059,2,14,2,118.54,22.6,5.439,0.0,0.0,14.46,,,,,
1060,2,14,3,113.61,22.3,5.439,0.0,0.0,16.12,,,,,
1061,2,14,4,118.21,21.4,5.439,0.0,0.0,15.34,,,,,
1062,2,14,5,119.87,19.9,5.439,0.0,0.0,13.31,,,,,
1063,2,14,6,130.95,18.0,5.439,0.0,0.0,12.39,,,,,
1064,2,14,7,176.37,16.9,5.439,10.7,12.0,10.55,,,,,
1065,2,14,8,129.01,17.6,5.439,103.7,116.0,12.35,,,,,
1066,2,14,9,117.37,19.2,5.439,253.2,264.0,14.01,,,,,
1067,2,14,10,128.97,20.7,5.439,370.1,377.0,13.95,,,,,
1068,2,14,11,116.61,22.3,5.439,528.1,499.0,12.87,,,,,
1069,2,14,12,110.50,23.4,5.439,415.2,433.0,10.77,,,,,
1070,2,14,13,109.44,23.9,5.439,228.8,256.0,9.06,,,,,
1071,2,14,14,109.92,23.5,5.439,420.2,402.0,8.40,,,,,
1072,2,14,15,127.19,22.8,5.439,343.8,305.0,7.58,,,,,
1073,2,14,16,134.87,21.7,5.439,148.1,151.0,6.48,,,,,
1074,2,14,17,179.78,20.8,5.439,0.0,26.0,7.61,,,,,
1075,2,14,18,168.51,19.6,5.439,0.0,0.0,9.61,,,,,
1076,2,14,19,151.84,18.1,5.439,0.0,0.0,7.71,,,,,
1077,2,14,20,149.78,16.3,5.439,0.0,0.0,5.89,,,,,
1078,2,14,21,134.30,13.6,5.439,0.0,0.0,4.42,,,,,
1079,2,14,22,129.21,12.0,5.439,0.0,0.0,2.18,,,,,
1080,2,14,23,135.90,11.5,5.439,0.0,0.0,2.63,,,,,
1081,2,15,0,154.76,11.1,5.439,0.0,0.0,3.44,,,,,
1082,2,15,1,142.57,10.6,5.439,0.0,0.0,4.48,,,,,
1083,2,15,2,144.59,10.0,5.439,0.0,0.0,6.44,,,,,
1084,2,15,3,141.51,9.7,5.439,0.0,0.0,7.94,,,,,
1085,2,15,4,145.00,9.1,5.439,0.0,0.0,7.17,,,,,
1086,2,15,5,145.39,9.1,5.439,0.0,0.0,8.42,,,,,
1087,2,15,6,128.94,10.4,5.439,0.0,0.0,8.11,,,,,
1088,2,15,7,150.42,12.6,5.439,5.4,6.0,6.01,,,,,
1089,2,15,8,146.31,16.7,5.439,132.0,131.0,8.65,,,,,
1090,2,15,9,146.46,20.8,5.439,345.7,281.0,10.40,,,,,
1091,2,15,10,162.50,23.0,5.439,387.6,356.0,12.73,,,,,
1092,2,15,11,167.26,23.9,5.439,310.8,324.0,15.35,,,,,
1093,2,15,12,161.15,24.4,5.439,295.5,313.0,14.79,,,,,
1094,2,15,13,162.47,24.6,5.439,201.7,222.0,14.07,,,,,
1095,2,15,14,185.48,24.6,5.439,38.4,43.0,14.23,,,,,
1096,2,15,15,196.49,24.4,5.439,50.9,57.0,12.12,,,,,
1097,2,15,16,201.77,23.9,5.439,39.3,44.0,13.98,,,,,
1098,2,15,17,216.06,23.2,5.439,0.0,5.0,14.21,,,,,
1099,2,15,18,208.63,22.8,5.439,0.0,0.0,14.86,,,,,
1100,2,15,19,184.54,22.6,5.439,0.0,0.0,14.88,,,,,
1101,2,15,20,182.93,22.5,5.439,0.0,0.0,15.56,,,,,
1102,2,15,21,159.96,22.3,5.439,0.0,0.0,17.02,,,,,
1103,2,15,22,163.38,21.9,5.439,0.0,0.0,17.38,,,,,
1104,2,15,23,156.60,21.7,5.439,0.0,0.0,14.80,,,,,
1105,2,16,0,141.93,21.6,5.439,0.0,0.0,16.64,,,,,
1106,2,16,1,130.55,21.4,5.439,0.0,0.0,17.58,,,,,
1107,2,16,2,129.09,21.4,5.439,0.0,0.0,16.99,,,,,
1108,2,16,3,122.75,21.6,5.439,0.0,0.0,17.42,,,,,
1109,2,16,4,121.02,22.5,5.439,0.0,0.0,18.00,,,,,
1110,2,16,5,126.53,23.7,5.439,0.0,0.0,19.00,,,,,
1111,2,16,6,119.88,24.4,5.439,0.0,0.0,18.22,,,,,
1112,2,16,7,114.39,25.5,5.439,22.5,19.0,17.99,,,,,
1113,2,16,8,133.65,27.1,5.439,37.5,42.0,18.80,,,,,
1114,2,16,9,141.81,29.3,5.439,46.5,52.0,18.74,,,,,
1115,2,16,10,162.20,31.1,5.439,59.9,67.0,16.91,,,,,
1116,2,16,11,178.03,32.2,5.439,81.3,91.0,16.01,,,,,
1117,2,16,12,188.24,32.7,5.439,63.5,71.0,12.27,,,,,
1118,2,16,13,179.46,33.3,5.439,57.2,64.0,7.71,,,,,
1119,2,16,14,177.08,33.3,5.439,42.9,48.0,7.66,,,,,
1120,2,16,15,167.36,33.3,5.439,17.9,20.0,6.25,,,,,
1121,2,16,16,162.34,33.1,5.439,9.8,11.0,4.73,,,,,
1122,2,16,17,187.40,32.9,5.439,0.0,38.0,4.80,,,,,
1123,2,16,18,166.16,32.7,5.439,0.0,0.0,7.42,,,,,
1124,2,16,19,151.78,32.4,5.439,0.0,0.0,6.79,,,,,
1125,2,16,20,136.23,32.5,5.439,0.0,0.0,4.18,,,,,
1126,2,16,21,131.60,29.3,5.439,0.0,0.0,2.37,,,,,
1127,2,16,22,120.18,23.7,5.439,0.0,0.0,3.72,,,,,
1128,2,16,23,120.23,21.0,5.439,0.0,0.0,3.47,,,,,
1129,2,17,0,136.28,20.1,5.439,0.0,0.0,3.51,,,,,
1130,2,17,1,137.04,19.2,5.439,0.0,0.0,4.67,,,,,
1131,2,17,2,125.04,18.3,5.439,0.0,0.0,4.73,,,,,
1132,2,17,3,122.81,17.6,5.439,0.0,0.0,4.82,,,,,
1133,2,17,4,138.57,17.2,5.439,0.0,0.0,6.52,,,,,
1134,2,17,5,143.16,17.2,5.439,0.0,0.0,11.36,,,,,
1135,2,17,6,143.54,17.2,5.439,0.0,0.0,13.27,,,,,
1136,2,17,7,160.78,16.9,5.439,26.9,24.0,10.86,,,,,
1137,2,17,8,165.81,16.5,5.439,59.9,67.0,12.95,,,,,
1138,2,17,9,155.05,16.2,5.439,190.3,209.0,12.84,,,,,
1139,2,17,10,167.53,16.3,5.439,305.6,328.0,14.83,,,,,
1140,2,17,11,163.58,17.1,5.439,374.2,400.0,14.40,,,,,
1141,2,17,12,154.99,17.8,5.439,522.7,509.0,17.98,,,,,
1142,2,17,13,151.93,18.5,5.439,263.8,293.0,17.72,,,,,
1143,2,17,14,155.82,18.7,5.439,150.1,168.0,18.77,,,,,
1144,2,17,15,163.39,18.7,5.439,81.3,91.0,19.84,,,,,
1145,2,17,16,166.44,18.1,5.439,607.5,222.0,19.13,,,,,
1146,2,17,17,206.13,17.4,5.439,0.0,37.0,16.24,,,,,
1147,2,17,18,215.69,17.1,5.439,0.0,0.0,15.62,,,,,
1148,2,17,19,198.70,16.9,5.439,0.0,0.0,18.07,,,,,
1149,2,17,20,197.17,16.5,5.439,0.0,0.0,17.41,,,,,
1150,2,17,21,180.33,16.0,5.439,0.0,0.0,15.36,,,,,
1151,2,17,22,164.59,15.3,5.439,0.0,0.0,13.39,,,,,
1152,2,17,23,178.06,14.7,5.439,0.0,0.0,13.30,,,,,
1153,2,18,0,147.89,14.2,5.439,0.0,0.0,12.65,,,,,
1154,2,18,1,143.32,13.8,5.439,0.0,0.0,14.25,,,,,
1155,2,18,2,140.82,13.5,5.439,0.0,0.0,15.07,,,,,
1156,2,18,3,139.04,13.3,5.439,0.0,0.0,13.11,,,,,
1157,2,18,4,144.06,13.1,5.439,0.0,0.0,14.82,,,,,
1158,2,18,5,155.72,12.7,5.439,0.0,0.0,14.47,,,,,
1159,2,18,6,206.53,12.4,5.439,0.0,0.0,13.98,,,,,
1160,2,18,7,237.06,12.6,5.439,16.1,18.0,12.29,,,,,
1161,2,18,8,196.46,13.1,5.439,121.8,134.0,12.57,,,,,
1162,2,18,9,176.41,13.6,5.439,602.4,344.0,12.54,,,,,
1163,2,18,10,168.27,14.2,5.439,791.8,462.0,12.37,,,,,
1164,2,18,11,163.44,14.9,5.439,576.4,541.0,13.88,,,,,
1165,2,18,12,153.01,15.3,5.439,983.2,658.0,11.21,,,,,
1166,2,18,13,152.23,15.3,5.439,336.2,372.0,9.77,,,,,
1167,2,18,14,156.14,15.1,5.439,410.0,411.0,9.45,,,,,
1168,2,18,15,154.73,14.7,5.439,230.3,246.0,9.18,,,,,
1169,2,18,16,166.21,14.2,5.439,24.1,27.0,7.42,,,,,
1170,2,18,17,228.55,13.6,5.439,0.0,26.0,6.50,,,,,
1171,2,18,18,238.26,13.1,5.439,0.0,0.0,4.06,,,,,
1172,2,18,19,220.96,12.7,5.439,0.0,0.0,3.94,,,,,
1173,2,18,20,199.14,12.4,5.439,0.0,0.0,3.43,,,,,
1174,2,18,21,162.43,12.4,5.439,0.0,0.0,3.23,,,,,
1175,2,18,22,159.93,12.4,5.439,0.0,0.0,3.02,,,,,
1176,2,18,23,170.89,12.6,5.439,0.0,0.0,3.00,,,,,
1177,2,19,0,140.79,12.4,5.439,0.0,0.0,2.27,,,,,
1178,2,19,1,138.24,12.0,5.439,0.0,0.0,1.63,,,,,
1179,2,19,2,136.59,11.3,5.439,0.0,0.0,1.95,,,,,
1180,2,19,3,136.01,10.0,5.439,0.0,0.0,4.16,,,,,
1181,2,19,4,141.51,8.8,5.439,0.0,0.0,5.07,,,,,
1182,2,19,5,150.19,7.3,5.439,0.0,0.0,4.86,,,,,
1183,2,19,6,182.33,5.4,5.439,0.0,0.0,4.97,,,,,
1184,2,19,7,207.73,5.0,5.439,77.6,36.0,5.29,,,,,
1185,2,19,8,179.76,6.6,5.439,362.7,185.0,3.16,,,,,
1186,2,19,9,156.38,8.8,5.439,279.8,287.0,5.44,,,,,
1187,2,19,10,142.65,11.3,5.439,385.3,392.0,4.27,,,,,
1188,2,19,11,140.58,14.0,5.439,554.8,519.0,5.17,,,,,
1189,2,19,12,134.27,16.2,5.439,549.6,530.0,8.87,,,,,
1190,2,19,13,133.69,17.8,5.439,1102.1,640.0,8.97,,,,,
1191,2,19,14,136.53,18.5,5.439,697.9,448.0,8.87,,,,,
1192,2,19,15,136.55,18.7,5.439,810.5,411.0,9.22,,,,,
1193,2,19,16,163.62,18.0,5.439,618.6,234.0,9.18,,,,,
1194,2,19,17,197.64,16.7,5.439,0.0,54.0,10.52,,,,,
1195,2,19,18,198.40,16.2,5.439,0.0,0.0,8.46,,,,,
1196,2,19,19,185.30,15.6,5.439,0.0,0.0,9.58,,,,,
1197,2,19,20,172.34,14.9,5.439,0.0,0.0,10.95,,,,,
1198,2,19,21,156.18,13.3,5.439,0.0,0.0,11.92,,,,,
1199,2,19,22,144.18,10.8,5.439,0.0,0.0,11.53,,,,,
1200,2,19,23,156.27,7.7,5.439,0.0,0.0,11.18,,,,,
1201,2,20,0,148.97,5.0,5.439,0.0,0.0,11.62,,,,,
1202,2,20,1,145.07,3.4,5.439,0.0,0.0,9.71,,,,,
1203,2,20,2,140.77,1.9,5.439,0.0,0.0,10.75,,,,,
1204,2,20,3,147.24,1.2,5.439,0.0,0.0,11.36,,,,,
1205,2,20,4,152.61,0.7,5.439,0.0,0.0,12.09,,,,,
1206,2,20,5,184.67,0.5,5.439,0.0,0.0,11.34,,,,,
1207,2,20,6,173.23,0.3,5.439,0.0,0.0,9.54,,,,,
1208,2,20,7,219.12,2.8,5.439,28.4,29.0,6.47,,,,,
1209,2,20,8,199.96,7.7,5.439,360.6,189.0,3.29,,,,,
1210,2,20,9,182.62,12.7,5.439,694.0,395.0,7.10,,,,,
1211,2,20,10,200.62,16.7,5.439,385.6,393.0,9.65,,,,,
1212,2,20,11,160.83,19.2,5.439,560.8,523.0,10.85,,,,,
1213,2,20,12,153.18,21.0,5.439,554.7,534.0,10.63,,,,,
1214,2,20,13,158.26,22.1,5.439,469.7,437.0,9.56,,,,,
1215,2,20,14,168.37,22.3,5.439,480.2,400.0,12.77,,,,,
1216,2,20,15,182.39,21.9,5.439,361.3,305.0,13.09,,,,,
1217,2,20,16,189.88,21.2,5.439,295.6,182.0,14.76,,,,,
1218,2,20,17,200.18,19.8,5.439,0.0,39.0,14.12,,,,,
1219,2,20,18,206.02,19.2,5.439,0.0,0.0,13.82,,,,,
1220,2,20,19,192.88,18.5,5.439,0.0,0.0,11.33,,,,,
1221,2,20,20,165.23,17.6,5.439,0.0,0.0,9.39,,,,,
1222,2,20,21,160.30,16.5,5.439,0.0,0.0,9.94,,,,,
1223,2,20,22,152.35,15.4,5.439,0.0,0.0,9.49,,,,,
1224,2,20,23,162.69,14.4,5.439,0.0,0.0,7.10,,,,,
1225,2,21,0,138.66,13.5,5.439,0.0,0.0,4.48,,,,,
1226,2,21,1,132.77,12.7,5.439,0.0,0.0,1.12,,,,,
1227,2,21,2,130.62,11.8,5.439,0.0,0.0,0.83,,,,,
1228,2,21,3,130.58,11.3,5.439,0.0,0.0,1.42,,,,,
1229,2,21,4,132.90,11.1,5.439,0.0,0.0,3.75,,,,,
1230,2,21,5,144.65,11.1,5.439,0.0,0.0,3.79,,,,,
1231,2,21,6,169.09,11.1,5.439,0.0,0.0,3.97,,,,,
1232,2,21,7,180.90,11.8,5.439,6.3,7.0,4.10,,,,,
1233,2,21,8,161.37,13.6,5.439,196.2,172.0,3.94,,,,,
1234,2,21,9,140.98,14.9,5.439,387.0,317.0,5.39,,,,,
1235,2,21,10,131.99,16.5,5.439,587.6,453.0,5.10,,,,,
1236,2,21,11,130.29,18.1,5.439,489.1,483.0,5.65,,,,,
1237,2,21,12,121.25,19.4,5.439,547.5,533.0,5.69,,,,,
1238,2,21,13,114.50,20.3,5.439,1117.7,658.0,5.64,,,,,
1239,2,21,14,123.50,20.7,5.439,993.8,563.0,6.04,,,,,
1240,2,21,15,130.13,20.3,5.439,812.8,422.0,4.90,,,,,
1241,2,21,16,137.42,19.2,5.439,612.2,244.0,5.04,,,,,
1242,2,21,17,157.79,17.8,5.439,0.0,62.0,5.89,,,,,
1243,2,21,18,161.96,16.3,5.439,0.0,0.0,8.08,,,,,
1244,2,21,19,154.02,14.9,5.439,0.0,0.0,8.07,,,,,
1245,2,21,20,151.54,13.5,5.439,0.0,0.0,11.09,,,,,
1246,2,21,21,139.01,12.4,5.439,0.0,0.0,12.38,,,,,
1247,2,21,22,130.41,11.5,5.439,0.0,0.0,17.12,,,,,
1248,2,21,23,135.48,10.8,5.439,0.0,0.0,18.12,,,,,
1249,2,22,0,129.68,10.4,5.439,0.0,0.0,16.86,,,,,
1250,2,22,1,129.06,10.0,5.439,0.0,0.0,15.14,,,,,
1251,2,22,2,128.41,9.9,5.439,0.0,0.0,10.72,,,,,
1252,2,22,3,128.61,9.7,5.439,0.0,0.0,11.00,,,,,
1253,2,22,4,128.87,9.1,5.439,0.0,0.0,9.12,,,,,
1254,2,22,5,156.43,8.2,5.439,0.0,0.0,8.94,,,,,
1255,2,22,6,173.88,7.2,5.439,0.0,0.0,8.42,,,,,
1256,2,22,7,162.63,9.1,5.439,35.4,37.0,5.81,,,,,
1257,2,22,8,134.99,14.0,5.439,345.4,188.0,5.20,,,,,
1258,2,22,9,125.67,18.3,5.439,620.8,348.0,5.27,,,,,
1259,2,22,10,104.13,21.9,5.439,793.2,469.0,5.08,,,,,
1260,2,22,11,100.97,24.8,5.439,565.0,533.0,6.00,,,,,
1261,2,22,12,100.59,26.8,5.439,567.1,547.0,7.59,,,,,
1262,2,22,13,98.64,28.2,5.439,1117.2,663.0,6.90,,,,,
1263,2,22,14,104.40,28.9,5.439,1000.6,573.0,5.03,,,,,
1264,2,22,15,111.15,29.1,5.439,806.7,426.0,5.33,,,,,
1265,2,22,16,130.14,26.8,5.439,596.5,246.0,4.14,,,,,
1266,2,22,17,183.91,20.3,5.439,0.0,63.0,2.80,,,,,
1267,2,22,18,136.62,16.0,5.439,0.0,0.0,1.13,,,,,
1268,2,22,19,130.39,14.2,5.439,0.0,0.0,1.12,,,,,
1269,2,22,20,129.48,14.2,5.439,0.0,0.0,3.32,,,,,
1270,2,22,21,129.38,16.2,5.439,0.0,0.0,5.17,,,,,
1271,2,22,22,113.89,20.3,5.439,0.0,0.0,5.34,,,,,
1272,2,22,23,118.74,22.8,5.439,0.0,0.0,5.65,,,,,
1273,2,23,0,118.16,23.2,5.439,0.0,0.0,6.23,,,,,
1274,2,23,1,112.67,23.5,5.439,0.0,0.0,6.95,,,,,
1275,2,23,2,108.13,24.1,5.439,0.0,0.0,7.53,,,,,
1276,2,23,3,107.70,24.8,5.439,0.0,0.0,8.50,,,,,
1277,2,23,4,110.97,25.7,5.439,0.0,0.0,9.10,,,,,
1278,2,23,5,126.07,26.2,5.439,0.0,0.0,7.68,,,,,
1279,2,23,6,127.57,26.2,5.439,0.0,0.0,7.66,,,,,
1280,2,23,7,120.03,27.0,5.439,42.0,42.0,9.49,,,,,
1281,2,23,8,112.89,28.6,5.439,379.1,218.0,9.51,,,,,
1282,2,23,9,110.43,29.8,5.439,392.9,326.0,7.91,,,,,
1283,2,23,10,101.54,30.7,5.439,411.4,412.0,6.58,,,,,
1284,2,23,11,96.90,31.8,5.439,442.9,451.0,5.07,,,,,
1285,2,23,12,97.86,32.5,5.439,320.1,356.0,3.39,,,,,
1286,2,23,13,95.83,32.9,5.439,196.6,220.0,4.49,,,,,
1287,2,23,14,100.97,33.1,5.439,165.3,185.0,4.63,,,,,
1288,2,23,15,105.99,32.7,5.439,196.1,217.0,5.10,,,,,
1289,2,23,16,129.76,31.1,5.439,205.2,191.0,5.34,,,,,
1290,2,23,17,132.27,27.7,5.439,0.0,57.0,5.53,,,,,
1291,2,23,18,136.28,24.8,5.439,0.0,0.0,6.17,,,,,
1292,2,23,19,132.34,23.7,5.439,0.0,0.0,7.58,,,,,
1293,2,23,20,130.09,23.5,5.439,0.0,0.0,7.77,,,,,
1294,2,23,21,129.91,23.4,5.439,0.0,0.0,5.77,,,,,
1295,2,23,22,118.99,23.2,5.439,0.0,0.0,3.72,,,,,
1296,2,23,23,114.34,22.6,5.439,0.0,0.0,8.75,,,,,
1297,2,24,0,96.59,21.9,5.439,0.0,0.0,9.78,,,,,
1298,2,24,1,101.25,21.6,5.439,0.0,0.0,10.93,,,,,
1299,2,24,2,97.45,21.2,5.439,0.0,0.0,15.35,,,,,
1300,2,24,3,101.47,19.8,5.439,0.0,0.0,16.77,,,,,
1301,2,24,4,105.74,18.7,5.439,0.0,0.0,16.79,,,,,
1302,2,24,5,128.47,18.9,5.439,0.0,0.0,17.45,,,,,
1303,2,24,6,136.27,19.4,5.439,0.0,0.0,18.35,,,,,
1304,2,24,7,139.13,20.8,5.439,87.3,50.0,17.53,,,,,
1305,2,24,8,125.32,25.3,5.439,62.6,70.0,17.80,,,,,
1306,2,24,9,97.86,30.6,5.439,253.4,269.0,18.14,,,,,
1307,2,24,10,86.37,33.8,5.439,391.9,401.0,17.74,,,,,
1308,2,24,11,86.40,34.7,5.439,626.0,549.0,18.36,,,,,
1309,2,24,12,81.93,34.9,5.439,710.3,566.0,16.64,,,,,
1310,2,24,13,80.15,34.9,5.439,613.8,509.0,14.81,,,,,
1311,2,24,14,82.61,35.1,5.439,586.2,455.0,15.40,,,,,
1312,2,24,15,86.03,35.1,5.439,418.5,335.0,14.91,,,,,
1313,2,24,16,110.02,34.9,5.439,115.0,123.0,13.61,,,,,
1314,2,24,17,126.56,34.7,5.439,0.0,42.0,12.85,,,,,
1315,2,24,18,133.12,34.7,5.439,0.0,0.0,14.59,,,,,
1316,2,24,19,127.79,34.7,5.439,0.0,0.0,13.81,,,,,
1317,2,24,20,111.75,34.7,5.439,0.0,0.0,13.38,,,,,
1318,2,24,21,91.69,34.7,5.439,0.0,0.0,14.45,,,,,
1319,2,24,22,86.20,34.7,5.439,0.0,0.0,14.07,,,,,
1320,2,24,23,81.97,34.7,5.439,0.0,0.0,14.66,,,,,
1321,2,25,0,53.19,34.5,5.439,0.0,0.0,13.93,,,,,
1322,2,25,1,54.01,34.3,5.439,0.0,0.0,11.45,,,,,
1323,2,25,2,50.67,33.8,5.439,0.0,0.0,9.52,,,,,
1324,2,25,3,50.49,33.1,5.439,0.0,0.0,7.11,,,,,
1325,2,25,4,54.37,33.1,5.439,0.0,0.0,2.02,,,,,
1326,2,25,5,57.54,33.6,5.439,0.0,0.0,1.73,,,,,
1327,2,25,6,69.37,33.6,5.439,0.0,0.0,1.58,,,,,
1328,2,25,7,83.09,34.0,5.439,21.4,24.0,0.66,,,,,
1329,2,25,8,76.55,34.7,5.439,6.3,7.0,0.47,,,,,
1330,2,25,9,67.66,35.1,5.439,156.1,170.0,1.84,,,,,
1331,2,25,10,59.52,35.2,5.439,513.1,433.0,1.84,,,,,
1332,2,25,11,62.09,35.6,5.439,230.6,258.0,4.19,,,,,
1333,2,25,12,60.05,36.0,5.439,541.7,522.0,3.87,,,,,
1334,2,25,13,69.60,36.3,5.439,573.8,490.0,4.79,,,,,
1335,2,25,14,69.92,36.7,5.439,385.9,372.0,5.44,,,,,
1336,2,25,15,69.68,36.0,5.439,149.9,164.0,5.29,,,,,
1337,2,25,16,74.23,35.6,5.439,117.5,126.0,3.60,,,,,
1338,2,25,17,89.54,35.2,5.439,0.0,27.0,4.02,,,,,
1339,2,25,18,98.42,35.1,5.439,0.0,0.0,3.55,,,,,
1340,2,25,19,76.32,34.9,5.439,0.0,0.0,2.75,,,,,
1341,2,25,20,74.11,34.9,5.439,0.0,0.0,2.12,,,,,
1342,2,25,21,72.02,34.9,5.439,0.0,0.0,2.72,,,,,
1343,2,25,22,53.66,34.7,5.439,0.0,0.0,2.30,,,,,
1344,2,25,23,51.29,34.5,5.439,0.0,0.0,3.23,,,,,
1345,2,26,0,42.31,34.3,5.439,0.0,0.0,3.42,,,,,
1346,2,26,1,40.32,34.3,5.439,0.0,0.0,5.09,,,,,
1347,2,26,2,38.73,34.3,5.439,0.0,0.0,3.93,,,,,
1348,2,26,3,39.07,34.3,5.439,0.0,0.0,4.19,,,,,
1349,2,26,4,39.29,34.3,5.439,0.0,0.0,2.90,,,,,
1350,2,26,5,45.50,34.0,5.439,0.0,0.0,3.49,,,,,
1351,2,26,6,78.15,33.6,5.439,0.0,0.0,4.65,,,,,
1352,2,26,7,70.23,34.2,5.439,104.7,59.0,4.11,,,,,
1353,2,26,8,48.10,35.1,5.439,139.1,152.0,5.12,,,,,
1354,2,26,9,42.67,36.0,5.439,288.4,297.0,7.46,,,,,
1355,2,26,10,40.38,36.7,5.439,379.7,389.0,8.49,,,,,
1356,2,26,11,38.59,37.4,5.439,542.8,516.0,10.12,,,,,
1357,2,26,12,35.82,37.8,5.439,573.4,540.0,10.94,,,,,
1358,2,26,13,35.28,37.9,5.439,197.5,221.0,10.56,,,,,
1359,2,26,14,37.89,37.8,5.439,977.7,581.0,11.54,,,,,
1360,2,26,15,39.67,37.2,5.439,793.0,440.0,13.06,,,,,
1361,2,26,16,46.14,36.0,5.439,205.8,194.0,13.17,,,,,
1362,2,26,17,53.91,32.7,5.439,0.0,54.0,14.71,,,,,
1363,2,26,18,76.89,31.3,5.439,0.0,0.0,15.07,,,,,
1364,2,26,19,63.48,30.6,5.439,0.0,0.0,15.58,,,,,
1365,2,26,20,47.82,28.0,5.439,0.0,0.0,14.29,,,,,
1366,2,26,21,47.19,28.0,5.439,0.0,0.0,13.33,,,,,
1367,2,26,22,43.72,29.1,5.439,0.0,0.0,11.70,,,,,
1368,2,26,23,48.50,30.7,5.439,0.0,0.0,10.88,,,,,
1369,2,27,0,60.44,32.7,5.439,0.0,0.0,11.45,,,,,
1370,2,27,1,60.83,31.5,5.439,0.0,0.0,10.84,,,,,
1371,2,27,2,50.62,29.1,5.439,0.0,0.0,10.23,,,,,
1372,2,27,3,46.84,30.2,5.439,0.0,0.0,8.01,,,,,
1373,2,27,4,56.11,31.5,5.439,0.0,0.0,8.63,,,,,
1374,2,27,5,54.07,31.6,5.439,0.0,0.0,7.93,,,,,
1375,2,27,6,58.51,31.8,5.439,0.0,0.0,5.75,,,,,
1376,2,27,7,63.27,32.5,5.439,34.0,38.0,2.85,,,,,
1377,2,27,8,58.77,33.6,5.439,30.4,34.0,2.18,,,,,
1378,2,27,9,65.94,34.9,5.439,26.8,30.0,2.55,,,,,
1379,2,27,10,63.91,36.0,5.439,23.2,26.0,3.04,,,,,
1380,2,27,11,61.70,36.7,5.439,87.6,98.0,2.61,,,,,
1381,2,27,12,59.06,37.2,5.439,70.6,79.0,0.99,,,,,
1382,2,27,13,56.75,37.9,5.439,214.0,235.0,2.19,,,,,
1383,2,27,14,48.72,38.7,5.439,58.1,65.0,2.38,,,,,
1384,2,27,15,51.66,38.8,5.439,103.7,116.0,3.11,,,,,
1385,2,27,16,50.69,38.1,5.439,99.9,107.0,3.91,,,,,
1386,2,27,17,54.53,37.6,5.439,0.0,38.0,4.95,,,,,
1387,2,27,18,54.16,37.2,5.439,0.0,0.0,7.23,,,,,
1388,2,27,19,47.55,36.9,5.439,0.0,0.0,8.20,,,,,
1389,2,27,20,49.84,36.5,5.439,0.0,0.0,8.39,,,,,
1390,2,27,21,45.05,35.6,5.439,0.0,0.0,9.15,,,,,
1391,2,27,22,42.00,34.9,5.439,0.0,0.0,10.75,,,,,
1392,2,27,23,38.25,34.2,5.439,0.0,0.0,9.26,,,,,
1393,2,28,0,37.61,33.8,5.439,0.0,0.0,9.89,,,,,
1394,2,28,1,36.01,33.6,5.439,0.0,0.0,10.45,,,,,
1395,2,28,2,36.18,33.3,5.439,0.0,0.0,10.05,,,,,
1396,2,28,3,35.66,32.9,5.439,0.0,0.0,9.68,,,,,
1397,2,28,4,36.91,32.5,5.439,0.0,0.0,8.85,,,,,
1398,2,28,5,40.76,32.4,5.439,0.0,0.0,8.28,,,,,
1399,2,28,6,69.93,32.4,5.439,0.0,0.0,8.91,,,,,
1400,2,28,7,63.74,33.8,5.439,31.2,33.0,9.02,,,,,
1401,2,28,8,46.89,35.4,5.439,106.2,117.0,9.67,,,,,
1402,2,28,9,39.03,35.4,5.439,306.0,312.0,8.72,,,,,
1403,2,28,10,37.28,34.3,5.439,442.3,437.0,8.66,,,,,
1404,2,28,11,34.64,33.6,5.439,592.9,552.0,7.40,,,,,
1405,2,28,12,30.17,33.1,5.439,590.4,562.0,8.85,,,,,
1406,2,28,13,31.24,32.7,5.439,1120.6,696.0,8.23,,,,,
1407,2,28,14,36.00,32.2,5.439,1002.0,605.0,7.30,,,,,
1408,2,28,15,42.17,31.1,5.439,541.2,366.0,6.67,,,,,
1409,2,28,16,45.34,29.3,5.439,463.1,220.0,5.51,,,,,
1410,2,28,17,61.10,27.1,5.439,0.0,49.0,4.99,,,,,
1411,2,28,18,68.38,27.5,5.439,0.0,0.0,4.07,,,,,
1412,2,28,19,64.70,27.3,5.439,0.0,0.0,4.27,,,,,
1413,2,28,20,53.41,26.4,5.439,0.0,0.0,7.13,,,,,
1414,2,28,21,53.48,27.7,5.439,0.0,0.0,9.90,,,,,
1415,2,28,22,46.16,28.9,5.439,0.0,0.0,12.20,,,,,
1416,2,28,23,46.03,29.7,5.439,0.0,0.0,12.70,,,,,
1417,3,1,0,46.03,30.0,5.227,0.0,0.0,12.96,,,,,
1418,3,1,1,44.54,30.4,5.227,0.0,0.0,11.37,,,,,
1419,3,1,2,42.63,30.7,5.227,0.0,0.0,9.04,,,,,
1420,3,1,3,41.66,31.6,5.227,0.0,0.0,7.60,,,,,
1421,3,1,4,40.54,32.7,5.227,0.0,0.0,8.40,,,,,
1422,3,1,5,42.90,33.6,5.227,0.0,0.0,7.05,,,,,
1423,3,1,6,45.61,34.3,5.227,0.0,0.0,6.06,,,,,
1424,3,1,7,49.63,35.6,5.227,4.5,5.0,4.23,,,,,
1425,3,1,8,45.68,36.9,5.227,80.1,88.0,2.71,,,,,
1426,3,1,9,43.61,39.0,5.227,172.5,193.0,1.95,,,,,
1427,3,1,10,62.63,41.9,5.227,160.0,179.0,2.68,,,,,
1428,3,1,11,55.15,44.6,5.227,458.3,460.0,2.71,,,,,
1429,3,1,12,55.21,45.9,5.227,547.2,533.0,2.91,,,,,
1430,3,1,13,51.64,43.0,5.227,507.6,502.0,3.60,,,,,
1431,3,1,14,53.49,39.6,5.227,425.1,427.0,4.50,,,,,
1432,3,1,15,53.56,34.9,5.227,67.0,75.0,5.49,,,,,
1433,3,1,16,67.20,30.2,5.227,58.1,65.0,2.26,,,,,
1434,3,1,17,74.84,25.3,5.227,0.0,31.0,5.27,,,,,
1435,3,1,18,69.27,21.6,5.227,0.0,0.0,6.49,,,,,
1436,3,1,19,68.04,19.9,5.227,0.0,0.0,8.11,,,,,
1437,3,1,20,55.05,19.2,5.227,0.0,0.0,9.14,,,,,
1438,3,1,21,60.85,18.5,5.227,0.0,0.0,8.27,,,,,
1439,3,1,22,54.65,17.6,5.227,0.0,0.0,8.63,,,,,
1440,3,1,23,49.69,16.2,5.227,0.0,0.0,8.62,,,,,
1441,3,2,0,60.38,14.5,5.227,0.0,0.0,8.35,,,,,
1442,3,2,1,58.26,13.1,5.227,0.0,0.0,8.19,,,,,
1443,3,2,2,60.21,12.0,5.227,0.0,0.0,8.11,,,,,
1444,3,2,3,61.74,10.9,5.227,0.0,0.0,7.48,,,,,
1445,3,2,4,61.29,9.9,5.227,0.0,0.0,5.84,,,,,
1446,3,2,5,65.40,9.0,5.227,0.0,0.0,5.37,,,,,
1447,3,2,6,65.84,8.2,5.227,0.0,0.0,5.33,,,,,
1448,3,2,7,70.91,8.8,5.227,153.9,85.0,4.86,,,,,
1449,3,2,8,62.33,10.0,5.227,474.8,282.0,4.96,,,,,
1450,3,2,9,63.39,11.8,5.227,675.8,411.0,1.94,,,,,
1451,3,2,10,66.61,14.0,5.227,984.6,622.0,1.99,,,,,
1452,3,2,11,63.64,16.3,5.227,1130.3,719.0,2.50,,,,,
1453,3,2,12,65.76,18.1,5.227,646.2,621.0,7.24,,,,,
1454,3,2,13,63.21,19.0,5.227,1154.7,726.0,11.92,,,,,
1455,3,2,14,67.36,18.9,5.227,1017.4,624.0,19.70,,,,,
1456,3,2,15,70.84,18.0,5.227,824.4,478.0,20.42,,,,,
1457,3,2,16,82.24,16.2,5.227,593.3,293.0,19.92,,,,,
1458,3,2,17,114.46,14.0,5.227,0.0,97.0,18.45,,,,,
1459,3,2,18,125.08,12.6,5.227,0.0,0.0,16.74,,,,,
1460,3,2,19,118.88,11.3,5.227,0.0,0.0,13.99,,,,,
1461,3,2,20,113.28,10.6,5.227,0.0,0.0,13.38,,,,,
1462,3,2,21,105.71,9.9,5.227,0.0,0.0,14.41,,,,,
1463,3,2,22,84.40,8.6,5.227,0.0,0.0,13.41,,,,,
1464,3,2,23,105.69,7.0,5.227,0.0,0.0,14.12,,,,,
1465,3,3,0,103.89,6.3,5.227,0.0,0.0,13.39,,,,,
1466,3,3,1,96.65,5.9,5.227,0.0,0.0,14.52,,,,,
1467,3,3,2,78.87,5.9,5.227,0.0,0.0,14.05,,,,,
1468,3,3,3,88.57,5.5,5.227,0.0,0.0,12.64,,,,,
1469,3,3,4,97.17,4.8,5.227,0.0,0.0,12.05,,,,,
1470,3,3,5,126.76,3.7,5.227,0.0,0.0,11.17,,,,,
1471,3,3,6,174.53,3.9,5.227,0.0,0.0,7.66,,,,,
1472,3,3,7,169.91,8.8,5.227,66.3,67.0,6.58,,,,,
1473,3,3,8,146.90,14.2,5.227,479.5,288.0,6.25,,,,,
1474,3,3,9,104.96,18.9,5.227,374.3,374.0,2.42,,,,,
1475,3,3,10,93.89,22.6,5.227,489.1,490.0,1.15,,,,,
1476,3,3,11,77.92,25.5,5.227,676.2,624.0,2.43,,,,,
1477,3,3,12,76.99,27.5,5.227,672.7,639.0,1.97,,,,,
1478,3,3,13,75.00,28.6,5.227,622.0,593.0,2.47,,,,,
1479,3,3,14,76.12,28.8,5.227,1020.2,631.0,3.15,,,,,
1480,3,3,15,89.39,28.0,5.227,815.7,479.0,3.51,,,,,
1481,3,3,16,116.13,25.9,5.227,579.3,294.0,3.32,,,,,
1482,3,3,17,148.70,21.2,5.227,0.0,97.0,5.55,,,,,
1483,3,3,18,180.47,18.5,5.227,0.0,0.0,5.75,,,,,
1484,3,3,19,151.81,16.5,5.227,0.0,0.0,7.21,,,,,
1485,3,3,20,141.52,16.7,5.227,0.0,0.0,8.74,,,,,
1486,3,3,21,115.34,16.9,5.227,0.0,0.0,10.37,,,,,
1487,3,3,22,87.12,16.0,5.227,0.0,0.0,11.16,,,,,
1488,3,3,23,85.74,14.5,5.227,0.0,0.0,10.83,,,,,
1489,3,4,0,93.04,13.3,5.227,0.0,0.0,11.92,,,,,
1490,3,4,1,87.61,13.1,5.227,0.0,0.0,14.04,,,,,
1491,3,4,2,85.77,14.0,5.227,0.0,0.0,13.28,,,,,
1492,3,4,3,87.30,15.3,5.227,0.0,0.0,14.87,,,,,
1493,3,4,4,89.09,15.4,5.227,0.0,0.0,15.54,,,,,
1494,3,4,5,112.59,16.2,5.227,0.0,0.0,15.85,,,,,
1495,3,4,6,118.70,18.3,5.227,0.0,0.0,13.04,,,,,
1496,3,4,7,96.10,23.4,5.227,58.9,64.0,12.38,,,,,
1497,3,4,8,69.81,28.8,5.227,115.3,126.0,11.15,,,,,
1498,3,4,9,53.49,35.1,5.227,145.7,163.0,11.03,,,,,
1499,3,4,10,40.94,38.8,5.227,287.2,318.0,11.18,,,,,
1500,3,4,11,37.82,41.0,5.227,414.9,439.0,10.98,,,,,
1501,3,4,12,36.47,42.3,5.227,346.1,375.0,9.97,,,,,
1502,3,4,13,36.52,42.3,5.227,325.3,362.0,8.98,,,,,
1503,3,4,14,37.93,41.9,5.227,440.0,423.0,9.10,,,,,
1504,3,4,15,40.37,41.5,5.227,383.9,368.0,7.15,,,,,
1505,3,4,16,41.89,40.3,5.227,178.0,190.0,5.64,,,,,
1506,3,4,17,60.52,37.6,5.227,0.0,82.0,4.25,,,,,
1507,3,4,18,67.28,36.3,5.227,0.0,0.0,2.24,,,,,
1508,3,4,19,37.51,35.8,5.227,0.0,0.0,1.43,,,,,
1509,3,4,20,45.92,35.2,5.227,0.0,0.0,2.86,,,,,
1510,3,4,21,33.63,35.4,5.227,0.0,0.0,2.41,,,,,
1511,3,4,22,33.64,35.6,5.227,0.0,0.0,4.75,,,,,
1512,3,4,23,48.30,35.4,5.227,0.0,0.0,6.90,,,,,
1513,3,5,0,45.62,35.1,5.227,0.0,0.0,5.74,,,,,
1514,3,5,1,50.98,34.9,5.227,0.0,0.0,6.48,,,,,
1515,3,5,2,48.95,34.7,5.227,0.0,0.0,6.41,,,,,
1516,3,5,3,47.40,34.9,5.227,0.0,0.0,6.11,,,,,
1517,3,5,4,48.57,35.2,5.227,0.0,0.0,6.71,,,,,
1518,3,5,5,44.93,36.0,5.227,0.0,0.0,6.98,,,,,
1519,3,5,6,51.39,36.7,5.227,0.0,0.0,6.63,,,,,
1520,3,5,7,35.82,38.3,5.227,108.4,77.0,7.52,,,,,
1521,3,5,8,35.27,40.3,5.227,33.1,37.0,7.46,,,,,
1522,3,5,9,45.44,42.3,5.227,26.8,30.0,8.27,,,,,
1523,3,5,10,47.80,44.1,5.227,62.6,70.0,8.96,,,,,
1524,3,5,11,45.10,45.9,5.227,125.1,140.0,8.02,,,,,
1525,3,5,12,41.96,47.7,5.227,184.6,205.0,9.13,,,,,
1526,3,5,13,43.34,48.9,5.227,100.1,112.0,8.99,,,,,
1527,3,5,14,42.27,49.5,5.227,104.6,117.0,11.30,,,,,
1528,3,5,15,43.26,49.1,5.227,38.4,43.0,12.87,,,,,
1529,3,5,16,38.76,48.4,5.227,109.2,120.0,12.51,,,,,
1530,3,5,17,33.34,47.5,5.227,0.0,49.0,13.20,,,,,
1531,3,5,18,34.67,47.1,5.227,0.0,0.0,13.17,,,,,
1532,3,5,19,30.73,47.3,5.227,0.0,0.0,12.93,,,,,
1533,3,5,20,32.86,47.5,5.227,0.0,0.0,12.27,,,,,
1534,3,5,21,31.14,48.2,5.227,0.0,0.0,12.93,,,,,
1535,3,5,22,32.87,48.9,5.227,0.0,0.0,12.55,,,,,
1536,3,5,23,36.53,49.6,5.227,0.0,0.0,14.16,,,,,
1537,3,6,0,39.68,49.3,5.227,0.0,0.0,14.07,,,,,
1538,3,6,1,39.79,48.6,5.227,0.0,0.0,12.96,,,,,
1539,3,6,2,39.76,47.1,5.227,0.0,0.0,13.30,,,,,
1540,3,6,3,38.81,44.6,5.227,0.0,0.0,12.29,,,,,
1541,3,6,4,38.60,43.9,5.227,0.0,0.0,10.48,,,,,
1542,3,6,5,42.12,43.3,5.227,0.0,0.0,9.66,,,,,
1543,3,6,6,48.48,43.7,5.227,0.0,0.0,11.13,,,,,
1544,3,6,7,55.71,45.3,5.227,119.1,84.0,13.09,,,,,
1545,3,6,8,57.08,45.5,5.227,126.6,140.0,16.34,,,,,
1546,3,6,9,52.02,45.0,5.227,220.2,242.0,17.68,,,,,
1547,3,6,10,50.68,46.2,5.227,337.9,359.0,17.76,,,,,
1548,3,6,11,47.86,49.1,5.227,605.8,528.0,16.88,,,,,
1549,3,6,12,46.38,50.7,5.227,235.9,264.0,15.22,,,,,
1550,3,6,13,43.71,50.2,5.227,365.5,394.0,10.60,,,,,
1551,3,6,14,43.53,48.2,5.227,121.5,136.0,13.14,,,,,
1552,3,6,15,46.16,45.1,5.227,75.1,84.0,13.99,,,,,
1553,3,6,16,48.76,42.4,5.227,508.8,282.0,13.73,,,,,
1554,3,6,17,53.01,39.2,5.227,0.0,97.0,12.05,,,,,
1555,3,6,18,61.28,36.0,5.227,0.0,0.0,13.54,,,,,
1556,3,6,19,52.03,32.7,5.227,0.0,0.0,12.28,,,,,
1557,3,6,20,48.76,30.0,5.227,0.0,0.0,12.54,,,,,
1558,3,6,21,45.79,28.0,5.227,0.0,0.0,11.85,,,,,
1559,3,6,22,44.56,27.0,5.227,0.0,0.0,8.93,,,,,
1560,3,6,23,40.43,26.4,5.227,0.0,0.0,8.79,,,,,
1561,3,7,0,48.89,26.1,5.227,0.0,0.0,11.78,,,,,
1562,3,7,1,43.62,25.5,5.227,0.0,0.0,9.71,,,,,
1563,3,7,2,43.36,25.0,5.227,0.0,0.0,8.90,,,,,
1564,3,7,3,41.79,24.6,5.227,0.0,0.0,9.17,,,,,
1565,3,7,4,45.47,24.4,5.227,0.0,0.0,10.55,,,,,
1566,3,7,5,54.61,23.9,5.227,0.0,0.0,12.07,,,,,
1567,3,7,6,70.25,24.1,5.227,0.0,0.0,12.89,,,,,
1568,3,7,7,66.86,25.9,5.227,64.1,70.0,12.18,,,,,
1569,3,7,8,46.55,29.3,5.227,212.1,222.0,13.30,,,,,
1570,3,7,9,39.20,32.7,5.227,393.4,387.0,13.78,,,,,
1571,3,7,10,37.11,35.1,5.227,525.3,511.0,13.70,,,,,
1572,3,7,11,35.82,36.7,5.227,624.5,591.0,14.52,,,,,
1573,3,7,12,34.98,37.4,5.227,592.5,581.0,13.66,,,,,
1574,3,7,13,34.90,37.2,5.227,544.2,542.0,12.49,,,,,
1575,3,7,14,35.78,36.0,5.227,585.1,531.0,12.97,,,,,
1576,3,7,15,38.86,33.8,5.227,97.4,109.0,13.42,,,,,
1577,3,7,16,45.86,31.5,5.227,16.1,18.0,14.12,,,,,
1578,3,7,17,58.45,29.5,5.227,0.0,69.0,14.62,,,,,
1579,3,7,18,66.19,28.4,5.227,0.0,0.0,13.46,,,,,
1580,3,7,19,60.16,27.7,5.227,0.0,0.0,12.85,,,,,
1581,3,7,20,56.81,27.3,5.227,0.0,0.0,15.41,,,,,
1582,3,7,21,58.16,27.1,5.227,0.0,0.0,15.53,,,,,
1583,3,7,22,45.20,27.0,5.227,0.0,0.0,16.17,,,,,
1584,3,7,23,43.82,27.0,5.227,0.0,0.0,16.06,,,,,
1585,3,8,0,49.69,26.8,5.227,0.0,0.0,14.38,,,,,
1586,3,8,1,45.85,26.6,5.227,0.0,0.0,14.68,,,,,
1587,3,8,2,43.64,26.8,5.227,0.0,0.0,14.39,,,,,
1588,3,8,3,45.38,27.1,5.227,0.0,0.0,14.17,,,,,
1589,3,8,4,45.40,27.7,5.227,0.0,0.0,13.85,,,,,
1590,3,8,5,47.60,27.9,5.227,0.0,0.0,14.66,,,,,
1591,3,8,6,53.70,28.6,5.227,0.0,0.0,14.44,,,,,
1592,3,8,7,46.54,30.6,5.227,9.8,11.0,13.06,,,,,
1593,3,8,8,45.12,31.6,5.227,145.4,161.0,14.65,,,,,
1594,3,8,9,43.61,31.8,5.227,379.0,377.0,13.23,,,,,
1595,3,8,10,47.45,32.5,5.227,509.6,504.0,11.24,,,,,
1596,3,8,11,44.34,32.9,5.227,731.9,644.0,12.05,,,,,
1597,3,8,12,42.55,32.4,5.227,710.2,653.0,11.46,,,,,
1598,3,8,13,38.65,31.5,5.227,537.6,535.0,9.92,,,,,
1599,3,8,14,36.80,30.2,5.227,565.7,524.0,11.47,,,,,
1600,3,8,15,38.62,28.9,5.227,800.2,500.0,11.95,,,,,
1601,3,8,16,53.47,28.0,5.227,547.1,311.0,11.90,,,,,
1602,3,8,17,68.20,27.3,5.227,0.0,115.0,12.51,,,,,
1603,3,8,18,74.01,27.1,5.227,0.0,0.0,13.05,,,,,
1604,3,8,19,60.91,27.0,5.227,0.0,0.0,12.88,,,,,
1605,3,8,20,55.78,26.8,5.227,0.0,0.0,12.03,,,,,
1606,3,8,21,55.88,26.6,5.227,0.0,0.0,11.91,,,,,
1607,3,8,22,48.91,26.4,5.227,0.0,0.0,12.39,,,,,
1608,3,8,23,50.86,25.9,5.227,0.0,0.0,12.12,,,,,
1609,3,9,0,41.36,25.5,5.227,0.0,0.0,10.58,,,,,
1610,3,9,1,54.16,24.8,5.227,0.0,0.0,11.14,,,,,
1611,3,9,2,39.11,24.1,5.227,0.0,0.0,10.55,,,,,
1612,3,9,3,44.49,23.4,5.227,0.0,0.0,11.41,,,,,
1613,3,9,4,51.91,23.0,5.227,0.0,0.0,9.99,,,,,
1614,3,9,5,44.66,22.6,5.227,0.0,0.0,10.19,,,,,
1615,3,9,6,50.17,22.6,5.227,0.0,0.0,10.56,,,,,
1616,3,9,7,47.10,26.8,5.227,11.6,13.0,9.72,,,,,
1617,3,9,8,43.45,31.3,5.227,151.9,167.0,9.58,,,,,
1618,3,9,9,41.22,35.1,5.227,274.1,294.0,8.63,,,,,
1619,3,9,10,41.33,37.4,5.227,351.2,380.0,9.61,,,,,
1620,3,9,11,42.64,38.1,5.227,547.5,546.0,8.33,,,,,
1621,3,9,12,44.10,38.8,5.227,223.4,250.0,9.71,,,,,
1622,3,9,13,42.09,39.4,5.227,535.4,536.0,9.57,,,,,
1623,3,9,14,41.95,39.6,5.227,416.1,429.0,9.26,,,,,
1624,3,9,15,48.27,39.0,5.227,137.6,154.0,9.11,,,,,
1625,3,9,16,58.93,37.8,5.227,107.2,120.0,9.39,,,,,
1626,3,9,17,58.21,34.9,5.227,33.1,37.0,8.61,,,,,
1627,3,9,18,76.56,32.9,5.227,0.0,0.0,7.85,,,,,
1628,3,9,19,68.24,31.5,5.227,0.0,0.0,8.42,,,,,
1629,3,9,20,50.14,30.2,5.227,0.0,0.0,7.77,,,,,
1630,3,9,21,52.20,29.1,5.227,0.0,0.0,7.95,,,,,
1631,3,9,22,49.00,29.1,5.227,0.0,0.0,8.96,,,,,
1632,3,9,23,43.41,30.4,5.227,0.0,0.0,7.37,,,,,
1633,3,10,0,43.44,31.5,5.227,0.0,0.0,6.68,,,,,
1634,3,10,1,42.17,32.2,5.227,0.0,0.0,7.04,,,,,
1635,3,10,2,42.41,33.1,5.227,0.0,0.0,5.27,,,,,
1636,3,10,3,44.48,34.0,5.227,0.0,0.0,3.81,,,,,
1637,3,10,4,52.85,34.2,5.227,0.0,0.0,5.07,,,,,
1638,3,10,5,87.18,34.0,5.227,0.0,0.0,5.03,,,,,
1639,3,10,6,90.00,35.1,5.227,0.0,0.0,5.83,,,,,
1640,3,10,7,79.91,39.0,5.227,187.5,121.0,5.11,,,,,
1641,3,10,8,53.07,43.5,5.227,487.5,320.0,3.70,,,,,
1642,3,10,9,43.37,46.4,5.227,760.9,507.0,1.37,,,,,
1643,3,10,10,39.39,48.6,5.227,974.2,654.0,0.96,,,,,
1644,3,10,11,37.60,50.5,5.227,1002.3,683.0,0.17,,,,,
1645,3,10,12,35.71,52.0,5.227,1154.2,776.0,0.96,,,,,
1646,3,10,13,32.61,52.5,5.227,1114.2,745.0,1.67,,,,,
1647,3,10,14,37.71,52.2,5.227,983.2,648.0,1.49,,,,,
1648,3,10,15,36.53,50.7,5.227,787.7,503.0,2.63,,,,,
1649,3,10,16,39.58,44.8,5.227,546.3,320.0,2.89,,,,,
1650,3,10,17,59.38,38.7,5.227,398.9,123.0,4.08,,,,,
1651,3,10,18,79.45,39.7,5.227,0.0,0.0,2.75,,,,,
1652,3,10,19,80.17,42.1,5.227,0.0,0.0,3.97,,,,,
1653,3,10,20,65.00,42.8,5.227,0.0,0.0,3.44,,,,,
1654,3,10,21,51.37,40.1,5.227,0.0,0.0,4.34,,,,,
1655,3,10,22,45.74,36.1,5.227,0.0,0.0,3.82,,,,,
1656,3,10,23,40.06,33.1,5.227,0.0,0.0,5.70,,,,,
1657,3,11,0,39.34,31.6,5.227,0.0,0.0,3.10,,,,,
1658,3,11,1,36.64,31.6,5.227,0.0,0.0,3.15,,,,,
1659,3,11,2,35.18,31.5,5.227,0.0,0.0,5.76,,,,,
1660,3,11,3,36.99,31.3,5.227,0.0,0.0,5.62,,,,,
1661,3,11,4,43.06,31.8,5.227,0.0,0.0,5.46,,,,,
1662,3,11,5,67.18,32.0,5.227,0.0,0.0,7.77,,,,,
1663,3,11,6,76.74,34.7,5.227,0.0,0.0,6.90,,,,,
1664,3,11,7,50.25,40.8,5.227,172.1,116.0,6.87,,,,,
1665,3,11,8,38.37,45.9,5.227,457.7,308.0,5.70,,,,,
1666,3,11,9,37.29,51.6,5.227,722.2,490.0,6.99,,,,,
1667,3,11,10,34.56,55.8,5.227,938.5,638.0,7.94,,,,,
1668,3,11,11,26.85,58.1,5.227,1071.7,730.0,8.39,,,,,
1669,3,11,12,24.60,59.2,5.227,1119.2,761.0,6.02,,,,,
1670,3,11,13,24.65,59.5,5.227,1077.7,728.0,6.90,,,,,
1671,3,11,14,33.12,59.2,5.227,948.3,633.0,7.78,,,,,
1672,3,11,15,36.32,58.3,5.227,748.2,487.0,6.28,,,,,
1673,3,11,16,42.75,55.8,5.227,507.5,307.0,5.59,,,,,
1674,3,11,17,53.46,51.8,5.227,335.7,114.0,5.42,,,,,
1675,3,11,18,50.97,49.5,5.227,0.0,0.0,6.41,,,,,
1676,3,11,19,56.17,48.4,5.227,0.0,0.0,7.78,,,,,
1677,3,11,20,38.32,47.5,5.227,0.0,0.0,6.79,,,,,
1678,3,11,21,38.71,44.8,5.227,0.0,0.0,8.07,,,,,
1679,3,11,22,31.75,41.4,5.227,0.0,0.0,8.17,,,,,
1680,3,11,23,42.92,39.0,5.227,0.0,0.0,8.10,,,,,
1681,3,12,0,43.63,36.9,5.227,0.0,0.0,7.38,,,,,
1682,3,12,1,36.93,34.9,5.227,0.0,0.0,5.61,,,,,
1683,3,12,2,38.28,32.2,5.227,0.0,0.0,4.63,,,,,
1684,3,12,3,40.76,29.8,5.227,0.0,0.0,4.12,,,,,
1685,3,12,4,40.76,28.2,5.227,0.0,0.0,4.55,,,,,
1686,3,12,5,55.13,27.0,5.227,0.0,0.0,4.95,,,,,
1687,3,12,6,76.26,26.8,5.227,0.0,0.0,4.05,,,,,
1688,3,12,7,55.26,29.1,5.227,114.8,109.0,3.99,,,,,
1689,3,12,8,41.14,32.5,5.227,484.3,328.0,6.21,,,,,
1690,3,12,9,40.50,36.7,5.227,756.4,515.0,5.83,,,,,
1691,3,12,10,38.93,39.7,5.227,972.4,664.0,6.05,,,,,
1692,3,12,11,38.10,41.4,5.227,891.0,676.0,2.28,,,,,
1693,3,12,12,39.27,42.8,5.227,731.9,629.0,1.67,,,,,
1694,3,12,13,37.97,43.5,5.227,708.7,603.0,1.99,,,,,
1695,3,12,14,40.47,41.9,5.227,616.6,524.0,1.93,,,,,
1696,3,12,15,49.63,39.6,5.227,565.2,436.0,3.42,,,,,
1697,3,12,16,63.00,37.0,5.227,224.0,220.0,4.07,,,,,
1698,3,12,17,69.66,34.3,5.227,314.0,119.0,2.69,,,,,
1699,3,12,18,86.68,32.9,5.227,0.0,0.0,3.13,,,,,
1700,3,12,19,65.37,32.2,5.227,0.0,0.0,3.91,,,,,
1701,3,12,20,54.86,31.5,5.227,0.0,0.0,4.75,,,,,
1702,3,12,21,47.80,31.1,5.227,0.0,0.0,9.34,,,,,
1703,3,12,22,43.66,30.9,5.227,0.0,0.0,8.85,,,,,
1704,3,12,23,38.42,30.6,5.227,0.0,0.0,7.53,,,,,
1705,3,13,0,36.16,30.6,5.227,0.0,0.0,7.12,,,,,
1706,3,13,1,36.19,30.4,5.227,0.0,0.0,6.70,,,,,
1707,3,13,2,36.61,30.4,5.227,0.0,0.0,5.96,,,,,
1708,3,13,3,37.44,30.2,5.227,0.0,0.0,5.64,,,,,
1709,3,13,4,46.24,30.2,5.227,0.0,0.0,5.10,,,,,
1710,3,13,5,63.94,29.8,5.227,0.0,0.0,4.29,,,,,
1711,3,13,6,73.18,30.9,5.227,0.0,0.0,4.73,,,,,
1712,3,13,7,62.07,34.2,5.227,73.3,82.0,3.50,,,,,
1713,3,13,8,43.73,37.4,5.227,262.6,261.0,4.90,,,,,
1714,3,13,9,41.45,40.6,5.227,695.9,492.0,5.96,,,,,
1715,3,13,10,37.47,43.3,5.227,775.2,593.0,5.85,,,,,
1716,3,13,11,35.24,45.1,5.227,816.6,646.0,5.79,,,,,
1717,3,13,12,34.47,46.8,5.227,749.4,631.0,6.19,,,,,
1718,3,13,13,35.12,47.7,5.227,671.1,587.0,6.01,,,,,
1719,3,13,14,34.01,47.8,5.227,699.6,551.0,6.31,,,,,
1720,3,13,15,37.04,47.1,5.227,665.3,477.0,7.00,,,,,
1721,3,13,16,45.73,44.8,5.227,387.3,290.0,6.30,,,,,
1722,3,13,17,57.65,39.2,5.227,188.8,115.0,6.63,,,,,
1723,3,13,18,58.69,36.3,5.227,0.0,0.0,7.32,,,,,
1724,3,13,19,56.67,35.2,5.227,0.0,0.0,7.61,,,,,
1725,3,13,20,59.56,33.6,5.227,0.0,0.0,6.46,,,,,
1726,3,13,21,41.13,32.0,5.227,0.0,0.0,6.42,,,,,
1727,3,13,22,36.21,30.6,5.227,0.0,0.0,7.11,,,,,
1728,3,13,23,38.58,30.0,5.227,0.0,0.0,8.02,,,,,
1729,3,14,0,36.89,30.0,5.227,0.0,0.0,9.28,,,,,
1730,3,14,1,35.74,29.7,5.227,0.0,0.0,10.38,,,,,
1731,3,14,2,35.95,29.3,5.227,0.0,0.0,11.03,,,,,
1732,3,14,3,40.01,29.3,5.227,0.0,0.0,12.80,,,,,
1733,3,14,4,48.41,29.3,5.227,0.0,0.0,14.35,,,,,
1734,3,14,5,60.34,29.5,5.227,0.0,0.0,15.43,,,,,
1735,3,14,6,69.92,31.1,5.227,0.0,0.0,15.01,,,,,
1736,3,14,7,57.43,35.8,5.227,90.9,99.0,14.30,,,,,
1737,3,14,8,43.61,41.7,5.227,481.0,333.0,14.15,,,,,
1738,3,14,9,39.21,47.1,5.227,745.2,517.0,15.12,,,,,
1739,3,14,10,38.31,51.8,5.227,957.3,664.0,16.40,,,,,
1740,3,14,11,33.21,54.9,5.227,1089.8,756.0,16.89,,,,,
1741,3,14,12,32.23,57.0,5.227,1138.1,788.0,15.38,,,,,
1742,3,14,13,31.51,58.3,5.227,1090.7,752.0,12.71,,,,,
1743,3,14,14,32.88,58.6,5.227,959.9,656.0,12.38,,,,,
1744,3,14,15,33.82,57.9,5.227,760.4,510.0,11.84,,,,,
1745,3,14,16,40.12,54.0,5.227,511.5,326.0,12.07,,,,,
1746,3,14,17,53.00,45.0,5.227,124.2,101.0,12.86,,,,,
1747,3,14,18,56.09,40.6,5.227,0.0,0.0,14.49,,,,,
1748,3,14,19,49.89,39.6,5.227,0.0,0.0,14.71,,,,,
1749,3,14,20,42.75,38.7,5.227,0.0,0.0,16.92,,,,,
1750,3,14,21,47.73,38.1,5.227,0.0,0.0,17.14,,,,,
1751,3,14,22,39.78,37.4,5.227,0.0,0.0,17.36,,,,,
1752,3,14,23,37.24,36.5,5.227,0.0,0.0,18.04,,,,,
1753,3,15,0,34.03,35.8,5.227,0.0,0.0,18.29,,,,,
1754,3,15,1,31.79,35.2,5.227,0.0,0.0,17.11,,,,,
1755,3,15,2,30.25,35.1,5.227,0.0,0.0,16.32,,,,,
1756,3,15,3,29.55,35.6,5.227,0.0,0.0,16.67,,,,,
1757,3,15,4,30.69,36.3,5.227,0.0,0.0,15.46,,,,,
1758,3,15,5,38.72,36.3,5.227,0.0,0.0,16.47,,,,,
1759,3,15,6,48.22,36.7,5.227,0.0,0.0,18.10,,,,,
1760,3,15,7,53.30,37.9,5.227,35.7,40.0,17.66,,,,,
1761,3,15,8,44.23,40.1,5.227,77.8,87.0,17.81,,,,,
1762,3,15,9,36.48,43.2,5.227,138.5,155.0,17.28,,,,,
1763,3,15,10,30.45,48.0,5.227,206.5,231.0,14.82,,,,,
1764,3,15,11,29.32,52.3,5.227,274.1,305.0,17.12,,,,,
1765,3,15,12,27.68,55.4,5.227,478.0,494.0,17.03,,,,,
1766,3,15,13,26.43,57.0,5.227,1045.6,733.0,18.41,,,,,
1767,3,15,14,28.54,57.4,5.227,824.6,614.0,16.81,,,,,
1768,3,15,15,30.97,56.3,5.227,571.1,450.0,16.41,,,,,
1769,3,15,16,35.92,53.2,5.227,101.4,112.0,16.52,,,,,
1770,3,15,17,42.36,49.5,5.227,31.3,35.0,16.29,,,,,
1771,3,15,18,47.70,47.1,5.227,0.0,0.0,15.08,,,,,
1772,3,15,19,42.15,45.9,5.227,0.0,0.0,18.17,,,,,
1773,3,15,20,38.26,45.5,5.227,0.0,0.0,17.74,,,,,
1774,3,15,21,31.95,45.5,5.227,0.0,0.0,17.17,,,,,
1775,3,15,22,30.25,46.0,5.227,0.0,0.0,16.44,,,,,
1776,3,15,23,32.02,46.4,5.227,0.0,0.0,16.54,,,,,
1777,3,16,0,30.06,46.2,5.227,0.0,0.0,15.91,,,,,
1778,3,16,1,28.17,46.2,5.227,0.0,0.0,14.68,,,,,
1779,3,16,2,27.09,46.0,5.227,0.0,0.0,14.12,,,,,
1780,3,16,3,27.26,45.9,5.227,0.0,0.0,13.83,,,,,
1781,3,16,4,27.15,45.9,5.227,0.0,0.0,13.54,,,,,
1782,3,16,5,26.68,45.9,5.227,0.0,0.0,10.62,,,,,
1783,3,16,6,27.79,46.2,5.227,0.0,0.0,8.61,,,,,
1784,3,16,7,28.66,47.8,5.227,4.5,5.0,9.89,,,,,
1785,3,16,8,33.04,50.9,5.227,71.6,79.0,11.72,,,,,
1786,3,16,9,35.52,54.9,5.227,63.5,71.0,13.58,,,,,
1787,3,16,10,33.49,57.7,5.227,206.6,224.0,11.26,,,,,
1788,3,16,11,34.56,59.2,5.227,133.4,148.0,10.84,,,,,
1789,3,16,12,34.16,60.3,5.227,152.2,169.0,11.03,,,,,
1790,3,16,13,33.76,60.6,5.227,42.9,48.0,12.84,,,,,
1791,3,16,14,34.96,60.3,5.227,84.0,94.0,11.78,,,,,
1792,3,16,15,36.41,59.7,5.227,91.2,102.0,12.37,,,,,
1793,3,16,16,50.77,59.0,5.227,21.4,24.0,13.84,,,,,
1794,3,16,17,49.53,58.5,5.227,29.5,33.0,14.33,,,,,
1795,3,16,18,46.76,57.9,5.227,0.0,0.0,15.73,,,,,
1796,3,16,19,47.84,57.6,5.227,0.0,0.0,16.39,,,,,
1797,3,16,20,35.17,57.6,5.227,0.0,0.0,15.04,,,,,
1798,3,16,21,32.22,58.3,5.227,0.0,0.0,13.17,,,,,
1799,3,16,22,28.69,58.3,5.227,0.0,0.0,10.17,,,,,
1800,3,16,23,35.53,57.9,5.227,0.0,0.0,9.20,,,,,
1801,3,17,0,30.54,57.4,5.227,0.0,0.0,8.24,,,,,
1802,3,17,1,31.42,56.7,5.227,0.0,0.0,6.15,,,,,
1803,3,17,2,30.34,54.9,5.227,0.0,0.0,3.32,,,,,
1804,3,17,3,32.38,52.3,5.227,0.0,0.0,3.13,,,,,
1805,3,17,4,39.08,50.5,5.227,0.0,0.0,3.48,,,,,
1806,3,17,5,41.66,48.4,5.227,0.0,0.0,4.95,,,,,
1807,3,17,6,50.44,48.9,5.227,0.0,0.0,6.19,,,,,
1808,3,17,7,48.15,50.2,5.227,78.0,84.0,6.22,,,,,
1809,3,17,8,50.52,52.2,5.227,44.7,50.0,5.89,,,,,
1810,3,17,9,49.57,56.3,5.227,28.6,32.0,5.60,,,,,
1811,3,17,10,49.39,54.5,5.227,60.8,68.0,5.21,,,,,
1812,3,17,11,45.45,51.4,5.227,136.1,151.0,6.75,,,,,
1813,3,17,12,46.02,49.3,5.227,123.5,137.0,5.44,,,,,
1814,3,17,13,43.17,47.5,5.227,159.4,176.0,6.84,,,,,
1815,3,17,14,42.95,45.1,5.227,40.2,44.0,6.89,,,,,
1816,3,17,15,44.54,43.9,5.227,80.4,90.0,6.54,,,,,
1817,3,17,16,40.92,42.6,5.227,47.4,53.0,6.46,,,,,
1818,3,17,17,48.15,41.0,5.227,229.2,129.0,5.70,,,,,
1819,3,17,18,48.69,38.8,5.227,0.0,0.0,6.15,,,,,
1820,3,17,19,45.36,36.5,5.227,0.0,0.0,7.88,,,,,
1821,3,17,20,44.79,34.5,5.227,0.0,0.0,5.30,,,,,
1822,3,17,21,40.54,33.3,5.227,0.0,0.0,5.16,,,,,
1823,3,17,22,38.13,32.7,5.227,0.0,0.0,6.63,,,,,
1824,3,17,23,33.47,32.4,5.227,0.0,0.0,6.02,,,,,
1825,3,18,0,33.30,32.2,5.227,0.0,0.0,8.27,,,,,
1826,3,18,1,31.27,31.6,5.227,0.0,0.0,12.88,,,,,
1827,3,18,2,31.47,31.3,5.227,0.0,0.0,14.11,,,,,
1828,3,18,3,33.34,30.6,5.227,0.0,0.0,13.48,,,,,
1829,3,18,4,37.23,30.0,5.227,0.0,0.0,10.32,,,,,
1830,3,18,5,55.77,29.7,5.227,0.0,0.0,10.18,,,,,
1831,3,18,6,62.18,29.7,5.227,0.0,0.0,9.90,,,,,
1832,3,18,7,50.76,31.3,5.227,67.2,74.0,11.08,,,,,
1833,3,18,8,35.46,34.7,5.227,528.5,374.0,12.09,,,,,
1834,3,18,9,32.46,39.4,5.227,759.5,555.0,13.89,,,,,
1835,3,18,10,28.41,44.2,5.227,897.8,664.0,12.82,,,,,
1836,3,18,11,28.06,46.8,5.227,1042.6,743.0,12.79,,,,,
1837,3,18,12,24.19,49.1,5.227,1050.3,752.0,11.15,,,,,
1838,3,18,13,22.33,50.9,5.227,1084.0,766.0,12.35,,,,,
1839,3,18,14,28.43,52.0,5.227,860.3,617.0,11.01,,,,,
1840,3,18,15,31.23,51.8,5.227,620.0,460.0,10.78,,,,,
1841,3,18,16,36.55,50.2,5.227,505.6,344.0,10.13,,,,,
1842,3,18,17,48.32,47.5,5.227,260.1,149.0,9.07,,,,,
1843,3,18,18,56.32,46.2,5.227,0.0,0.0,7.26,,,,,
1844,3,18,19,56.09,43.9,5.227,0.0,0.0,7.64,,,,,
1845,3,18,20,44.19,41.4,5.227,0.0,0.0,12.25,,,,,
1846,3,18,21,38.11,39.2,5.227,0.0,0.0,11.31,,,,,
1847,3,18,22,32.49,37.6,5.227,0.0,0.0,11.20,,,,,
1848,3,18,23,36.14,36.1,5.227,0.0,0.0,12.66,,,,,
1849,3,19,0,35.12,34.7,5.227,0.0,0.0,13.78,,,,,
1850,3,19,1,33.96,34.2,5.227,0.0,0.0,18.17,,,,,
1851,3,19,2,34.74,34.5,5.227,0.0,0.0,18.43,,,,,
1852,3,19,3,34.25,34.7,5.227,0.0,0.0,17.83,,,,,
1853,3,19,4,39.13,33.8,5.227,0.0,0.0,19.13,,,,,
1854,3,19,5,72.42,32.2,5.227,0.0,0.0,18.39,,,,,
1855,3,19,6,72.52,34.5,5.227,0.0,0.0,19.11,,,,,
1856,3,19,7,44.26,40.3,5.227,215.2,159.0,18.63,,,,,
1857,3,19,8,31.76,45.9,5.227,486.3,351.0,16.64,,,,,
1858,3,19,9,31.89,50.7,5.227,737.6,529.0,19.07,,,,,
1859,3,19,10,29.02,54.7,5.227,933.7,668.0,19.88,,,,,
1860,3,19,11,26.58,57.9,5.227,1058.0,756.0,17.86,,,,,
1861,3,19,12,26.30,60.4,5.227,1098.5,784.0,18.00,,,,,
1862,3,19,13,25.72,61.9,5.227,1054.4,751.0,16.26,,,,,
1863,3,19,14,28.82,62.2,5.227,932.6,662.0,15.25,,,,,
1864,3,19,15,33.30,61.2,5.227,588.3,451.0,17.73,,,,,
1865,3,19,16,37.16,57.6,5.227,492.8,342.0,18.15,,,,,
1866,3,19,17,44.83,51.3,5.227,81.5,86.0,18.81,,,,,
1867,3,19,18,54.59,48.7,5.227,0.0,0.0,17.33,,,,,
1868,3,19,19,48.20,46.6,5.227,0.0,0.0,16.15,,,,,
1869,3,19,20,38.94,44.6,5.227,0.0,0.0,15.18,,,,,
1870,3,19,21,33.86,43.0,5.227,0.0,0.0,15.23,,,,,
1871,3,19,22,31.21,42.1,5.227,0.0,0.0,16.99,,,,,
1872,3,19,23,32.93,41.4,5.227,0.0,0.0,16.51,,,,,
1873,3,20,0,30.81,41.0,5.227,0.0,0.0,15.47,,,,,
1874,3,20,1,31.01,40.8,5.227,0.0,0.0,12.38,,,,,
1875,3,20,2,30.60,40.6,5.227,0.0,0.0,11.04,,,,,
1876,3,20,3,31.45,40.6,5.227,0.0,0.0,7.81,,,,,
1877,3,20,4,35.01,40.6,5.227,0.0,0.0,5.21,,,,,
1878,3,20,5,39.39,40.6,5.227,0.0,0.0,4.53,,,,,
1879,3,20,6,53.37,41.0,5.227,0.0,0.0,6.70,,,,,
1880,3,20,7,50.52,42.1,5.227,38.4,43.0,6.77,,,,,
1881,3,20,8,44.99,43.7,5.227,52.7,59.0,6.98,,,,,
1882,3,20,9,39.17,45.7,5.227,344.2,346.0,9.71,,,,,
1883,3,20,10,35.41,48.0,5.227,632.0,543.0,9.75,,,,,
1884,3,20,11,34.13,50.7,5.227,289.3,319.0,10.05,,,,,
1885,3,20,12,35.53,54.3,5.227,180.5,202.0,11.11,,,,,
1886,3,20,13,35.00,57.4,5.227,151.9,170.0,11.18,,,,,
1887,3,20,14,32.71,58.8,5.227,139.4,156.0,10.30,,,,,
1888,3,20,15,34.28,57.6,5.227,163.0,181.0,10.34,,,,,
1889,3,20,16,41.60,55.6,5.227,118.3,131.0,9.71,,,,,
1890,3,20,17,39.96,53.6,5.227,65.2,73.0,9.55,,,,,
1891,3,20,18,45.29,51.4,5.227,0.0,0.0,10.33,,,,,
1892,3,20,19,47.23,50.4,5.227,0.0,0.0,10.53,,,,,
1893,3,20,20,44.99,49.6,5.227,0.0,0.0,9.83,,,,,
1894,3,20,21,40.13,48.6,5.227,0.0,0.0,8.51,,,,,
1895,3,20,22,36.83,46.8,5.227,0.0,0.0,8.70,,,,,
1896,3,20,23,34.46,45.7,5.227,0.0,0.0,7.56,,,,,
1897,3,21,0,34.59,45.1,5.227,0.0,0.0,7.87,,,,,
1898,3,21,1,33.95,44.6,5.227,0.0,0.0,9.29,,,,,
1899,3,21,2,34.05,43.3,5.227,0.0,0.0,7.65,,,,,
1900,3,21,3,33.79,41.2,5.227,0.0,0.0,5.21,,,,,
1901,3,21,4,39.49,39.2,5.227,0.0,0.0,4.25,,,,,
1902,3,21,5,55.04,37.6,5.227,0.0,0.0,4.22,,,,,
1903,3,21,6,60.02,36.9,5.227,11.5,12.0,4.66,,,,,
1904,3,21,7,57.12,36.1,5.227,39.3,44.0,3.62,,,,,
1905,3,21,8,47.47,35.8,5.227,191.9,206.0,5.20,,,,,
1906,3,21,9,43.51,37.2,5.227,264.9,279.0,7.30,,,,,
1907,3,21,10,37.45,39.2,5.227,486.8,467.0,7.16,,,,,
1908,3,21,11,32.41,41.0,5.227,424.0,432.0,6.50,,,,,
1909,3,21,12,29.11,42.1,5.227,627.6,579.0,7.11,,,,,
1910,3,21,13,26.29,42.3,5.227,627.8,572.0,8.00,,,,,
1911,3,21,14,26.73,41.9,5.227,697.1,574.0,7.09,,,,,
1912,3,21,15,28.67,40.8,5.227,774.8,556.0,7.16,,,,,
1913,3,21,16,32.64,39.6,5.227,518.5,370.0,6.17,,,,,
1914,3,21,17,43.15,37.2,5.227,244.8,167.0,3.65,,,,,
1915,3,21,18,45.98,34.9,5.227,0.0,0.0,5.41,,,,,
1916,3,21,19,49.06,33.8,5.227,0.0,0.0,8.07,,,,,
1917,3,21,20,42.93,32.7,5.227,0.0,0.0,7.27,,,,,
1918,3,21,21,36.21,31.5,5.227,0.0,0.0,7.82,,,,,
1919,3,21,22,35.49,30.6,5.227,0.0,0.0,5.82,,,,,
1920,3,21,23,38.96,30.0,5.227,0.0,0.0,6.53,,,,,
1921,3,22,0,32.47,29.5,5.227,0.0,0.0,6.21,,,,,
1922,3,22,1,32.00,28.9,5.227,0.0,0.0,6.44,,,,,
1923,3,22,2,31.24,28.6,5.227,0.0,0.0,5.54,,,,,
1924,3,22,3,31.66,28.4,5.227,0.0,0.0,3.69,,,,,
1925,3,22,4,36.45,28.4,5.227,0.0,0.0,0.48,,,,,
1926,3,22,5,47.26,28.6,5.227,0.0,0.0,1.76,,,,,
1927,3,22,6,47.26,32.0,5.227,17.6,17.0,1.33,,,,,
1928,3,22,7,35.55,36.9,5.227,228.7,177.0,2.05,,,,,
1929,3,22,8,29.57,43.2,5.227,502.9,375.0,3.15,,,,,
1930,3,22,9,28.12,48.4,5.227,752.3,554.0,3.26,,,,,
1931,3,22,10,25.24,51.3,5.227,955.0,698.0,3.61,,,,,
1932,3,22,11,24.04,53.6,5.227,1070.8,781.0,4.48,,,,,
1933,3,22,12,24.44,54.5,5.227,1096.5,800.0,4.23,,,,,
1934,3,22,13,27.04,54.0,5.227,654.8,562.0,3.71,,,,,
1935,3,22,14,30.55,52.3,5.227,638.9,529.0,4.70,,,,,
1936,3,22,15,31.36,51.3,5.227,402.6,361.0,5.89,,,,,
1937,3,22,16,39.79,50.0,5.227,209.3,219.0,6.21,,,,,
1938,3,22,17,51.31,47.5,5.227,24.1,27.0,6.52,,,,,
1939,3,22,18,52.56,44.6,5.227,0.0,0.0,7.87,,,,,
1940,3,22,19,46.35,41.2,5.227,0.0,0.0,9.89,,,,,
1941,3,22,20,40.37,36.7,5.227,0.0,0.0,9.29,,,,,
1942,3,22,21,36.12,33.8,5.227,0.0,0.0,8.73,,,,,
1943,3,22,22,33.19,31.5,5.227,0.0,0.0,9.03,,,,,
1944,3,22,23,37.35,28.9,5.227,0.0,0.0,7.43,,,,,
1945,3,23,0,41.02,27.0,5.227,0.0,0.0,7.93,,,,,
1946,3,23,1,41.23,25.0,5.227,0.0,0.0,5.92,,,,,
1947,3,23,2,45.21,23.4,5.227,0.0,0.0,7.12,,,,,
1948,3,23,3,49.99,22.1,5.227,0.0,0.0,6.48,,,,,
1949,3,23,4,54.95,21.4,5.227,0.0,0.0,6.08,,,,,
1950,3,23,5,56.07,21.0,5.227,0.0,0.0,8.14,,,,,
1951,3,23,6,40.92,21.9,5.227,25.6,23.0,9.01,,,,,
1952,3,23,7,35.74,24.6,5.227,262.2,200.0,7.05,,,,,
1953,3,23,8,30.41,27.9,5.227,544.2,404.0,7.98,,,,,
1954,3,23,9,29.47,31.3,5.227,798.5,587.0,7.34,,,,,
1955,3,23,10,30.83,34.3,5.227,997.2,730.0,5.76,,,,,
1956,3,23,11,26.37,36.9,5.227,1122.9,820.0,7.02,,,,,
1957,3,23,12,23.67,39.0,5.227,1162.4,848.0,11.60,,,,,
1958,3,23,13,22.51,40.1,5.227,1114.4,813.0,10.58,,,,,
1959,3,23,14,21.43,40.6,5.227,981.7,717.0,12.36,,,,,
1960,3,23,15,29.54,40.1,5.227,776.7,569.0,12.11,,,,,
1961,3,23,16,33.97,38.5,5.227,478.0,368.0,13.10,,,,,
1962,3,23,17,49.88,32.4,5.227,230.6,175.0,14.80,,,,,
1963,3,23,18,64.41,29.5,5.227,0.0,0.0,10.95,,,,,
1964,3,23,19,61.04,31.3,5.227,0.0,0.0,9.99,,,,,
1965,3,23,20,50.99,32.5,5.227,0.0,0.0,13.25,,,,,
1966,3,23,21,46.87,32.5,5.227,0.0,0.0,13.68,,,,,
1967,3,23,22,44.50,30.9,5.227,0.0,0.0,13.47,,,,,
1968,3,23,23,41.66,30.0,5.227,0.0,0.0,14.97,,,,,
1969,3,24,0,40.69,30.6,5.227,0.0,0.0,16.93,,,,,
1970,3,24,1,38.74,30.6,5.227,0.0,0.0,18.05,,,,,
1971,3,24,2,38.15,30.2,5.227,0.0,0.0,18.45,,,,,
1972,3,24,3,39.34,30.2,5.227,0.0,0.0,18.27,,,,,
1973,3,24,4,49.70,30.0,5.227,0.0,0.0,15.98,,,,,
1974,3,24,5,49.48,30.7,5.227,0.0,0.0,14.11,,,,,
1975,3,24,6,62.99,31.3,5.227,16.2,17.0,13.48,,,,,
1976,3,24,7,69.66,32.4,5.227,17.0,19.0,10.30,,,,,
1977,3,24,8,53.09,34.0,5.227,18.8,21.0,8.06,,,,,
1978,3,24,9,64.14,35.1,5.227,20.6,23.0,10.23,,,,,
1979,3,24,10,62.65,35.6,5.227,33.1,37.0,9.12,,,,,
1980,3,24,11,60.43,36.0,5.227,34.9,39.0,8.56,,,,,
1981,3,24,12,65.56,36.5,5.227,26.8,30.0,8.87,,,,,
1982,3,24,13,51.19,36.5,5.227,25.0,28.0,9.84,,,,,
1983,3,24,14,51.07,36.3,5.227,38.4,43.0,9.50,,,,,
1984,3,24,15,63.75,36.0,5.227,14.3,16.0,10.00,,,,,
1985,3,24,16,65.33,35.6,5.227,6.3,7.0,7.99,,,,,
1986,3,24,17,65.88,34.9,5.227,2.7,3.0,7.22,,,,,
1987,3,24,18,53.97,34.2,5.227,0.0,0.0,6.55,,,,,
1988,3,24,19,61.88,34.0,5.227,0.0,0.0,6.52,,,,,
1989,3,24,20,48.28,34.0,5.227,0.0,0.0,4.60,,,,,
1990,3,24,21,40.87,34.2,5.227,0.0,0.0,5.24,,,,,
1991,3,24,22,42.91,34.7,5.227,0.0,0.0,5.05,,,,,
1992,3,24,23,41.07,35.1,5.227,0.0,0.0,6.94,,,,,
1993,3,25,0,35.90,35.1,5.227,0.0,0.0,6.76,,,,,
1994,3,25,1,35.31,35.1,5.227,0.0,0.0,7.53,,,,,
1995,3,25,2,35.79,34.7,5.227,0.0,0.0,6.07,,,,,
1996,3,25,3,37.55,34.2,5.227,0.0,0.0,6.29,,,,,
1997,3,25,4,41.77,33.6,5.227,0.0,0.0,5.46,,,,,
1998,3,25,5,58.42,33.1,5.227,0.0,0.0,4.34,,,,,
1999,3,25,6,60.31,33.8,5.227,5.4,6.0,4.33,,,,,
2000,3,25,7,47.27,36.1,5.227,43.8,49.0,5.56,,,,,
2001,3,25,8,35.22,39.0,5.227,114.4,128.0,5.90,,,,,
2002,3,25,9,35.46,41.4,5.227,281.1,296.0,8.58,,,,,
2003,3,25,10,32.20,43.0,5.227,192.2,215.0,8.62,,,,,
2004,3,25,11,30.92,43.5,5.227,324.3,354.0,10.24,,,,,
2005,3,25,12,30.78,44.2,5.227,207.3,232.0,8.97,,,,,
2006,3,25,13,30.13,44.6,5.227,177.9,199.0,11.73,,,,,
2007,3,25,14,31.32,44.4,5.227,83.1,93.0,12.25,,,,,
2008,3,25,15,32.08,44.1,5.227,263.4,278.0,13.43,,,,,
2009,3,25,16,37.30,42.3,5.227,158.1,173.0,12.24,,,,,
2010,3,25,17,51.89,36.3,5.227,24.1,27.0,13.11,,,,,
2011,3,25,18,62.11,31.6,5.227,0.0,3.0,11.93,,,,,
2012,3,25,19,58.87,30.9,5.227,0.0,0.0,11.20,,,,,
2013,3,25,20,46.65,30.7,5.227,0.0,0.0,9.38,,,,,
2014,3,25,21,36.87,31.3,5.227,0.0,0.0,7.94,,,,,
2015,3,25,22,34.55,31.1,5.227,0.0,0.0,8.10,,,,,
2016,3,25,23,39.22,29.8,5.227,0.0,0.0,6.40,,,,,
2017,3,26,0,40.72,28.8,5.227,0.0,0.0,4.16,,,,,
2018,3,26,1,38.15,28.8,5.227,0.0,0.0,4.68,,,,,
2019,3,26,2,38.29,28.9,5.227,0.0,0.0,4.51,,,,,
2020,3,26,3,41.41,28.8,5.227,0.0,0.0,5.36,,,,,
2021,3,26,4,45.28,28.4,5.227,0.0,0.0,10.45,,,,,
2022,3,26,5,63.50,28.0,5.227,0.0,0.0,12.55,,,,,
2023,3,26,6,69.80,31.6,5.227,31.1,30.0,15.14,,,,,
2024,3,26,7,50.08,36.0,5.227,131.6,141.0,18.63,,,,,
2025,3,26,8,37.53,39.0,5.227,528.4,406.0,19.87,,,,,
2026,3,26,9,35.03,41.7,5.227,776.0,586.0,19.46,,,,,
2027,3,26,10,35.21,43.7,5.227,973.0,728.0,19.00,,,,,
2028,3,26,11,35.36,45.0,5.227,636.0,588.0,18.58,,,,,
2029,3,26,12,35.33,45.3,5.227,161.1,179.0,18.13,,,,,
2030,3,26,13,35.76,45.0,5.227,479.4,475.0,16.17,,,,,
2031,3,26,14,37.18,43.2,5.227,419.0,400.0,16.71,,,,,
2032,3,26,15,42.13,41.2,5.227,451.3,401.0,14.88,,,,,
2033,3,26,16,43.64,38.8,5.227,170.4,186.0,14.34,,,,,
2034,3,26,17,48.36,36.0,5.227,100.9,109.0,14.46,,,,,
2035,3,26,18,65.00,33.4,5.227,0.0,15.0,14.86,,,,,
2036,3,26,19,66.53,32.5,5.227,0.0,0.0,16.06,,,,,
2037,3,26,20,57.26,31.5,5.227,0.0,0.0,16.74,,,,,
2038,3,26,21,40.97,30.7,5.227,0.0,0.0,18.03,,,,,
2039,3,26,22,36.14,30.2,5.227,0.0,0.0,17.10,,,,,
2040,3,26,23,36.19,29.3,5.227,0.0,0.0,15.87,,,,,
2041,3,27,0,32.12,28.6,5.227,0.0,0.0,14.75,,,,,
2042,3,27,1,33.89,28.2,5.227,0.0,0.0,11.15,,,,,
2043,3,27,2,31.30,27.9,5.227,0.0,0.0,8.07,,,,,
2044,3,27,3,32.74,27.7,5.227,0.0,0.0,3.31,,,,,
2045,3,27,4,41.07,27.3,5.227,0.0,0.0,2.39,,,,,
2046,3,27,5,65.85,26.8,5.227,0.0,0.0,1.25,,,,,
2047,3,27,6,56.82,28.8,5.227,36.4,35.0,4.34,,,,,
2048,3,27,7,43.71,32.0,5.227,267.6,216.0,1.99,,,,,
2049,3,27,8,35.27,35.1,5.227,541.1,418.0,0.98,,,,,
2050,3,27,9,32.58,37.8,5.227,783.9,595.0,3.65,,,,,
2051,3,27,10,30.38,40.1,5.227,975.8,734.0,0.70,,,,,
2052,3,27,11,29.23,42.4,5.227,1095.7,821.0,0.73,,,,,
2053,3,27,12,27.26,43.9,5.227,1132.8,848.0,0.09,,,,,
2054,3,27,13,24.57,44.6,5.227,567.2,543.0,1.44,,,,,
2055,3,27,14,27.09,44.6,5.227,948.9,716.0,1.23,,,,,
2056,3,27,15,30.66,43.9,5.227,746.0,570.0,1.76,,,,,
2057,3,27,16,35.76,42.4,5.227,495.0,390.0,0.58,,,,,
2058,3,27,17,50.75,37.6,5.227,203.9,188.0,3.37,,,,,
2059,3,27,18,66.79,32.4,5.227,0.0,19.0,3.85,,,,,
2060,3,27,19,65.44,31.5,5.227,0.0,0.0,0.63,,,,,
2061,3,27,20,47.39,29.3,5.227,0.0,0.0,4.03,,,,,
2062,3,27,21,40.13,30.6,5.227,0.0,0.0,3.70,,,,,
2063,3,27,22,33.20,31.6,5.227,0.0,0.0,4.08,,,,,
2064,3,27,23,31.74,32.4,5.227,0.0,0.0,4.06,,,,,
2065,3,28,0,31.19,32.7,5.227,0.0,0.0,4.62,,,,,
2066,3,28,1,30.30,33.8,5.227,0.0,0.0,3.47,,,,,
2067,3,28,2,29.79,34.9,5.227,0.0,0.0,4.29,,,,,
2068,3,28,3,29.52,35.4,5.227,0.0,0.0,7.11,,,,,
2069,3,28,4,35.19,35.4,5.227,0.0,0.0,7.70,,,,,
2070,3,28,5,52.80,35.2,5.227,0.0,0.0,8.97,,,,,
2071,3,28,6,56.24,36.9,5.227,38.5,38.0,7.15,,,,,
2072,3,28,7,44.22,39.4,5.227,266.7,219.0,7.33,,,,,
2073,3,28,8,37.69,41.5,5.227,537.4,420.0,5.94,,,,,
2074,3,28,9,35.99,43.7,5.227,718.9,564.0,5.28,,,,,
2075,3,28,10,30.25,45.5,5.227,709.4,585.0,6.29,,,,,
2076,3,28,11,28.31,47.5,5.227,1010.4,767.0,6.65,,,,,
2077,3,28,12,28.28,49.6,5.227,912.3,708.0,8.52,,,,,
2078,3,28,13,30.21,50.5,5.227,267.6,298.0,7.91,,,,,
2079,3,28,14,30.67,51.1,5.227,439.5,440.0,7.78,,,,,
2080,3,28,15,33.19,50.4,5.227,186.7,203.0,7.43,,,,,
2081,3,28,16,38.88,47.5,5.227,107.6,118.0,7.68,,,,,
2082,3,28,17,42.20,43.0,5.227,170.7,167.0,8.02,,,,,
2083,3,28,18,53.03,40.1,5.227,0.0,15.0,8.93,,,,,
2084,3,28,19,46.34,39.6,5.227,0.0,0.0,8.93,,,,,
2085,3,28,20,40.92,38.7,5.227,0.0,0.0,8.31,,,,,
2086,3,28,21,35.19,37.6,5.227,0.0,0.0,8.08,,,,,
2087,3,28,22,33.76,37.6,5.227,0.0,0.0,6.82,,,,,
2088,3,28,23,36.62,37.6,5.227,0.0,0.0,5.23,,,,,
2089,3,29,0,40.00,37.2,5.227,0.0,0.0,6.06,,,,,
2090,3,29,1,36.75,37.2,5.227,0.0,0.0,7.43,,,,,
2091,3,29,2,36.45,37.6,5.227,0.0,0.0,7.60,,,,,
2092,3,29,3,36.53,37.8,5.227,0.0,0.0,8.23,,,,,
2093,3,29,4,32.98,38.5,5.227,0.0,0.0,5.27,,,,,
2094,3,29,5,35.10,39.0,5.227,0.0,0.0,6.80,,,,,
2095,3,29,6,35.58,39.6,5.227,22.3,25.0,7.22,,,,,
2096,3,29,7,36.47,40.3,5.227,34.9,39.0,7.26,,,,,
2097,3,29,8,40.55,40.8,5.227,66.9,74.0,6.23,,,,,
2098,3,29,9,39.65,41.5,5.227,46.5,52.0,5.74,,,,,
2099,3,29,10,39.67,41.7,5.227,26.8,30.0,5.07,,,,,
2100,3,29,11,36.90,41.2,5.227,104.6,117.0,4.19,,,,,
2101,3,29,12,39.57,40.3,5.227,45.6,51.0,4.11,,,,,
2102,3,29,13,45.79,39.4,5.227,63.5,71.0,4.47,,,,,
2103,3,29,14,44.73,38.5,5.227,70.6,79.0,4.55,,,,,
2104,3,29,15,45.95,37.4,5.227,27.7,31.0,6.17,,,,,
2105,3,29,16,53.27,36.7,5.227,32.2,36.0,6.58,,,,,
2106,3,29,17,48.41,35.6,5.227,7.1,8.0,6.13,,,,,
2107,3,29,18,51.10,34.5,5.227,0.0,12.0,6.61,,,,,
2108,3,29,19,47.79,33.8,5.227,0.0,0.0,7.26,,,,,
2109,3,29,20,43.95,33.3,5.227,0.0,0.0,9.65,,,,,
2110,3,29,21,41.98,32.5,5.227,0.0,0.0,9.70,,,,,
2111,3,29,22,39.78,32.2,5.227,0.0,0.0,12.15,,,,,
2112,3,29,23,45.32,32.0,5.227,0.0,0.0,16.05,,,,,
2113,3,30,0,33.02,31.6,5.227,0.0,0.0,15.24,,,,,
2114,3,30,1,33.06,31.5,5.227,0.0,0.0,16.52,,,,,
2115,3,30,2,32.40,31.6,5.227,0.0,0.0,17.01,,,,,
2116,3,30,3,33.04,32.0,5.227,0.0,0.0,15.83,,,,,
2117,3,30,4,34.86,32.5,5.227,0.0,0.0,14.15,,,,,
2118,3,30,5,37.45,32.7,5.227,0.0,0.0,13.67,,,,,
2119,3,30,6,37.55,33.4,5.227,3.6,4.0,13.55,,,,,
2120,3,30,7,43.69,34.7,5.227,12.5,14.0,14.15,,,,,
2121,3,30,8,46.60,36.0,5.227,45.6,51.0,14.35,,,,,
2122,3,30,9,49.64,37.2,5.227,81.3,91.0,13.67,,,,,
2123,3,30,10,53.45,38.7,5.227,76.0,85.0,13.41,,,,,
2124,3,30,11,46.40,39.7,5.227,126.9,142.0,12.72,,,,,
2125,3,30,12,42.15,40.5,5.227,109.0,122.0,12.40,,,,,
2126,3,30,13,39.49,41.0,5.227,104.6,117.0,12.81,,,,,
2127,3,30,14,42.37,41.4,5.227,99.2,111.0,12.14,,,,,
2128,3,30,15,52.53,41.2,5.227,69.7,78.0,11.79,,,,,
2129,3,30,16,56.79,40.6,5.227,12.5,14.0,11.96,,,,,
2130,3,30,17,67.91,39.9,5.227,10.7,12.0,11.06,,,,,
2131,3,30,18,69.74,39.4,5.227,0.0,4.0,10.50,,,,,
2132,3,30,19,54.19,39.0,5.227,0.0,0.0,10.14,,,,,
2133,3,30,20,45.00,39.0,5.227,0.0,0.0,11.25,,,,,
2134,3,30,21,42.11,39.2,5.227,0.0,0.0,12.68,,,,,
2135,3,30,22,32.85,39.2,5.227,0.0,0.0,12.62,,,,,
2136,3,30,23,30.41,39.0,5.227,0.0,0.0,11.91,,,,,
2137,3,31,0,30.02,38.7,5.227,0.0,0.0,7.84,,,,,
2138,3,31,1,28.87,38.5,5.227,0.0,0.0,5.60,,,,,
2139,3,31,2,26.71,39.2,5.227,0.0,0.0,6.05,,,,,
2140,3,31,3,30.29,39.9,5.227,0.0,0.0,4.88,,,,,
2141,3,31,4,30.56,40.3,5.227,0.0,0.0,3.66,,,,,
2142,3,31,5,37.06,40.5,5.227,0.0,0.0,4.33,,,,,
2143,3,31,6,51.72,41.2,5.227,36.4,40.0,2.57,,,,,
2144,3,31,7,52.43,43.0,5.227,38.4,43.0,3.16,,,,,
2145,3,31,8,41.55,45.7,5.227,91.2,102.0,5.05,,,,,
2146,3,31,9,45.87,48.9,5.227,108.1,121.0,4.62,,,,,
2147,3,31,10,39.26,53.8,5.227,30.2,33.0,3.39,,,,,
2148,3,31,11,31.06,59.7,5.227,148.4,166.0,3.75,,,,,
2149,3,31,12,33.99,64.0,5.227,35.7,40.0,4.75,,,,,
2150,3,31,13,30.47,66.0,5.227,92.9,104.0,5.84,,,,,
2151,3,31,14,30.26,65.7,5.227,216.6,241.0,8.48,,,,,
2152,3,31,15,30.10,64.2,5.227,169.8,190.0,11.11,,,,,
2153,3,31,16,44.60,62.8,5.227,114.4,128.0,10.75,,,,,
2154,3,31,17,34.74,61.3,5.227,55.8,62.0,10.55,,,,,
2155,3,31,18,36.59,59.5,5.227,0.0,19.0,11.25,,,,,
2156,3,31,19,34.20,57.6,5.227,0.0,0.0,10.68,,,,,
2157,3,31,20,34.11,55.0,5.227,0.0,0.0,9.31,,,,,
2158,3,31,21,30.70,53.1,5.227,0.0,0.0,5.86,,,,,
2159,3,31,22,29.28,49.6,5.227,0.0,0.0,4.56,,,,,
2160,3,31,23,32.86,45.9,5.227,0.0,0.0,4.70,,,,,
2161,4,1,0,32.24,42.8,5.063,0.0,0.0,4.22,,,,,
2162,4,1,1,31.77,40.1,5.063,0.0,0.0,4.13,,,,,
2163,4,1,2,30.58,38.7,5.063,0.0,0.0,4.25,,,,,
2164,4,1,3,30.84,37.8,5.063,0.0,0.0,5.06,,,,,
2165,4,1,4,34.86,36.9,5.063,0.0,0.0,4.76,,,,,
2166,4,1,5,45.55,35.6,5.063,0.0,0.0,6.71,,,,,
2167,4,1,6,50.67,34.2,5.063,45.6,48.0,5.78,,,,,
2168,4,1,7,48.99,34.2,5.063,265.9,231.0,7.27,,,,,
2169,4,1,8,36.35,36.9,5.063,543.8,441.0,5.84,,,,,
2170,4,1,9,36.51,39.7,5.063,798.2,629.0,11.73,,,,,
2171,4,1,10,32.49,42.3,5.063,990.4,770.0,14.15,,,,,
2172,4,1,11,29.82,44.4,5.063,1107.6,856.0,11.65,,,,,
2173,4,1,12,27.62,45.5,5.063,1140.5,881.0,13.05,,,,,
2174,4,1,13,28.74,46.0,5.063,1086.5,843.0,13.33,,,,,
2175,4,1,14,30.10,45.9,5.063,942.9,740.0,12.79,,,,,
2176,4,1,15,32.16,45.0,5.063,739.3,594.0,10.22,,,,,
2177,4,1,16,37.03,43.0,5.063,478.5,408.0,9.51,,,,,
2178,4,1,17,51.42,39.7,5.063,177.4,203.0,6.99,,,,,
2179,4,1,18,67.68,35.2,5.063,0.0,27.0,9.58,,,,,
2180,4,1,19,67.35,32.5,5.063,0.0,0.0,15.56,,,,,
2181,4,1,20,58.01,30.6,5.063,0.0,0.0,12.34,,,,,
2182,4,1,21,39.08,28.2,5.063,0.0,0.0,15.81,,,,,
2183,4,1,22,35.20,27.3,5.063,0.0,0.0,17.04,,,,,
2184,4,1,23,36.67,26.8,5.063,0.0,0.0,13.86,,,,,
2185,4,2,0,35.60,26.6,5.063,0.0,0.0,12.73,,,,,
2186,4,2,1,35.70,26.6,5.063,0.0,0.0,12.26,,,,,
2187,4,2,2,35.74,26.8,5.063,0.0,0.0,16.09,,,,,
2188,4,2,3,38.70,26.8,5.063,0.0,0.0,14.57,,,,,
2189,4,2,4,37.10,26.4,5.063,0.0,0.0,13.01,,,,,
2190,4,2,5,55.49,25.9,5.063,0.0,0.0,15.35,,,,,
2191,4,2,6,53.50,27.1,5.063,49.7,53.0,17.06,,,,,
2192,4,2,7,44.56,29.1,5.063,167.4,172.0,16.47,,,,,
2193,4,2,8,42.16,32.0,5.063,486.9,415.0,13.76,,,,,
2194,4,2,9,39.94,34.3,5.063,656.8,542.0,14.11,,,,,
2195,4,2,10,38.31,36.9,5.063,765.1,637.0,14.62,,,,,
2196,4,2,11,38.23,39.0,5.063,776.7,664.0,13.45,,,,,
2197,4,2,12,38.45,40.3,5.063,777.8,673.0,12.12,,,,,
2198,4,2,13,38.83,40.5,5.063,816.6,667.0,12.12,,,,,
2199,4,2,14,48.63,41.2,5.063,680.7,580.0,11.25,,,,,
2200,4,2,15,41.62,40.5,5.063,361.1,359.0,11.20,,,,,
2201,4,2,16,46.31,38.8,5.063,215.4,227.0,10.88,,,,,
2202,4,2,17,56.40,36.7,5.063,40.2,45.0,9.57,,,,,
2203,4,2,18,63.35,34.5,5.063,0.0,22.0,8.08,,,,,
2204,4,2,19,51.21,34.5,5.063,0.0,0.0,8.46,,,,,
2205,4,2,20,44.13,33.1,5.063,0.0,0.0,8.80,,,,,
2206,4,2,21,49.49,33.1,5.063,0.0,0.0,7.69,,,,,
2207,4,2,22,42.39,33.4,5.063,0.0,0.0,5.60,,,,,
2208,4,2,23,40.59,33.8,5.063,0.0,0.0,6.72,,,,,
2209,4,3,0,36.60,34.2,5.063,0.0,0.0,5.65,,,,,
2210,4,3,1,35.67,34.5,5.063,0.0,0.0,5.54,,,,,
2211,4,3,2,35.96,34.9,5.063,0.0,0.0,4.38,,,,,
2212,4,3,3,33.47,35.1,5.063,0.0,0.0,1.17,,,,,
2213,4,3,4,34.15,35.4,5.063,0.0,0.0,3.58,,,,,
2214,4,3,5,50.58,36.3,5.063,0.0,0.0,4.57,,,,,
2215,4,3,6,47.18,37.0,5.063,41.4,45.0,7.29,,,,,
2216,4,3,7,48.89,38.3,5.063,16.1,18.0,7.10,,,,,
2217,4,3,8,50.99,40.1,5.063,60.8,68.0,8.23,,,,,
2218,4,3,9,47.97,42.3,5.063,210.5,230.0,8.20,,,,,
2219,4,3,10,47.14,45.3,5.063,233.9,256.0,8.99,,,,,
2220,4,3,11,38.71,47.8,5.063,182.3,202.0,9.20,,,,,
2221,4,3,12,38.74,50.0,5.063,365.5,383.0,10.11,,,,,
2222,4,3,13,33.53,53.1,5.063,345.7,365.0,11.25,,,,,
2223,4,3,14,33.48,56.3,5.063,510.7,480.0,11.20,,,,,
2224,4,3,15,33.01,58.5,5.063,311.4,317.0,11.24,,,,,
2225,4,3,16,34.58,58.8,5.063,309.0,302.0,11.32,,,,,
2226,4,3,17,34.67,58.3,5.063,23.2,26.0,9.27,,,,,
2227,4,3,18,35.33,58.1,5.063,0.0,24.0,12.83,,,,,
2228,4,3,19,33.79,56.8,5.063,0.0,0.0,13.79,,,,,
2229,4,3,20,34.66,55.0,5.063,0.0,0.0,13.85,,,,,
2230,4,3,21,36.80,52.7,5.063,0.0,0.0,9.39,,,,,
2231,4,3,22,32.74,51.6,5.063,0.0,0.0,3.75,,,,,
2232,4,3,23,35.24,49.5,5.063,0.0,0.0,1.99,,,,,
2233,4,4,0,31.07,49.8,5.063,0.0,0.0,4.79,,,,,
2234,4,4,1,30.14,50.2,5.063,0.0,0.0,6.49,,,,,
2235,4,4,2,27.86,49.1,5.063,0.0,0.0,4.57,,,,,
2236,4,4,3,33.67,48.2,5.063,0.0,0.0,2.96,,,,,
2237,4,4,4,33.86,46.9,5.063,0.0,0.0,2.35,,,,,
2238,4,4,5,47.01,45.7,5.063,0.0,0.0,1.94,,,,,
2239,4,4,6,50.30,45.5,5.063,36.0,40.0,1.06,,,,,
2240,4,4,7,46.18,46.2,5.063,85.2,94.0,1.04,,,,,
2241,4,4,8,33.59,47.7,5.063,166.2,180.0,2.78,,,,,
2242,4,4,9,33.13,50.2,5.063,510.5,461.0,1.12,,,,,
2243,4,4,10,33.18,53.4,5.063,800.1,658.0,1.59,,,,,
2244,4,4,11,29.01,55.9,5.063,964.3,766.0,2.66,,,,,
2245,4,4,12,27.59,57.6,5.063,937.9,753.0,2.83,,,,,
2246,4,4,13,26.59,58.3,5.063,927.0,745.0,3.49,,,,,
2247,4,4,14,26.83,58.3,5.063,908.2,730.0,3.60,,,,,
2248,4,4,15,29.63,57.6,5.063,615.4,527.0,2.49,,,,,
2249,4,4,16,31.99,55.6,5.063,453.2,405.0,4.76,,,,,
2250,4,4,17,34.97,51.6,5.063,159.7,204.0,5.60,,,,,
2251,4,4,18,37.08,46.2,5.063,0.0,22.0,5.42,,,,,
2252,4,4,19,43.63,43.9,5.063,0.0,0.0,6.35,,,,,
2253,4,4,20,41.52,42.4,5.063,0.0,0.0,8.58,,,,,
2254,4,4,21,37.80,41.5,5.063,0.0,0.0,7.40,,,,,
2255,4,4,22,36.90,37.9,5.063,0.0,0.0,6.98,,,,,
2256,4,4,23,32.03,39.0,5.063,0.0,0.0,6.54,,,,,
2257,4,5,0,32.21,37.8,5.063,0.0,0.0,7.32,,,,,
2258,4,5,1,34.12,36.9,5.063,0.0,0.0,7.35,,,,,
2259,4,5,2,34.07,37.8,5.063,0.0,0.0,6.07,,,,,
2260,4,5,3,33.18,38.3,5.063,0.0,0.0,5.95,,,,,
2261,4,5,4,30.22,37.8,5.063,0.0,0.0,5.14,,,,,
2262,4,5,5,31.96,38.5,5.063,0.0,0.0,5.16,,,,,
2263,4,5,6,30.45,40.5,5.063,56.3,62.0,6.06,,,,,
2264,4,5,7,30.84,43.0,5.063,86.1,95.0,8.81,,,,,
2265,4,5,8,33.26,44.2,5.063,69.7,78.0,8.83,,,,,
2266,4,5,9,45.85,44.6,5.063,167.9,186.0,8.88,,,,,
2267,4,5,10,46.00,45.7,5.063,152.0,169.0,8.77,,,,,
2268,4,5,11,46.05,46.2,5.063,303.7,326.0,9.15,,,,,
2269,4,5,12,46.22,46.2,5.063,101.0,113.0,9.18,,,,,
2270,4,5,13,47.04,45.5,5.063,96.5,108.0,9.47,,,,,
2271,4,5,14,43.12,43.5,5.063,177.0,198.0,8.72,,,,,
2272,4,5,15,45.34,41.4,5.063,70.6,79.0,8.48,,,,,
2273,4,5,16,45.68,39.9,5.063,65.2,73.0,8.00,,,,,
2274,4,5,17,39.32,38.7,5.063,3.6,4.0,7.46,,,,,
2275,4,5,18,39.40,37.6,5.063,0.0,9.0,6.78,,,,,
2276,4,5,19,34.98,37.2,5.063,0.0,0.0,6.50,,,,,
2277,4,5,20,43.02,37.0,5.063,0.0,0.0,4.75,,,,,
2278,4,5,21,40.88,37.0,5.063,0.0,0.0,3.72,,,,,
2279,4,5,22,32.05,37.2,5.063,0.0,0.0,3.44,,,,,
2280,4,5,23,54.00,37.4,5.063,0.0,0.0,3.93,,,,,
2281,4,6,0,46.68,37.4,5.063,0.0,0.0,4.75,,,,,
2282,4,6,1,37.12,37.8,5.063,0.0,0.0,5.49,,,,,
2283,4,6,2,37.16,38.1,5.063,0.0,0.0,4.05,,,,,
2284,4,6,3,35.92,38.5,5.063,0.0,0.0,7.06,,,,,
2285,4,6,4,44.31,38.5,5.063,0.0,0.0,8.41,,,,,
2286,4,6,5,39.54,38.3,5.063,0.0,0.0,6.54,,,,,
2287,4,6,6,42.20,40.1,5.063,50.6,56.0,7.07,,,,,
2288,4,6,7,53.70,41.9,5.063,15.2,17.0,7.46,,,,,
2289,4,6,8,62.87,44.1,5.063,55.4,62.0,8.34,,,,,
2290,4,6,9,63.62,45.1,5.063,188.6,206.0,8.41,,,,,
2291,4,6,10,53.53,45.9,5.063,81.3,91.0,5.94,,,,,
2292,4,6,11,41.05,46.4,5.063,78.6,88.0,6.59,,,,,
2293,4,6,12,36.98,51.1,5.063,348.4,369.0,8.66,,,,,
2294,4,6,13,36.18,54.1,5.063,53.6,60.0,8.77,,,,,
2295,4,6,14,32.72,54.7,5.063,358.5,376.0,7.94,,,,,
2296,4,6,15,33.90,51.8,5.063,277.7,292.0,10.53,,,,,
2297,4,6,16,44.86,51.4,5.063,296.0,298.0,10.50,,,,,
2298,4,6,17,40.04,47.7,5.063,155.5,202.0,12.03,,,,,
2299,4,6,18,53.17,43.5,5.063,0.0,35.0,12.53,,,,,
2300,4,6,19,47.50,41.9,5.063,0.0,0.0,12.13,,,,,
2301,4,6,20,42.27,40.8,5.063,0.0,0.0,9.83,,,,,
2302,4,6,21,41.54,39.6,5.063,0.0,0.0,11.02,,,,,
2303,4,6,22,38.06,38.7,5.063,0.0,0.0,12.18,,,,,
2304,4,6,23,41.68,37.4,5.063,0.0,0.0,11.80,,,,,
2305,4,7,0,41.54,36.3,5.063,0.0,0.0,12.32,,,,,
2306,4,7,1,40.64,36.3,5.063,0.0,0.0,12.42,,,,,
2307,4,7,2,41.61,35.2,5.063,0.0,0.0,11.53,,,,,
2308,4,7,3,41.95,34.9,5.063,0.0,0.0,11.98,,,,,
2309,4,7,4,44.98,33.6,5.063,0.0,0.0,9.59,,,,,
2310,4,7,5,51.29,31.8,5.063,0.0,0.0,8.88,,,,,
2311,4,7,6,53.76,35.8,5.063,58.6,65.0,6.22,,,,,
2312,4,7,7,50.75,38.8,5.063,82.4,91.0,15.12,,,,,
2313,4,7,8,49.66,41.2,5.063,55.4,62.0,18.18,,,,,
2314,4,7,9,59.86,43.3,5.063,280.2,298.0,19.40,,,,,
2315,4,7,10,49.84,44.2,5.063,838.6,697.0,17.76,,,,,
2316,4,7,11,60.62,45.5,5.063,151.1,168.0,20.06,,,,,
2317,4,7,12,58.57,45.7,5.063,97.4,109.0,19.39,,,,,
2318,4,7,13,50.73,43.3,5.063,258.8,284.0,16.78,,,,,
2319,4,7,14,49.72,41.5,5.063,110.8,124.0,14.60,,,,,
2320,4,7,15,52.34,40.1,5.063,148.0,164.0,12.91,,,,,
2321,4,7,16,53.95,39.0,5.063,72.4,81.0,11.64,,,,,
2322,4,7,17,73.70,37.9,5.063,25.9,29.0,11.25,,,,,
2323,4,7,18,71.62,36.5,5.063,0.0,32.0,11.33,,,,,
2324,4,7,19,73.39,36.0,5.063,0.0,0.0,11.26,,,,,
2325,4,7,20,62.15,35.4,5.063,0.0,0.0,11.27,,,,,
2326,4,7,21,50.41,35.2,5.063,0.0,0.0,13.14,,,,,
2327,4,7,22,46.60,34.9,5.063,0.0,0.0,11.23,,,,,
2328,4,7,23,55.01,34.5,5.063,0.0,0.0,7.96,,,,,
2329,4,8,0,51.97,34.3,5.063,0.0,0.0,9.97,,,,,
2330,4,8,1,48.15,34.2,5.063,0.0,0.0,11.13,,,,,
2331,4,8,2,46.86,34.0,5.063,0.0,0.0,10.24,,,,,
2332,4,8,3,51.55,33.3,5.063,0.0,0.0,9.42,,,,,
2333,4,8,4,58.95,32.7,5.063,0.0,0.0,9.24,,,,,
2334,4,8,5,91.32,32.7,5.063,0.0,0.0,10.11,,,,,
2335,4,8,6,102.85,33.1,5.063,3.6,4.0,8.99,,,,,
2336,4,8,7,102.17,33.1,5.063,53.6,60.0,7.78,,,,,
2337,4,8,8,73.42,33.6,5.063,47.4,53.0,7.22,,,,,
2338,4,8,9,59.59,35.8,5.063,83.1,93.0,7.07,,,,,
2339,4,8,10,50.18,37.6,5.063,726.7,661.0,7.66,,,,,
2340,4,8,11,46.63,38.1,5.063,783.1,716.0,7.47,,,,,
2341,4,8,12,46.82,37.6,5.063,400.9,434.0,7.33,,,,,
2342,4,8,13,45.91,36.5,5.063,735.8,683.0,7.33,,,,,
2343,4,8,14,47.56,35.2,5.063,810.0,707.0,6.19,,,,,
2344,4,8,15,50.55,33.6,5.063,487.0,477.0,5.52,,,,,
2345,4,8,16,51.57,31.5,5.063,448.3,424.0,5.81,,,,,
2346,4,8,17,80.18,29.1,5.063,90.3,101.0,5.92,,,,,
2347,4,8,18,87.60,27.1,5.063,0.0,26.0,5.37,,,,,
2348,4,8,19,86.16,26.1,5.063,0.0,0.0,4.46,,,,,
2349,4,8,20,78.25,25.2,5.063,0.0,0.0,2.37,,,,,
2350,4,8,21,62.60,24.8,5.063,0.0,0.0,2.24,,,,,
2351,4,8,22,54.17,24.6,5.063,0.0,0.0,3.02,,,,,
2352,4,8,23,43.46,24.6,5.063,0.0,0.0,4.00,,,,,
2353,4,9,0,48.93,24.6,5.063,0.0,0.0,4.98,,,,,
2354,4,9,1,41.00,24.6,5.063,0.0,0.0,4.18,,,,,
2355,4,9,2,41.29,24.6,5.063,0.0,0.0,4.24,,,,,
2356,4,9,3,49.65,24.4,5.063,0.0,0.0,3.64,,,,,
2357,4,9,4,57.65,24.1,5.063,0.0,0.0,3.04,,,,,
2358,4,9,5,93.00,23.7,5.063,0.0,0.0,2.34,,,,,
2359,4,9,6,109.90,25.2,5.063,81.1,95.0,2.14,,,,,
2360,4,9,7,59.81,27.9,5.063,319.3,297.0,1.35,,,,,
2361,4,9,8,43.12,31.3,5.063,585.9,503.0,1.56,,,,,
2362,4,9,9,49.34,34.9,5.063,824.9,683.0,1.28,,,,,
2363,4,9,10,50.30,37.9,5.063,1009.3,821.0,1.80,,,,,
2364,4,9,11,38.95,40.3,5.063,1110.9,897.0,2.37,,,,,
2365,4,9,12,36.59,41.9,5.063,1137.6,919.0,1.65,,,,,
2366,4,9,13,36.93,42.8,5.063,1068.7,871.0,2.58,,,,,
2367,4,9,14,32.96,42.8,5.063,928.9,772.0,3.93,,,,,
2368,4,9,15,34.40,41.9,5.063,709.7,615.0,3.58,,,,,
2369,4,9,16,53.56,40.3,5.063,447.0,428.0,3.81,,,,,
2370,4,9,17,56.32,36.3,5.063,147.1,223.0,5.04,,,,,
2371,4,9,18,98.73,30.4,5.063,0.0,44.0,4.65,,,,,
2372,4,9,19,74.17,29.1,5.063,0.0,0.0,4.27,,,,,
2373,4,9,20,63.65,28.6,5.063,0.0,0.0,3.49,,,,,
2374,4,9,21,55.18,28.4,5.063,0.0,0.0,2.10,,,,,
2375,4,9,22,53.84,28.0,5.063,0.0,0.0,4.11,,,,,
2376,4,9,23,41.73,28.2,5.063,0.0,0.0,3.04,,,,,
2377,4,10,0,38.79,28.4,5.063,0.0,0.0,2.68,,,,,
2378,4,10,1,37.99,27.9,5.063,0.0,0.0,5.33,,,,,
2379,4,10,2,38.67,27.7,5.063,0.0,0.0,6.48,,,,,
2380,4,10,3,37.82,28.6,5.063,0.0,0.0,6.19,,,,,
2381,4,10,4,44.97,28.6,5.063,0.0,0.0,7.07,,,,,
2382,4,10,5,68.57,28.4,5.063,0.0,0.0,6.92,,,,,
2383,4,10,6,72.61,32.2,5.063,24.1,27.0,8.80,,,,,
2384,4,10,7,38.27,36.7,5.063,280.6,276.0,7.68,,,,,
2385,4,10,8,37.29,39.0,5.063,545.4,476.0,5.63,,,,,
2386,4,10,9,32.93,40.3,5.063,743.4,627.0,4.25,,,,,
2387,4,10,10,33.30,44.2,5.063,607.5,554.0,3.18,,,,,
2388,4,10,11,34.22,47.3,5.063,527.0,531.0,2.66,,,,,
2389,4,10,12,36.52,48.7,5.063,647.8,603.0,2.90,,,,,
2390,4,10,13,38.12,48.2,5.063,421.2,445.0,3.67,,,,,
2391,4,10,14,41.52,48.0,5.063,599.8,555.0,4.79,,,,,
2392,4,10,15,40.30,46.2,5.063,344.5,356.0,4.86,,,,,
2393,4,10,16,61.19,44.1,5.063,243.4,261.0,5.10,,,,,
2394,4,10,17,65.99,39.9,5.063,144.5,177.0,6.19,,,,,
2395,4,10,18,64.45,36.0,5.063,0.0,15.0,6.93,,,,,
2396,4,10,19,62.01,36.9,5.063,0.0,0.0,8.18,,,,,
2397,4,10,20,59.18,36.1,5.063,0.0,0.0,9.12,,,,,
2398,4,10,21,46.96,35.4,5.063,0.0,0.0,9.52,,,,,
2399,4,10,22,38.33,34.5,5.063,0.0,0.0,9.52,,,,,
2400,4,10,23,38.13,34.2,5.063,0.0,0.0,9.41,,,,,
2401,4,11,0,38.61,33.6,5.063,0.0,0.0,10.49,,,,,
2402,4,11,1,38.19,33.4,5.063,0.0,0.0,11.14,,,,,
2403,4,11,2,37.86,33.3,5.063,0.0,0.0,11.01,,,,,
2404,4,11,3,37.75,33.1,5.063,0.0,0.0,10.90,,,,,
2405,4,11,4,43.58,32.5,5.063,0.0,0.0,11.10,,,,,
2406,4,11,5,59.76,32.4,5.063,0.0,0.0,9.75,,,,,
2407,4,11,6,63.50,34.2,5.063,3.6,4.0,10.93,,,,,
2408,4,11,7,60.61,36.5,5.063,58.1,65.0,12.00,,,,,
2409,4,11,8,63.22,39.0,5.063,198.8,219.0,10.98,,,,,
2410,4,11,9,53.12,41.7,5.063,203.8,228.0,11.32,,,,,
2411,4,11,10,46.34,44.6,5.063,205.7,229.0,11.34,,,,,
2412,4,11,11,39.58,46.8,5.063,296.0,329.0,11.46,,,,,
2413,4,11,12,39.45,47.8,5.063,476.8,487.0,11.40,,,,,
2414,4,11,13,38.36,48.0,5.063,358.9,384.0,11.55,,,,,
2415,4,11,14,35.55,46.9,5.063,278.5,303.0,12.49,,,,,
2416,4,11,15,44.47,45.1,5.063,65.2,73.0,12.84,,,,,
2417,4,11,16,49.73,43.5,5.063,55.9,62.0,13.97,,,,,
2418,4,11,17,52.53,41.9,5.063,54.5,61.0,13.13,,,,,
2419,4,11,18,55.24,40.1,5.063,0.0,39.0,12.76,,,,,
2420,4,11,19,52.95,38.5,5.063,0.0,0.0,12.85,,,,,
2421,4,11,20,53.51,37.2,5.063,0.0,0.0,16.64,,,,,
2422,4,11,21,54.09,36.7,5.063,0.0,0.0,19.19,,,,,
2423,4,11,22,49.71,35.8,5.063,0.0,0.0,21.94,,,,,
2424,4,11,23,65.40,35.1,5.063,0.0,0.0,19.38,,,,,
2425,4,12,0,61.24,34.5,5.063,0.0,0.0,18.10,,,,,
2426,4,12,1,55.66,33.8,5.063,0.0,0.0,15.89,,,,,
2427,4,12,2,50.91,33.4,5.063,0.0,0.0,17.56,,,,,
2428,4,12,3,59.44,32.9,5.063,0.0,0.0,17.98,,,,,
2429,4,12,4,63.22,32.7,5.063,0.0,0.0,17.37,,,,,
2430,4,12,5,65.60,32.5,5.063,0.0,0.0,18.88,,,,,
2431,4,12,6,60.99,33.4,5.063,28.6,32.0,19.63,,,,,
2432,4,12,7,66.60,34.5,5.063,9.8,11.0,18.70,,,,,
2433,4,12,8,70.64,36.0,5.063,58.1,65.0,18.88,,,,,
2434,4,12,9,72.42,37.6,5.063,135.8,152.0,16.43,,,,,
2435,4,12,10,72.44,39.2,5.063,119.8,134.0,15.12,,,,,
2436,4,12,11,70.73,39.9,5.063,353.8,390.0,12.71,,,,,
2437,4,12,12,70.95,40.6,5.063,318.8,353.0,11.40,,,,,
2438,4,12,13,71.13,41.0,5.063,98.3,110.0,10.68,,,,,
2439,4,12,14,72.39,41.0,5.063,287.8,318.0,10.68,,,,,
2440,4,12,15,71.57,40.6,5.063,114.4,128.0,11.21,,,,,
2441,4,12,16,66.70,39.7,5.063,38.4,43.0,10.62,,,,,
2442,4,12,17,71.47,38.7,5.063,10.7,12.0,11.06,,,,,
2443,4,12,18,67.51,37.2,5.063,0.0,41.0,8.93,,,,,
2444,4,12,19,72.12,36.7,5.063,0.0,0.0,9.77,,,,,
2445,4,12,20,66.16,36.1,5.063,0.0,0.0,11.49,,,,,
2446,4,12,21,66.38,35.8,5.063,0.0,0.0,11.95,,,,,
2447,4,12,22,64.95,35.6,5.063,0.0,0.0,12.91,,,,,
2448,4,12,23,65.10,35.6,5.063,0.0,0.0,10.83,,,,,
2449,4,13,0,61.17,35.6,5.063,0.0,0.0,7.07,,,,,
2450,4,13,1,53.23,35.6,5.063,0.0,0.0,10.53,,,,,
2451,4,13,2,51.03,35.6,5.063,0.0,0.0,12.40,,,,,
2452,4,13,3,51.82,35.6,5.063,0.0,0.0,13.07,,,,,
2453,4,13,4,55.39,35.4,5.063,0.0,0.0,13.40,,,,,
2454,4,13,5,62.80,35.4,5.063,0.0,0.0,12.59,,,,,
2455,4,13,6,64.32,36.1,5.063,64.5,72.0,12.06,,,,,
2456,4,13,7,65.37,37.8,5.063,185.5,201.0,14.07,,,,,
2457,4,13,8,65.09,40.5,5.063,256.2,282.0,13.98,,,,,
2458,4,13,9,54.89,43.9,5.063,282.7,315.0,14.04,,,,,
2459,4,13,10,51.88,47.1,5.063,307.7,343.0,12.13,,,,,
2460,4,13,11,52.41,49.1,5.063,288.1,321.0,11.29,,,,,
2461,4,13,12,50.40,50.2,5.063,246.7,276.0,11.10,,,,,
2462,4,13,13,38.73,50.5,5.063,303.0,339.0,11.97,,,,,
2463,4,13,14,39.88,50.4,5.063,380.8,421.0,12.33,,,,,
2464,4,13,15,45.18,49.8,5.063,228.8,256.0,12.32,,,,,
2465,4,13,16,52.27,49.1,5.063,169.8,190.0,13.17,,,,,
2466,4,13,17,56.16,47.5,5.063,12.5,14.0,12.67,,,,,
2467,4,13,18,55.42,44.2,5.063,0.0,34.0,11.30,,,,,
2468,4,13,19,62.79,42.8,5.063,0.0,0.0,13.00,,,,,
2469,4,13,20,58.65,41.5,5.063,0.0,0.0,13.03,,,,,
2470,4,13,21,39.76,39.9,5.063,0.0,0.0,14.93,,,,,
2471,4,13,22,39.08,38.8,5.063,0.0,0.0,14.45,,,,,
2472,4,13,23,33.35,38.8,5.063,0.0,0.0,14.67,,,,,
2473,4,14,0,33.64,38.8,5.063,0.0,0.0,13.75,,,,,
2474,4,14,1,34.10,38.8,5.063,0.0,0.0,11.32,,,,,
2475,4,14,2,34.42,38.7,5.063,0.0,0.0,12.38,,,,,
2476,4,14,3,38.81,38.1,5.063,0.0,0.0,13.89,,,,,
2477,4,14,4,44.95,37.0,5.063,0.0,0.0,11.57,,,,,
2478,4,14,5,56.55,36.9,5.063,0.0,0.0,11.68,,,,,
2479,4,14,6,63.75,39.7,5.063,89.5,111.0,11.98,,,,,
2480,4,14,7,54.51,45.3,5.063,316.3,309.0,8.73,,,,,
2481,4,14,8,34.51,51.3,5.063,570.5,509.0,7.37,,,,,
2482,4,14,9,34.57,55.9,5.063,794.9,680.0,5.09,,,,,
2483,4,14,10,30.82,59.5,5.063,915.9,769.0,4.86,,,,,
2484,4,14,11,29.79,62.2,5.063,943.2,795.0,5.54,,,,,
2485,4,14,12,29.74,63.9,5.063,1095.0,910.0,3.96,,,,,
2486,4,14,13,29.60,64.6,5.063,725.3,660.0,3.84,,,,,
2487,4,14,14,31.04,63.3,5.063,827.0,717.0,2.67,,,,,
2488,4,14,15,35.05,62.6,5.063,491.4,476.0,4.59,,,,,
2489,4,14,16,38.09,61.3,5.063,413.6,423.0,3.94,,,,,
2490,4,14,17,57.72,56.5,5.063,130.6,223.0,3.36,,,,,
2491,4,14,18,61.24,49.5,5.063,0.0,46.0,3.87,,,,,
2492,4,14,19,62.11,48.4,5.063,0.0,0.0,3.72,,,,,
2493,4,14,20,50.96,47.1,5.063,0.0,0.0,4.28,,,,,
2494,4,14,21,41.44,47.5,5.063,0.0,0.0,5.60,,,,,
2495,4,14,22,36.91,48.2,5.063,0.0,0.0,4.47,,,,,
2496,4,14,23,33.92,48.7,5.063,0.0,0.0,4.31,,,,,
2497,4,15,0,36.55,48.4,5.063,0.0,0.0,6.04,,,,,
2498,4,15,1,35.32,48.0,5.063,0.0,0.0,4.84,,,,,
2499,4,15,2,33.70,47.3,5.063,0.0,0.0,6.78,,,,,
2500,4,15,3,34.55,46.8,5.063,0.0,0.0,6.56,,,,,
2501,4,15,4,39.25,45.5,5.063,0.0,0.0,6.27,,,,,
2502,4,15,5,53.32,46.4,5.063,0.0,0.0,5.95,,,,,
2503,4,15,6,55.50,47.8,5.063,71.6,80.0,5.02,,,,,
2504,4,15,7,43.61,50.7,5.063,220.5,233.0,3.43,,,,,
2505,4,15,8,39.65,55.6,5.063,469.7,448.0,2.89,,,,,
2506,4,15,9,33.52,60.1,5.063,743.0,645.0,2.50,,,,,
2507,4,15,10,32.14,63.0,5.063,935.6,790.0,2.54,,,,,
2508,4,15,11,31.67,64.2,5.063,868.3,759.0,3.37,,,,,
2509,4,15,12,31.90,64.2,5.063,362.3,399.0,4.99,,,,,
2510,4,15,13,31.90,63.3,5.063,590.7,574.0,5.76,,,,,
2511,4,15,14,30.86,60.3,5.063,95.6,107.0,6.71,,,,,
2512,4,15,15,31.87,55.6,5.063,141.2,158.0,7.26,,,,,
2513,4,15,16,40.45,52.7,5.063,17.9,20.0,6.72,,,,,
2514,4,15,17,48.37,51.1,5.063,61.7,69.0,8.31,,,,,
2515,4,15,18,53.24,48.0,5.063,0.0,4.0,8.98,,,,,
2516,4,15,19,51.61,46.4,5.063,0.0,0.0,6.84,,,,,
2517,4,15,20,46.49,44.8,5.063,0.0,0.0,6.46,,,,,
2518,4,15,21,40.39,41.9,5.063,0.0,0.0,5.88,,,,,
2519,4,15,22,30.74,39.7,5.063,0.0,0.0,6.08,,,,,
2520,4,15,23,32.50,38.8,5.063,0.0,0.0,4.68,,,,,
2521,4,16,0,31.67,38.3,5.063,0.0,0.0,4.74,,,,,
2522,4,16,1,31.28,37.6,5.063,0.0,0.0,6.88,,,,,
2523,4,16,2,30.88,36.9,5.063,0.0,0.0,4.86,,,,,
2524,4,16,3,31.56,36.1,5.063,0.0,0.0,4.10,,,,,
2525,4,16,4,34.41,35.4,5.063,0.0,0.0,3.55,,,,,
2526,4,16,5,45.07,35.4,5.063,0.0,0.0,2.01,,,,,
2527,4,16,6,49.09,37.0,5.063,5.4,6.0,2.57,,,,,
2528,4,16,7,38.88,39.4,5.063,305.4,305.0,2.53,,,,,
2529,4,16,8,32.43,41.7,5.063,191.8,213.0,3.06,,,,,
2530,4,16,9,32.40,43.5,5.063,67.9,76.0,3.23,,,,,
2531,4,16,10,33.08,44.6,5.063,479.0,492.0,3.28,,,,,
2532,4,16,11,31.74,45.1,5.063,371.0,407.0,3.37,,,,,
2533,4,16,12,32.22,45.1,5.063,545.6,552.0,4.10,,,,,
2534,4,16,13,31.00,45.0,5.063,400.2,431.0,3.85,,,,,
2535,4,16,14,33.00,44.2,5.063,739.1,682.0,4.06,,,,,
2536,4,16,15,32.96,43.5,5.063,373.4,395.0,5.37,,,,,
2537,4,16,16,40.03,42.3,5.063,189.4,210.0,5.67,,,,,
2538,4,16,17,47.97,40.5,5.063,17.9,20.0,6.87,,,,,
2539,4,16,18,54.47,38.3,5.063,0.0,58.0,5.91,,,,,
2540,4,16,19,52.16,37.0,5.063,0.0,0.0,5.11,,,,,
2541,4,16,20,46.54,36.1,5.063,0.0,0.0,6.79,,,,,
2542,4,16,21,38.78,35.4,5.063,0.0,0.0,6.29,,,,,
2543,4,16,22,35.57,35.2,5.063,0.0,0.0,8.30,,,,,
2544,4,16,23,34.02,35.6,5.063,0.0,0.0,7.71,,,,,
2545,4,17,0,32.76,35.8,5.063,0.0,0.0,8.17,,,,,
2546,4,17,1,31.69,35.8,5.063,0.0,0.0,6.90,,,,,
2547,4,17,2,32.86,35.4,5.063,0.0,0.0,6.01,,,,,
2548,4,17,3,33.19,34.7,5.063,0.0,0.0,6.79,,,,,
2549,4,17,4,37.64,34.0,5.063,0.0,0.0,6.10,,,,,
2550,4,17,5,52.12,33.6,5.063,0.0,0.0,7.08,,,,,
2551,4,17,6,55.98,36.0,5.063,95.5,123.0,7.35,,,,,
2552,4,17,7,35.66,39.0,5.063,323.4,324.0,6.90,,,,,
2553,4,17,8,33.05,42.6,5.063,583.7,531.0,6.83,,,,,
2554,4,17,9,29.65,46.0,5.063,820.3,713.0,7.96,,,,,
2555,4,17,10,28.55,48.7,5.063,996.7,847.0,7.23,,,,,
2556,4,17,11,26.27,51.1,5.063,1102.3,928.0,7.20,,,,,
2557,4,17,12,24.45,52.7,5.063,1124.9,948.0,6.66,,,,,
2558,4,17,13,20.82,53.6,5.063,1053.7,899.0,6.59,,,,,
2559,4,17,14,24.37,53.8,5.063,911.6,799.0,6.05,,,,,
2560,4,17,15,28.13,53.1,5.063,695.8,645.0,6.74,,,,,
2561,4,17,16,33.34,51.6,5.063,432.0,458.0,3.28,,,,,
2562,4,17,17,50.73,48.9,5.063,131.0,254.0,6.78,,,,,
2563,4,17,18,55.25,43.3,5.063,0.0,66.0,11.57,,,,,
2564,4,17,19,57.26,39.6,5.063,0.0,0.0,8.52,,,,,
2565,4,17,20,55.17,37.0,5.063,0.0,0.0,12.15,,,,,
2566,4,17,21,50.18,35.1,5.063,0.0,0.0,11.51,,,,,
2567,4,17,22,35.70,34.0,5.063,0.0,0.0,8.81,,,,,
2568,4,17,23,33.23,32.7,5.063,0.0,0.0,8.23,,,,,
2569,4,18,0,33.84,31.6,5.063,0.0,0.0,11.82,,,,,
2570,4,18,1,32.48,31.3,5.063,0.0,0.0,10.54,,,,,
2571,4,18,2,32.32,31.8,5.063,0.0,0.0,6.76,,,,,
2572,4,18,3,32.74,32.5,5.063,0.0,0.0,5.81,,,,,
2573,4,18,4,34.62,32.2,5.063,0.0,0.0,5.91,,,,,
2574,4,18,5,44.51,33.4,5.063,0.0,0.0,5.79,,,,,
2575,4,18,6,44.55,40.3,5.063,101.2,132.0,8.74,,,,,
2576,4,18,7,37.04,46.6,5.063,331.6,335.0,9.30,,,,,
2577,4,18,8,30.58,52.3,5.063,581.9,533.0,7.89,,,,,
2578,4,18,9,27.64,56.3,5.063,802.1,702.0,9.78,,,,,
2579,4,18,10,26.39,59.0,5.063,760.6,685.0,9.37,,,,,
2580,4,18,11,25.63,61.2,5.063,1048.7,890.0,9.11,,,,,
2581,4,18,12,25.61,63.3,5.063,1052.0,895.0,10.14,,,,,
2582,4,18,13,25.92,64.0,5.063,856.1,752.0,9.87,,,,,
2583,4,18,14,31.60,63.0,5.063,617.2,589.0,9.88,,,,,
2584,4,18,15,33.52,60.1,5.063,313.1,329.0,10.96,,,,,
2585,4,18,16,42.60,57.9,5.063,310.4,336.0,9.59,,,,,
2586,4,18,17,45.40,55.9,5.063,12.5,14.0,9.24,,,,,
2587,4,18,18,51.58,53.4,5.063,0.0,59.0,7.92,,,,,
2588,4,18,19,50.35,51.8,5.063,0.0,0.0,7.20,,,,,
2589,4,18,20,41.89,50.5,5.063,0.0,0.0,9.59,,,,,
2590,4,18,21,36.30,49.5,5.063,0.0,0.0,11.06,,,,,
2591,4,18,22,31.50,48.2,5.063,0.0,0.0,10.27,,,,,
2592,4,18,23,41.40,48.2,5.063,0.0,0.0,13.30,,,,,
2593,4,19,0,30.51,48.6,5.063,0.0,0.0,13.86,,,,,
2594,4,19,1,26.47,48.6,5.063,0.0,0.0,14.04,,,,,
2595,4,19,2,25.80,49.1,5.063,0.0,0.0,11.56,,,,,
2596,4,19,3,26.52,49.8,5.063,0.0,0.0,14.52,,,,,
2597,4,19,4,27.28,50.9,5.063,0.0,0.0,14.02,,,,,
2598,4,19,5,42.04,52.0,5.063,0.0,0.0,9.03,,,,,
2599,4,19,6,32.27,54.0,5.063,39.3,44.0,8.21,,,,,
2600,4,19,7,36.14,56.5,5.063,128.3,142.0,10.06,,,,,
2601,4,19,8,38.86,60.3,5.063,214.9,235.0,10.67,,,,,
2602,4,19,9,30.97,62.4,5.063,393.3,413.0,11.35,,,,,
2603,4,19,10,28.62,66.6,5.063,186.5,207.0,10.71,,,,,
2604,4,19,11,28.00,72.0,5.063,225.6,250.0,11.63,,,,,
2605,4,19,12,28.02,74.1,5.063,339.3,370.0,11.67,,,,,
2606,4,19,13,27.62,74.5,5.063,381.0,403.0,11.24,,,,,
2607,4,19,14,31.41,74.7,5.063,633.7,595.0,11.58,,,,,
2608,4,19,15,35.90,73.8,5.063,392.2,402.0,12.14,,,,,
2609,4,19,16,46.09,72.0,5.063,364.1,395.0,11.69,,,,,
2610,4,19,17,51.59,70.9,5.063,122.4,142.0,11.92,,,,,
2611,4,19,18,50.53,69.6,5.063,0.0,47.0,11.57,,,,,
2612,4,19,19,48.27,68.0,5.063,0.0,0.0,11.55,,,,,
2613,4,19,20,48.51,65.8,5.063,0.0,0.0,11.37,,,,,
2614,4,19,21,48.06,63.3,5.063,0.0,0.0,7.99,,,,,
2615,4,19,22,36.40,61.7,5.063,0.0,0.0,5.83,,,,,
2616,4,19,23,30.33,58.8,5.063,0.0,0.0,8.86,,,,,
2617,4,20,0,29.08,56.1,5.063,0.0,0.0,8.36,,,,,
2618,4,20,1,26.91,53.6,5.063,0.0,0.0,9.16,,,,,
2619,4,20,2,26.13,51.3,5.063,0.0,0.0,7.90,,,,,
2620,4,20,3,25.87,49.5,5.063,0.0,0.0,7.56,,,,,
2621,4,20,4,26.23,47.8,5.063,0.0,0.0,6.52,,,,,
2622,4,20,5,26.64,46.6,5.063,0.0,0.0,6.17,,,,,
2623,4,20,6,27.24,46.9,5.063,104.3,139.0,3.96,,,,,
2624,4,20,7,25.02,47.8,5.063,254.0,270.0,5.08,,,,,
2625,4,20,8,25.17,48.7,5.063,582.1,540.0,5.61,,,,,
2626,4,20,9,24.26,50.2,5.063,812.2,718.0,6.43,,,,,
2627,4,20,10,22.65,52.0,5.063,986.6,851.0,6.56,,,,,
2628,4,20,11,21.29,53.6,5.063,1088.6,930.0,6.13,,,,,
2629,4,20,12,18.29,55.0,5.063,1109.4,949.0,7.61,,,,,
2630,4,20,13,17.01,55.9,5.063,1046.7,907.0,6.96,,,,,
2631,4,20,14,19.65,55.9,5.063,845.7,758.0,5.78,,,,,
2632,4,20,15,25.84,55.4,5.063,655.5,625.0,5.82,,,,,
2633,4,20,16,29.74,53.8,5.063,407.5,447.0,6.36,,,,,
2634,4,20,17,41.64,51.1,5.063,126.3,268.0,5.75,,,,,
2635,4,20,18,61.51,46.2,5.063,0.0,77.0,4.24,,,,,
2636,4,20,19,59.87,42.3,5.063,0.0,0.0,4.20,,,,,
2637,4,20,20,39.30,39.7,5.063,0.0,0.0,3.99,,,,,
2638,4,20,21,43.08,37.6,5.063,0.0,0.0,1.13,,,,,
2639,4,20,22,32.30,35.8,5.063,0.0,0.0,2.75,,,,,
2640,4,20,23,27.68,34.3,5.063,0.0,0.0,4.49,,,,,
2641,4,21,0,28.26,33.8,5.063,0.0,0.0,4.25,,,,,
2642,4,21,1,27.84,33.8,5.063,0.0,0.0,3.02,,,,,
2643,4,21,2,27.66,34.5,5.063,0.0,0.0,3.60,,,,,
2644,4,21,3,28.00,35.1,5.063,0.0,0.0,3.90,,,,,
2645,4,21,4,39.95,34.2,5.063,0.0,0.0,3.32,,,,,
2646,4,21,5,47.36,34.0,5.063,0.0,0.0,2.45,,,,,
2647,4,21,6,49.31,39.4,5.063,103.5,136.0,3.82,,,,,
2648,4,21,7,35.04,44.8,5.063,236.2,254.0,2.14,,,,,
2649,4,21,8,30.24,49.6,5.063,438.2,435.0,3.62,,,,,
2650,4,21,9,28.39,53.6,5.063,732.6,661.0,3.12,,,,,
2651,4,21,10,28.12,57.0,5.063,922.7,806.0,4.12,,,,,
2652,4,21,11,26.02,59.9,5.063,1012.8,876.0,5.19,,,,,
2653,4,21,12,30.73,60.4,5.063,321.5,357.0,6.13,,,,,
2654,4,21,13,33.13,59.5,5.063,351.1,379.0,7.00,,,,,
2655,4,21,14,35.58,58.1,5.063,261.2,287.0,7.15,,,,,
2656,4,21,15,48.05,56.3,5.063,24.1,27.0,6.62,,,,,
2657,4,21,16,55.52,54.3,5.063,181.7,202.0,8.03,,,,,
2658,4,21,17,57.49,52.5,5.063,142.7,172.0,8.36,,,,,
2659,4,21,18,57.44,49.8,5.063,0.0,26.0,9.34,,,,,
2660,4,21,19,51.74,47.7,5.063,0.0,0.0,10.81,,,,,
2661,4,21,20,49.73,46.6,5.063,0.0,0.0,9.32,,,,,
2662,4,21,21,37.50,45.5,5.063,0.0,0.0,9.74,,,,,
2663,4,21,22,36.86,45.0,5.063,0.0,0.0,8.65,,,,,
2664,4,21,23,38.23,44.6,5.063,0.0,0.0,7.47,,,,,
2665,4,22,0,31.63,44.8,5.063,0.0,0.0,8.45,,,,,
2666,4,22,1,30.03,45.1,5.063,0.0,0.0,5.96,,,,,
2667,4,22,2,28.44,46.0,5.063,0.0,0.0,6.07,,,,,
2668,4,22,3,29.49,46.6,5.063,0.0,0.0,5.36,,,,,
2669,4,22,4,35.48,46.8,5.063,0.0,0.0,6.83,,,,,
2670,4,22,5,43.47,47.3,5.063,0.0,0.0,5.59,,,,,
2671,4,22,6,53.27,49.1,5.063,18.8,21.0,5.99,,,,,
2672,4,22,7,55.71,52.3,5.063,68.8,77.0,5.82,,,,,
2673,4,22,8,49.74,57.7,5.063,280.4,304.0,5.79,,,,,
2674,4,22,9,33.80,63.1,5.063,549.3,546.0,6.05,,,,,
2675,4,22,10,32.53,66.0,5.063,936.6,819.0,6.22,,,,,
2676,4,22,11,29.08,67.8,5.063,686.3,674.0,6.37,,,,,
2677,4,22,12,29.30,68.7,5.063,1050.7,911.0,7.34,,,,,
2678,4,22,13,27.67,69.1,5.063,993.3,873.0,7.71,,,,,
2679,4,22,14,28.72,69.3,5.063,856.2,776.0,8.24,,,,,
2680,4,22,15,30.28,68.4,5.063,654.3,632.0,9.21,,,,,
2681,4,22,16,36.17,66.2,5.063,404.3,454.0,9.58,,,,,
2682,4,22,17,47.06,62.4,5.063,144.7,217.0,9.90,,,,,
2683,4,22,18,51.39,56.3,5.063,0.0,66.0,9.38,,,,,
2684,4,22,19,47.25,52.5,5.063,0.0,0.0,9.48,,,,,
2685,4,22,20,40.01,49.6,5.063,0.0,0.0,8.14,,,,,
2686,4,22,21,36.38,47.1,5.063,0.0,0.0,9.31,,,,,
2687,4,22,22,28.78,45.0,5.063,0.0,0.0,9.38,,,,,
2688,4,22,23,27.83,43.9,5.063,0.0,0.0,8.86,,,,,
2689,4,23,0,28.85,43.0,5.063,0.0,0.0,6.52,,,,,
2690,4,23,1,26.93,42.3,5.063,0.0,0.0,5.99,,,,,
2691,4,23,2,26.49,41.5,5.063,0.0,0.0,7.95,,,,,
2692,4,23,3,28.29,40.5,5.063,0.0,0.0,10.08,,,,,
2693,4,23,4,31.77,39.6,5.063,0.0,0.0,8.99,,,,,
2694,4,23,5,43.04,39.9,5.063,0.0,0.0,11.67,,,,,
2695,4,23,6,39.76,44.2,5.063,106.8,145.0,9.11,,,,,
2696,4,23,7,25.85,48.9,5.063,325.3,342.0,6.53,,,,,
2697,4,23,8,26.70,52.9,5.063,566.9,537.0,7.12,,,,,
2698,4,23,9,26.15,56.3,5.063,785.2,707.0,7.46,,,,,
2699,4,23,10,25.47,59.5,5.063,960.7,842.0,7.78,,,,,
2700,4,23,11,23.78,62.2,5.063,1060.8,920.0,8.27,,,,,
2701,4,23,12,23.89,64.2,5.063,1078.4,937.0,6.60,,,,,
2702,4,23,13,24.84,65.5,5.063,1008.0,889.0,5.88,,,,,
2703,4,23,14,26.79,65.8,5.063,867.6,790.0,4.67,,,,,
2704,4,23,15,28.40,65.3,5.063,660.3,642.0,4.20,,,,,
2705,4,23,16,36.01,64.0,5.063,407.6,463.0,4.81,,,,,
2706,4,23,17,37.33,61.0,5.063,117.9,266.0,3.79,,,,,
2707,4,23,18,43.38,54.9,5.063,0.0,80.0,3.58,,,,,
2708,4,23,19,46.54,51.6,5.063,0.0,0.0,4.54,,,,,
2709,4,23,20,40.06,50.0,5.063,0.0,0.0,5.33,,,,,
2710,4,23,21,34.35,47.7,5.063,0.0,0.0,2.24,,,,,
2711,4,23,22,28.46,45.5,5.063,0.0,0.0,3.78,,,,,
2712,4,23,23,27.90,44.1,5.063,0.0,0.0,2.81,,,,,
2713,4,24,0,26.98,43.2,5.063,0.0,0.0,5.08,,,,,
2714,4,24,1,26.20,42.6,5.063,0.0,0.0,5.46,,,,,
2715,4,24,2,26.43,43.2,5.063,0.0,0.0,6.35,,,,,
2716,4,24,3,27.10,44.2,5.063,0.0,0.0,5.03,,,,,
2717,4,24,4,29.37,44.6,5.063,0.0,0.0,4.86,,,,,
2718,4,24,5,40.54,44.6,5.063,0.0,0.0,4.92,,,,,
2719,4,24,6,43.50,49.3,5.063,18.8,21.0,4.96,,,,,
2720,4,24,7,31.19,54.9,5.063,309.3,328.0,3.05,,,,,
2721,4,24,8,26.46,60.6,5.063,174.2,194.0,1.54,,,,,
2722,4,24,9,24.91,63.9,5.063,240.5,268.0,3.43,,,,,
2723,4,24,10,25.01,66.6,5.063,915.4,809.0,5.59,,,,,
2724,4,24,11,24.61,68.9,5.063,811.3,759.0,4.56,,,,,
2725,4,24,12,24.98,70.9,5.063,1030.7,902.0,5.44,,,,,
2726,4,24,13,25.35,71.2,5.063,954.8,850.0,7.68,,,,,
2727,4,24,14,28.81,71.4,5.063,820.0,754.0,6.12,,,,,
2728,4,24,15,33.17,71.6,5.063,620.9,610.0,6.08,,,,,
2729,4,24,16,39.34,70.3,5.063,309.5,346.0,6.44,,,,,
2730,4,24,17,49.42,66.0,5.063,122.3,236.0,5.54,,,,,
2731,4,24,18,51.33,61.7,5.063,0.0,47.0,6.20,,,,,
2732,4,24,19,49.73,59.9,5.063,0.0,0.0,6.11,,,,,
2733,4,24,20,43.09,58.5,5.063,0.0,0.0,8.36,,,,,
2734,4,24,21,39.60,57.4,5.063,0.0,0.0,5.33,,,,,
2735,4,24,22,28.98,55.8,5.063,0.0,0.0,6.40,,,,,
2736,4,24,23,33.45,54.5,5.063,0.0,0.0,5.61,,,,,
2737,4,25,0,28.75,54.1,5.063,0.0,0.0,6.23,,,,,
2738,4,25,1,27.10,54.7,5.063,0.0,0.0,5.75,,,,,
2739,4,25,2,26.61,54.3,5.063,0.0,0.0,5.59,,,,,
2740,4,25,3,27.70,54.1,5.063,0.0,0.0,5.86,,,,,
2741,4,25,4,30.82,53.6,5.063,0.0,0.0,5.70,,,,,
2742,4,25,5,38.34,54.1,5.063,0.0,0.0,4.70,,,,,
2743,4,25,6,37.81,57.9,5.063,88.1,99.0,5.06,,,,,
2744,4,25,7,33.85,62.4,5.063,113.4,126.0,3.33,,,,,
2745,4,25,8,27.61,69.3,5.063,126.7,141.0,1.54,,,,,
2746,4,25,9,27.75,70.0,5.063,299.3,324.0,0.12,,,,,
2747,4,25,10,27.34,69.8,5.063,696.5,658.0,1.59,,,,,
2748,4,25,11,26.52,70.2,5.063,833.3,766.0,4.99,,,,,
2749,4,25,12,27.34,70.9,5.063,792.3,740.0,4.36,,,,,
2750,4,25,13,30.30,71.8,5.063,568.6,571.0,4.57,,,,,
2751,4,25,14,34.25,71.4,5.063,459.0,476.0,4.85,,,,,
2752,4,25,15,38.41,69.6,5.063,165.0,183.0,5.04,,,,,
2753,4,25,16,49.40,67.3,5.063,149.2,166.0,6.58,,,,,
2754,4,25,17,46.00,64.9,5.063,74.8,84.0,6.02,,,,,
2755,4,25,18,49.39,62.4,5.063,0.0,76.0,5.30,,,,,
2756,4,25,19,49.88,60.8,5.063,0.0,0.0,7.47,,,,,
2757,4,25,20,36.83,59.2,5.063,0.0,0.0,7.27,,,,,
2758,4,25,21,30.43,57.7,5.063,0.0,0.0,6.40,,,,,
2759,4,25,22,29.88,56.3,5.063,0.0,0.0,6.07,,,,,
2760,4,25,23,29.94,55.6,5.063,0.0,0.0,4.68,,,,,
2761,4,26,0,27.50,55.6,5.063,0.0,0.0,5.69,,,,,
2762,4,26,1,26.31,56.1,5.063,0.0,0.0,4.06,,,,,
2763,4,26,2,25.29,56.8,5.063,0.0,0.0,3.38,,,,,
2764,4,26,3,25.27,57.4,5.063,0.0,0.0,2.85,,,,,
2765,4,26,4,26.73,57.4,5.063,0.0,0.0,1.59,,,,,
2766,4,26,5,27.62,57.4,5.063,8.9,10.0,1.62,,,,,
2767,4,26,6,29.20,57.7,5.063,2.7,3.0,0.72,,,,,
2768,4,26,7,36.50,58.5,5.063,15.2,17.0,0.32,,,,,
2769,4,26,8,42.80,59.9,5.063,21.4,24.0,1.54,,,,,
2770,4,26,9,41.60,61.5,5.063,75.1,84.0,2.55,,,,,
2771,4,26,10,42.91,62.4,5.063,190.9,212.0,3.21,,,,,
2772,4,26,11,42.62,63.5,5.063,86.7,97.0,3.70,,,,,
2773,4,26,12,42.45,64.8,5.063,249.3,276.0,3.84,,,,,
2774,4,26,13,38.58,65.3,5.063,132.3,148.0,3.39,,,,,
2775,4,26,14,39.86,65.1,5.063,101.9,114.0,3.95,,,,,
2776,4,26,15,43.37,65.3,5.063,153.0,170.0,3.87,,,,,
2777,4,26,16,47.20,64.8,5.063,207.8,231.0,4.85,,,,,
2778,4,26,17,47.09,63.0,5.063,4.5,5.0,5.02,,,,,
2779,4,26,18,49.58,59.5,5.063,0.0,44.0,4.18,,,,,
2780,4,26,19,47.91,53.4,5.063,0.0,0.0,8.15,,,,,
2781,4,26,20,38.95,48.4,5.063,0.0,0.0,7.38,,,,,
2782,4,26,21,37.38,45.9,5.063,0.0,0.0,6.48,,,,,
2783,4,26,22,31.12,44.2,5.063,0.0,0.0,5.38,,,,,
2784,4,26,23,30.80,43.2,5.063,0.0,0.0,1.06,,,,,
2785,4,27,0,27.79,42.3,5.063,0.0,0.0,1.18,,,,,
2786,4,27,1,27.19,41.7,5.063,0.0,0.0,0.93,,,,,
2787,4,27,2,26.50,41.5,5.063,0.0,0.0,1.70,,,,,
2788,4,27,3,26.32,41.4,5.063,0.0,0.0,2.19,,,,,
2789,4,27,4,26.18,41.0,5.063,0.0,0.0,1.84,,,,,
2790,4,27,5,26.06,41.0,5.063,3.6,4.0,0.74,,,,,
2791,4,27,6,25.46,42.3,5.063,72.4,81.0,1.35,,,,,
2792,4,27,7,25.80,44.1,5.063,205.9,227.0,0.87,,,,,
2793,4,27,8,26.08,45.9,5.063,439.3,448.0,0.87,,,,,
2794,4,27,9,24.33,47.5,5.063,679.3,638.0,1.46,,,,,
2795,4,27,10,25.58,49.3,5.063,511.1,516.0,2.23,,,,,
2796,4,27,11,26.06,50.4,5.063,349.8,380.0,3.83,,,,,
2797,4,27,12,26.53,50.7,5.063,612.3,622.0,3.54,,,,,
2798,4,27,13,26.83,50.4,5.063,666.9,666.0,3.71,,,,,
2799,4,27,14,27.24,48.9,5.063,662.9,633.0,3.65,,,,,
2800,4,27,15,31.82,47.8,5.063,559.2,567.0,3.53,,,,,
2801,4,27,16,27.93,47.8,5.063,194.9,217.0,2.61,,,,,
2802,4,27,17,35.88,48.4,5.063,112.9,269.0,1.01,,,,,
2803,4,27,18,41.00,48.0,5.063,0.0,88.0,1.39,,,,,
2804,4,27,19,46.33,47.7,5.063,0.0,0.0,1.32,,,,,
2805,4,27,20,40.78,46.6,5.063,0.0,0.0,1.56,,,,,
2806,4,27,21,30.96,46.0,5.063,0.0,0.0,3.26,,,,,
2807,4,27,22,26.10,45.7,5.063,0.0,0.0,3.50,,,,,
2808,4,27,23,24.57,45.9,5.063,0.0,0.0,4.79,,,,,
2809,4,28,0,22.95,45.1,5.063,0.0,0.0,5.48,,,,,
2810,4,28,1,22.67,44.2,5.063,0.0,0.0,5.32,,,,,
2811,4,28,2,22.54,43.2,5.063,0.0,0.0,3.66,,,,,
2812,4,28,3,22.74,42.8,5.063,0.0,0.0,3.60,,,,,
2813,4,28,4,28.24,42.1,5.063,0.0,0.0,4.85,,,,,
2814,4,28,5,38.66,42.6,5.063,11.7,16.0,4.59,,,,,
2815,4,28,6,39.90,47.5,5.063,116.9,167.0,3.31,,,,,
2816,4,28,7,28.75,54.1,5.063,338.7,369.0,2.12,,,,,
2817,4,28,8,23.35,59.9,5.063,581.2,566.0,1.99,,,,,
2818,4,28,9,23.43,63.7,5.063,799.4,737.0,3.51,,,,,
2819,4,28,10,22.77,66.0,5.063,968.1,868.0,4.59,,,,,
2820,4,28,11,20.71,68.0,5.063,1061.1,941.0,6.37,,,,,
2821,4,28,12,19.32,69.6,5.063,1074.8,955.0,6.35,,,,,
2822,4,28,13,22.94,70.7,5.063,1009.1,911.0,6.04,,,,,
2823,4,28,14,22.61,70.7,5.063,864.4,809.0,6.36,,,,,
2824,4,28,15,26.52,70.7,5.063,658.3,663.0,6.55,,,,,
2825,4,28,16,38.99,70.0,5.063,403.4,483.0,7.23,,,,,
2826,4,28,17,53.03,66.4,5.063,112.0,284.0,6.60,,,,,
2827,4,28,18,61.74,60.8,5.063,0.0,95.0,7.23,,,,,
2828,4,28,19,61.61,57.6,5.063,0.0,0.0,8.35,,,,,
2829,4,28,20,44.27,55.0,5.063,0.0,0.0,6.49,,,,,
2830,4,28,21,35.00,51.6,5.063,0.0,0.0,6.74,,,,,
2831,4,28,22,29.15,49.5,5.063,0.0,0.0,8.34,,,,,
2832,4,28,23,28.50,48.2,5.063,0.0,0.0,7.26,,,,,
2833,4,29,0,26.81,48.0,5.063,0.0,0.0,6.32,,,,,
2834,4,29,1,24.43,47.7,5.063,0.0,0.0,8.52,,,,,
2835,4,29,2,23.96,47.3,5.063,0.0,0.0,8.55,,,,,
2836,4,29,3,26.13,47.1,5.063,0.0,0.0,8.02,,,,,
2837,4,29,4,29.20,46.9,5.063,0.0,0.0,7.65,,,,,
2838,4,29,5,42.76,48.4,5.063,8.9,10.0,8.80,,,,,
2839,4,29,6,38.49,53.4,5.063,116.0,166.0,9.38,,,,,
2840,4,29,7,28.95,58.8,5.063,325.6,357.0,9.87,,,,,
2841,4,29,8,23.87,63.7,5.063,551.3,541.0,9.51,,,,,
2842,4,29,9,25.86,67.5,5.063,709.9,664.0,10.35,,,,,
2843,4,29,10,26.12,70.5,5.063,903.4,816.0,9.53,,,,,
2844,4,29,11,25.90,73.0,5.063,992.4,886.0,11.02,,,,,
2845,4,29,12,26.24,74.8,5.063,1005.1,899.0,10.56,,,,,
2846,4,29,13,30.20,75.4,5.063,867.5,792.0,11.14,,,,,
2847,4,29,14,35.21,75.2,5.063,792.0,749.0,11.33,,,,,
2848,4,29,15,31.29,74.3,5.063,489.2,508.0,11.73,,,,,
2849,4,29,16,42.61,72.1,5.063,363.3,435.0,11.59,,,,,
2850,4,29,17,48.63,69.1,5.063,150.2,195.0,12.33,,,,,
2851,4,29,18,47.15,66.4,5.063,51.1,59.0,10.86,,,,,
2852,4,29,19,55.94,64.9,5.063,0.0,0.0,9.83,,,,,
2853,4,29,20,46.53,64.2,5.063,0.0,0.0,9.34,,,,,
2854,4,29,21,33.63,64.0,5.063,0.0,0.0,8.69,,,,,
2855,4,29,22,27.79,64.6,5.063,0.0,0.0,8.01,,,,,
2856,4,29,23,33.43,65.1,5.063,0.0,0.0,8.42,,,,,
2857,4,30,0,30.42,65.1,5.063,0.0,0.0,7.50,,,,,
2858,4,30,1,28.61,64.2,5.063,0.0,0.0,7.43,,,,,
2859,4,30,2,26.99,61.7,5.063,0.0,0.0,7.29,,,,,
2860,4,30,3,29.02,57.4,5.063,0.0,0.0,6.85,,,,,
2861,4,30,4,33.19,53.4,5.063,0.0,0.0,6.16,,,,,
2862,4,30,5,50.50,51.3,5.063,14.3,20.0,6.29,,,,,
2863,4,30,6,48.19,51.3,5.063,107.8,123.0,6.58,,,,,
2864,4,30,7,32.65,52.3,5.063,218.2,241.0,9.44,,,,,
2865,4,30,8,28.34,54.1,5.063,581.9,573.0,8.65,,,,,
2866,4,30,9,26.13,56.1,5.063,802.5,747.0,8.45,,,,,
2867,4,30,10,25.21,58.1,5.063,973.3,880.0,8.50,,,,,
2868,4,30,11,24.38,59.7,5.063,1069.3,956.0,9.72,,,,,
2869,4,30,12,23.36,61.2,5.063,1085.8,973.0,9.83,,,,,
2870,4,30,13,24.64,61.9,5.063,1021.7,931.0,10.21,,,,,
2871,4,30,14,23.65,61.9,5.063,879.7,832.0,10.14,,,,,
2872,4,30,15,26.69,61.2,5.063,671.1,685.0,11.05,,,,,
2873,4,30,16,28.99,59.5,5.063,410.2,501.0,12.37,,,,,
2874,4,30,17,47.33,56.7,5.063,139.8,267.0,14.72,,,,,
2875,4,30,18,52.10,50.4,5.063,2.8,105.0,13.74,,,,,
2876,4,30,19,61.65,46.0,5.063,0.0,0.0,12.86,,,,,
2877,4,30,20,54.12,45.9,5.063,0.0,0.0,10.57,,,,,
2878,4,30,21,42.60,45.1,5.063,0.0,0.0,11.22,,,,,
2879,4,30,22,30.50,44.1,5.063,0.0,0.0,11.39,,,,,
2880,4,30,23,39.80,43.0,5.063,0.0,0.0,8.78,,,,,
2881,5,1,0,27.80,42.1,4.648,0.0,0.0,10.16,,,,,
2882,5,1,1,25.71,41.2,4.648,0.0,0.0,7.93,,,,,
2883,5,1,2,25.35,40.5,4.648,0.0,0.0,7.23,,,,,
2884,5,1,3,27.91,40.1,4.648,0.0,0.0,5.32,,,,,
2885,5,1,4,35.29,39.0,4.648,0.0,0.0,1.19,,,,,
2886,5,1,5,35.66,40.8,4.648,14.3,22.0,14.71,,,,,
2887,5,1,6,43.50,46.8,4.648,122.3,180.0,14.89,,,,,
2888,5,1,7,31.48,52.7,4.648,338.4,376.0,14.85,,,,,
2889,5,1,8,27.67,57.0,4.648,572.6,567.0,17.58,,,,,
2890,5,1,9,29.13,60.8,4.648,646.3,616.0,17.32,,,,,
2891,5,1,10,26.58,63.9,4.648,938.3,853.0,13.64,,,,,
2892,5,1,11,25.59,66.9,4.648,844.4,800.0,12.46,,,,,
2893,5,1,12,25.91,68.9,4.648,1037.9,935.0,11.16,,,,,
2894,5,1,13,26.15,70.2,4.648,968.9,888.0,10.16,,,,,
2895,5,1,14,28.43,70.0,4.648,824.4,785.0,9.58,,,,,
2896,5,1,15,27.39,69.1,4.648,617.4,635.0,8.68,,,,,
2897,5,1,16,33.82,68.0,4.648,374.3,459.0,11.12,,,,,
2898,5,1,17,49.41,65.1,4.648,139.6,245.0,9.54,,,,,
2899,5,1,18,46.85,58.6,4.648,52.4,84.0,11.83,,,,,
2900,5,1,19,46.65,56.3,4.648,0.0,0.0,10.24,,,,,
2901,5,1,20,41.39,55.2,4.648,0.0,0.0,8.19,,,,,
2902,5,1,21,32.50,54.0,4.648,0.0,0.0,8.98,,,,,
2903,5,1,22,27.81,52.5,4.648,0.0,0.0,7.73,,,,,
2904,5,1,23,28.80,51.8,4.648,0.0,0.0,6.54,,,,,
2905,5,2,0,26.59,51.3,4.648,0.0,0.0,3.85,,,,,
2906,5,2,1,24.79,50.9,4.648,0.0,0.0,4.17,,,,,
2907,5,2,2,24.71,50.5,4.648,0.0,0.0,4.33,,,,,
2908,5,2,3,25.80,50.4,4.648,0.0,0.0,3.33,,,,,
2909,5,2,4,29.77,50.4,4.648,0.0,0.0,2.81,,,,,
2910,5,2,5,28.29,50.4,4.648,14.4,18.0,3.60,,,,,
2911,5,2,6,40.92,51.8,4.648,23.2,26.0,4.17,,,,,
2912,5,2,7,42.11,54.3,4.648,45.6,51.0,6.13,,,,,
2913,5,2,8,46.12,56.8,4.648,19.7,22.0,7.60,,,,,
2914,5,2,9,38.78,60.1,4.648,81.3,91.0,8.29,,,,,
2915,5,2,10,30.40,66.9,4.648,484.3,498.0,6.28,,,,,
2916,5,2,11,28.92,72.5,4.648,715.3,706.0,6.17,,,,,
2917,5,2,12,30.27,75.2,4.648,887.7,814.0,4.57,,,,,
2918,5,2,13,28.88,76.3,4.648,926.2,856.0,2.05,,,,,
2919,5,2,14,36.32,75.9,4.648,792.9,761.0,2.78,,,,,
2920,5,2,15,40.30,75.0,4.648,188.4,210.0,3.54,,,,,
2921,5,2,16,46.35,73.8,4.648,367.5,454.0,3.33,,,,,
2922,5,2,17,52.82,71.2,4.648,107.8,268.0,5.38,,,,,
2923,5,2,18,51.85,66.7,4.648,41.6,48.0,6.55,,,,,
2924,5,2,19,54.81,64.0,4.648,0.0,0.0,5.61,,,,,
2925,5,2,20,48.22,63.0,4.648,0.0,0.0,5.44,,,,,
2926,5,2,21,53.32,61.9,4.648,0.0,0.0,4.87,,,,,
2927,5,2,22,37.23,60.6,4.648,0.0,0.0,5.02,,,,,
2928,5,2,23,45.81,59.7,4.648,0.0,0.0,4.46,,,,,
2929,5,3,0,35.69,58.8,4.648,0.0,0.0,2.45,,,,,
2930,5,3,1,35.13,58.1,4.648,0.0,0.0,3.42,,,,,
2931,5,3,2,32.55,57.2,4.648,0.0,0.0,2.86,,,,,
2932,5,3,3,33.04,56.8,4.648,0.0,0.0,2.86,,,,,
2933,5,3,4,33.01,56.3,4.648,0.0,0.0,4.73,,,,,
2934,5,3,5,34.94,58.5,4.648,16.2,22.0,3.42,,,,,
2935,5,3,6,33.21,63.5,4.648,73.3,82.0,1.45,,,,,
2936,5,3,7,38.70,66.9,4.648,220.5,244.0,1.58,,,,,
2937,5,3,8,33.79,70.3,4.648,103.7,116.0,2.75,,,,,
2938,5,3,9,33.06,72.1,4.648,715.7,680.0,3.69,,,,,
2939,5,3,10,33.28,73.0,4.648,453.2,476.0,3.04,,,,,
2940,5,3,11,37.05,72.1,4.648,797.2,743.0,3.91,,,,,
2941,5,3,12,35.52,70.5,4.648,955.3,875.0,4.00,,,,,
2942,5,3,13,43.33,69.8,4.648,114.4,128.0,7.64,,,,,
2943,5,3,14,46.00,69.3,4.648,22.3,25.0,4.80,,,,,
2944,5,3,15,55.33,68.0,4.648,26.8,30.0,1.62,,,,,
2945,5,3,16,55.92,65.8,4.648,8.9,10.0,6.36,,,,,
2946,5,3,17,60.11,63.0,4.648,128.3,246.0,6.12,,,,,
2947,5,3,18,57.59,59.7,4.648,67.3,81.0,6.58,,,,,
2948,5,3,19,55.49,57.6,4.648,0.0,0.0,8.27,,,,,
2949,5,3,20,52.00,56.1,4.648,0.0,0.0,8.72,,,,,
2950,5,3,21,45.60,54.7,4.648,0.0,0.0,9.39,,,,,
2951,5,3,22,45.34,53.8,4.648,0.0,0.0,7.96,,,,,
2952,5,3,23,34.08,53.4,4.648,0.0,0.0,7.70,,,,,
2953,5,4,0,33.56,53.4,4.648,0.0,0.0,7.87,,,,,
2954,5,4,1,31.78,54.3,4.648,0.0,0.0,8.03,,,,,
2955,5,4,2,33.33,54.3,4.648,0.0,0.0,7.38,,,,,
2956,5,4,3,30.93,54.5,4.648,0.0,0.0,5.98,,,,,
2957,5,4,4,31.02,54.1,4.648,0.0,0.0,7.11,,,,,
2958,5,4,5,30.76,54.3,4.648,14.4,17.0,6.46,,,,,
2959,5,4,6,32.69,56.1,4.648,83.8,94.0,6.10,,,,,
2960,5,4,7,35.16,59.2,4.648,119.5,133.0,5.19,,,,,
2961,5,4,8,33.06,62.8,4.648,194.6,215.0,3.88,,,,,
2962,5,4,9,41.53,65.8,4.648,198.3,220.0,4.57,,,,,
2963,5,4,10,40.23,68.4,4.648,275.3,304.0,4.65,,,,,
2964,5,4,11,40.09,69.6,4.648,245.1,272.0,5.17,,,,,
2965,5,4,12,41.47,70.9,4.648,106.4,119.0,4.44,,,,,
2966,5,4,13,40.87,71.2,4.648,81.3,91.0,4.90,,,,,
2967,5,4,14,43.65,70.2,4.648,421.3,450.0,5.11,,,,,
2968,5,4,15,46.60,68.4,4.648,67.0,75.0,5.11,,,,,
2969,5,4,16,51.81,66.2,4.648,21.4,24.0,4.59,,,,,
2970,5,4,17,54.58,64.0,4.648,19.7,22.0,5.16,,,,,
2971,5,4,18,53.93,62.2,4.648,64.1,77.0,5.10,,,,,
2972,5,4,19,55.61,61.0,4.648,0.0,0.0,4.98,,,,,
2973,5,4,20,43.40,60.3,4.648,0.0,0.0,5.34,,,,,
2974,5,4,21,42.42,59.4,4.648,0.0,0.0,3.69,,,,,
2975,5,4,22,31.85,58.6,4.648,0.0,0.0,3.67,,,,,
2976,5,4,23,37.96,57.6,4.648,0.0,0.0,3.95,,,,,
2977,5,5,0,35.64,56.5,4.648,0.0,0.0,4.56,,,,,
2978,5,5,1,35.67,55.4,4.648,0.0,0.0,6.22,,,,,
2979,5,5,2,30.35,54.7,4.648,0.0,0.0,5.51,,,,,
2980,5,5,3,35.38,54.1,4.648,0.0,0.0,5.25,,,,,
2981,5,5,4,37.28,54.0,4.648,0.0,0.0,4.18,,,,,
2982,5,5,5,41.11,54.0,4.648,20.6,23.0,3.04,,,,,
2983,5,5,6,44.90,54.7,4.648,28.6,32.0,3.01,,,,,
2984,5,5,7,48.18,55.8,4.648,39.3,44.0,2.23,,,,,
2985,5,5,8,53.78,56.8,4.648,91.2,102.0,5.03,,,,,
2986,5,5,9,65.41,57.6,4.648,215.4,238.0,4.41,,,,,
2987,5,5,10,49.39,58.1,4.648,134.1,150.0,4.03,,,,,
2988,5,5,11,50.33,58.5,4.648,150.0,167.0,4.75,,,,,
2989,5,5,12,47.51,59.0,4.648,194.8,217.0,3.93,,,,,
2990,5,5,13,43.64,59.2,4.648,129.6,145.0,3.56,,,,,
2991,5,5,14,49.23,58.8,4.648,49.2,55.0,3.32,,,,,
2992,5,5,15,53.34,57.9,4.648,116.7,130.0,3.72,,,,,
2993,5,5,16,52.14,56.7,4.648,91.2,102.0,3.81,,,,,
2994,5,5,17,47.16,55.4,4.648,42.0,47.0,4.41,,,,,
2995,5,5,18,54.47,54.0,4.648,58.3,94.0,3.88,,,,,
2996,5,5,19,53.05,52.7,4.648,0.0,0.0,5.88,,,,,
2997,5,5,20,43.43,51.6,4.648,0.0,0.0,6.55,,,,,
2998,5,5,21,39.66,50.9,4.648,0.0,0.0,6.38,,,,,
2999,5,5,22,32.96,50.5,4.648,0.0,0.0,7.64,,,,,
3000,5,5,23,35.90,50.4,4.648,0.0,0.0,8.13,,,,,
3001,5,6,0,33.21,50.5,4.648,0.0,0.0,7.57,,,,,
3002,5,6,1,31.67,50.5,4.648,0.0,0.0,8.15,,,,,
3003,5,6,2,29.45,50.7,4.648,0.0,0.0,8.20,,,,,
3004,5,6,3,29.79,51.1,4.648,0.0,0.0,8.21,,,,,
3005,5,6,4,31.93,51.3,4.648,0.0,0.0,8.13,,,,,
3006,5,6,5,35.78,51.6,4.648,23.4,27.0,8.66,,,,,
3007,5,6,6,45.76,52.5,4.648,5.4,6.0,8.99,,,,,
3008,5,6,7,45.37,54.5,4.648,9.8,11.0,10.21,,,,,
3009,5,6,8,50.24,57.4,4.648,21.4,24.0,9.34,,,,,
3010,5,6,9,52.67,60.6,4.648,166.5,185.0,8.65,,,,,
3011,5,6,10,45.41,63.7,4.648,215.4,239.0,9.19,,,,,
3012,5,6,11,47.69,66.7,4.648,344.8,378.0,8.48,,,,,
3013,5,6,12,46.17,68.4,4.648,212.7,237.0,8.81,,,,,
3014,5,6,13,44.43,68.0,4.648,41.1,46.0,8.40,,,,,
3015,5,6,14,48.15,66.9,4.648,279.8,308.0,7.40,,,,,
3016,5,6,15,52.40,65.8,4.648,118.9,133.0,7.89,,,,,
3017,5,6,16,46.91,64.9,4.648,83.4,93.0,7.89,,,,,
3018,5,6,17,56.86,64.2,4.648,85.5,96.0,8.33,,,,,
3019,5,6,18,55.83,63.0,4.648,65.9,77.0,8.01,,,,,
3020,5,6,19,56.60,61.7,4.648,0.0,0.0,9.21,,,,,
3021,5,6,20,47.54,61.2,4.648,0.0,0.0,8.54,,,,,
3022,5,6,21,42.60,60.3,4.648,0.0,0.0,9.82,,,,,
3023,5,6,22,32.66,59.4,4.648,0.0,0.0,9.64,,,,,
3024,5,6,23,34.98,58.5,4.648,0.0,0.0,9.34,,,,,
3025,5,7,0,31.02,57.6,4.648,0.0,0.0,10.14,,,,,
3026,5,7,1,29.09,56.8,4.648,0.0,0.0,10.27,,,,,
3027,5,7,2,29.79,56.1,4.648,0.0,0.0,9.60,,,,,
3028,5,7,3,30.34,55.2,4.648,0.0,0.0,9.93,,,,,
3029,5,7,4,35.04,53.8,4.648,0.0,0.0,10.36,,,,,
3030,5,7,5,39.92,54.7,4.648,18.5,33.0,10.81,,,,,
3031,5,7,6,47.62,56.8,4.648,5.4,6.0,10.16,,,,,
3032,5,7,7,44.52,60.3,4.648,91.2,102.0,8.52,,,,,
3033,5,7,8,33.89,63.7,4.648,554.5,566.0,8.54,,,,,
3034,5,7,9,34.56,65.8,4.648,755.5,726.0,6.08,,,,,
3035,5,7,10,33.96,67.5,4.648,907.2,846.0,6.19,,,,,
3036,5,7,11,31.94,68.4,4.648,57.2,64.0,6.85,,,,,
3037,5,7,12,35.54,68.2,4.648,58.1,65.0,7.37,,,,,
3038,5,7,13,33.18,66.7,4.648,131.4,147.0,7.68,,,,,
3039,5,7,14,31.80,66.0,4.648,40.2,45.0,7.60,,,,,
3040,5,7,15,42.04,65.5,4.648,129.6,145.0,8.35,,,,,
3041,5,7,16,45.27,64.4,4.648,232.0,260.0,8.47,,,,,
3042,5,7,17,54.94,63.0,4.648,150.5,172.0,8.48,,,,,
3043,5,7,18,47.64,59.7,4.648,56.3,63.0,8.50,,,,,
3044,5,7,19,59.67,55.0,4.648,0.0,0.0,8.87,,,,,
3045,5,7,20,50.48,53.4,4.648,0.0,0.0,8.36,,,,,
3046,5,7,21,42.63,52.7,4.648,0.0,0.0,10.25,,,,,
3047,5,7,22,37.20,52.5,4.648,0.0,0.0,11.25,,,,,
3048,5,7,23,37.32,52.5,4.648,0.0,0.0,8.00,,,,,
3049,5,8,0,35.04,52.3,4.648,0.0,0.0,7.81,,,,,
3050,5,8,1,31.50,51.6,4.648,0.0,0.0,7.43,,,,,
3051,5,8,2,29.86,50.9,4.648,0.0,0.0,8.03,,,,,
3052,5,8,3,30.13,50.9,4.648,0.0,0.0,8.88,,,,,
3053,5,8,4,33.51,50.7,4.648,0.0,0.0,11.34,,,,,
3054,5,8,5,39.83,52.3,4.648,19.3,35.0,10.69,,,,,
3055,5,8,6,42.12,54.9,4.648,93.9,105.0,9.65,,,,,
3056,5,8,7,37.26,59.4,4.648,231.2,257.0,7.90,,,,,
3057,5,8,8,32.72,64.2,4.648,403.8,425.0,10.27,,,,,
3058,5,8,9,32.89,67.5,4.648,699.5,680.0,9.73,,,,,
3059,5,8,10,32.72,68.7,4.648,643.2,651.0,9.28,,,,,
3060,5,8,11,31.65,69.1,4.648,633.2,648.0,9.81,,,,,
3061,5,8,12,30.86,68.9,4.648,503.9,532.0,10.71,,,,,
3062,5,8,13,31.55,68.7,4.648,237.7,266.0,10.53,,,,,
3063,5,8,14,32.61,68.0,4.648,553.1,580.0,10.98,,,,,
3064,5,8,15,42.65,66.0,4.648,183.3,204.0,10.35,,,,,
3065,5,8,16,44.97,63.3,4.648,74.2,83.0,10.09,,,,,
3066,5,8,17,52.62,61.0,4.648,94.7,107.0,9.20,,,,,
3067,5,8,18,53.84,58.6,4.648,5.4,6.0,8.77,,,,,
3068,5,8,19,57.13,56.5,4.648,0.0,0.0,7.77,,,,,
3069,5,8,20,47.73,54.9,4.648,0.0,0.0,8.06,,,,,
3070,5,8,21,44.25,53.2,4.648,0.0,0.0,9.36,,,,,
3071,5,8,22,34.73,52.2,4.648,0.0,0.0,7.84,,,,,
3072,5,8,23,29.99,51.6,4.648,0.0,0.0,6.24,,,,,
3073,5,9,0,31.09,51.3,4.648,0.0,0.0,7.07,,,,,
3074,5,9,1,30.27,51.1,4.648,0.0,0.0,7.12,,,,,
3075,5,9,2,29.47,51.1,4.648,0.0,0.0,6.48,,,,,
3076,5,9,3,29.87,50.9,4.648,0.0,0.0,5.51,,,,,
3077,5,9,4,31.36,50.9,4.648,0.0,0.0,5.79,,,,,
3078,5,9,5,32.12,51.1,4.648,8.9,10.0,7.37,,,,,
3079,5,9,6,37.08,51.8,4.648,9.8,11.0,7.81,,,,,
3080,5,9,7,36.14,52.7,4.648,127.6,142.0,6.28,,,,,
3081,5,9,8,44.99,53.4,4.648,63.5,71.0,4.84,,,,,
3082,5,9,9,44.77,54.0,4.648,92.6,103.0,4.57,,,,,
3083,5,9,10,45.88,54.0,4.648,67.0,75.0,4.85,,,,,
3084,5,9,11,41.55,54.1,4.648,96.5,108.0,4.48,,,,,
3085,5,9,12,47.03,54.5,4.648,145.7,163.0,4.10,,,,,
3086,5,9,13,46.40,54.3,4.648,147.5,165.0,5.70,,,,,
3087,5,9,14,47.44,53.4,4.648,46.5,52.0,5.94,,,,,
3088,5,9,15,48.01,51.6,4.648,34.0,38.0,6.98,,,,,
3089,5,9,16,48.69,49.8,4.648,14.3,16.0,7.92,,,,,
3090,5,9,17,44.35,48.7,4.648,5.4,6.0,7.29,,,,,
3091,5,9,18,45.65,47.8,4.648,3.6,4.0,7.09,,,,,
3092,5,9,19,43.55,47.1,4.648,0.0,0.0,7.52,,,,,
3093,5,9,20,36.72,46.6,4.648,0.0,0.0,6.62,,,,,
3094,5,9,21,35.41,46.2,4.648,0.0,0.0,7.85,,,,,
3095,5,9,22,33.51,46.0,4.648,0.0,0.0,7.64,,,,,
3096,5,9,23,36.05,46.0,4.648,0.0,0.0,4.80,,,,,
3097,5,10,0,34.31,46.0,4.648,0.0,0.0,3.70,,,,,
3098,5,10,1,32.97,46.0,4.648,0.0,0.0,2.69,,,,,
3099,5,10,2,31.91,46.0,4.648,0.0,0.0,4.02,,,,,
3100,5,10,3,32.53,46.0,4.648,0.0,0.0,3.65,,,,,
3101,5,10,4,34.12,46.2,4.648,0.0,0.0,5.37,,,,,
3102,5,10,5,34.24,46.8,4.648,16.1,18.0,7.73,,,,,
3103,5,10,6,34.37,47.7,4.648,6.3,7.0,8.39,,,,,
3104,5,10,7,45.21,48.7,4.648,47.4,53.0,9.22,,,,,
3105,5,10,8,51.84,50.4,4.648,156.7,174.0,8.06,,,,,
3106,5,10,9,51.81,51.6,4.648,319.2,347.0,8.34,,,,,
3107,5,10,10,51.62,52.7,4.648,286.6,316.0,8.05,,,,,
3108,5,10,11,40.70,54.3,4.648,384.3,420.0,8.41,,,,,
3109,5,10,12,45.20,56.7,4.648,176.1,197.0,9.08,,,,,
3110,5,10,13,29.64,58.8,4.648,468.8,501.0,9.25,,,,,
3111,5,10,14,27.92,60.3,4.648,402.2,433.0,8.96,,,,,
3112,5,10,15,36.44,61.7,4.648,162.4,181.0,9.56,,,,,
3113,5,10,16,37.51,62.4,4.648,374.2,495.0,9.49,,,,,
3114,5,10,17,43.94,61.2,4.648,96.5,108.0,11.09,,,,,
3115,5,10,18,47.67,56.3,4.648,12.8,121.0,11.11,,,,,
3116,5,10,19,49.01,52.7,4.648,0.0,0.0,11.66,,,,,
3117,5,10,20,49.82,52.5,4.648,0.0,0.0,12.99,,,,,
3118,5,10,21,40.73,51.3,4.648,0.0,0.0,13.43,,,,,
3119,5,10,22,39.21,49.8,4.648,0.0,0.0,12.43,,,,,
3120,5,10,23,28.07,48.2,4.648,0.0,0.0,11.50,,,,,
3121,5,11,0,29.80,47.3,4.648,0.0,0.0,12.77,,,,,
3122,5,11,1,27.38,47.3,4.648,0.0,0.0,11.47,,,,,
3123,5,11,2,26.90,46.8,4.648,0.0,0.0,10.58,,,,,
3124,5,11,3,29.04,46.6,4.648,0.0,0.0,10.08,,,,,
3125,5,11,4,29.17,46.2,4.648,0.0,0.0,9.41,,,,,
3126,5,11,5,29.06,47.7,4.648,26.8,30.0,9.95,,,,,
3127,5,11,6,27.24,50.2,4.648,131.5,208.0,9.52,,,,,
3128,5,11,7,26.13,53.2,4.648,348.3,411.0,8.92,,,,,
3129,5,11,8,20.65,56.1,4.648,584.3,607.0,7.39,,,,,
3130,5,11,9,23.23,58.6,4.648,798.0,778.0,6.19,,,,,
3131,5,11,10,22.53,60.4,4.648,953.2,900.0,7.53,,,,,
3132,5,11,11,23.03,62.1,4.648,1043.5,973.0,7.57,,,,,
3133,5,11,12,19.10,63.1,4.648,1051.8,984.0,6.54,,,,,
3134,5,11,13,19.13,63.9,4.648,984.8,940.0,8.22,,,,,
3135,5,11,14,23.50,63.7,4.648,846.2,844.0,8.36,,,,,
3136,5,11,15,27.85,62.8,4.648,643.1,701.0,7.49,,,,,
3137,5,11,16,25.29,61.3,4.648,390.4,523.0,9.43,,,,,
3138,5,11,17,51.02,58.6,4.648,103.1,327.0,9.04,,,,,
3139,5,11,18,76.01,52.5,4.648,5.3,135.0,8.10,,,,,
3140,5,11,19,72.27,47.3,4.648,0.0,0.0,6.15,,,,,
3141,5,11,20,53.27,45.7,4.648,0.0,0.0,9.98,,,,,
3142,5,11,21,37.94,44.4,4.648,0.0,0.0,9.99,,,,,
3143,5,11,22,30.52,43.2,4.648,0.0,0.0,9.39,,,,,
3144,5,11,23,27.07,42.4,4.648,0.0,0.0,7.42,,,,,
3145,5,12,0,26.34,42.8,4.648,0.0,0.0,6.58,,,,,
3146,5,12,1,27.13,43.0,4.648,0.0,0.0,5.39,,,,,
3147,5,12,2,27.16,43.2,4.648,0.0,0.0,5.41,,,,,
3148,5,12,3,29.89,43.9,4.648,0.0,0.0,5.47,,,,,
3149,5,12,4,42.04,45.5,4.648,0.0,0.0,6.19,,,,,
3150,5,12,5,54.16,46.4,4.648,28.6,32.0,10.81,,,,,
3151,5,12,6,53.35,50.9,4.648,131.9,216.0,11.65,,,,,
3152,5,12,7,30.39,55.6,4.648,345.1,410.0,7.37,,,,,
3153,5,12,8,27.01,59.5,4.648,573.1,598.0,6.70,,,,,
3154,5,12,9,27.04,62.6,4.648,773.2,757.0,8.12,,,,,
3155,5,12,10,26.48,65.5,4.648,925.3,877.0,8.29,,,,,
3156,5,12,11,25.56,68.2,4.648,1007.4,943.0,8.42,,,,,
3157,5,12,12,26.10,70.0,4.648,1013.4,952.0,9.68,,,,,
3158,5,12,13,24.02,71.4,4.648,940.3,902.0,9.79,,,,,
3159,5,12,14,25.08,72.5,4.648,802.0,804.0,10.37,,,,,
3160,5,12,15,31.29,72.7,4.648,604.5,662.0,10.62,,,,,
3161,5,12,16,50.77,72.1,4.648,364.8,488.0,10.61,,,,,
3162,5,12,17,63.61,69.6,4.648,103.4,299.0,10.70,,,,,
3163,5,12,18,62.89,64.2,4.648,17.1,120.0,8.65,,,,,
3164,5,12,19,68.30,60.4,4.648,0.0,0.0,9.60,,,,,
3165,5,12,20,54.99,59.4,4.648,0.0,0.0,10.86,,,,,
3166,5,12,21,49.95,59.0,4.648,0.0,0.0,8.62,,,,,
3167,5,12,22,33.72,58.5,4.648,0.0,0.0,6.77,,,,,
3168,5,12,23,33.17,57.2,4.648,0.0,0.0,7.84,,,,,
3169,5,13,0,31.32,55.8,4.648,0.0,0.0,6.44,,,,,
3170,5,13,1,30.14,54.1,4.648,0.0,0.0,6.16,,,,,
3171,5,13,2,29.60,52.7,4.648,0.0,0.0,5.96,,,,,
3172,5,13,3,33.18,51.6,4.648,0.0,0.0,6.79,,,,,
3173,5,13,4,43.19,50.9,4.648,0.0,0.0,7.20,,,,,
3174,5,13,5,49.83,53.8,4.648,31.4,36.0,7.90,,,,,
3175,5,13,6,46.56,57.2,4.648,127.2,201.0,6.70,,,,,
3176,5,13,7,34.28,61.3,4.648,327.2,389.0,6.05,,,,,
3177,5,13,8,30.87,64.4,4.648,530.4,557.0,7.26,,,,,
3178,5,13,9,29.62,66.9,4.648,687.3,680.0,9.35,,,,,
3179,5,13,10,28.89,68.9,4.648,826.4,791.0,10.13,,,,,
3180,5,13,11,29.62,70.7,4.648,892.1,845.0,9.81,,,,,
3181,5,13,12,31.26,71.8,4.648,905.6,859.0,9.52,,,,,
3182,5,13,13,29.64,72.1,4.648,936.6,902.0,10.90,,,,,
3183,5,13,14,32.45,71.6,4.648,803.6,809.0,10.82,,,,,
3184,5,13,15,37.34,69.8,4.648,609.7,671.0,10.43,,,,,
3185,5,13,16,49.07,67.8,4.648,356.0,453.0,11.56,,,,,
3186,5,13,17,50.63,64.8,4.648,104.2,309.0,12.05,,,,,
3187,5,13,18,54.56,60.8,4.648,16.2,127.0,11.48,,,,,
3188,5,13,19,53.85,57.4,4.648,0.0,0.0,9.77,,,,,
3189,5,13,20,48.57,55.4,4.648,0.0,0.0,10.44,,,,,
3190,5,13,21,40.00,53.6,4.648,0.0,0.0,10.48,,,,,
3191,5,13,22,31.62,52.3,4.648,0.0,0.0,10.52,,,,,
3192,5,13,23,33.02,51.3,4.648,0.0,0.0,9.53,,,,,
3193,5,14,0,32.53,50.4,4.648,0.0,0.0,6.21,,,,,
3194,5,14,1,30.87,49.8,4.648,0.0,0.0,4.30,,,,,
3195,5,14,2,30.24,49.5,4.648,0.0,0.0,4.81,,,,,
3196,5,14,3,32.01,49.5,4.648,0.0,0.0,5.19,,,,,
3197,5,14,4,32.92,49.6,4.648,0.0,0.0,5.79,,,,,
3198,5,14,5,40.52,52.9,4.648,12.5,14.0,5.62,,,,,
3199,5,14,6,44.95,57.2,4.648,38.4,43.0,5.62,,,,,
3200,5,14,7,43.07,62.8,4.648,161.7,180.0,7.74,,,,,
3201,5,14,8,38.39,66.6,4.648,365.0,393.0,8.04,,,,,
3202,5,14,9,36.22,69.3,4.648,630.5,634.0,8.24,,,,,
3203,5,14,10,35.94,71.2,4.648,711.2,691.0,8.55,,,,,
3204,5,14,11,36.71,72.7,4.648,309.9,345.0,9.11,,,,,
3205,5,14,12,36.08,73.6,4.648,295.5,329.0,8.98,,,,,
3206,5,14,13,34.13,73.9,4.648,693.3,708.0,9.73,,,,,
3207,5,14,14,35.34,73.8,4.648,139.4,156.0,9.78,,,,,
3208,5,14,15,43.63,72.9,4.648,456.2,501.0,9.90,,,,,
3209,5,14,16,49.90,71.1,4.648,17.9,20.0,10.08,,,,,
3210,5,14,17,53.54,68.5,4.648,9.8,11.0,9.95,,,,,
3211,5,14,18,54.99,64.9,4.648,27.7,31.0,9.11,,,,,
3212,5,14,19,57.00,62.4,4.648,0.0,0.0,8.02,,,,,
3213,5,14,20,46.06,61.5,4.648,0.0,0.0,3.39,,,,,
3214,5,14,21,38.78,60.8,4.648,0.0,0.0,6.13,,,,,
3215,5,14,22,35.75,60.3,4.648,0.0,0.0,9.29,,,,,
3216,5,14,23,31.13,59.7,4.648,0.0,0.0,8.93,,,,,
3217,5,15,0,30.85,59.2,4.648,0.0,0.0,8.69,,,,,
3218,5,15,1,29.49,58.8,4.648,0.0,0.0,10.17,,,,,
3219,5,15,2,29.59,58.5,4.648,0.0,0.0,8.40,,,,,
3220,5,15,3,28.85,58.1,4.648,0.0,0.0,7.91,,,,,
3221,5,15,4,31.26,57.9,4.648,0.0,0.0,7.61,,,,,
3222,5,15,5,36.60,58.5,4.648,34.1,39.0,7.83,,,,,
3223,5,15,6,42.84,59.9,4.648,99.0,115.0,7.54,,,,,
3224,5,15,7,36.97,61.9,4.648,143.4,160.0,6.69,,,,,
3225,5,15,8,43.44,64.8,4.648,214.7,237.0,6.35,,,,,
3226,5,15,9,35.08,68.0,4.648,443.9,466.0,5.86,,,,,
3227,5,15,10,34.85,71.1,4.648,391.5,426.0,8.08,,,,,
3228,5,15,11,31.45,73.4,4.648,150.0,167.0,8.38,,,,,
3229,5,15,12,30.93,75.0,4.648,145.7,163.0,10.57,,,,,
3230,5,15,13,30.39,75.6,4.648,115.0,128.0,12.02,,,,,
3231,5,15,14,30.39,75.0,4.648,360.1,395.0,13.24,,,,,
3232,5,15,15,44.11,73.8,4.648,417.8,460.0,14.09,,,,,
3233,5,15,16,48.30,72.1,4.648,352.0,476.0,13.83,,,,,
3234,5,15,17,43.08,70.7,4.648,177.7,227.0,13.30,,,,,
3235,5,15,18,52.22,67.3,4.648,25.2,121.0,12.78,,,,,
3236,5,15,19,58.43,64.0,4.648,0.0,0.0,13.41,,,,,
3237,5,15,20,49.34,63.1,4.648,0.0,0.0,12.69,,,,,
3238,5,15,21,41.85,62.4,4.648,0.0,0.0,9.88,,,,,
3239,5,15,22,32.82,61.9,4.648,0.0,0.0,12.84,,,,,
3240,5,15,23,36.04,61.5,4.648,0.0,0.0,12.16,,,,,
3241,5,16,0,32.73,61.2,4.648,0.0,0.0,12.69,,,,,
3242,5,16,1,31.89,60.6,4.648,0.0,0.0,13.18,,,,,
3243,5,16,2,31.16,59.9,4.648,0.0,0.0,12.21,,,,,
3244,5,16,3,31.76,59.7,4.648,0.0,0.0,12.14,,,,,
3245,5,16,4,34.56,59.4,4.648,0.0,0.0,12.05,,,,,
3246,5,16,5,38.11,61.7,4.648,26.0,47.0,13.26,,,,,
3247,5,16,6,44.41,64.6,4.648,128.2,201.0,13.04,,,,,
3248,5,16,7,46.37,68.9,4.648,157.9,176.0,11.21,,,,,
3249,5,16,8,34.61,75.0,4.648,483.4,515.0,11.43,,,,,
3250,5,16,9,37.67,78.3,4.648,732.7,729.0,12.06,,,,,
3251,5,16,10,38.08,80.1,4.648,810.2,782.0,11.98,,,,,
3252,5,16,11,35.78,80.4,4.648,728.9,722.0,12.09,,,,,
3253,5,16,12,36.77,80.4,4.648,817.1,790.0,11.31,,,,,
3254,5,16,13,39.37,79.9,4.648,826.7,811.0,11.48,,,,,
3255,5,16,14,46.40,79.5,4.648,776.4,791.0,12.10,,,,,
3256,5,16,15,52.38,78.1,4.648,586.2,654.0,13.11,,,,,
3257,5,16,16,62.21,76.3,4.648,354.1,484.0,13.64,,,,,
3258,5,16,17,52.20,74.5,4.648,104.3,300.0,13.25,,,,,
3259,5,16,18,57.10,71.6,4.648,24.5,125.0,12.05,,,,,
3260,5,16,19,54.24,68.2,4.648,0.0,0.0,10.47,,,,,
3261,5,16,20,51.81,67.1,4.648,0.0,0.0,7.46,,,,,
3262,5,16,21,45.92,66.4,4.648,0.0,0.0,7.30,,,,,
3263,5,16,22,38.84,65.3,4.648,0.0,0.0,7.70,,,,,
3264,5,16,23,35.16,64.4,4.648,0.0,0.0,9.32,,,,,
3265,5,17,0,36.32,63.9,4.648,0.0,0.0,8.97,,,,,
3266,5,17,1,31.61,63.3,4.648,0.0,0.0,9.35,,,,,
3267,5,17,2,30.30,62.8,4.648,0.0,0.0,9.31,,,,,
3268,5,17,3,30.34,62.8,4.648,0.0,0.0,9.12,,,,,
3269,5,17,4,30.74,62.6,4.648,0.0,0.0,9.62,,,,,
3270,5,17,5,30.71,63.1,4.648,33.1,37.0,10.45,,,,,
3271,5,17,6,29.76,65.5,4.648,79.5,89.0,9.99,,,,,
3272,5,17,7,30.38,68.5,4.648,124.8,139.0,10.63,,,,,
3273,5,17,8,36.51,71.1,4.648,166.7,185.0,10.39,,,,,
3274,5,17,9,32.26,73.0,4.648,237.8,263.0,11.57,,,,,
3275,5,17,10,30.20,75.0,4.648,194.3,216.0,12.25,,,,,
3276,5,17,11,35.12,77.0,4.648,167.0,186.0,11.20,,,,,
3277,5,17,12,32.59,78.3,4.648,405.7,445.0,11.72,,,,,
3278,5,17,13,38.08,78.6,4.648,614.7,642.0,12.25,,,,,
3279,5,17,14,39.34,77.7,4.648,774.6,792.0,11.68,,,,,
3280,5,17,15,48.80,75.6,4.648,582.1,652.0,11.86,,,,,
3281,5,17,16,49.09,73.4,4.648,295.5,340.0,12.15,,,,,
3282,5,17,17,53.09,71.8,4.648,10.7,12.0,11.10,,,,,
3283,5,17,18,53.39,70.2,4.648,2.7,3.0,10.48,,,,,
3284,5,17,19,54.23,68.9,4.648,0.0,0.0,9.30,,,,,
3285,5,17,20,47.39,67.5,4.648,0.0,0.0,8.87,,,,,
3286,5,17,21,43.30,65.3,4.648,0.0,0.0,6.71,,,,,
3287,5,17,22,38.22,61.7,4.648,0.0,0.0,5.39,,,,,
3288,5,17,23,29.89,57.9,4.648,0.0,0.0,3.75,,,,,
3289,5,18,0,28.50,55.9,4.648,0.0,0.0,3.95,,,,,
3290,5,18,1,26.38,54.7,4.648,0.0,0.0,4.84,,,,,
3291,5,18,2,28.45,53.6,4.648,0.0,0.0,4.62,,,,,
3292,5,18,3,28.81,52.7,4.648,0.0,0.0,5.10,,,,,
3293,5,18,4,28.70,52.2,4.648,0.0,0.0,5.44,,,,,
3294,5,18,5,27.60,53.2,4.648,24.5,56.0,6.53,,,,,
3295,5,18,6,25.89,55.8,4.648,7.1,8.0,6.62,,,,,
3296,5,18,7,24.41,58.6,4.648,134.5,150.0,5.65,,,,,
3297,5,18,8,21.51,61.0,4.648,408.2,443.0,5.41,,,,,
3298,5,18,9,24.99,62.2,4.648,190.4,213.0,4.28,,,,,
3299,5,18,10,26.62,62.8,4.648,246.6,275.0,3.39,,,,,
3300,5,18,11,27.93,63.3,4.648,452.0,488.0,2.92,,,,,
3301,5,18,12,28.35,62.4,4.648,272.1,302.0,3.82,,,,,
3302,5,18,13,27.94,61.5,4.648,305.8,338.0,3.95,,,,,
3303,5,18,14,27.99,61.0,4.648,163.6,182.0,3.79,,,,,
3304,5,18,15,27.62,60.1,4.648,28.6,32.0,4.48,,,,,
3305,5,18,16,31.34,59.0,4.648,152.8,171.0,4.65,,,,,
3306,5,18,17,46.95,58.3,4.648,68.8,77.0,4.88,,,,,
3307,5,18,18,44.69,57.2,4.648,69.6,79.0,5.60,,,,,
3308,5,18,19,46.06,56.1,4.648,0.0,5.0,5.68,,,,,
3309,5,18,20,38.02,55.0,4.648,0.0,0.0,5.98,,,,,
3310,5,18,21,29.26,53.2,4.648,0.0,0.0,5.65,,,,,
3311,5,18,22,25.52,51.3,4.648,0.0,0.0,7.32,,,,,
3312,5,18,23,24.71,49.3,4.648,0.0,0.0,8.32,,,,,
3313,5,19,0,22.87,47.8,4.648,0.0,0.0,8.17,,,,,
3314,5,19,1,23.71,46.9,4.648,0.0,0.0,7.59,,,,,
3315,5,19,2,23.32,46.4,4.648,0.0,0.0,7.95,,,,,
3316,5,19,3,22.51,46.0,4.648,0.0,0.0,6.50,,,,,
3317,5,19,4,26.82,45.7,4.648,0.0,0.0,6.59,,,,,
3318,5,19,5,32.09,46.2,4.648,23.5,59.0,7.24,,,,,
3319,5,19,6,35.27,47.3,4.648,92.0,103.0,8.13,,,,,
3320,5,19,7,24.91,48.7,4.648,273.0,309.0,8.42,,,,,
3321,5,19,8,23.62,51.1,4.648,310.6,341.0,8.85,,,,,
3322,5,19,9,25.59,53.8,4.648,357.1,390.0,9.13,,,,,
3323,5,19,10,25.58,56.1,4.648,632.2,655.0,9.15,,,,,
3324,5,19,11,25.20,57.2,4.648,411.3,451.0,9.28,,,,,
3325,5,19,12,27.12,57.6,4.648,433.2,473.0,9.79,,,,,
3326,5,19,13,23.77,57.0,4.648,350.3,389.0,10.63,,,,,
3327,5,19,14,24.65,55.9,4.648,264.5,295.0,11.10,,,,,
3328,5,19,15,24.25,54.3,4.648,359.0,397.0,10.71,,,,,
3329,5,19,16,34.89,52.3,4.648,171.9,192.0,10.39,,,,,
3330,5,19,17,44.21,50.4,4.648,115.3,129.0,10.25,,,,,
3331,5,19,18,44.69,48.2,4.648,8.9,10.0,9.27,,,,,
3332,5,19,19,47.07,46.2,4.648,0.0,6.0,8.81,,,,,
3333,5,19,20,40.78,45.1,4.648,0.0,0.0,9.83,,,,,
3334,5,19,21,32.65,44.2,4.648,0.0,0.0,9.55,,,,,
3335,5,19,22,26.53,43.9,4.648,0.0,0.0,8.96,,,,,
3336,5,19,23,25.86,43.9,4.648,0.0,0.0,9.28,,,,,
3337,5,20,0,23.84,43.7,4.648,0.0,0.0,8.55,,,,,
3338,5,20,1,23.01,43.5,4.648,0.0,0.0,8.00,,,,,
3339,5,20,2,22.08,43.3,4.648,0.0,0.0,7.20,,,,,
3340,5,20,3,24.04,43.2,4.648,0.0,0.0,6.01,,,,,
3341,5,20,4,25.22,43.0,4.648,0.0,0.0,4.95,,,,,
3342,5,20,5,30.18,43.5,4.648,36.6,41.0,5.02,,,,,
3343,5,20,6,27.57,45.3,4.648,144.5,184.0,5.55,,,,,
3344,5,20,7,29.52,48.0,4.648,258.9,292.0,6.87,,,,,
3345,5,20,8,25.01,51.4,4.648,417.0,453.0,6.90,,,,,
3346,5,20,9,24.10,54.5,4.648,423.8,456.0,7.09,,,,,
3347,5,20,10,23.79,56.3,4.648,609.5,635.0,7.23,,,,,
3348,5,20,11,23.17,57.4,4.648,418.6,458.0,7.50,,,,,
3349,5,20,12,22.85,57.9,4.648,349.7,389.0,6.58,,,,,
3350,5,20,13,23.94,57.9,4.648,500.1,535.0,7.28,,,,,
3351,5,20,14,23.02,57.7,4.648,326.3,362.0,7.78,,,,,
3352,5,20,15,25.12,57.4,4.648,210.9,236.0,7.59,,,,,
3353,5,20,16,28.89,56.5,4.648,112.6,126.0,6.16,,,,,
3354,5,20,17,30.63,55.4,4.648,24.1,27.0,6.42,,,,,
3355,5,20,18,42.62,53.4,4.648,7.1,8.0,3.75,,,,,
3356,5,20,19,41.38,50.9,4.648,0.0,8.0,6.40,,,,,
3357,5,20,20,38.87,50.2,4.648,0.0,0.0,8.46,,,,,
3358,5,20,21,31.81,49.3,4.648,0.0,0.0,8.10,,,,,
3359,5,20,22,28.79,48.4,4.648,0.0,0.0,7.16,,,,,
3360,5,20,23,29.27,47.8,4.648,0.0,0.0,8.28,,,,,
3361,5,21,0,26.18,47.7,4.648,0.0,0.0,13.76,,,,,
3362,5,21,1,25.76,47.1,4.648,0.0,0.0,13.53,,,,,
3363,5,21,2,23.98,46.8,4.648,0.0,0.0,14.78,,,,,
3364,5,21,3,24.34,46.2,4.648,0.0,0.0,13.93,,,,,
3365,5,21,4,27.49,45.7,4.648,0.0,0.0,15.10,,,,,
3366,5,21,5,33.24,47.3,4.648,42.2,48.0,15.25,,,,,
3367,5,21,6,39.34,48.6,4.648,7.1,8.0,16.65,,,,,
3368,5,21,7,29.95,50.2,4.648,223.2,251.0,14.77,,,,,
3369,5,21,8,28.25,52.0,4.648,216.0,239.0,12.10,,,,,
3370,5,21,9,29.02,53.6,4.648,244.8,271.0,11.75,,,,,
3371,5,21,10,28.35,54.3,4.648,293.6,325.0,12.95,,,,,
3372,5,21,11,25.39,54.9,4.648,226.1,252.0,11.71,,,,,
3373,5,21,12,26.65,54.3,4.648,311.3,345.0,11.47,,,,,
3374,5,21,13,26.49,53.4,4.648,220.8,247.0,11.42,,,,,
3375,5,21,14,25.87,52.2,4.648,67.0,75.0,9.87,,,,,
3376,5,21,15,26.66,50.7,4.648,186.5,208.0,9.31,,,,,
3377,5,21,16,32.73,49.3,4.648,111.0,124.0,8.85,,,,,
3378,5,21,17,39.73,48.0,4.648,47.4,53.0,8.84,,,,,
3379,5,21,18,42.34,46.8,4.648,2.7,3.0,7.88,,,,,
3380,5,21,19,41.51,45.7,4.648,0.0,9.0,6.95,,,,,
3381,5,21,20,29.38,45.1,4.648,0.0,0.0,5.65,,,,,
3382,5,21,21,28.52,44.8,4.648,0.0,0.0,6.42,,,,,
3383,5,21,22,26.48,44.6,4.648,0.0,0.0,6.86,,,,,
3384,5,21,23,31.92,44.6,4.648,0.0,0.0,7.80,,,,,
3385,5,22,0,28.65,44.4,4.648,0.0,0.0,6.62,,,,,
3386,5,22,1,27.90,44.4,4.648,0.0,0.0,6.53,,,,,
3387,5,22,2,26.90,44.2,4.648,0.0,0.0,7.00,,,,,
3388,5,22,3,28.53,44.1,4.648,0.0,0.0,6.25,,,,,
3389,5,22,4,31.02,43.9,4.648,0.0,0.0,6.07,,,,,
3390,5,22,5,35.56,44.1,4.648,37.5,42.0,6.49,,,,,
3391,5,22,6,37.72,44.6,4.648,16.1,18.0,5.91,,,,,
3392,5,22,7,37.14,45.3,4.648,55.4,62.0,3.60,,,,,
3393,5,22,8,37.32,46.4,4.648,91.2,102.0,6.43,,,,,
3394,5,22,9,39.17,48.4,4.648,135.8,152.0,4.50,,,,,
3395,5,22,10,39.59,50.7,4.648,167.0,186.0,2.31,,,,,
3396,5,22,11,39.16,51.6,4.648,290.1,321.0,2.08,,,,,
3397,5,22,12,38.49,51.3,4.648,252.0,280.0,2.59,,,,,
3398,5,22,13,34.66,50.2,4.648,356.7,393.0,0.83,,,,,
3399,5,22,14,33.09,48.7,4.648,167.8,187.0,1.64,,,,,
3400,5,22,15,29.93,47.1,4.648,143.5,160.0,1.48,,,,,
3401,5,22,16,39.48,45.9,4.648,83.1,93.0,1.35,,,,,
3402,5,22,17,34.34,45.0,4.648,48.3,54.0,3.39,,,,,
3403,5,22,18,40.01,44.2,4.648,2.7,3.0,3.32,,,,,
3404,5,22,19,36.99,43.5,4.648,0.0,7.0,1.50,,,,,
3405,5,22,20,37.39,43.0,4.648,0.0,0.0,3.79,,,,,
3406,5,22,21,32.10,42.3,4.648,0.0,0.0,4.61,,,,,
3407,5,22,22,30.12,41.7,4.648,0.0,0.0,3.51,,,,,
3408,5,22,23,28.60,41.4,4.648,0.0,0.0,2.72,,,,,
3409,5,23,0,27.37,41.4,4.648,0.0,0.0,3.62,,,,,
3410,5,23,1,28.25,41.4,4.648,0.0,0.0,4.10,,,,,
3411,5,23,2,27.38,41.5,4.648,0.0,0.0,5.01,,,,,
3412,5,23,3,28.19,41.9,4.648,0.0,0.0,4.70,,,,,
3413,5,23,4,32.54,42.1,4.648,0.0,0.0,3.69,,,,,
3414,5,23,5,37.85,42.8,4.648,44.7,53.0,5.08,,,,,
3415,5,23,6,45.36,44.2,4.648,142.0,186.0,5.25,,,,,
3416,5,23,7,41.53,46.4,4.648,248.9,284.0,3.97,,,,,
3417,5,23,8,38.88,49.6,4.648,413.6,450.0,3.85,,,,,
3418,5,23,9,35.82,53.2,4.648,283.2,315.0,3.70,,,,,
3419,5,23,10,35.29,55.4,4.648,273.5,305.0,3.90,,,,,
3420,5,23,11,34.18,55.4,4.648,163.6,183.0,4.30,,,,,
3421,5,23,12,33.47,55.0,4.648,227.8,254.0,4.05,,,,,
3422,5,23,13,30.52,54.3,4.648,364.3,404.0,5.20,,,,,
3423,5,23,14,28.63,53.6,4.648,157.0,175.0,5.59,,,,,
3424,5,23,15,28.77,52.7,4.648,69.7,78.0,6.16,,,,,
3425,5,23,16,31.62,52.0,4.648,164.2,184.0,6.99,,,,,
3426,5,23,17,35.34,51.3,4.648,71.1,80.0,7.34,,,,,
3427,5,23,18,44.07,50.0,4.648,62.5,75.0,7.60,,,,,
3428,5,23,19,49.09,48.6,4.648,0.0,16.0,7.45,,,,,
3429,5,23,20,44.64,48.4,4.648,0.0,0.0,8.70,,,,,
3430,5,23,21,34.71,48.0,4.648,0.0,0.0,7.91,,,,,
3431,5,23,22,31.75,47.5,4.648,0.0,0.0,6.28,,,,,
3432,5,23,23,24.95,47.1,4.648,0.0,0.0,5.15,,,,,
3433,5,24,0,23.22,46.8,4.648,0.0,0.0,5.63,,,,,
3434,5,24,1,21.32,46.4,4.648,0.0,0.0,6.40,,,,,
3435,5,24,2,21.03,46.2,4.648,0.0,0.0,7.63,,,,,
3436,5,24,3,22.24,46.2,4.648,0.0,0.0,7.81,,,,,
3437,5,24,4,24.71,46.0,4.648,0.0,0.0,7.90,,,,,
3438,5,24,5,23.24,46.4,4.648,26.8,64.0,6.30,,,,,
3439,5,24,6,21.72,47.5,4.648,95.5,108.0,7.59,,,,,
3440,5,24,7,26.34,48.9,4.648,289.4,340.0,7.16,,,,,
3441,5,24,8,26.27,51.8,4.648,401.7,438.0,8.34,,,,,
3442,5,24,9,22.95,54.7,4.648,250.2,279.0,7.87,,,,,
3443,5,24,10,21.73,56.7,4.648,244.0,273.0,6.74,,,,,
3444,5,24,11,22.83,58.3,4.648,150.1,168.0,7.92,,,,,
3445,5,24,12,22.32,59.2,4.648,749.7,768.0,7.15,,,,,
3446,5,24,13,23.01,59.5,4.648,158.2,177.0,8.42,,,,,
3447,5,24,14,22.01,59.0,4.648,275.4,305.0,12.66,,,,,
3448,5,24,15,22.47,57.6,4.648,311.8,346.0,12.54,,,,,
3449,5,24,16,31.13,56.3,4.648,126.0,141.0,14.26,,,,,
3450,5,24,17,35.03,55.0,4.648,60.8,68.0,11.33,,,,,
3451,5,24,18,41.63,53.1,4.648,38.4,43.0,9.43,,,,,
3452,5,24,19,35.69,50.4,4.648,0.0,12.0,9.39,,,,,
3453,5,24,20,33.70,48.9,4.648,0.0,0.0,9.75,,,,,
3454,5,24,21,30.76,47.3,4.648,0.0,0.0,9.52,,,,,
3455,5,24,22,23.92,46.6,4.648,0.0,0.0,11.06,,,,,
3456,5,24,23,21.43,46.2,4.648,0.0,0.0,10.31,,,,,
3457,5,25,0,22.21,46.6,4.648,0.0,0.0,12.10,,,,,
3458,5,25,1,20.87,46.6,4.648,0.0,0.0,11.66,,,,,
3459,5,25,2,19.72,46.4,4.648,0.0,0.0,11.59,,,,,
3460,5,25,3,19.64,46.2,4.648,0.0,0.0,12.21,,,,,
3461,5,25,4,20.57,46.2,4.648,0.0,0.0,11.32,,,,,
3462,5,25,5,22.51,47.1,4.648,45.6,55.0,10.72,,,,,
3463,5,25,6,19.64,49.1,4.648,134.2,240.0,11.00,,,,,
3464,5,25,7,18.30,52.3,4.648,211.0,236.0,9.57,,,,,
3465,5,25,8,16.97,55.8,4.648,271.2,300.0,8.50,,,,,
3466,5,25,9,17.89,58.6,4.648,174.3,195.0,8.44,,,,,
3467,5,25,10,18.68,60.1,4.648,200.2,224.0,8.02,,,,,
3468,5,25,11,21.68,60.8,4.648,141.2,158.0,8.00,,,,,
3469,5,25,12,21.83,61.9,4.648,168.9,189.0,8.78,,,,,
3470,5,25,13,17.46,62.1,4.648,131.4,147.0,9.37,,,,,
3471,5,25,14,17.82,61.9,4.648,72.4,81.0,8.32,,,,,
3472,5,25,15,20.19,60.8,4.648,101.0,113.0,8.12,,,,,
3473,5,25,16,21.88,59.7,4.648,100.1,112.0,8.19,,,,,
3474,5,25,17,25.34,58.5,4.648,104.2,340.0,8.69,,,,,
3475,5,25,18,39.03,55.8,4.648,4.5,5.0,7.52,,,,,
3476,5,25,19,44.11,52.9,4.648,0.0,10.0,7.85,,,,,
3477,5,25,20,36.11,52.2,4.648,0.0,0.0,7.99,,,,,
3478,5,25,21,29.68,51.1,4.648,0.0,0.0,6.69,,,,,
3479,5,25,22,25.10,50.5,4.648,0.0,0.0,7.21,,,,,
3480,5,25,23,26.41,50.2,4.648,0.0,0.0,6.43,,,,,
3481,5,26,0,21.82,49.6,4.648,0.0,0.0,4.86,,,,,
3482,5,26,1,22.34,49.1,4.648,0.0,0.0,5.21,,,,,
3483,5,26,2,18.23,48.7,4.648,0.0,0.0,6.66,,,,,
3484,5,26,3,20.61,48.0,4.648,0.0,0.0,7.70,,,,,
3485,5,26,4,26.52,47.7,4.648,0.0,0.0,8.78,,,,,
3486,5,26,5,25.37,50.2,4.648,40.2,45.0,8.47,,,,,
3487,5,26,6,21.91,53.8,4.648,139.4,160.0,7.94,,,,,
3488,5,26,7,17.96,57.7,4.648,271.9,310.0,7.40,,,,,
3489,5,26,8,14.94,61.2,4.648,563.6,620.0,5.41,,,,,
3490,5,26,9,15.92,63.9,4.648,759.8,778.0,6.65,,,,,
3491,5,26,10,14.92,66.0,4.648,798.3,805.0,7.00,,,,,
3492,5,26,11,17.59,67.8,4.648,991.1,965.0,8.05,,,,,
3493,5,26,12,17.28,69.3,4.648,1000.7,978.0,8.51,,,,,
3494,5,26,13,16.80,69.8,4.648,935.1,935.0,8.97,,,,,
3495,5,26,14,17.89,69.6,4.648,799.4,840.0,8.58,,,,,
3496,5,26,15,24.05,68.9,4.648,267.6,298.0,7.65,,,,,
3497,5,26,16,31.28,67.8,4.648,366.8,531.0,7.06,,,,,
3498,5,26,17,43.78,66.4,4.648,102.3,343.0,7.29,,,,,
3499,5,26,18,41.05,62.2,4.648,16.1,160.0,5.77,,,,,
3500,5,26,19,47.72,58.8,4.648,0.0,21.0,5.03,,,,,
3501,5,26,20,38.18,57.2,4.648,0.0,0.0,4.86,,,,,
3502,5,26,21,28.30,55.4,4.648,0.0,0.0,3.45,,,,,
3503,5,26,22,21.43,52.9,4.648,0.0,0.0,5.24,,,,,
3504,5,26,23,20.65,51.1,4.648,0.0,0.0,5.54,,,,,
3505,5,27,0,21.68,50.2,4.648,0.0,0.0,4.50,,,,,
3506,5,27,1,21.23,49.1,4.648,0.0,0.0,3.83,,,,,
3507,5,27,2,20.05,48.6,4.648,0.0,0.0,5.64,,,,,
3508,5,27,3,18.63,48.2,4.648,0.0,0.0,5.95,,,,,
3509,5,27,4,22.82,48.0,4.648,0.0,0.0,6.05,,,,,
3510,5,27,5,29.62,52.5,4.648,25.3,73.0,4.76,,,,,
3511,5,27,6,37.96,57.4,4.648,135.4,243.0,6.68,,,,,
3512,5,27,7,26.37,63.5,4.648,340.9,434.0,6.32,,,,,
3513,5,27,8,23.59,68.4,4.648,561.1,619.0,3.44,,,,,
3514,5,27,9,21.83,71.4,4.648,757.7,778.0,2.81,,,,,
3515,5,27,10,23.98,73.9,4.648,903.8,895.0,2.77,,,,,
3516,5,27,11,22.30,75.7,4.648,986.5,963.0,3.11,,,,,
3517,5,27,12,23.16,76.6,4.648,914.8,898.0,2.76,,,,,
3518,5,27,13,25.04,76.6,4.648,932.7,935.0,2.45,,,,,
3519,5,27,14,25.35,75.7,4.648,720.4,760.0,3.77,,,,,
3520,5,27,15,34.94,75.2,4.648,546.2,628.0,2.08,,,,,
3521,5,27,16,42.21,74.3,4.648,326.6,428.0,1.27,,,,,
3522,5,27,17,47.01,69.1,4.648,167.8,268.0,1.28,,,,,
3523,5,27,18,50.12,64.4,4.648,77.4,89.0,1.54,,,,,
3524,5,27,19,48.12,61.7,4.648,0.0,19.0,5.23,,,,,
3525,5,27,20,39.00,60.3,4.648,0.0,0.0,4.76,,,,,
3526,5,27,21,29.62,59.0,4.648,0.0,0.0,6.63,,,,,
3527,5,27,22,24.41,57.7,4.648,0.0,0.0,6.79,,,,,
3528,5,27,23,27.40,56.7,4.648,0.0,0.0,7.54,,,,,
3529,5,28,0,25.43,55.6,4.648,0.0,0.0,7.39,,,,,
3530,5,28,1,23.60,54.9,4.648,0.0,0.0,8.36,,,,,
3531,5,28,2,22.96,54.1,4.648,0.0,0.0,8.61,,,,,
3532,5,28,3,24.75,53.6,4.648,0.0,0.0,8.77,,,,,
3533,5,28,4,33.68,53.2,4.648,0.0,0.0,8.59,,,,,
3534,5,28,5,30.48,56.5,4.648,46.5,52.0,8.53,,,,,
3535,5,28,6,38.25,60.1,4.648,134.6,235.0,8.05,,,,,
3536,5,28,7,27.79,63.9,4.648,340.1,423.0,5.29,,,,,
3537,5,28,8,26.68,68.4,4.648,513.1,566.0,4.44,,,,,
3538,5,28,9,29.18,70.7,4.648,659.5,685.0,3.12,,,,,
3539,5,28,10,28.66,72.1,4.648,754.3,761.0,2.39,,,,,
3540,5,28,11,29.32,72.7,4.648,819.3,818.0,3.69,,,,,
3541,5,28,12,31.12,72.5,4.648,793.1,801.0,4.22,,,,,
3542,5,28,13,31.63,71.6,4.648,856.1,862.0,5.51,,,,,
3543,5,28,14,31.07,70.5,4.648,744.7,787.0,5.28,,,,,
3544,5,28,15,31.59,69.1,4.648,546.4,628.0,5.95,,,,,
3545,5,28,16,41.31,67.1,4.648,335.0,428.0,5.59,,,,,
3546,5,28,17,39.88,64.4,4.648,177.6,257.0,5.67,,,,,
3547,5,28,18,50.43,61.2,4.648,76.8,87.0,5.48,,,,,
3548,5,28,19,50.53,58.8,4.648,0.0,21.0,6.48,,,,,
3549,5,28,20,42.72,57.6,4.648,0.0,0.0,7.59,,,,,
3550,5,28,21,34.67,56.5,4.648,0.0,0.0,8.73,,,,,
3551,5,28,22,31.61,55.6,4.648,0.0,0.0,7.96,,,,,
3552,5,28,23,28.03,54.7,4.648,0.0,0.0,7.63,,,,,
3553,5,29,0,27.02,54.0,4.648,0.0,0.0,7.17,,,,,
3554,5,29,1,23.77,53.2,4.648,0.0,0.0,7.08,,,,,
3555,5,29,2,23.76,52.7,4.648,0.0,0.0,10.45,,,,,
3556,5,29,3,23.34,52.7,4.648,0.0,0.0,9.90,,,,,
3557,5,29,4,27.48,52.5,4.648,0.0,0.0,8.97,,,,,
3558,5,29,5,30.99,55.0,4.648,34.9,39.0,8.24,,,,,
3559,5,29,6,32.92,58.5,4.648,54.5,61.0,8.28,,,,,
3560,5,29,7,33.20,61.9,4.648,93.8,105.0,6.59,,,,,
3561,5,29,8,40.40,65.1,4.648,143.9,161.0,6.52,,,,,
3562,5,29,9,38.28,67.3,4.648,183.2,205.0,6.13,,,,,
3563,5,29,10,34.28,68.5,4.648,276.1,308.0,4.75,,,,,
3564,5,29,11,36.35,69.4,4.648,434.2,474.0,4.69,,,,,
3565,5,29,12,35.20,70.3,4.648,190.4,213.0,4.49,,,,,
3566,5,29,13,34.27,70.9,4.648,221.6,248.0,4.17,,,,,
3567,5,29,14,32.97,70.9,4.648,302.7,337.0,3.73,,,,,
3568,5,29,15,33.02,70.2,4.648,226.7,253.0,4.65,,,,,
3569,5,29,16,37.58,69.1,4.648,174.3,195.0,5.01,,,,,
3570,5,29,17,36.99,67.5,4.648,149.4,170.0,5.25,,,,,
3571,5,29,18,38.26,65.1,4.648,90.7,104.0,8.53,,,,,
3572,5,29,19,37.98,62.6,4.648,0.0,13.0,9.17,,,,,
3573,5,29,20,39.63,61.3,4.648,0.0,0.0,7.94,,,,,
3574,5,29,21,33.02,59.5,4.648,0.0,0.0,7.84,,,,,
3575,5,29,22,32.19,58.6,4.648,0.0,0.0,6.99,,,,,
3576,5,29,23,28.83,58.3,4.648,0.0,0.0,5.77,,,,,
3577,5,30,0,26.96,58.1,4.648,0.0,0.0,5.56,,,,,
3578,5,30,1,26.42,57.6,4.648,0.0,0.0,4.93,,,,,
3579,5,30,2,25.72,56.8,4.648,0.0,0.0,3.45,,,,,
3580,5,30,3,26.23,56.5,4.648,0.0,0.0,5.32,,,,,
3581,5,30,4,29.02,56.3,4.648,0.0,0.0,4.75,,,,,
3582,5,30,5,31.38,59.0,4.648,32.2,36.0,4.02,,,,,
3583,5,30,6,30.40,62.1,4.648,84.0,94.0,2.19,,,,,
3584,5,30,7,31.42,65.1,4.648,213.5,239.0,2.18,,,,,
3585,5,30,8,29.02,66.7,4.648,410.5,452.0,3.31,,,,,
3586,5,30,9,28.61,67.8,4.648,559.7,589.0,2.19,,,,,
3587,5,30,10,30.20,68.5,4.648,753.5,761.0,1.52,,,,,
3588,5,30,11,28.72,68.9,4.648,691.4,702.0,3.06,,,,,
3589,5,30,12,30.28,69.6,4.648,544.2,577.0,2.92,,,,,
3590,5,30,13,31.00,70.9,4.648,122.4,137.0,2.89,,,,,
3591,5,30,14,30.02,72.0,4.648,339.2,376.0,4.43,,,,,
3592,5,30,15,30.08,72.1,4.648,586.4,687.0,5.69,,,,,
3593,5,30,16,38.26,71.1,4.648,355.8,518.0,4.62,,,,,
3594,5,30,17,39.06,69.3,4.648,31.3,35.0,4.70,,,,,
3595,5,30,18,43.55,66.4,4.648,84.2,98.0,4.50,,,,,
3596,5,30,19,39.17,63.5,4.648,0.0,22.0,5.53,,,,,
3597,5,30,20,42.77,62.4,4.648,0.0,0.0,6.74,,,,,
3598,5,30,21,36.25,61.9,4.648,0.0,0.0,6.60,,,,,
3599,5,30,22,31.82,61.5,4.648,0.0,0.0,4.99,,,,,
3600,5,30,23,30.86,61.2,4.648,0.0,0.0,4.62,,,,,
3601,5,31,0,24.56,59.9,4.648,0.0,0.0,4.00,,,,,
3602,5,31,1,25.21,59.2,4.648,0.0,0.0,2.92,,,,,
3603,5,31,2,23.50,59.0,4.648,0.0,0.0,2.24,,,,,
3604,5,31,3,22.96,58.6,4.648,0.0,0.0,3.33,,,,,
3605,5,31,4,23.18,58.5,4.648,0.0,0.0,2.97,,,,,
3606,5,31,5,24.65,58.8,4.648,46.6,54.0,1.71,,,,,
3607,5,31,6,28.41,59.4,4.648,42.0,47.0,2.24,,,,,
3608,5,31,7,31.66,60.1,4.648,26.8,30.0,3.33,,,,,
3609,5,31,8,31.66,61.0,4.648,96.5,108.0,1.49,,,,,
3610,5,31,9,34.03,62.2,4.648,112.6,126.0,0.72,,,,,
3611,5,31,10,26.62,64.6,4.648,65.2,73.0,0.40,,,,,
3612,5,31,11,25.37,66.9,4.648,185.9,208.0,0.88,,,,,
3613,5,31,12,24.12,67.3,4.648,139.4,156.0,2.27,,,,,
3614,5,31,13,21.71,66.4,4.648,354.4,390.0,0.56,,,,,
3615,5,31,14,21.85,64.9,4.648,227.4,253.0,1.49,,,,,
3616,5,31,15,23.54,62.4,4.648,126.5,141.0,1.95,,,,,
3617,5,31,16,24.31,59.7,4.648,159.9,179.0,0.82,,,,,
3618,5,31,17,24.69,56.5,4.648,163.4,196.0,3.38,,,,,
3619,5,31,18,24.82,52.9,4.648,34.0,38.0,4.28,,,,,
3620,5,31,19,24.94,50.0,4.648,0.0,22.0,5.03,,,,,
3621,5,31,20,24.76,48.4,4.648,0.0,0.0,4.57,,,,,
3622,5,31,21,24.53,47.5,4.648,0.0,0.0,4.20,,,,,
3623,5,31,22,22.36,47.3,4.648,0.0,0.0,6.65,,,,,
3624,5,31,23,22.91,47.1,4.648,0.0,0.0,6.06,,,,,
3625,6,1,0,20.63,47.1,4.291,0.0,0.0,6.41,,,,,
3626,6,1,1,18.77,47.1,4.291,0.0,0.0,5.15,,,,,
3627,6,1,2,15.62,47.1,4.291,0.0,0.0,6.80,,,,,
3628,6,1,3,18.77,46.9,4.291,0.0,0.0,6.27,,,,,
3629,6,1,4,19.97,46.6,4.291,0.0,0.0,5.06,,,,,
3630,6,1,5,20.58,47.1,4.291,28.8,75.0,7.06,,,,,
3631,6,1,6,15.70,48.9,4.291,109.5,123.0,6.24,,,,,
3632,6,1,7,14.25,51.6,4.291,233.5,262.0,5.65,,,,,
3633,6,1,8,13.39,54.1,4.291,394.4,435.0,3.05,,,,,
3634,6,1,9,13.38,56.3,4.291,260.4,290.0,2.41,,,,,
3635,6,1,10,13.37,57.7,4.291,503.1,541.0,2.73,,,,,
3636,6,1,11,13.64,58.1,4.291,478.9,520.0,4.17,,,,,
3637,6,1,12,13.70,58.5,4.291,587.2,622.0,4.46,,,,,
3638,6,1,13,13.94,58.5,4.291,783.9,813.0,4.01,,,,,
3639,6,1,14,17.29,57.9,4.291,421.9,463.0,4.19,,,,,
3640,6,1,15,20.36,56.8,4.291,344.2,383.0,4.37,,,,,
3641,6,1,16,24.08,55.9,4.291,372.0,547.0,2.85,,,,,
3642,6,1,17,27.81,55.2,4.291,107.8,361.0,1.39,,,,,
3643,6,1,18,34.68,53.2,4.291,64.3,72.0,1.70,,,,,
3644,6,1,19,34.67,50.0,4.291,0.0,29.0,7.76,,,,,
3645,6,1,20,31.52,48.0,4.291,0.0,0.0,8.51,,,,,
3646,6,1,21,20.72,46.9,4.291,0.0,0.0,6.30,,,,,
3647,6,1,22,16.73,45.7,4.291,0.0,0.0,6.19,,,,,
3648,6,1,23,11.37,45.0,4.291,0.0,0.0,7.74,,,,,
3649,6,2,0,10.60,44.2,4.291,0.0,0.0,7.20,,,,,
3650,6,2,1,9.82,43.5,4.291,0.0,0.0,7.10,,,,,
3651,6,2,2,9.09,43.2,4.291,0.0,0.0,6.78,,,,,
3652,6,2,3,11.56,42.8,4.291,0.0,0.0,6.08,,,,,
3653,6,2,4,15.27,42.8,4.291,0.0,0.0,5.85,,,,,
3654,6,2,5,27.66,46.2,4.291,26.7,79.0,8.12,,,,,
3655,6,2,6,29.18,50.4,4.291,132.7,156.0,6.90,,,,,
3656,6,2,7,20.64,54.7,4.291,278.7,321.0,5.64,,,,,
3657,6,2,8,19.93,58.3,4.291,559.0,627.0,4.44,,,,,
3658,6,2,9,19.20,61.3,4.291,517.3,557.0,3.39,,,,,
3659,6,2,10,15.18,63.9,4.291,904.5,907.0,2.46,,,,,
3660,6,2,11,18.54,65.7,4.291,988.8,977.0,3.16,,,,,
3661,6,2,12,19.42,67.1,4.291,773.7,800.0,5.28,,,,,
3662,6,2,13,19.08,68.0,4.291,933.0,947.0,4.62,,,,,
3663,6,2,14,21.86,68.2,4.291,798.1,852.0,6.54,,,,,
3664,6,2,15,22.52,67.8,4.291,606.2,715.0,7.61,,,,,
3665,6,2,16,25.50,66.6,4.291,365.1,529.0,7.66,,,,,
3666,6,2,17,35.63,64.4,4.291,174.6,201.0,7.49,,,,,
3667,6,2,18,35.02,59.7,4.291,39.6,160.0,7.73,,,,,
3668,6,2,19,39.37,55.6,4.291,0.0,21.0,3.97,,,,,
3669,6,2,20,34.82,54.3,4.291,0.0,0.0,4.48,,,,,
3670,6,2,21,24.68,52.5,4.291,0.0,0.0,3.97,,,,,
3671,6,2,22,23.72,51.1,4.291,0.0,0.0,6.75,,,,,
3672,6,2,23,24.84,50.2,4.291,0.0,0.0,3.12,,,,,
3673,6,3,0,21.18,49.3,4.291,0.0,0.0,4.51,,,,,
3674,6,3,1,19.84,48.6,4.291,0.0,0.0,6.72,,,,,
3675,6,3,2,18.19,47.7,4.291,0.0,0.0,4.69,,,,,
3676,6,3,3,19.88,46.8,4.291,0.0,0.0,3.37,,,,,
3677,6,3,4,26.51,46.6,4.291,0.0,0.0,4.99,,,,,
3678,6,3,5,28.24,50.7,4.291,32.5,73.0,6.86,,,,,
3679,6,3,6,33.78,56.5,4.291,137.6,241.0,6.61,,,,,
3680,6,3,7,22.92,62.2,4.291,334.6,432.0,5.29,,,,,
3681,6,3,8,18.10,66.9,4.291,548.8,616.0,5.53,,,,,
3682,6,3,9,18.79,69.6,4.291,739.3,772.0,7.80,,,,,
3683,6,3,10,21.98,71.8,4.291,907.3,911.0,5.22,,,,,
3684,6,3,11,22.94,73.4,4.291,987.8,977.0,6.12,,,,,
3685,6,3,12,23.23,74.7,4.291,993.1,986.0,7.78,,,,,
3686,6,3,13,24.71,74.7,4.291,917.5,933.0,6.58,,,,,
3687,6,3,14,25.71,74.3,4.291,777.9,832.0,7.58,,,,,
3688,6,3,15,31.15,74.5,4.291,583.5,688.0,8.88,,,,,
3689,6,3,16,39.83,76.5,4.291,350.9,462.0,7.96,,,,,
3690,6,3,17,54.26,75.2,4.291,121.6,333.0,7.93,,,,,
3691,6,3,18,56.68,70.3,4.291,42.3,156.0,7.60,,,,,
3692,6,3,19,46.79,65.3,4.291,0.0,22.0,6.55,,,,,
3693,6,3,20,41.47,61.0,4.291,0.0,0.0,6.37,,,,,
3694,6,3,21,28.11,58.5,4.291,0.0,0.0,4.87,,,,,
3695,6,3,22,25.95,57.7,4.291,0.0,0.0,5.70,,,,,
3696,6,3,23,25.80,57.2,4.291,0.0,0.0,5.58,,,,,
3697,6,4,0,24.59,56.7,4.291,0.0,0.0,3.95,,,,,
3698,6,4,1,23.92,55.8,4.291,0.0,0.0,4.06,,,,,
3699,6,4,2,23.12,55.0,4.291,0.0,0.0,4.65,,,,,
3700,6,4,3,23.96,54.5,4.291,0.0,0.0,5.60,,,,,
3701,6,4,4,25.57,54.3,4.291,0.0,0.0,6.12,,,,,
3702,6,4,5,28.17,58.1,4.291,7.1,8.0,7.73,,,,,
3703,6,4,6,37.43,61.9,4.291,139.3,204.0,7.44,,,,,
3704,6,4,7,29.63,66.4,4.291,281.5,346.0,10.05,,,,,
3705,6,4,8,25.22,71.2,4.291,495.4,553.0,10.42,,,,,
3706,6,4,9,27.67,74.3,4.291,669.8,704.0,10.53,,,,,
3707,6,4,10,32.77,76.6,4.291,820.2,832.0,10.13,,,,,
3708,6,4,11,31.75,78.6,4.291,912.0,910.0,9.99,,,,,
3709,6,4,12,34.22,80.1,4.291,874.9,879.0,9.11,,,,,
3710,6,4,13,34.16,81.0,4.291,833.6,852.0,8.89,,,,,
3711,6,4,14,36.68,81.3,4.291,727.9,780.0,9.08,,,,,
3712,6,4,15,43.22,81.1,4.291,593.4,702.0,9.36,,,,,
3713,6,4,16,52.57,80.1,4.291,365.3,530.0,9.84,,,,,
3714,6,4,17,58.55,78.1,4.291,111.1,351.0,8.42,,,,,
3715,6,4,18,63.48,73.9,4.291,25.4,170.0,7.00,,,,,
3716,6,4,19,55.22,69.4,4.291,0.0,28.0,7.35,,,,,
3717,6,4,20,47.95,68.4,4.291,0.0,0.0,8.45,,,,,
3718,6,4,21,38.66,66.7,4.291,0.0,0.0,8.98,,,,,
3719,6,4,22,39.32,65.1,4.291,0.0,0.0,8.85,,,,,
3720,6,4,23,41.24,64.0,4.291,0.0,0.0,7.45,,,,,
3721,6,5,0,32.77,63.7,4.291,0.0,0.0,5.73,,,,,
3722,6,5,1,31.03,63.1,4.291,0.0,0.0,6.66,,,,,
3723,6,5,2,30.99,62.6,4.291,0.0,0.0,6.01,,,,,
3724,6,5,3,30.51,62.2,4.291,0.0,0.0,6.36,,,,,
3725,6,5,4,32.44,62.6,4.291,0.0,0.0,7.44,,,,,
3726,6,5,5,33.71,66.9,4.291,33.6,71.0,9.30,,,,,
3727,6,5,6,42.11,70.9,4.291,133.4,230.0,8.77,,,,,
3728,6,5,7,34.37,76.1,4.291,319.0,412.0,8.53,,,,,
3729,6,5,8,33.04,80.8,4.291,522.0,588.0,7.69,,,,,
3730,6,5,9,37.41,83.5,4.291,707.7,742.0,9.31,,,,,
3731,6,5,10,40.60,85.5,4.291,860.3,868.0,10.17,,,,,
3732,6,5,11,46.55,86.7,4.291,943.0,937.0,9.30,,,,,
3733,6,5,12,48.65,87.1,4.291,648.4,683.0,9.30,,,,,
3734,6,5,13,49.79,86.7,4.291,487.9,529.0,10.19,,,,,
3735,6,5,14,56.25,86.4,4.291,738.9,793.0,9.86,,,,,
3736,6,5,15,64.49,86.0,4.291,564.0,664.0,8.73,,,,,
3737,6,5,16,88.03,84.9,4.291,349.6,502.0,8.86,,,,,
3738,6,5,17,84.73,82.2,4.291,125.0,327.0,8.20,,,,,
3739,6,5,18,76.20,77.7,4.291,43.2,156.0,6.89,,,,,
3740,6,5,19,60.44,73.8,4.291,0.0,8.0,7.30,,,,,
3741,6,5,20,61.26,72.3,4.291,0.0,0.0,8.72,,,,,
3742,6,5,21,48.95,71.4,4.291,0.0,0.0,8.17,,,,,
3743,6,5,22,41.26,70.5,4.291,0.0,0.0,9.95,,,,,
3744,6,5,23,46.79,69.6,4.291,0.0,0.0,9.08,,,,,
3745,6,6,0,44.00,69.3,4.291,0.0,0.0,9.30,,,,,
3746,6,6,1,41.77,68.4,4.291,0.0,0.0,9.88,,,,,
3747,6,6,2,37.87,67.8,4.291,0.0,0.0,9.56,,,,,
3748,6,6,3,39.15,66.7,4.291,0.0,0.0,10.28,,,,,
3749,6,6,4,38.87,65.7,4.291,0.0,0.0,10.50,,,,,
3750,6,6,5,46.59,66.2,4.291,34.9,39.0,10.34,,,,,
3751,6,6,6,46.41,68.2,4.291,148.0,177.0,10.55,,,,,
3752,6,6,7,49.24,71.4,4.291,135.0,151.0,8.06,,,,,
3753,6,6,8,48.34,75.0,4.291,144.4,161.0,8.39,,,,,
3754,6,6,9,35.65,77.4,4.291,262.1,292.0,8.07,,,,,
3755,6,6,10,42.53,78.3,4.291,531.3,570.0,10.03,,,,,
3756,6,6,11,47.61,78.4,4.291,676.8,699.0,8.63,,,,,
3757,6,6,12,50.58,79.0,4.291,730.4,752.0,9.55,,,,,
3758,6,6,13,51.92,79.5,4.291,644.4,678.0,9.46,,,,,
3759,6,6,14,53.68,78.3,4.291,251.1,279.0,7.05,,,,,
3760,6,6,15,54.61,76.8,4.291,31.3,35.0,6.36,,,,,
3761,6,6,16,54.05,75.0,4.291,37.5,42.0,8.58,,,,,
3762,6,6,17,51.35,72.9,4.291,6.3,7.0,8.75,,,,,
3763,6,6,18,35.16,70.5,4.291,3.6,4.0,8.58,,,,,
3764,6,6,19,45.01,68.2,4.291,0.0,3.0,8.65,,,,,
3765,6,6,20,49.03,67.3,4.291,0.0,0.0,10.32,,,,,
3766,6,6,21,36.45,66.9,4.291,0.0,0.0,10.70,,,,,
3767,6,6,22,34.01,66.4,4.291,0.0,0.0,9.99,,,,,
3768,6,6,23,51.69,66.0,4.291,0.0,0.0,11.51,,,,,
3769,6,7,0,36.11,65.3,4.291,0.0,0.0,11.18,,,,,
3770,6,7,1,33.53,64.6,4.291,0.0,0.0,12.24,,,,,
3771,6,7,2,36.78,64.2,4.291,0.0,0.0,11.69,,,,,
3772,6,7,3,33.56,63.7,4.291,0.0,0.0,11.27,,,,,
3773,6,7,4,36.50,63.3,4.291,0.0,0.0,10.48,,,,,
3774,6,7,5,33.31,65.3,4.291,20.6,23.0,9.44,,,,,
3775,6,7,6,27.97,66.9,4.291,46.5,52.0,9.92,,,,,
3776,6,7,7,30.07,68.0,4.291,177.7,199.0,10.50,,,,,
3777,6,7,8,43.41,68.9,4.291,194.4,216.0,8.92,,,,,
3778,6,7,9,33.95,69.4,4.291,70.6,79.0,8.99,,,,,
3779,6,7,10,35.95,70.0,4.291,59.9,67.0,10.11,,,,,
3780,6,7,11,32.38,70.5,4.291,53.6,60.0,9.37,,,,,
3781,6,7,12,34.13,68.7,4.291,119.8,134.0,9.21,,,,,
3782,6,7,13,33.29,67.5,4.291,58.1,65.0,9.19,,,,,
3783,6,7,14,30.95,66.2,4.291,143.9,161.0,8.57,,,,,
3784,6,7,15,36.90,64.9,4.291,233.6,260.0,6.55,,,,,
3785,6,7,16,35.98,63.9,4.291,36.6,41.0,7.04,,,,,
3786,6,7,17,29.23,63.9,4.291,151.1,171.0,8.14,,,,,
3787,6,7,18,37.01,63.0,4.291,50.9,157.0,6.97,,,,,
3788,6,7,19,35.30,60.3,4.291,0.0,24.0,5.84,,,,,
3789,6,7,20,35.97,59.4,4.291,0.0,0.0,6.36,,,,,
3790,6,7,21,35.32,58.3,4.291,0.0,0.0,8.10,,,,,
3791,6,7,22,28.33,57.2,4.291,0.0,0.0,9.25,,,,,
3792,6,7,23,33.09,56.8,4.291,0.0,0.0,8.25,,,,,
3793,6,8,0,25.54,56.7,4.291,0.0,0.0,7.56,,,,,
3794,6,8,1,25.23,56.5,4.291,0.0,0.0,7.77,,,,,
3795,6,8,2,23.16,56.1,4.291,0.0,0.0,6.12,,,,,
3796,6,8,3,23.22,56.1,4.291,0.0,0.0,6.58,,,,,
3797,6,8,4,23.99,56.3,4.291,0.0,0.0,7.23,,,,,
3798,6,8,5,25.72,58.5,4.291,18.8,21.0,5.54,,,,,
3799,6,8,6,23.07,60.8,4.291,58.1,65.0,4.92,,,,,
3800,6,8,7,19.97,64.0,4.291,139.4,156.0,4.86,,,,,
3801,6,8,8,19.91,67.3,4.291,253.6,282.0,2.81,,,,,
3802,6,8,9,21.68,70.2,4.291,442.5,483.0,4.10,,,,,
3803,6,8,10,22.27,72.3,4.291,798.2,817.0,3.10,,,,,
3804,6,8,11,24.41,73.8,4.291,873.7,882.0,4.87,,,,,
3805,6,8,12,24.10,74.5,4.291,678.0,723.0,5.03,,,,,
3806,6,8,13,22.15,74.5,4.291,548.9,593.0,5.61,,,,,
3807,6,8,14,27.96,72.9,4.291,687.7,742.0,4.90,,,,,
3808,6,8,15,32.04,70.9,4.291,528.3,606.0,4.51,,,,,
3809,6,8,16,45.18,69.6,4.291,343.5,426.0,5.22,,,,,
3810,6,8,17,52.36,68.5,4.291,196.6,254.0,5.12,,,,,
3811,6,8,18,45.07,66.0,4.291,101.7,122.0,5.52,,,,,
3812,6,8,19,43.59,63.1,4.291,0.0,16.0,4.60,,,,,
3813,6,8,20,38.55,61.3,4.291,0.0,0.0,2.83,,,,,
3814,6,8,21,32.44,60.8,4.291,0.0,0.0,6.48,,,,,
3815,6,8,22,29.52,60.1,4.291,0.0,0.0,5.81,,,,,
3816,6,8,23,27.98,59.4,4.291,0.0,0.0,7.12,,,,,
3817,6,9,0,28.06,59.0,4.291,0.0,0.0,8.06,,,,,
3818,6,9,1,27.11,58.5,4.291,0.0,0.0,4.62,,,,,
3819,6,9,2,26.14,57.7,4.291,0.0,0.0,4.51,,,,,
3820,6,9,3,26.14,57.0,4.291,0.0,0.0,4.90,,,,,
3821,6,9,4,26.34,56.7,4.291,0.0,0.0,5.03,,,,,
3822,6,9,5,27.33,56.7,4.291,26.8,30.0,5.53,,,,,
3823,6,9,6,36.60,57.2,4.291,53.6,60.0,6.07,,,,,
3824,6,9,7,35.98,58.5,4.291,238.4,273.0,4.43,,,,,
3825,6,9,8,34.71,60.4,4.291,218.0,243.0,2.77,,,,,
3826,6,9,9,31.09,63.5,4.291,240.3,268.0,3.21,,,,,
3827,6,9,10,30.61,66.9,4.291,305.2,340.0,4.25,,,,,
3828,6,9,11,30.57,69.4,4.291,233.2,260.0,4.28,,,,,
3829,6,9,12,29.51,70.7,4.291,314.2,350.0,5.96,,,,,
3830,6,9,13,30.59,70.9,4.291,187.7,210.0,5.60,,,,,
3831,6,9,14,31.80,70.5,4.291,436.6,479.0,9.61,,,,,
3832,6,9,15,34.69,70.0,4.291,85.8,96.0,6.71,,,,,
3833,6,9,16,39.03,68.9,4.291,112.6,126.0,6.63,,,,,
3834,6,9,17,37.36,67.3,4.291,12.5,14.0,5.70,,,,,
3835,6,9,18,43.15,64.8,4.291,84.9,95.0,4.22,,,,,
3836,6,9,19,42.27,62.2,4.291,0.0,25.0,6.23,,,,,
3837,6,9,20,37.07,59.9,4.291,0.0,0.0,6.42,,,,,
3838,6,9,21,30.81,58.5,4.291,0.0,0.0,5.62,,,,,
3839,6,9,22,27.96,57.6,4.291,0.0,0.0,5.82,,,,,
3840,6,9,23,28.33,57.0,4.291,0.0,0.0,5.64,,,,,
3841,6,10,0,28.41,56.7,4.291,0.0,0.0,7.02,,,,,
3842,6,10,1,26.66,56.3,4.291,0.0,0.0,6.97,,,,,
3843,6,10,2,26.26,56.1,4.291,0.0,0.0,6.53,,,,,
3844,6,10,3,26.95,55.9,4.291,0.0,0.0,7.40,,,,,
3845,6,10,4,27.99,55.9,4.291,0.0,0.0,7.45,,,,,
3846,6,10,5,28.09,56.8,4.291,53.8,62.0,7.17,,,,,
3847,6,10,6,33.29,58.5,4.291,36.6,41.0,6.99,,,,,
3848,6,10,7,37.21,60.3,4.291,112.9,126.0,4.92,,,,,
3849,6,10,8,38.48,62.8,4.291,161.8,180.0,5.89,,,,,
3850,6,10,9,38.76,65.5,4.291,137.6,154.0,5.25,,,,,
3851,6,10,10,32.48,68.0,4.291,135.8,152.0,6.11,,,,,
3852,6,10,11,32.38,69.8,4.291,281.7,313.0,6.59,,,,,
3853,6,10,12,35.12,71.8,4.291,165.1,184.0,6.20,,,,,
3854,6,10,13,29.09,73.6,4.291,340.3,376.0,6.82,,,,,
3855,6,10,14,28.92,74.7,4.291,294.4,326.0,6.50,,,,,
3856,6,10,15,29.67,74.8,4.291,282.0,314.0,7.29,,,,,
3857,6,10,16,28.78,74.1,4.291,354.1,520.0,6.30,,,,,
3858,6,10,17,24.17,72.5,4.291,24.1,27.0,6.65,,,,,
3859,6,10,18,31.05,70.0,4.291,27.7,31.0,6.36,,,,,
3860,6,10,19,35.33,67.1,4.291,0.0,28.0,4.67,,,,,
3861,6,10,20,38.79,65.7,4.291,0.0,0.0,3.51,,,,,
3862,6,10,21,28.40,63.5,4.291,0.0,0.0,4.08,,,,,
3863,6,10,22,27.15,61.2,4.291,0.0,0.0,4.98,,,,,
3864,6,10,23,23.97,58.8,4.291,0.0,0.0,5.56,,,,,
3865,6,11,0,20.37,57.2,4.291,0.0,0.0,5.32,,,,,
3866,6,11,1,20.05,56.3,4.291,0.0,0.0,5.48,,,,,
3867,6,11,2,20.22,55.8,4.291,0.0,0.0,5.07,,,,,
3868,6,11,3,20.15,55.4,4.291,0.0,0.0,4.34,,,,,
3869,6,11,4,21.15,55.8,4.291,0.0,0.0,5.14,,,,,
3870,6,11,5,24.85,59.4,4.291,2.7,3.0,4.84,,,,,
3871,6,11,6,34.77,63.3,4.291,148.8,173.0,4.85,,,,,
3872,6,11,7,27.80,68.0,4.291,315.9,413.0,4.60,,,,,
3873,6,11,8,20.76,70.7,4.291,511.3,581.0,2.07,,,,,
3874,6,11,9,20.58,72.7,4.291,683.9,724.0,3.42,,,,,
3875,6,11,10,22.61,74.1,4.291,831.8,848.0,3.02,,,,,
3876,6,11,11,24.50,75.2,4.291,906.5,911.0,3.06,,,,,
3877,6,11,12,27.29,75.6,4.291,912.3,921.0,3.62,,,,,
3878,6,11,13,24.65,75.2,4.291,609.4,654.0,3.51,,,,,
3879,6,11,14,24.35,75.6,4.291,645.1,700.0,1.83,,,,,
3880,6,11,15,28.69,75.0,4.291,574.7,682.0,1.90,,,,,
3881,6,11,16,38.47,74.7,4.291,359.7,525.0,2.34,,,,,
3882,6,11,17,48.10,73.2,4.291,122.4,347.0,2.95,,,,,
3883,6,11,18,51.37,70.0,4.291,34.8,171.0,4.98,,,,,
3884,6,11,19,47.00,65.8,4.291,0.0,31.0,4.85,,,,,
3885,6,11,20,40.22,64.8,4.291,0.0,0.0,4.87,,,,,
3886,6,11,21,26.23,64.2,4.291,0.0,0.0,5.99,,,,,
3887,6,11,22,24.89,63.7,4.291,0.0,0.0,4.22,,,,,
3888,6,11,23,27.61,63.1,4.291,0.0,0.0,2.61,,,,,
3889,6,12,0,24.38,63.1,4.291,0.0,0.0,2.77,,,,,
3890,6,12,1,23.05,62.8,4.291,0.0,0.0,3.06,,,,,
3891,6,12,2,19.61,62.4,4.291,0.0,0.0,1.68,,,,,
3892,6,12,3,20.50,63.0,4.291,0.0,0.0,3.23,,,,,
3893,6,12,4,24.04,63.3,4.291,0.0,0.0,3.94,,,,,
3894,6,12,5,28.51,65.1,4.291,39.3,44.0,3.93,,,,,
3895,6,12,6,30.75,68.7,4.291,130.8,227.0,2.67,,,,,
3896,6,12,7,30.06,72.3,4.291,311.7,408.0,2.30,,,,,
3897,6,12,8,26.87,74.5,4.291,515.0,587.0,3.38,,,,,
3898,6,12,9,27.11,75.6,4.291,407.9,445.0,5.81,,,,,
3899,6,12,10,28.31,76.3,4.291,640.0,678.0,5.83,,,,,
3900,6,12,11,28.54,77.0,4.291,860.1,865.0,7.50,,,,,
3901,6,12,12,29.70,77.2,4.291,227.9,255.0,7.89,,,,,
3902,6,12,13,29.35,77.0,4.291,899.5,925.0,8.56,,,,,
3903,6,12,14,30.43,76.3,4.291,778.6,842.0,10.02,,,,,
3904,6,12,15,33.23,75.0,4.291,596.8,713.0,10.46,,,,,
3905,6,12,16,38.91,73.4,4.291,367.7,544.0,11.04,,,,,
3906,6,12,17,48.81,71.1,4.291,120.1,362.0,9.48,,,,,
3907,6,12,18,46.06,67.8,4.291,31.0,180.0,9.21,,,,,
3908,6,12,19,45.15,64.2,4.291,0.0,35.0,9.27,,,,,
3909,6,12,20,39.72,61.9,4.291,0.0,0.0,9.90,,,,,
3910,6,12,21,34.55,60.3,4.291,0.0,0.0,10.80,,,,,
3911,6,12,22,29.89,59.4,4.291,0.0,0.0,6.78,,,,,
3912,6,12,23,30.07,58.5,4.291,0.0,0.0,8.65,,,,,
3913,6,13,0,29.23,57.6,4.291,0.0,0.0,8.50,,,,,
3914,6,13,1,26.57,57.0,4.291,0.0,0.0,9.16,,,,,
3915,6,13,2,24.32,56.8,4.291,0.0,0.0,7.54,,,,,
3916,6,13,3,23.94,56.3,4.291,0.0,0.0,6.71,,,,,
3917,6,13,4,28.82,55.6,4.291,0.0,0.0,7.75,,,,,
3918,6,13,5,28.69,56.3,4.291,35.2,74.0,8.28,,,,,
3919,6,13,6,40.48,57.2,4.291,122.4,140.0,4.57,,,,,
3920,6,13,7,32.86,58.6,4.291,80.6,90.0,7.74,,,,,
3921,6,13,8,27.07,61.5,4.291,209.8,233.0,6.56,,,,,
3922,6,13,9,26.14,64.6,4.291,669.7,710.0,5.59,,,,,
3923,6,13,10,27.39,67.1,4.291,544.7,573.0,5.94,,,,,
3924,6,13,11,26.41,68.9,4.291,874.5,888.0,4.17,,,,,
3925,6,13,12,27.61,70.2,4.291,355.2,395.0,4.19,,,,,
3926,6,13,13,27.41,71.4,4.291,693.5,734.0,4.95,,,,,
3927,6,13,14,27.38,72.0,4.291,686.8,743.0,5.98,,,,,
3928,6,13,15,31.52,72.0,4.291,580.8,693.0,5.05,,,,,
3929,6,13,16,37.27,71.2,4.291,359.9,529.0,4.82,,,,,
3930,6,13,17,42.91,72.0,4.291,201.4,284.0,6.75,,,,,
3931,6,13,18,41.58,68.7,4.291,42.0,170.0,6.34,,,,,
3932,6,13,19,41.79,64.6,4.291,0.0,31.0,8.93,,,,,
3933,6,13,20,44.57,61.0,4.291,0.0,0.0,9.95,,,,,
3934,6,13,21,38.32,59.4,4.291,0.0,0.0,9.14,,,,,
3935,6,13,22,30.16,58.8,4.291,0.0,0.0,5.75,,,,,
3936,6,13,23,31.85,58.6,4.291,0.0,0.0,1.34,,,,,
3937,6,14,0,29.75,58.5,4.291,0.0,0.0,3.93,,,,,
3938,6,14,1,28.60,58.1,4.291,0.0,0.0,3.39,,,,,
3939,6,14,2,27.34,57.7,4.291,0.0,0.0,5.58,,,,,
3940,6,14,3,29.06,57.6,4.291,0.0,0.0,5.94,,,,,
3941,6,14,4,28.57,57.2,4.291,0.0,0.0,6.10,,,,,
3942,6,14,5,29.78,57.0,4.291,40.7,56.0,4.23,,,,,
3943,6,14,6,32.03,57.4,4.291,40.2,45.0,2.58,,,,,
3944,6,14,7,26.17,58.1,4.291,76.0,85.0,2.15,,,,,
3945,6,14,8,34.39,58.6,4.291,90.3,101.0,3.53,,,,,
3946,6,14,9,34.04,59.4,4.291,244.7,272.0,4.54,,,,,
3947,6,14,10,28.37,60.6,4.291,256.3,285.0,6.53,,,,,
3948,6,14,11,28.64,62.1,4.291,353.4,391.0,7.01,,,,,
3949,6,14,12,28.78,63.5,4.291,492.4,531.0,6.99,,,,,
3950,6,14,13,28.00,64.4,4.291,273.4,305.0,8.77,,,,,
3951,6,14,14,28.87,64.4,4.291,327.3,362.0,9.14,,,,,
3952,6,14,15,30.65,63.9,4.291,359.8,402.0,14.32,,,,,
3953,6,14,16,36.07,63.1,4.291,95.6,107.0,11.87,,,,,
3954,6,14,17,33.08,62.6,4.291,57.7,65.0,6.27,,,,,
3955,6,14,18,30.40,61.2,4.291,111.1,145.0,5.39,,,,,
3956,6,14,19,34.78,57.9,4.291,0.0,10.0,6.22,,,,,
3957,6,14,20,26.29,56.3,4.291,0.0,0.0,3.88,,,,,
3958,6,14,21,27.53,55.2,4.291,0.0,0.0,1.46,,,,,
3959,6,14,22,22.49,54.5,4.291,0.0,0.0,1.54,,,,,
3960,6,14,23,32.26,54.0,4.291,0.0,0.0,2.24,,,,,
3961,6,15,0,26.72,53.4,4.291,0.0,0.0,2.78,,,,,
3962,6,15,1,23.59,53.2,4.291,0.0,0.0,5.52,,,,,
3963,6,15,2,21.64,53.2,4.291,0.0,0.0,4.65,,,,,
3964,6,15,3,22.10,53.1,4.291,0.0,0.0,4.30,,,,,
3965,6,15,4,23.48,53.1,4.291,0.0,0.0,6.58,,,,,
3966,6,15,5,21.97,55.4,4.291,4.5,5.0,8.06,,,,,
3967,6,15,6,20.71,57.9,4.291,36.6,41.0,7.40,,,,,
3968,6,15,7,20.47,61.3,4.291,145.1,162.0,8.65,,,,,
3969,6,15,8,20.22,64.6,4.291,374.2,417.0,8.63,,,,,
3970,6,15,9,20.76,67.1,4.291,454.7,491.0,8.07,,,,,
3971,6,15,10,22.15,68.5,4.291,600.8,631.0,7.01,,,,,
3972,6,15,11,22.80,69.4,4.291,774.5,788.0,6.87,,,,,
3973,6,15,12,21.83,70.3,4.291,813.7,826.0,8.51,,,,,
3974,6,15,13,21.32,70.9,4.291,692.2,725.0,8.40,,,,,
3975,6,15,14,20.37,70.7,4.291,560.5,608.0,8.02,,,,,
3976,6,15,15,25.39,70.5,4.291,423.2,480.0,8.15,,,,,
3977,6,15,16,26.35,69.8,4.291,334.3,452.0,7.74,,,,,
3978,6,15,17,38.12,68.9,4.291,185.0,328.0,8.22,,,,,
3979,6,15,18,48.73,66.2,4.291,65.3,74.0,7.65,,,,,
3980,6,15,19,47.10,62.2,4.291,0.0,26.0,9.67,,,,,
3981,6,15,20,51.06,61.2,4.291,0.0,0.0,11.37,,,,,
3982,6,15,21,37.09,60.3,4.291,0.0,0.0,10.30,,,,,
3983,6,15,22,28.28,59.2,4.291,0.0,0.0,9.38,,,,,
3984,6,15,23,21.35,58.3,4.291,0.0,0.0,8.31,,,,,
3985,6,16,0,21.94,57.9,4.291,0.0,0.0,8.20,,,,,
3986,6,16,1,21.32,57.4,4.291,0.0,0.0,8.90,,,,,
3987,6,16,2,20.17,56.8,4.291,0.0,0.0,8.72,,,,,
3988,6,16,3,20.77,56.5,4.291,0.0,0.0,7.70,,,,,
3989,6,16,4,21.68,56.5,4.291,0.0,0.0,6.72,,,,,
3990,6,16,5,25.23,59.9,4.291,55.5,64.0,6.56,,,,,
3991,6,16,6,36.49,63.3,4.291,100.9,113.0,6.65,,,,,
3992,6,16,7,36.02,66.6,4.291,200.9,225.0,5.96,,,,,
3993,6,16,8,24.44,69.3,4.291,511.2,585.0,7.08,,,,,
3994,6,16,9,23.92,71.6,4.291,700.3,744.0,6.08,,,,,
3995,6,16,10,23.99,73.6,4.291,857.6,875.0,6.24,,,,,
3996,6,16,11,26.24,74.8,4.291,941.4,945.0,6.05,,,,,
3997,6,16,12,29.73,75.6,4.291,879.9,886.0,6.93,,,,,
3998,6,16,13,25.89,75.4,4.291,819.2,845.0,5.48,,,,,
3999,6,16,14,29.05,74.7,4.291,717.1,777.0,6.29,,,,,
4000,6,16,15,30.16,73.9,4.291,545.1,647.0,5.95,,,,,
4001,6,16,16,39.76,72.5,4.291,350.5,491.0,3.75,,,,,
4002,6,16,17,37.09,70.3,4.291,92.6,104.0,2.08,,,,,
4003,6,16,18,39.53,67.5,4.291,22.3,25.0,1.69,,,,,
4004,6,16,19,43.22,64.9,4.291,0.0,26.0,2.05,,,,,
4005,6,16,20,35.72,64.0,4.291,0.0,0.0,1.67,,,,,
4006,6,16,21,31.86,62.8,4.291,0.0,0.0,3.71,,,,,
4007,6,16,22,22.59,60.6,4.291,0.0,0.0,5.09,,,,,
4008,6,16,23,27.72,59.5,4.291,0.0,0.0,4.62,,,,,
4009,6,17,0,30.15,59.0,4.291,0.0,0.0,2.76,,,,,
4010,6,17,1,27.12,58.8,4.291,0.0,0.0,5.17,,,,,
4011,6,17,2,25.63,58.8,4.291,0.0,0.0,3.02,,,,,
4012,6,17,3,27.63,58.8,4.291,0.0,0.0,4.46,,,,,
4013,6,17,4,29.08,59.4,4.291,0.0,0.0,4.02,,,,,
4014,6,17,5,31.13,60.3,4.291,43.1,49.0,4.49,,,,,
4015,6,17,6,33.68,61.3,4.291,7.1,8.0,3.69,,,,,
4016,6,17,7,35.37,62.6,4.291,98.3,110.0,2.83,,,,,
4017,6,17,8,36.55,63.9,4.291,108.1,121.0,5.34,,,,,
4018,6,17,9,33.37,65.3,4.291,121.2,135.0,6.30,,,,,
4019,6,17,10,33.44,66.9,4.291,178.5,199.0,9.05,,,,,
4020,6,17,11,33.51,68.7,4.291,269.2,299.0,10.02,,,,,
4021,6,17,12,34.85,70.2,4.291,278.4,309.0,10.94,,,,,
4022,6,17,13,33.87,71.1,4.291,279.2,310.0,10.83,,,,,
4023,6,17,14,36.26,71.2,4.291,218.4,243.0,10.72,,,,,
4024,6,17,15,35.45,70.7,4.291,105.8,118.0,10.38,,,,,
4025,6,17,16,30.67,70.0,4.291,76.0,85.0,11.93,,,,,
4026,6,17,17,28.91,69.3,4.291,43.8,49.0,11.30,,,,,
4027,6,17,18,29.63,68.0,4.291,63.5,71.0,9.81,,,,,
4028,6,17,19,36.54,66.9,4.291,0.0,10.0,10.32,,,,,
4029,6,17,20,33.45,66.0,4.291,0.0,0.0,8.62,,,,,
4030,6,17,21,28.00,65.5,4.291,0.0,0.0,8.17,,,,,
4031,6,17,22,28.13,64.9,4.291,0.0,0.0,6.59,,,,,
4032,6,17,23,30.37,64.4,4.291,0.0,0.0,6.54,,,,,
4033,6,18,0,32.23,64.0,4.291,0.0,0.0,7.87,,,,,
4034,6,18,1,29.06,63.7,4.291,0.0,0.0,8.42,,,,,
4035,6,18,2,27.64,63.3,4.291,0.0,0.0,8.74,,,,,
4036,6,18,3,28.46,63.1,4.291,0.0,0.0,8.24,,,,,
4037,6,18,4,29.14,63.1,4.291,0.0,0.0,8.59,,,,,
4038,6,18,5,33.28,63.5,4.291,31.3,35.0,8.12,,,,,
4039,6,18,6,39.63,64.8,4.291,87.1,98.0,8.85,,,,,
4040,6,18,7,41.30,66.6,4.291,34.9,39.0,8.93,,,,,
4041,6,18,8,39.51,68.5,4.291,194.4,216.0,11.19,,,,,
4042,6,18,9,41.83,70.9,4.291,124.2,139.0,11.25,,,,,
4043,6,18,10,41.00,73.6,4.291,397.2,435.0,10.77,,,,,
4044,6,18,11,43.80,75.9,4.291,179.6,201.0,9.95,,,,,
4045,6,18,12,44.04,77.5,4.291,154.6,173.0,9.10,,,,,
4046,6,18,13,41.94,78.1,4.291,306.9,342.0,8.74,,,,,
4047,6,18,14,40.30,78.3,4.291,310.0,345.0,8.40,,,,,
4048,6,18,15,46.70,78.1,4.291,469.1,540.0,7.47,,,,,
4049,6,18,16,60.81,77.5,4.291,338.5,413.0,8.77,,,,,
4050,6,18,17,67.16,76.6,4.291,171.4,197.0,8.22,,,,,
4051,6,18,18,49.53,74.5,4.291,38.2,173.0,7.43,,,,,
4052,6,18,19,67.50,70.7,4.291,0.0,36.0,5.18,,,,,
4053,6,18,20,60.54,69.6,4.291,0.0,0.0,5.09,,,,,
4054,6,18,21,48.41,68.9,4.291,0.0,0.0,4.31,,,,,
4055,6,18,22,38.97,68.4,4.291,0.0,0.0,4.65,,,,,
4056,6,18,23,44.20,68.2,4.291,0.0,0.0,5.04,,,,,
4057,6,19,0,38.81,68.0,4.291,0.0,0.0,4.67,,,,,
4058,6,19,1,33.85,67.8,4.291,0.0,0.0,4.19,,,,,
4059,6,19,2,31.24,67.3,4.291,0.0,0.0,2.90,,,,,
4060,6,19,3,31.87,66.9,4.291,0.0,0.0,3.37,,,,,
4061,6,19,4,34.16,66.9,4.291,0.0,0.0,2.97,,,,,
4062,6,19,5,36.13,69.1,4.291,38.4,43.0,3.01,,,,,
4063,6,19,6,42.78,72.5,4.291,82.1,92.0,1.82,,,,,
4064,6,19,7,45.06,76.5,4.291,135.8,152.0,1.20,,,,,
4065,6,19,8,46.67,79.7,4.291,292.9,325.0,1.69,,,,,
4066,6,19,9,45.83,82.0,4.291,431.5,470.0,1.69,,,,,
4067,6,19,10,45.22,83.8,4.291,839.9,858.0,1.75,,,,,
4068,6,19,11,55.04,85.3,4.291,923.7,928.0,2.50,,,,,
4069,6,19,12,58.46,86.0,4.291,935.9,943.0,2.87,,,,,
4070,6,19,13,65.90,86.0,4.291,872.8,900.0,1.97,,,,,
4071,6,19,14,73.08,85.3,4.291,535.6,582.0,1.67,,,,,
4072,6,19,15,76.25,84.2,4.291,287.3,320.0,2.07,,,,,
4073,6,19,16,84.94,83.1,4.291,325.7,423.0,3.70,,,,,
4074,6,19,17,77.57,81.5,4.291,124.5,348.0,2.46,,,,,
4075,6,19,18,75.03,79.2,4.291,88.4,148.0,1.69,,,,,
4076,6,19,19,76.06,76.8,4.291,0.0,37.0,3.38,,,,,
4077,6,19,20,65.91,75.2,4.291,0.0,0.0,3.47,,,,,
4078,6,19,21,52.58,74.3,4.291,0.0,0.0,4.19,,,,,
4079,6,19,22,50.49,73.8,4.291,0.0,0.0,5.46,,,,,
4080,6,19,23,43.91,73.2,4.291,0.0,0.0,5.59,,,,,
4081,6,20,0,46.74,72.3,4.291,0.0,0.0,5.46,,,,,
4082,6,20,1,40.48,70.7,4.291,0.0,0.0,4.43,,,,,
4083,6,20,2,35.24,68.2,4.291,0.0,0.0,1.94,,,,,
4084,6,20,3,33.76,65.7,4.291,0.0,0.0,3.28,,,,,
4085,6,20,4,33.93,63.9,4.291,0.0,0.0,3.59,,,,,
4086,6,20,5,37.91,63.9,4.291,28.8,76.0,0.30,,,,,
4087,6,20,6,37.21,64.9,4.291,53.4,60.0,0.11,,,,,
4088,6,20,7,35.65,66.6,4.291,161.2,180.0,0.98,,,,,
4089,6,20,8,34.19,68.7,4.291,320.8,356.0,1.61,,,,,
4090,6,20,9,34.67,70.9,4.291,715.9,762.0,1.82,,,,,
4091,6,20,10,34.75,72.7,4.291,866.1,885.0,0.50,,,,,
4092,6,20,11,34.45,74.1,4.291,729.5,762.0,0.79,,,,,
4093,6,20,12,37.44,75.0,4.291,960.2,968.0,2.59,,,,,
4094,6,20,13,34.91,75.4,4.291,898.7,927.0,3.72,,,,,
4095,6,20,14,34.23,75.4,4.291,774.9,840.0,3.72,,,,,
4096,6,20,15,31.27,74.8,4.291,387.0,433.0,2.61,,,,,
4097,6,20,16,35.59,73.6,4.291,367.9,541.0,2.95,,,,,
4098,6,20,17,42.67,72.0,4.291,140.9,158.0,4.33,,,,,
4099,6,20,18,50.14,69.3,4.291,30.2,185.0,4.11,,,,,
4100,6,20,19,53.18,66.2,4.291,0.0,40.0,6.06,,,,,
4101,6,20,20,42.78,64.2,4.291,0.0,0.0,7.02,,,,,
4102,6,20,21,35.02,62.8,4.291,0.0,0.0,6.59,,,,,
4103,6,20,22,33.02,61.7,4.291,0.0,0.0,5.16,,,,,
4104,6,20,23,31.69,60.3,4.291,0.0,0.0,4.85,,,,,
4105,6,21,0,32.40,59.2,4.291,0.0,0.0,6.00,,,,,
4106,6,21,1,30.79,58.5,4.291,0.0,0.0,4.70,,,,,
4107,6,21,2,30.58,58.3,4.291,0.0,0.0,2.82,,,,,
4108,6,21,3,30.17,58.5,4.291,0.0,0.0,1.73,,,,,
4109,6,21,4,32.07,58.1,4.291,0.0,0.0,2.94,,,,,
4110,6,21,5,29.97,61.7,4.291,32.5,73.0,2.71,,,,,
4111,6,21,6,29.81,65.8,4.291,124.4,233.0,2.95,,,,,
4112,6,21,7,30.68,70.0,4.291,311.4,417.0,3.67,,,,,
4113,6,21,8,30.44,73.0,4.291,518.7,597.0,3.44,,,,,
4114,6,21,9,29.66,75.4,4.291,708.2,754.0,3.44,,,,,
4115,6,21,10,32.68,77.2,4.291,866.2,885.0,3.71,,,,,
4116,6,21,11,33.32,78.8,4.291,950.6,955.0,4.90,,,,,
4117,6,21,12,34.41,79.9,4.291,968.0,975.0,3.95,,,,,
4118,6,21,13,34.42,80.8,4.291,908.2,936.0,4.68,,,,,
4119,6,21,14,32.08,81.0,4.291,731.6,793.0,4.66,,,,,
4120,6,21,15,42.44,80.8,4.291,565.0,673.0,5.53,,,,,
4121,6,21,16,50.38,80.8,4.291,370.0,548.0,5.66,,,,,
4122,6,21,17,55.52,81.5,4.291,123.4,365.0,5.42,,,,,
4123,6,21,18,63.20,75.9,4.291,80.5,166.0,6.24,,,,,
4124,6,21,19,57.15,71.2,4.291,0.0,3.0,6.31,,,,,
4125,6,21,20,54.37,69.8,4.291,0.0,0.0,7.49,,,,,
4126,6,21,21,46.88,69.4,4.291,0.0,0.0,8.19,,,,,
4127,6,21,22,41.89,69.4,4.291,0.0,0.0,8.41,,,,,
4128,6,21,23,36.41,70.3,4.291,0.0,0.0,7.04,,,,,
4129,6,22,0,34.59,70.0,4.291,0.0,0.0,5.22,,,,,
4130,6,22,1,33.27,69.6,4.291,0.0,0.0,2.90,,,,,
4131,6,22,2,30.45,69.4,4.291,0.0,0.0,2.26,,,,,
4132,6,22,3,28.50,69.1,4.291,0.0,0.0,0.94,,,,,
4133,6,22,4,26.86,68.5,4.291,0.0,0.0,1.87,,,,,
4134,6,22,5,24.20,69.3,4.291,19.7,22.0,3.69,,,,,
4135,6,22,6,26.67,70.5,4.291,34.0,38.0,5.69,,,,,
4136,6,22,7,27.93,73.6,4.291,37.5,42.0,3.99,,,,,
4137,6,22,8,29.95,77.5,4.291,309.3,344.0,4.80,,,,,
4138,6,22,9,39.02,79.3,4.291,527.6,570.0,5.44,,,,,
4139,6,22,10,44.17,81.5,4.291,813.7,833.0,5.63,,,,,
4140,6,22,11,49.98,83.5,4.291,900.8,907.0,5.15,,,,,
4141,6,22,12,63.68,84.9,4.291,502.3,541.0,4.54,,,,,
4142,6,22,13,55.34,86.2,4.291,398.5,439.0,5.11,,,,,
4143,6,22,14,66.60,86.7,4.291,554.3,604.0,5.76,,,,,
4144,6,22,15,74.80,86.5,4.291,107.2,120.0,5.21,,,,,
4145,6,22,16,89.82,85.5,4.291,360.8,527.0,5.14,,,,,
4146,6,22,17,62.21,83.8,4.291,179.1,310.0,4.96,,,,,
4147,6,22,18,64.89,80.8,4.291,91.9,172.0,4.69,,,,,
4148,6,22,19,63.12,77.2,4.291,0.0,31.0,4.59,,,,,
4149,6,22,20,48.69,75.6,4.291,0.0,0.0,6.86,,,,,
4150,6,22,21,47.29,73.9,4.291,0.0,0.0,6.27,,,,,
4151,6,22,22,45.35,72.0,4.291,0.0,0.0,5.21,,,,,
4152,6,22,23,60.68,70.3,4.291,0.0,0.0,3.96,,,,,
4153,6,23,0,56.26,69.4,4.291,0.0,0.0,3.20,,,,,
4154,6,23,1,51.17,68.7,4.291,0.0,0.0,1.37,,,,,
4155,6,23,2,43.05,68.2,4.291,0.0,0.0,1.28,,,,,
4156,6,23,3,43.05,67.3,4.291,0.0,0.0,0.99,,,,,
4157,6,23,4,46.77,68.0,4.291,0.0,0.0,0.46,,,,,
4158,6,23,5,51.78,72.3,4.291,20.6,23.0,0.84,,,,,
4159,6,23,6,51.40,75.9,4.291,130.0,147.0,1.06,,,,,
4160,6,23,7,51.18,80.4,4.291,222.9,251.0,1.62,,,,,
4161,6,23,8,50.85,83.8,4.291,485.7,557.0,2.90,,,,,
4162,6,23,9,65.88,86.5,4.291,668.3,712.0,3.59,,,,,
4163,6,23,10,67.23,88.7,4.291,814.5,834.0,4.10,,,,,
4164,6,23,11,85.44,90.1,4.291,817.5,826.0,4.87,,,,,
4165,6,23,12,124.23,90.9,4.291,710.6,744.0,4.02,,,,,
4166,6,23,13,147.99,90.9,4.291,859.5,887.0,3.78,,,,,
4167,6,23,14,194.35,90.5,4.291,744.3,806.0,4.87,,,,,
4168,6,23,15,213.11,89.6,4.291,575.2,685.0,5.08,,,,,
4169,6,23,16,235.54,88.5,4.291,363.6,532.0,5.51,,,,,
4170,6,23,17,241.68,86.7,4.291,126.4,360.0,5.25,,,,,
4171,6,23,18,239.60,83.5,4.291,100.9,134.0,5.54,,,,,
4172,6,23,19,220.68,80.1,4.291,0.0,42.0,4.23,,,,,
4173,6,23,20,190.06,79.0,4.291,0.0,0.0,5.58,,,,,
4174,6,23,21,80.90,78.4,4.291,0.0,0.0,5.51,,,,,
4175,6,23,22,67.04,77.7,4.291,0.0,0.0,4.69,,,,,
4176,6,23,23,51.28,76.8,4.291,0.0,0.0,4.62,,,,,
4177,6,24,0,48.98,76.8,4.291,0.0,0.0,4.07,,,,,
4178,6,24,1,45.67,76.8,4.291,0.0,0.0,4.41,,,,,
4179,6,24,2,43.29,76.5,4.291,0.0,0.0,4.97,,,,,
4180,6,24,3,41.85,75.6,4.291,0.0,0.0,3.28,,,,,
4181,6,24,4,43.80,73.9,4.291,0.0,0.0,4.65,,,,,
4182,6,24,5,52.01,76.3,4.291,27.8,76.0,4.84,,,,,
4183,6,24,6,57.10,79.3,4.291,121.6,241.0,4.10,,,,,
4184,6,24,7,68.22,82.8,4.291,315.5,427.0,4.47,,,,,
4185,6,24,8,68.11,85.8,4.291,525.3,606.0,7.23,,,,,
4186,6,24,9,70.98,88.3,4.291,714.7,761.0,7.23,,,,,
4187,6,24,10,85.85,90.0,4.291,864.5,883.0,4.96,,,,,
4188,6,24,11,127.19,91.2,4.291,951.2,955.0,3.91,,,,,
4189,6,24,12,175.34,91.8,4.291,967.9,974.0,3.69,,,,,
4190,6,24,13,196.52,91.9,4.291,902.1,929.0,3.37,,,,,
4191,6,24,14,288.44,91.4,4.291,772.1,836.0,4.57,,,,,
4192,6,24,15,333.52,90.7,4.291,587.7,702.0,7.33,,,,,
4193,6,24,16,400.00,89.2,4.291,364.9,538.0,7.42,,,,,
4194,6,24,17,449.44,87.4,4.291,124.1,359.0,5.74,,,,,
4195,6,24,18,393.19,84.6,4.291,84.9,95.0,5.37,,,,,
4196,6,24,19,313.67,81.9,4.291,0.0,40.0,5.64,,,,,
4197,6,24,20,192.13,80.4,4.291,0.0,0.0,6.23,,,,,
4198,6,24,21,103.27,79.0,4.291,0.0,0.0,7.74,,,,,
4199,6,24,22,51.76,77.9,4.291,0.0,0.0,6.74,,,,,
4200,6,24,23,62.93,76.8,4.291,0.0,0.0,6.84,,,,,
4201,6,25,0,62.84,76.1,4.291,0.0,0.0,7.61,,,,,
4202,6,25,1,56.06,75.4,4.291,0.0,0.0,6.24,,,,,
4203,6,25,2,55.80,74.8,4.291,0.0,0.0,7.27,,,,,
4204,6,25,3,64.22,74.3,4.291,0.0,0.0,7.50,,,,,
4205,6,25,4,67.16,74.3,4.291,0.0,0.0,6.82,,,,,
4206,6,25,5,67.85,75.9,4.291,33.0,67.0,6.08,,,,,
4207,6,25,6,73.14,78.8,4.291,120.0,219.0,6.11,,,,,
4208,6,25,7,57.57,81.7,4.291,296.0,394.0,4.14,,,,,
4209,6,25,8,59.41,83.8,4.291,493.1,567.0,2.91,,,,,
4210,6,25,9,56.97,85.3,4.291,675.1,719.0,1.56,,,,,
4211,6,25,10,55.81,86.4,4.291,830.0,848.0,0.91,,,,,
4212,6,25,11,57.52,87.1,4.291,123.3,138.0,1.95,,,,,
4213,6,25,12,91.74,87.6,4.291,742.3,769.0,1.68,,,,,
4214,6,25,13,88.45,87.6,4.291,498.4,538.0,2.37,,,,,
4215,6,25,14,119.91,87.3,4.291,468.7,512.0,2.85,,,,,
4216,6,25,15,140.00,86.4,4.291,582.5,695.0,2.87,,,,,
4217,6,25,16,157.97,85.6,4.291,360.5,521.0,2.80,,,,,
4218,6,25,17,201.27,84.2,4.291,16.1,18.0,1.49,,,,,
4219,6,25,18,178.15,81.1,4.291,25.7,185.0,1.38,,,,,
4220,6,25,19,109.87,77.0,4.291,0.0,41.0,2.69,,,,,
4221,6,25,20,57.98,76.1,4.291,0.0,0.0,8.92,,,,,
4222,6,25,21,41.12,74.7,4.291,0.0,0.0,4.43,,,,,
4223,6,25,22,48.71,73.0,4.291,0.0,0.0,2.78,,,,,
4224,6,25,23,52.31,71.6,4.291,0.0,0.0,2.97,,,,,
4225,6,26,0,47.73,70.2,4.291,0.0,0.0,4.27,,,,,
4226,6,26,1,47.20,68.9,4.291,0.0,0.0,2.23,,,,,
4227,6,26,2,40.16,67.6,4.291,0.0,0.0,1.95,,,,,
4228,6,26,3,39.64,66.9,4.291,0.0,0.0,2.28,,,,,
4229,6,26,4,44.31,66.6,4.291,0.0,0.0,3.29,,,,,
4230,6,26,5,49.19,67.3,4.291,31.2,67.0,3.79,,,,,
4231,6,26,6,51.93,68.7,4.291,42.9,48.0,3.49,,,,,
4232,6,26,7,49.36,69.3,4.291,194.3,218.0,4.05,,,,,
4233,6,26,8,51.95,69.8,4.291,300.1,333.0,4.81,,,,,
4234,6,26,9,49.17,70.9,4.291,309.8,343.0,6.31,,,,,
4235,6,26,10,49.25,71.6,4.291,392.5,430.0,5.54,,,,,
4236,6,26,11,45.24,72.0,4.291,90.3,101.0,7.07,,,,,
4237,6,26,12,47.88,71.1,4.291,84.0,94.0,5.62,,,,,
4238,6,26,13,41.88,70.0,4.291,254.7,283.0,6.99,,,,,
4239,6,26,14,38.37,68.9,4.291,33.1,37.0,7.80,,,,,
4240,6,26,15,48.13,67.8,4.291,196.6,219.0,7.47,,,,,
4241,6,26,16,35.74,67.1,4.291,162.6,182.0,6.22,,,,,
4242,6,26,17,25.72,66.2,4.291,30.4,34.0,4.62,,,,,
4243,6,26,18,25.95,64.8,4.291,22.3,25.0,6.16,,,,,
4244,6,26,19,36.28,62.8,4.291,0.0,2.0,6.65,,,,,
4245,6,26,20,32.74,61.5,4.291,0.0,0.0,11.06,,,,,
4246,6,26,21,32.79,60.8,4.291,0.0,0.0,6.75,,,,,
4247,6,26,22,28.31,60.4,4.291,0.0,0.0,6.82,,,,,
4248,6,26,23,40.48,60.4,4.291,0.0,0.0,4.44,,,,,
4249,6,27,0,38.39,59.9,4.291,0.0,0.0,6.69,,,,,
4250,6,27,1,35.05,59.2,4.291,0.0,0.0,5.55,,,,,
4251,6,27,2,32.57,58.8,4.291,0.0,0.0,7.69,,,,,
4252,6,27,3,33.17,58.6,4.291,0.0,0.0,7.81,,,,,
4253,6,27,4,34.53,58.6,4.291,0.0,0.0,6.68,,,,,
4254,6,27,5,39.28,60.8,4.291,3.6,4.0,4.19,,,,,
4255,6,27,6,38.57,63.1,4.291,62.6,70.0,5.70,,,,,
4256,6,27,7,43.77,65.7,4.291,125.4,140.0,4.60,,,,,
4257,6,27,8,37.56,67.8,4.291,208.2,232.0,5.96,,,,,
4258,6,27,9,33.59,69.3,4.291,359.9,395.0,6.48,,,,,
4259,6,27,10,34.60,70.5,4.291,651.3,685.0,6.82,,,,,
4260,6,27,11,33.28,71.4,4.291,541.4,577.0,5.64,,,,,
4261,6,27,12,29.33,72.1,4.291,528.6,567.0,7.73,,,,,
4262,6,27,13,29.34,72.5,4.291,537.4,577.0,7.76,,,,,
4263,6,27,14,29.96,71.8,4.291,758.1,819.0,6.62,,,,,
4264,6,27,15,31.03,70.7,4.291,450.7,508.0,5.42,,,,,
4265,6,27,16,34.25,69.4,4.291,220.5,247.0,5.88,,,,,
4266,6,27,17,34.98,67.8,4.291,83.1,93.0,6.29,,,,,
4267,6,27,18,35.04,66.0,4.291,34.9,39.0,7.12,,,,,
4268,6,27,19,34.99,63.3,4.291,0.0,31.0,6.98,,,,,
4269,6,27,20,33.32,61.9,4.291,0.0,0.0,7.47,,,,,
4270,6,27,21,30.21,61.0,4.291,0.0,0.0,7.82,,,,,
4271,6,27,22,28.00,60.1,4.291,0.0,0.0,7.58,,,,,
4272,6,27,23,30.36,59.4,4.291,0.0,0.0,6.44,,,,,
4273,6,28,0,32.84,58.6,4.291,0.0,0.0,5.78,,,,,
4274,6,28,1,31.02,58.1,4.291,0.0,0.0,4.53,,,,,
4275,6,28,2,30.49,57.6,4.291,0.0,0.0,7.02,,,,,
4276,6,28,3,29.79,57.2,4.291,0.0,0.0,6.43,,,,,
4277,6,28,4,29.79,57.0,4.291,0.0,0.0,5.30,,,,,
4278,6,28,5,27.32,57.6,4.291,47.4,53.0,4.29,,,,,
4279,6,28,6,26.15,59.5,4.291,7.1,8.0,2.99,,,,,
4280,6,28,7,26.82,62.8,4.291,61.7,69.0,3.27,,,,,
4281,6,28,8,32.96,66.6,4.291,62.6,70.0,4.02,,,,,
4282,6,28,9,32.08,70.5,4.291,156.1,174.0,4.92,,,,,
4283,6,28,10,32.88,73.8,4.291,188.6,211.0,4.30,,,,,
4284,6,28,11,32.00,76.1,4.291,206.5,231.0,4.24,,,,,
4285,6,28,12,31.70,77.7,4.291,412.5,454.0,5.62,,,,,
4286,6,28,13,28.91,78.8,4.291,602.2,644.0,5.36,,,,,
4287,6,28,14,32.45,79.3,4.291,746.8,806.0,7.45,,,,,
4288,6,28,15,45.99,79.0,4.291,575.2,681.0,9.11,,,,,
4289,6,28,16,47.16,78.3,4.291,363.9,523.0,9.38,,,,,
4290,6,28,17,45.97,77.2,4.291,184.0,314.0,8.75,,,,,
4291,6,28,18,55.62,75.4,4.291,88.0,102.0,6.58,,,,,
4292,6,28,19,60.54,72.5,4.291,0.0,37.0,9.22,,,,,
4293,6,28,20,55.32,71.8,4.291,0.0,0.0,9.32,,,,,
4294,6,28,21,47.73,70.7,4.291,0.0,0.0,10.96,,,,,
4295,6,28,22,37.30,70.0,4.291,0.0,0.0,9.95,,,,,
4296,6,28,23,35.25,69.6,4.291,0.0,0.0,9.72,,,,,
4297,6,29,0,33.33,69.1,4.291,0.0,0.0,8.48,,,,,
4298,6,29,1,31.42,68.7,4.291,0.0,0.0,8.40,,,,,
4299,6,29,2,32.81,68.4,4.291,0.0,0.0,7.80,,,,,
4300,6,29,3,32.28,67.5,4.291,0.0,0.0,6.85,,,,,
4301,6,29,4,31.21,66.9,4.291,0.0,0.0,7.96,,,,,
4302,6,29,5,31.11,67.6,4.291,31.9,69.0,8.35,,,,,
4303,6,29,6,31.29,68.2,4.291,120.8,232.0,7.56,,,,,
4304,6,29,7,31.95,69.4,4.291,313.5,423.0,6.70,,,,,
4305,6,29,8,32.11,71.8,4.291,525.9,606.0,5.24,,,,,
4306,6,29,9,30.81,73.9,4.291,716.8,762.0,5.47,,,,,
4307,6,29,10,32.66,75.9,4.291,528.3,566.0,4.20,,,,,
4308,6,29,11,38.41,77.5,4.291,597.9,634.0,3.95,,,,,
4309,6,29,12,39.00,78.6,4.291,745.4,775.0,6.31,,,,,
4310,6,29,13,39.62,79.2,4.291,536.8,576.0,4.81,,,,,
4311,6,29,14,41.16,79.2,4.291,620.4,672.0,4.47,,,,,
4312,6,29,15,39.88,78.6,4.291,338.4,377.0,4.41,,,,,
4313,6,29,16,54.39,77.5,4.291,267.3,305.0,4.36,,,,,
4314,6,29,17,66.60,75.7,4.291,204.5,266.0,2.91,,,,,
4315,6,29,18,77.84,72.7,4.291,84.1,95.0,3.40,,,,,
4316,6,29,19,55.92,67.6,4.291,0.0,27.0,2.24,,,,,
4317,6,29,20,55.26,65.8,4.291,0.0,0.0,2.89,,,,,
4318,6,29,21,49.74,64.9,4.291,0.0,0.0,2.11,,,,,
4319,6,29,22,43.16,64.0,4.291,0.0,0.0,3.69,,,,,
4320,6,29,23,34.30,63.5,4.291,0.0,0.0,2.01,,,,,
4321,6,30,0,42.31,63.1,4.291,0.0,0.0,2.51,,,,,
4322,6,30,1,33.03,63.1,4.291,0.0,0.0,2.26,,,,,
4323,6,30,2,31.28,63.3,4.291,0.0,0.0,0.32,,,,,
4324,6,30,3,33.01,63.5,4.291,0.0,0.0,0.46,,,,,
4325,6,30,4,34.13,63.3,4.291,0.0,0.0,0.34,,,,,
4326,6,30,5,36.33,65.7,4.291,44.7,50.0,1.68,,,,,
4327,6,30,6,41.96,69.4,4.291,89.2,100.0,1.38,,,,,
4328,6,30,7,35.06,73.4,4.291,204.9,230.0,0.41,,,,,
4329,6,30,8,35.34,76.1,4.291,517.6,596.0,0.71,,,,,
4330,6,30,9,37.11,78.3,4.291,708.8,753.0,1.50,,,,,
4331,6,30,10,40.74,80.2,4.291,856.6,873.0,1.14,,,,,
4332,6,30,11,44.84,81.5,4.291,942.4,944.0,1.52,,,,,
4333,6,30,12,47.32,81.7,4.291,876.1,880.0,2.80,,,,,
4334,6,30,13,44.62,81.9,4.291,738.7,768.0,1.38,,,,,
4335,6,30,14,46.41,82.4,4.291,782.6,843.0,3.23,,,,,
4336,6,30,15,61.01,82.6,4.291,603.2,716.0,3.91,,,,,
4337,6,30,16,95.62,82.2,4.291,377.5,553.0,3.45,,,,,
4338,6,30,17,129.50,80.6,4.291,128.6,369.0,3.45,,,,,
4339,6,30,18,102.42,76.1,4.291,28.6,186.0,4.12,,,,,
4340,6,30,19,96.88,72.7,4.291,0.0,39.0,2.15,,,,,
4341,6,30,20,73.92,71.6,4.291,0.0,0.0,3.36,,,,,
4342,6,30,21,44.86,71.4,4.291,0.0,0.0,3.42,,,,,
4343,6,30,22,46.25,71.2,4.291,0.0,0.0,4.28,,,,,
4344,6,30,23,50.63,71.2,4.291,0.0,0.0,4.13,,,,,
4345,7,1,0,47.10,70.9,4.436,0.0,0.0,3.49,,,,,
4346,7,1,1,43.77,70.7,4.436,0.0,0.0,4.25,,,,,
4347,7,1,2,38.82,70.5,4.436,0.0,0.0,4.67,,,,,
4348,7,1,3,39.53,70.7,4.436,0.0,0.0,2.67,,,,,
4349,7,1,4,44.14,70.9,4.436,0.0,0.0,2.22,,,,,
4350,7,1,5,46.64,71.6,4.436,45.6,51.0,2.66,,,,,
4351,7,1,6,52.16,73.0,4.436,30.4,34.0,2.78,,,,,
4352,7,1,7,54.58,75.4,4.436,67.0,75.0,1.51,,,,,
4353,7,1,8,56.24,77.9,4.436,304.4,338.0,2.28,,,,,
4354,7,1,9,55.98,80.2,4.436,338.0,372.0,3.17,,,,,
4355,7,1,10,59.19,81.5,4.436,262.7,293.0,5.10,,,,,
4356,7,1,11,64.10,82.4,4.436,891.4,894.0,5.47,,,,,
4357,7,1,12,71.70,81.9,4.436,786.1,808.0,5.01,,,,,
4358,7,1,13,72.12,81.0,4.436,685.9,723.0,4.65,,,,,
4359,7,1,14,75.30,80.8,4.436,744.5,801.0,5.22,,,,,
4360,7,1,15,80.07,80.6,4.436,579.2,684.0,5.89,,,,,
4361,7,1,16,87.14,79.5,4.436,162.5,182.0,5.39,,,,,
4362,7,1,17,79.16,77.9,4.436,9.8,11.0,6.44,,,,,
4363,7,1,18,80.14,76.3,4.436,95.6,116.0,6.89,,,,,
4364,7,1,19,73.50,74.5,4.436,0.0,18.0,6.67,,,,,
4365,7,1,20,70.82,73.4,4.436,0.0,0.0,7.49,,,,,
4366,7,1,21,63.76,72.3,4.436,0.0,0.0,8.17,,,,,
4367,7,1,22,47.60,71.6,4.436,0.0,0.0,8.56,,,,,
4368,7,1,23,51.02,70.9,4.436,0.0,0.0,7.61,,,,,
4369,7,2,0,49.88,70.7,4.436,0.0,0.0,7.28,,,,,
4370,7,2,1,44.76,70.2,4.436,0.0,0.0,6.54,,,,,
4371,7,2,2,40.69,69.8,4.436,0.0,0.0,5.79,,,,,
4372,7,2,3,41.24,69.4,4.436,0.0,0.0,5.30,,,,,
4373,7,2,4,44.75,69.1,4.436,0.0,0.0,5.60,,,,,
4374,7,2,5,54.31,69.4,4.436,33.1,37.0,6.32,,,,,
4375,7,2,6,46.73,70.5,4.436,109.2,125.0,5.90,,,,,
4376,7,2,7,54.63,72.3,4.436,152.7,171.0,5.72,,,,,
4377,7,2,8,55.73,75.0,4.436,369.0,412.0,4.01,,,,,
4378,7,2,9,50.49,75.0,4.436,647.1,687.0,4.20,,,,,
4379,7,2,10,55.36,76.3,4.436,759.9,776.0,4.86,,,,,
4380,7,2,11,55.71,78.8,4.436,821.8,828.0,4.79,,,,,
4381,7,2,12,57.26,81.5,4.436,781.1,796.0,4.79,,,,,
4382,7,2,13,56.96,82.6,4.436,741.8,769.0,3.40,,,,,
4383,7,2,14,59.53,82.8,4.436,664.0,714.0,3.13,,,,,
4384,7,2,15,76.33,81.9,4.436,479.9,549.0,2.20,,,,,
4385,7,2,16,77.54,80.6,4.436,376.2,532.0,1.43,,,,,
4386,7,2,17,84.60,79.2,4.436,135.6,362.0,1.56,,,,,
4387,7,2,18,80.35,76.1,4.436,32.4,184.0,0.78,,,,,
4388,7,2,19,80.65,71.8,4.436,0.0,40.0,1.37,,,,,
4389,7,2,20,71.73,70.9,4.436,0.0,0.0,2.50,,,,,
4390,7,2,21,54.06,70.3,4.436,0.0,0.0,2.32,,,,,
4391,7,2,22,45.01,69.3,4.436,0.0,0.0,0.74,,,,,
4392,7,2,23,40.07,68.4,4.436,0.0,0.0,2.58,,,,,
4393,7,3,0,43.52,67.6,4.436,0.0,0.0,4.90,,,,,
4394,7,3,1,37.46,66.7,4.436,0.0,0.0,4.16,,,,,
4395,7,3,2,35.71,65.5,4.436,0.0,0.0,3.12,,,,,
4396,7,3,3,35.70,64.8,4.436,0.0,0.0,3.37,,,,,
4397,7,3,4,37.54,64.6,4.436,0.0,0.0,3.95,,,,,
4398,7,3,5,44.28,68.2,4.436,30.7,61.0,5.12,,,,,
4399,7,3,6,43.31,71.6,4.436,124.5,141.0,5.79,,,,,
4400,7,3,7,40.49,75.7,4.436,296.7,394.0,3.90,,,,,
4401,7,3,8,39.63,78.3,4.436,498.3,571.0,4.25,,,,,
4402,7,3,9,38.72,79.7,4.436,682.9,724.0,2.68,,,,,
4403,7,3,10,40.35,79.7,4.436,114.4,128.0,3.22,,,,,
4404,7,3,11,50.26,79.2,4.436,909.5,910.0,3.21,,,,,
4405,7,3,12,52.21,77.9,4.436,924.6,927.0,2.83,,,,,
4406,7,3,13,59.59,77.7,4.436,450.2,490.0,3.91,,,,,
4407,7,3,14,63.83,78.6,4.436,768.8,825.0,3.36,,,,,
4408,7,3,15,75.32,78.3,4.436,591.3,696.0,2.68,,,,,
4409,7,3,16,81.16,77.0,4.436,346.1,442.0,1.61,,,,,
4410,7,3,17,81.09,75.2,4.436,7.1,8.0,1.03,,,,,
4411,7,3,18,75.99,72.1,4.436,34.9,39.0,0.97,,,,,
4412,7,3,19,74.78,69.1,4.436,0.0,35.0,2.69,,,,,
4413,7,3,20,60.51,67.6,4.436,0.0,0.0,2.50,,,,,
4414,7,3,21,49.53,65.8,4.436,0.0,0.0,3.00,,,,,
4415,7,3,22,40.08,64.4,4.436,0.0,0.0,2.27,,,,,
4416,7,3,23,47.58,63.3,4.436,0.0,0.0,1.45,,,,,
4417,7,4,0,39.85,63.0,4.436,0.0,0.0,0.78,,,,,
4418,7,4,1,34.91,62.4,4.436,0.0,0.0,2.94,,,,,
4419,7,4,2,32.86,61.9,4.436,0.0,0.0,4.92,,,,,
4420,7,4,3,32.22,60.4,4.436,0.0,0.0,3.75,,,,,
4421,7,4,4,33.08,59.4,4.436,0.0,0.0,2.78,,,,,
4422,7,4,5,34.77,61.0,4.436,19.7,22.0,1.65,,,,,
4423,7,4,6,31.88,63.1,4.436,114.9,231.0,0.84,,,,,
4424,7,4,7,29.54,66.0,4.436,309.5,418.0,0.98,,,,,
4425,7,4,8,29.28,68.4,4.436,525.2,603.0,1.13,,,,,
4426,7,4,9,29.29,70.2,4.436,722.7,765.0,0.20,,,,,
4427,7,4,10,29.56,72.0,4.436,873.8,887.0,2.72,,,,,
4428,7,4,11,29.42,73.4,4.436,965.5,963.0,1.30,,,,,
4429,7,4,12,30.13,74.7,4.436,658.8,694.0,1.94,,,,,
4430,7,4,13,29.43,75.2,4.436,928.6,948.0,4.34,,,,,
4431,7,4,14,27.75,75.2,4.436,805.5,863.0,2.50,,,,,
4432,7,4,15,35.50,74.8,4.436,620.0,731.0,1.43,,,,,
4433,7,4,16,51.98,73.8,4.436,390.7,567.0,0.10,,,,,
4434,7,4,17,61.94,72.1,4.436,133.8,382.0,1.86,,,,,
4435,7,4,18,62.54,68.2,4.436,21.2,197.0,2.31,,,,,
4436,7,4,19,56.23,64.0,4.436,0.0,43.0,1.32,,,,,
4437,7,4,20,50.09,63.1,4.436,0.0,0.0,4.74,,,,,
4438,7,4,21,41.27,63.0,4.436,0.0,0.0,4.79,,,,,
4439,7,4,22,34.62,62.6,4.436,0.0,0.0,3.65,,,,,
4440,7,4,23,31.17,61.7,4.436,0.0,0.0,4.44,,,,,
4441,7,5,0,30.79,60.3,4.436,0.0,0.0,2.16,,,,,
4442,7,5,1,29.76,58.5,4.436,0.0,0.0,3.82,,,,,
4443,7,5,2,28.51,57.2,4.436,0.0,0.0,5.46,,,,,
4444,7,5,3,28.44,56.7,4.436,0.0,0.0,4.99,,,,,
4445,7,5,4,29.28,57.0,4.436,0.0,0.0,5.73,,,,,
4446,7,5,5,28.43,60.4,4.436,46.0,60.0,6.13,,,,,
4447,7,5,6,27.20,64.2,4.436,115.6,231.0,5.29,,,,,
4448,7,5,7,27.31,68.5,4.436,283.0,350.0,6.07,,,,,
4449,7,5,8,29.89,71.4,4.436,440.1,496.0,5.82,,,,,
4450,7,5,9,30.47,72.9,4.436,635.7,674.0,4.35,,,,,
4451,7,5,10,31.27,75.4,4.436,758.1,774.0,4.28,,,,,
4452,7,5,11,31.85,77.5,4.436,852.2,853.0,4.43,,,,,
4453,7,5,12,32.03,77.4,4.436,825.3,835.0,4.23,,,,,
4454,7,5,13,37.93,78.1,4.436,691.8,722.0,2.16,,,,,
4455,7,5,14,35.97,79.2,4.436,721.6,772.0,2.57,,,,,
4456,7,5,15,50.81,79.0,4.436,597.1,701.0,4.55,,,,,
4457,7,5,16,73.63,77.9,4.436,375.8,538.0,4.69,,,,,
4458,7,5,17,80.83,75.9,4.436,163.0,361.0,4.78,,,,,
4459,7,5,18,76.25,72.5,4.436,26.6,185.0,3.65,,,,,
4460,7,5,19,59.54,67.8,4.436,0.0,24.0,5.10,,,,,
4461,7,5,20,51.34,66.6,4.436,0.0,0.0,3.50,,,,,
4462,7,5,21,47.19,66.6,4.436,0.0,0.0,4.47,,,,,
4463,7,5,22,36.66,66.9,4.436,0.0,0.0,3.40,,,,,
4464,7,5,23,35.61,66.2,4.436,0.0,0.0,4.36,,,,,
4465,7,6,0,30.97,65.7,4.436,0.0,0.0,2.39,,,,,
4466,7,6,1,30.07,65.8,4.436,0.0,0.0,3.43,,,,,
4467,7,6,2,30.62,65.7,4.436,0.0,0.0,2.63,,,,,
4468,7,6,3,29.44,65.5,4.436,0.0,0.0,2.75,,,,,
4469,7,6,4,28.47,65.8,4.436,0.0,0.0,2.94,,,,,
4470,7,6,5,23.89,68.0,4.436,25.0,28.0,2.00,,,,,
4471,7,6,6,22.88,71.6,4.436,117.4,201.0,1.25,,,,,
4472,7,6,7,29.80,75.9,4.436,287.2,375.0,2.00,,,,,
4473,7,6,8,30.75,79.3,4.436,474.1,539.0,0.26,,,,,
4474,7,6,9,33.11,81.9,4.436,634.1,671.0,0.31,,,,,
4475,7,6,10,37.70,84.6,4.436,822.2,834.0,1.95,,,,,
4476,7,6,11,42.09,86.2,4.436,909.8,907.0,2.27,,,,,
4477,7,6,12,52.47,87.1,4.436,928.5,927.0,3.07,,,,,
4478,7,6,13,58.80,87.4,4.436,876.9,894.0,4.10,,,,,
4479,7,6,14,73.46,87.3,4.436,760.3,812.0,4.55,,,,,
4480,7,6,15,84.88,86.5,4.436,587.2,687.0,4.44,,,,,
4481,7,6,16,121.49,85.3,4.436,372.6,529.0,4.17,,,,,
4482,7,6,17,206.15,83.3,4.436,157.2,179.0,7.16,,,,,
4483,7,6,18,154.04,79.7,4.436,73.3,83.0,2.95,,,,,
4484,7,6,19,152.98,75.7,4.436,0.0,38.0,2.02,,,,,
4485,7,6,20,107.20,74.5,4.436,0.0,0.0,2.32,,,,,
4486,7,6,21,80.05,72.9,4.436,0.0,0.0,5.03,,,,,
4487,7,6,22,66.10,71.2,4.436,0.0,0.0,4.31,,,,,
4488,7,6,23,52.89,69.6,4.436,0.0,0.0,6.05,,,,,
4489,7,7,0,55.74,68.5,4.436,0.0,0.0,4.74,,,,,
4490,7,7,1,47.58,67.6,4.436,0.0,0.0,3.90,,,,,
4491,7,7,2,40.62,67.3,4.436,0.0,0.0,5.16,,,,,
4492,7,7,3,38.71,67.3,4.436,0.0,0.0,6.05,,,,,
4493,7,7,4,47.88,67.8,4.436,0.0,0.0,6.01,,,,,
4494,7,7,5,55.19,70.3,4.436,27.0,60.0,6.50,,,,,
4495,7,7,6,54.93,74.1,4.436,112.2,217.0,4.23,,,,,
4496,7,7,7,54.43,78.3,4.436,236.6,269.0,3.32,,,,,
4497,7,7,8,58.33,81.3,4.436,356.8,397.0,3.61,,,,,
4498,7,7,9,64.00,83.5,4.436,450.8,483.0,4.18,,,,,
4499,7,7,10,77.90,85.1,4.436,561.5,587.0,3.61,,,,,
4500,7,7,11,85.09,86.2,4.436,239.4,267.0,3.23,,,,,
4501,7,7,12,99.95,86.4,4.436,170.7,191.0,4.37,,,,,
4502,7,7,13,155.04,86.4,4.436,287.8,321.0,3.47,,,,,
4503,7,7,14,192.67,85.8,4.436,288.1,321.0,5.19,,,,,
4504,7,7,15,195.38,84.7,4.436,263.9,294.0,4.35,,,,,
4505,7,7,16,252.48,83.3,4.436,368.9,520.0,5.62,,,,,
4506,7,7,17,247.77,81.7,4.436,139.6,346.0,5.36,,,,,
4507,7,7,18,187.87,79.7,4.436,86.9,172.0,4.84,,,,,
4508,7,7,19,151.93,77.2,4.436,0.0,20.0,2.14,,,,,
4509,7,7,20,105.52,76.1,4.436,0.0,0.0,0.40,,,,,
4510,7,7,21,78.87,75.0,4.436,0.0,0.0,2.16,,,,,
4511,7,7,22,75.64,74.3,4.436,0.0,0.0,1.25,,,,,
4512,7,7,23,56.01,73.9,4.436,0.0,0.0,2.87,,,,,
4513,7,8,0,54.32,73.4,4.436,0.0,0.0,3.96,,,,,
4514,7,8,1,48.98,72.7,4.436,0.0,0.0,3.89,,,,,
4515,7,8,2,43.69,72.1,4.436,0.0,0.0,3.82,,,,,
4516,7,8,3,45.57,72.1,4.436,0.0,0.0,5.34,,,,,
4517,7,8,4,47.28,72.1,4.436,0.0,0.0,4.44,,,,,
4518,7,8,5,51.00,73.8,4.436,6.3,7.0,2.35,,,,,
4519,7,8,6,54.48,75.4,4.436,111.5,200.0,1.81,,,,,
4520,7,8,7,63.49,78.4,4.436,250.9,291.0,1.52,,,,,
4521,7,8,8,66.60,80.6,4.436,483.2,550.0,1.73,,,,,
4522,7,8,9,64.42,82.2,4.436,255.0,284.0,1.18,,,,,
4523,7,8,10,74.22,83.7,4.436,184.1,206.0,2.85,,,,,
4524,7,8,11,77.26,84.6,4.436,484.5,520.0,3.50,,,,,
4525,7,8,12,80.47,85.3,4.436,922.0,918.0,3.48,,,,,
4526,7,8,13,100.05,85.5,4.436,877.1,891.0,1.87,,,,,
4527,7,8,14,136.22,85.1,4.436,615.6,661.0,1.27,,,,,
4528,7,8,15,167.78,84.0,4.436,512.2,582.0,1.82,,,,,
4529,7,8,16,202.09,82.6,4.436,372.3,529.0,3.65,,,,,
4530,7,8,17,240.21,81.0,4.436,134.0,353.0,2.85,,,,,
4531,7,8,18,170.70,78.4,4.436,71.9,175.0,3.95,,,,,
4532,7,8,19,127.83,75.2,4.436,0.0,13.0,2.76,,,,,
4533,7,8,20,101.98,73.8,4.436,0.0,0.0,3.55,,,,,
4534,7,8,21,69.21,72.5,4.436,0.0,0.0,2.76,,,,,
4535,7,8,22,59.14,71.6,4.436,0.0,0.0,2.68,,,,,
4536,7,8,23,52.01,70.7,4.436,0.0,0.0,1.90,,,,,
4537,7,9,0,56.44,70.2,4.436,0.0,0.0,2.18,,,,,
4538,7,9,1,45.50,70.0,4.436,0.0,0.0,1.65,,,,,
4539,7,9,2,41.90,69.4,4.436,0.0,0.0,3.28,,,,,
4540,7,9,3,36.14,68.9,4.436,0.0,0.0,3.91,,,,,
4541,7,9,4,40.29,68.4,4.436,0.0,0.0,4.40,,,,,
4542,7,9,5,55.58,68.5,4.436,17.9,20.0,4.40,,,,,
4543,7,9,6,49.82,69.1,4.436,14.3,16.0,2.39,,,,,
4544,7,9,7,46.69,70.7,4.436,60.0,67.0,1.51,,,,,
4545,7,9,8,52.78,74.5,4.436,238.6,265.0,2.03,,,,,
4546,7,9,9,53.62,78.3,4.436,596.1,630.0,2.80,,,,,
4547,7,9,10,52.58,80.2,4.436,600.3,627.0,3.55,,,,,
4548,7,9,11,48.64,82.0,4.436,820.2,817.0,4.59,,,,,
4549,7,9,12,46.86,83.3,4.436,948.7,942.0,5.43,,,,,
4550,7,9,13,47.62,83.8,4.436,420.4,460.0,5.22,,,,,
4551,7,9,14,44.29,83.7,4.436,330.7,367.0,4.49,,,,,
4552,7,9,15,55.58,83.8,4.436,591.8,688.0,6.78,,,,,
4553,7,9,16,71.09,83.8,4.436,374.5,527.0,6.71,,,,,
4554,7,9,17,55.64,82.2,4.436,140.4,348.0,4.68,,,,,
4555,7,9,18,55.49,78.4,4.436,90.3,162.0,0.88,,,,,
4556,7,9,19,59.12,75.7,4.436,0.0,34.0,2.89,,,,,
4557,7,9,20,57.09,73.4,4.436,0.0,0.0,2.50,,,,,
4558,7,9,21,49.88,71.4,4.436,0.0,0.0,3.56,,,,,
4559,7,9,22,37.44,70.5,4.436,0.0,0.0,5.58,,,,,
4560,7,9,23,49.48,70.2,4.436,0.0,0.0,4.42,,,,,
4561,7,10,0,43.49,69.8,4.436,0.0,0.0,2.45,,,,,
4562,7,10,1,41.37,69.8,4.436,0.0,0.0,4.42,,,,,
4563,7,10,2,36.86,69.8,4.436,0.0,0.0,5.94,,,,,
4564,7,10,3,40.17,69.6,4.436,0.0,0.0,3.29,,,,,
4565,7,10,4,45.89,69.1,4.436,0.0,0.0,5.32,,,,,
4566,7,10,5,52.53,69.8,4.436,29.7,49.0,4.49,,,,,
4567,7,10,6,53.56,70.5,4.436,39.3,44.0,3.23,,,,,
4568,7,10,7,54.33,72.9,4.436,85.1,95.0,4.34,,,,,
4569,7,10,8,57.56,73.2,4.436,257.4,285.0,2.38,,,,,
4570,7,10,9,51.14,73.0,4.436,477.0,509.0,4.22,,,,,
4571,7,10,10,51.29,73.2,4.436,380.3,410.0,3.48,,,,,
4572,7,10,11,49.00,73.0,4.436,686.3,699.0,3.44,,,,,
4573,7,10,12,49.42,72.9,4.436,725.7,737.0,2.68,,,,,
4574,7,10,13,45.91,72.3,4.436,627.4,656.0,3.12,,,,,
4575,7,10,14,47.01,71.8,4.436,485.2,524.0,3.37,,,,,
4576,7,10,15,55.37,71.6,4.436,482.1,546.0,8.10,,,,,
4577,7,10,16,57.03,71.4,4.436,334.4,424.0,8.94,,,,,
4578,7,10,17,38.74,70.9,4.436,179.6,304.0,8.27,,,,,
4579,7,10,18,43.93,69.3,4.436,71.6,81.0,7.64,,,,,
4580,7,10,19,60.38,66.7,4.436,0.0,31.0,6.23,,,,,
4581,7,10,20,67.48,65.7,4.436,0.0,0.0,5.25,,,,,
4582,7,10,21,48.91,64.8,4.436,0.0,0.0,4.84,,,,,
4583,7,10,22,45.78,64.0,4.436,0.0,0.0,6.86,,,,,
4584,7,10,23,42.75,63.5,4.436,0.0,0.0,8.73,,,,,
4585,7,11,0,38.20,63.1,4.436,0.0,0.0,8.84,,,,,
4586,7,11,1,37.18,62.8,4.436,0.0,0.0,8.67,,,,,
4587,7,11,2,36.53,62.8,4.436,0.0,0.0,10.69,,,,,
4588,7,11,3,36.02,63.1,4.436,0.0,0.0,11.90,,,,,
4589,7,11,4,38.09,63.7,4.436,0.0,0.0,12.72,,,,,
4590,7,11,5,46.75,65.8,4.436,29.8,48.0,12.53,,,,,
4591,7,11,6,46.94,69.1,4.436,68.8,77.0,11.29,,,,,
4592,7,11,7,47.19,73.6,4.436,113.8,127.0,11.81,,,,,
4593,7,11,8,46.34,77.9,4.436,264.2,293.0,8.68,,,,,
4594,7,11,9,47.36,81.3,4.436,511.4,545.0,7.68,,,,,
4595,7,11,10,46.58,83.3,4.436,670.8,691.0,6.48,,,,,
4596,7,11,11,52.76,84.7,4.436,789.5,792.0,7.17,,,,,
4597,7,11,12,62.13,85.5,4.436,785.1,795.0,6.99,,,,,
4598,7,11,13,65.06,85.8,4.436,729.4,750.0,7.16,,,,,
4599,7,11,14,75.27,85.5,4.436,716.1,760.0,6.55,,,,,
4600,7,11,15,85.26,85.5,4.436,513.6,582.0,8.01,,,,,
4601,7,11,16,85.29,86.5,4.436,252.7,289.0,8.54,,,,,
4602,7,11,17,88.81,82.9,4.436,149.7,334.0,8.54,,,,,
4603,7,11,18,85.95,79.3,4.436,48.4,163.0,9.24,,,,,
4604,7,11,19,87.83,76.6,4.436,0.0,28.0,9.70,,,,,
4605,7,11,20,72.11,74.1,4.436,0.0,0.0,7.64,,,,,
4606,7,11,21,57.16,72.5,4.436,0.0,0.0,7.28,,,,,
4607,7,11,22,52.68,71.8,4.436,0.0,0.0,7.04,,,,,
4608,7,11,23,46.80,70.7,4.436,0.0,0.0,6.71,,,,,
4609,7,12,0,42.65,70.0,4.436,0.0,0.0,7.05,,,,,
4610,7,12,1,40.67,69.6,4.436,0.0,0.0,7.27,,,,,
4611,7,12,2,37.70,69.4,4.436,0.0,0.0,6.12,,,,,
4612,7,12,3,36.93,69.1,4.436,0.0,0.0,5.07,,,,,
4613,7,12,4,40.21,68.9,4.436,0.0,0.0,4.99,,,,,
4614,7,12,5,37.97,70.7,4.436,22.3,25.0,4.57,,,,,
4615,7,12,6,39.22,72.9,4.436,20.6,23.0,5.44,,,,,
4616,7,12,7,38.23,76.1,4.436,80.4,90.0,6.15,,,,,
4617,7,12,8,38.99,79.5,4.436,139.4,156.0,4.51,,,,,
4618,7,12,9,38.50,82.2,4.436,272.7,301.0,5.16,,,,,
4619,7,12,10,36.41,83.7,4.436,303.4,338.0,4.43,,,,,
4620,7,12,11,37.93,84.6,4.436,536.8,575.0,5.52,,,,,
4621,7,12,12,39.69,85.1,4.436,433.9,475.0,6.27,,,,,
4622,7,12,13,55.87,85.1,4.436,119.8,134.0,7.32,,,,,
4623,7,12,14,58.10,84.4,4.436,569.9,613.0,6.27,,,,,
4624,7,12,15,71.98,83.1,4.436,490.1,550.0,3.93,,,,,
4625,7,12,16,77.40,81.7,4.436,362.9,451.0,3.83,,,,,
4626,7,12,17,78.67,79.7,4.436,206.4,247.0,4.73,,,,,
4627,7,12,18,78.82,76.8,4.436,111.0,131.0,4.14,,,,,
4628,7,12,19,70.47,73.6,4.436,0.0,27.0,4.56,,,,,
4629,7,12,20,69.69,72.1,4.436,0.0,0.0,2.51,,,,,
4630,7,12,21,51.08,70.7,4.436,0.0,0.0,7.75,,,,,
4631,7,12,22,41.08,69.4,4.436,0.0,0.0,5.94,,,,,
4632,7,12,23,47.51,68.5,4.436,0.0,0.0,5.60,,,,,
4633,7,13,0,38.43,67.8,4.436,0.0,0.0,5.33,,,,,
4634,7,13,1,37.47,67.1,4.436,0.0,0.0,3.71,,,,,
4635,7,13,2,37.46,66.6,4.436,0.0,0.0,1.68,,,,,
4636,7,13,3,37.19,66.4,4.436,0.0,0.0,1.51,,,,,
4637,7,13,4,37.72,66.2,4.436,0.0,0.0,1.77,,,,,
4638,7,13,5,40.83,67.1,4.436,27.7,31.0,2.12,,,,,
4639,7,13,6,40.64,68.2,4.436,42.9,48.0,2.71,,,,,
4640,7,13,7,39.23,70.2,4.436,101.0,113.0,3.23,,,,,
4641,7,13,8,39.90,73.2,4.436,166.8,186.0,0.60,,,,,
4642,7,13,9,36.99,76.6,4.436,230.4,257.0,4.33,,,,,
4643,7,13,10,38.62,80.1,4.436,461.9,496.0,7.16,,,,,
4644,7,13,11,38.02,82.4,4.436,421.6,460.0,8.08,,,,,
4645,7,13,12,36.93,83.8,4.436,917.1,907.0,9.34,,,,,
4646,7,13,13,39.96,84.6,4.436,882.9,889.0,9.48,,,,,
4647,7,13,14,50.59,84.6,4.436,764.4,805.0,10.62,,,,,
4648,7,13,15,61.85,83.7,4.436,589.0,677.0,10.84,,,,,
4649,7,13,16,78.05,82.4,4.436,375.7,520.0,11.02,,,,,
4650,7,13,17,78.44,80.6,4.436,142.4,342.0,12.54,,,,,
4651,7,13,18,79.35,77.9,4.436,37.5,167.0,11.02,,,,,
4652,7,13,19,79.59,75.6,4.436,0.0,30.0,10.16,,,,,
4653,7,13,20,71.98,74.3,4.436,0.0,0.0,15.65,,,,,
4654,7,13,21,67.59,72.9,4.436,0.0,0.0,6.70,,,,,
4655,7,13,22,46.94,71.6,4.436,0.0,0.0,2.86,,,,,
4656,7,13,23,41.59,70.7,4.436,0.0,0.0,3.97,,,,,
4657,7,14,0,36.30,70.3,4.436,0.0,0.0,1.30,,,,,
4658,7,14,1,36.11,70.2,4.436,0.0,0.0,5.63,,,,,
4659,7,14,2,35.25,70.0,4.436,0.0,0.0,2.01,,,,,
4660,7,14,3,36.27,69.8,4.436,0.0,0.0,5.18,,,,,
4661,7,14,4,37.44,69.8,4.436,0.0,0.0,5.52,,,,,
4662,7,14,5,41.79,71.1,4.436,28.5,39.0,4.69,,,,,
4663,7,14,6,57.13,73.6,4.436,33.1,37.0,8.07,,,,,
4664,7,14,7,51.55,76.6,4.436,124.5,139.0,3.22,,,,,
4665,7,14,8,53.45,79.3,4.436,131.4,147.0,3.37,,,,,
4666,7,14,9,62.20,81.7,4.436,111.7,125.0,4.46,,,,,
4667,7,14,10,65.32,83.7,4.436,331.4,367.0,6.88,,,,,
4668,7,14,11,71.53,84.9,4.436,713.2,733.0,7.40,,,,,
4669,7,14,12,81.18,85.6,4.436,469.4,506.0,6.50,,,,,
4670,7,14,13,79.55,85.5,4.436,508.4,542.0,5.76,,,,,
4671,7,14,14,84.91,84.4,4.436,561.2,604.0,6.01,,,,,
4672,7,14,15,87.55,82.8,4.436,578.9,662.0,6.30,,,,,
4673,7,14,16,88.94,81.0,4.436,370.6,503.0,6.71,,,,,
4674,7,14,17,90.21,79.2,4.436,150.4,331.0,6.61,,,,,
4675,7,14,18,88.84,77.5,4.436,29.5,33.0,6.49,,,,,
4676,7,14,19,82.54,76.1,4.436,0.0,11.0,5.44,,,,,
4677,7,14,20,81.58,74.8,4.436,0.0,0.0,7.18,,,,,
4678,7,14,21,70.99,73.8,4.436,0.0,0.0,7.64,,,,,
4679,7,14,22,60.76,73.9,4.436,0.0,0.0,3.76,,,,,
4680,7,14,23,62.65,72.9,4.436,0.0,0.0,7.58,,,,,
4681,7,15,0,59.36,72.3,4.436,0.0,0.0,3.29,,,,,
4682,7,15,1,54.86,72.0,4.436,0.0,0.0,5.05,,,,,
4683,7,15,2,51.63,71.2,4.436,0.0,0.0,4.38,,,,,
4684,7,15,3,51.29,70.5,4.436,0.0,0.0,2.34,,,,,
4685,7,15,4,54.72,69.8,4.436,0.0,0.0,1.19,,,,,
4686,7,15,5,61.17,72.1,4.436,26.3,44.0,0.12,,,,,
4687,7,15,6,68.73,75.0,4.436,48.3,54.0,1.04,,,,,
4688,7,15,7,68.00,79.2,4.436,282.6,364.0,1.95,,,,,
4689,7,15,8,67.20,81.7,4.436,480.9,539.0,3.38,,,,,
4690,7,15,9,76.97,83.7,4.436,668.4,696.0,4.99,,,,,
4691,7,15,10,86.32,85.5,4.436,839.3,838.0,3.85,,,,,
4692,7,15,11,106.89,86.5,4.436,573.1,604.0,4.78,,,,,
4693,7,15,12,118.89,87.4,4.436,714.9,737.0,5.36,,,,,
4694,7,15,13,123.65,87.6,4.436,560.9,596.0,3.40,,,,,
4695,7,15,14,148.54,87.6,4.436,246.5,275.0,5.06,,,,,
4696,7,15,15,162.41,87.4,4.436,609.0,697.0,4.13,,,,,
4697,7,15,16,214.88,87.1,4.436,384.6,531.0,4.40,,,,,
4698,7,15,17,267.37,85.6,4.436,141.7,351.0,5.30,,,,,
4699,7,15,18,206.60,80.6,4.436,28.7,173.0,5.74,,,,,
4700,7,15,19,174.83,77.7,4.436,0.0,31.0,6.12,,,,,
4701,7,15,20,143.87,76.8,4.436,0.0,0.0,6.66,,,,,
4702,7,15,21,88.31,75.0,4.436,0.0,0.0,6.43,,,,,
4703,7,15,22,77.63,72.9,4.436,0.0,0.0,5.44,,,,,
4704,7,15,23,82.93,71.2,4.436,0.0,0.0,4.44,,,,,
4705,7,16,0,76.16,70.2,4.436,0.0,0.0,4.42,,,,,
4706,7,16,1,71.38,69.3,4.436,0.0,0.0,4.62,,,,,
4707,7,16,2,68.42,68.5,4.436,0.0,0.0,4.18,,,,,
4708,7,16,3,66.97,68.0,4.436,0.0,0.0,6.70,,,,,
4709,7,16,4,72.43,68.2,4.436,0.0,0.0,5.66,,,,,
4710,7,16,5,71.64,71.6,4.436,23.5,44.0,7.82,,,,,
4711,7,16,6,72.89,75.2,4.436,125.8,146.0,8.07,,,,,
4712,7,16,7,75.83,80.2,4.436,286.9,373.0,8.32,,,,,
4713,7,16,8,74.89,84.0,4.436,491.0,550.0,8.96,,,,,
4714,7,16,9,98.90,86.4,4.436,681.3,707.0,0.87,,,,,
4715,7,16,10,119.03,87.4,4.436,838.0,835.0,3.64,,,,,
4716,7,16,11,126.67,88.5,4.436,929.2,910.0,7.74,,,,,
4717,7,16,12,164.95,89.2,4.436,952.0,933.0,7.57,,,,,
4718,7,16,13,160.27,89.8,4.436,900.5,900.0,9.15,,,,,
4719,7,16,14,180.68,89.6,4.436,778.0,813.0,7.00,,,,,
4720,7,16,15,280.26,89.4,4.436,599.1,683.0,6.44,,,,,
4721,7,16,16,389.24,88.7,4.436,377.1,514.0,6.53,,,,,
4722,7,16,17,395.09,85.5,4.436,148.7,333.0,4.82,,,,,
4723,7,16,18,308.67,81.3,4.436,87.0,101.0,6.10,,,,,
4724,7,16,19,185.26,78.4,4.436,0.0,26.0,5.62,,,,,
4725,7,16,20,142.90,77.5,4.436,0.0,0.0,6.86,,,,,
4726,7,16,21,111.89,76.8,4.436,0.0,0.0,3.59,,,,,
4727,7,16,22,96.79,76.1,4.436,0.0,0.0,3.31,,,,,
4728,7,16,23,116.33,75.4,4.436,0.0,0.0,3.31,,,,,
4729,7,17,0,101.62,74.8,4.436,0.0,0.0,3.82,,,,,
4730,7,17,1,95.09,74.5,4.436,0.0,0.0,7.08,,,,,
4731,7,17,2,89.97,74.3,4.436,0.0,0.0,8.20,,,,,
4732,7,17,3,92.00,74.3,4.436,0.0,0.0,8.17,,,,,
4733,7,17,4,98.31,74.3,4.436,0.0,0.0,7.42,,,,,
4734,7,17,5,97.08,75.2,4.436,24.1,27.0,7.94,,,,,
4735,7,17,6,102.44,76.8,4.436,12.5,14.0,6.47,,,,,
4736,7,17,7,103.74,78.6,4.436,127.2,142.0,8.20,,,,,
4737,7,17,8,93.87,80.1,4.436,296.8,328.0,9.78,,,,,
4738,7,17,9,94.05,81.9,4.436,538.6,566.0,10.52,,,,,
4739,7,17,10,114.76,83.1,4.436,812.5,809.0,9.22,,,,,
4740,7,17,11,137.48,83.8,4.436,102.8,115.0,8.02,,,,,
4741,7,17,12,117.38,84.2,4.436,390.5,430.0,7.53,,,,,
4742,7,17,13,123.49,84.7,4.436,790.3,795.0,7.74,,,,,
4743,7,17,14,159.08,85.5,4.436,519.1,560.0,6.97,,,,,
4744,7,17,15,161.68,85.6,4.436,586.1,665.0,7.33,,,,,
4745,7,17,16,238.93,84.6,4.436,375.8,511.0,7.00,,,,,
4746,7,17,17,228.35,83.1,4.436,140.2,340.0,6.44,,,,,
4747,7,17,18,180.14,81.1,4.436,5.4,6.0,5.91,,,,,
4748,7,17,19,149.36,79.3,4.436,0.0,19.0,6.41,,,,,
4749,7,17,20,124.71,78.4,4.436,0.0,0.0,6.00,,,,,
4750,7,17,21,93.31,77.2,4.436,0.0,0.0,5.23,,,,,
4751,7,17,22,81.86,75.0,4.436,0.0,0.0,5.28,,,,,
4752,7,17,23,65.50,72.0,4.436,0.0,0.0,5.14,,,,,
4753,7,18,0,48.94,69.6,4.436,0.0,0.0,4.98,,,,,
4754,7,18,1,58.77,68.4,4.436,0.0,0.0,3.66,,,,,
4755,7,18,2,55.89,67.5,4.436,0.0,0.0,4.51,,,,,
4756,7,18,3,56.48,66.6,4.436,0.0,0.0,3.95,,,,,
4757,7,18,4,55.70,65.5,4.436,0.0,0.0,5.01,,,,,
4758,7,18,5,64.07,65.1,4.436,21.4,24.0,2.90,,,,,
4759,7,18,6,53.20,65.8,4.436,121.0,186.0,3.90,,,,,
4760,7,18,7,51.43,67.6,4.436,177.0,198.0,4.70,,,,,
4761,7,18,8,51.18,69.6,4.436,524.1,585.0,5.03,,,,,
4762,7,18,9,35.45,71.6,4.436,358.2,392.0,4.40,,,,,
4763,7,18,10,41.52,73.2,4.436,819.9,813.0,5.73,,,,,
4764,7,18,11,37.18,74.7,4.436,824.3,809.0,6.17,,,,,
4765,7,18,12,37.22,75.7,4.436,1006.0,980.0,6.32,,,,,
4766,7,18,13,48.35,76.3,4.436,954.4,948.0,6.50,,,,,
4767,7,18,14,36.09,76.5,4.436,828.1,860.0,5.41,,,,,
4768,7,18,15,37.56,75.9,4.436,642.5,729.0,6.59,,,,,
4769,7,18,16,45.56,74.8,4.436,409.4,564.0,5.89,,,,,
4770,7,18,17,46.79,73.2,4.436,144.0,378.0,7.46,,,,,
4771,7,18,18,65.77,69.3,4.436,14.6,189.0,8.69,,,,,
4772,7,18,19,48.79,65.3,4.436,0.0,34.0,4.82,,,,,
4773,7,18,20,44.06,64.9,4.436,0.0,0.0,9.75,,,,,
4774,7,18,21,39.40,64.6,4.436,0.0,0.0,5.38,,,,,
4775,7,18,22,33.43,64.4,4.436,0.0,0.0,0.20,,,,,
4776,7,18,23,52.26,64.0,4.436,0.0,0.0,5.69,,,,,
4777,7,19,0,38.25,63.5,4.436,0.0,0.0,6.25,,,,,
4778,7,19,1,39.28,62.6,4.436,0.0,0.0,7.07,,,,,
4779,7,19,2,44.37,61.5,4.436,0.0,0.0,7.06,,,,,
4780,7,19,3,42.27,60.4,4.436,0.0,0.0,8.35,,,,,
4781,7,19,4,41.05,59.5,4.436,0.0,0.0,7.75,,,,,
4782,7,19,5,41.42,61.3,4.436,19.6,47.0,6.44,,,,,
4783,7,19,6,38.60,65.1,4.436,106.1,208.0,4.38,,,,,
4784,7,19,7,39.72,69.8,4.436,303.0,395.0,6.90,,,,,
4785,7,19,8,39.07,72.5,4.436,519.6,578.0,5.46,,,,,
4786,7,19,9,41.85,74.7,4.436,715.2,736.0,6.44,,,,,
4787,7,19,10,39.34,76.8,4.436,867.9,858.0,6.35,,,,,
4788,7,19,11,38.27,78.6,4.436,962.2,935.0,5.24,,,,,
4789,7,19,12,42.91,79.9,4.436,981.1,954.0,4.60,,,,,
4790,7,19,13,44.02,80.8,4.436,924.9,917.0,5.75,,,,,
4791,7,19,14,46.20,81.1,4.436,738.8,766.0,4.66,,,,,
4792,7,19,15,52.92,80.8,4.436,619.5,700.0,6.28,,,,,
4793,7,19,16,81.14,80.1,4.436,392.8,536.0,5.90,,,,,
4794,7,19,17,78.39,78.3,4.436,141.2,351.0,6.68,,,,,
4795,7,19,18,64.61,74.3,4.436,24.8,167.0,5.61,,,,,
4796,7,19,19,74.11,71.2,4.436,0.0,25.0,5.59,,,,,
4797,7,19,20,74.70,69.8,4.436,0.0,0.0,5.82,,,,,
4798,7,19,21,63.25,69.1,4.436,0.0,0.0,6.84,,,,,
4799,7,19,22,58.54,68.5,4.436,0.0,0.0,5.37,,,,,
4800,7,19,23,49.85,68.9,4.436,0.0,0.0,5.17,,,,,
4801,7,20,0,41.79,68.9,4.436,0.0,0.0,5.18,,,,,
4802,7,20,1,41.66,69.1,4.436,0.0,0.0,4.49,,,,,
4803,7,20,2,38.46,68.9,4.436,0.0,0.0,4.36,,,,,
4804,7,20,3,38.52,68.7,4.436,0.0,0.0,3.66,,,,,
4805,7,20,4,38.38,68.9,4.436,0.0,0.0,1.99,,,,,
4806,7,20,5,36.10,70.2,4.436,10.7,12.0,2.05,,,,,
4807,7,20,6,39.23,72.0,4.436,113.9,162.0,2.63,,,,,
4808,7,20,7,41.49,73.8,4.436,269.9,331.0,1.82,,,,,
4809,7,20,8,45.60,75.2,4.436,456.8,504.0,2.34,,,,,
4810,7,20,9,47.03,76.3,4.436,640.0,661.0,1.55,,,,,
4811,7,20,10,53.95,78.8,4.436,329.4,365.0,2.64,,,,,
4812,7,20,11,56.31,82.2,4.436,360.4,399.0,1.33,,,,,
4813,7,20,12,58.71,83.8,4.436,659.9,686.0,1.67,,,,,
4814,7,20,13,59.99,84.4,4.436,746.1,750.0,1.92,,,,,
4815,7,20,14,65.03,84.2,4.436,165.1,184.0,2.39,,,,,
4816,7,20,15,64.84,83.8,4.436,322.1,356.0,2.63,,,,,
4817,7,20,16,85.55,81.3,4.436,255.7,292.0,3.85,,,,,
4818,7,20,17,93.61,78.1,4.436,201.8,259.0,4.07,,,,,
4819,7,20,18,80.42,75.0,4.436,41.2,155.0,2.96,,,,,
4820,7,20,19,72.89,72.3,4.436,0.0,25.0,3.95,,,,,
4821,7,20,20,54.11,70.9,4.436,0.0,0.0,3.71,,,,,
4822,7,20,21,51.27,69.4,4.436,0.0,0.0,3.15,,,,,
4823,7,20,22,47.75,67.6,4.436,0.0,0.0,2.81,,,,,
4824,7,20,23,54.66,66.0,4.436,0.0,0.0,3.37,,,,,
4825,7,21,0,49.51,64.8,4.436,0.0,0.0,2.95,,,,,
4826,7,21,1,46.49,63.9,4.436,0.0,0.0,3.49,,,,,
4827,7,21,2,43.79,63.5,4.436,0.0,0.0,3.11,,,,,
4828,7,21,3,42.70,63.1,4.436,0.0,0.0,4.00,,,,,
4829,7,21,4,51.00,63.0,4.436,0.0,0.0,4.79,,,,,
4830,7,21,5,56.38,64.2,4.436,22.0,37.0,3.83,,,,,
4831,7,21,6,55.55,66.0,4.436,106.7,120.0,4.53,,,,,
4832,7,21,7,35.50,67.5,4.436,282.5,354.0,3.34,,,,,
4833,7,21,8,34.79,69.4,4.436,345.9,381.0,4.41,,,,,
4834,7,21,9,34.51,71.1,4.436,439.7,475.0,6.97,,,,,
4835,7,21,10,35.90,72.3,4.436,852.3,840.0,6.87,,,,,
4836,7,21,11,35.79,73.4,4.436,965.5,934.0,6.13,,,,,
4837,7,21,12,36.11,73.9,4.436,1000.7,968.0,4.41,,,,,
4838,7,21,13,33.03,74.1,4.436,952.8,939.0,5.01,,,,,
4839,7,21,14,29.19,73.9,4.436,829.7,854.0,7.10,,,,,
4840,7,21,15,32.75,73.4,4.436,644.2,723.0,6.97,,,,,
4841,7,21,16,48.88,72.1,4.436,408.5,554.0,5.48,,,,,
4842,7,21,17,55.27,70.2,4.436,145.0,367.0,4.28,,,,,
4843,7,21,18,71.00,66.2,4.436,16.7,179.0,1.57,,,,,
4844,7,21,19,67.40,61.0,4.436,0.0,29.0,1.14,,,,,
4845,7,21,20,50.62,59.4,4.436,0.0,0.0,1.95,,,,,
4846,7,21,21,39.48,58.1,4.436,0.0,0.0,2.99,,,,,
4847,7,21,22,36.99,57.0,4.436,0.0,0.0,4.00,,,,,
4848,7,21,23,38.44,55.9,4.436,0.0,0.0,5.77,,,,,
4849,7,22,0,39.33,55.2,4.436,0.0,0.0,8.99,,,,,
4850,7,22,1,36.28,54.7,4.436,0.0,0.0,8.46,,,,,
4851,7,22,2,35.10,54.1,4.436,0.0,0.0,8.48,,,,,
4852,7,22,3,35.15,53.4,4.436,0.0,0.0,7.49,,,,,
4853,7,22,4,36.18,52.9,4.436,0.0,0.0,8.32,,,,,
4854,7,22,5,46.39,56.1,4.436,18.0,42.0,9.46,,,,,
4855,7,22,6,43.06,61.0,4.436,103.4,202.0,8.73,,,,,
4856,7,22,7,35.81,65.5,4.436,302.6,391.0,8.55,,,,,
4857,7,22,8,31.94,68.5,4.436,524.5,578.0,7.34,,,,,
4858,7,22,9,32.51,71.1,4.436,726.6,741.0,7.54,,,,,
4859,7,22,10,31.64,73.2,4.436,882.4,865.0,8.59,,,,,
4860,7,22,11,33.19,74.7,4.436,977.2,942.0,8.44,,,,,
4861,7,22,12,37.19,75.7,4.436,859.9,836.0,7.50,,,,,
4862,7,22,13,34.66,76.3,4.436,948.2,932.0,7.75,,,,,
4863,7,22,14,34.98,76.3,4.436,684.7,709.0,8.61,,,,,
4864,7,22,15,48.29,75.7,4.436,558.1,621.0,8.59,,,,,
4865,7,22,16,59.10,74.8,4.436,315.2,362.0,8.15,,,,,
4866,7,22,17,72.16,74.7,4.436,179.2,228.0,7.46,,,,,
4867,7,22,18,71.15,70.2,4.436,16.9,176.0,7.15,,,,,
4868,7,22,19,66.92,67.1,4.436,0.0,27.0,7.52,,,,,
4869,7,22,20,70.19,66.7,4.436,0.0,0.0,7.23,,,,,
4870,7,22,21,50.27,65.7,4.436,0.0,0.0,8.42,,,,,
4871,7,22,22,41.59,64.8,4.436,0.0,0.0,5.64,,,,,
4872,7,22,23,32.26,64.0,4.436,0.0,0.0,5.86,,,,,
4873,7,23,0,32.87,62.4,4.436,0.0,0.0,5.43,,,,,
4874,7,23,1,32.00,60.6,4.436,0.0,0.0,6.42,,,,,
4875,7,23,2,29.45,59.4,4.436,0.0,0.0,7.06,,,,,
4876,7,23,3,29.84,58.8,4.436,0.0,0.0,8.15,,,,,
4877,7,23,4,32.11,58.5,4.436,0.0,0.0,7.94,,,,,
4878,7,23,5,36.06,60.6,4.436,18.2,39.0,7.24,,,,,
4879,7,23,6,40.45,64.6,4.436,119.2,181.0,7.05,,,,,
4880,7,23,7,40.39,70.7,4.436,296.7,381.0,5.14,,,,,
4881,7,23,8,31.50,74.3,4.436,514.6,565.0,4.34,,,,,
4882,7,23,9,34.24,76.6,4.436,714.9,727.0,3.58,,,,,
4883,7,23,10,38.29,78.4,4.436,873.7,854.0,4.48,,,,,
4884,7,23,11,40.06,79.9,4.436,968.5,931.0,5.78,,,,,
4885,7,23,12,43.35,81.0,4.436,990.6,953.0,5.83,,,,,
4886,7,23,13,51.03,81.7,4.436,936.4,918.0,5.72,,,,,
4887,7,23,14,42.50,81.7,4.436,810.4,829.0,4.63,,,,,
4888,7,23,15,52.30,81.7,4.436,626.1,697.0,5.23,,,,,
4889,7,23,16,78.67,81.5,4.436,399.4,535.0,4.47,,,,,
4890,7,23,17,95.28,79.7,4.436,143.0,349.0,4.33,,,,,
4891,7,23,18,81.31,75.0,4.436,19.6,166.0,3.89,,,,,
4892,7,23,19,78.78,72.0,4.436,0.0,24.0,6.83,,,,,
4893,7,23,20,59.31,69.4,4.436,0.0,0.0,5.89,,,,,
4894,7,23,21,43.62,67.6,4.436,0.0,0.0,6.38,,,,,
4895,7,23,22,40.76,66.7,4.436,0.0,0.0,5.74,,,,,
4896,7,23,23,35.22,66.0,4.436,0.0,0.0,4.78,,,,,
4897,7,24,0,33.76,66.0,4.436,0.0,0.0,4.68,,,,,
4898,7,24,1,32.41,65.5,4.436,0.0,0.0,4.97,,,,,
4899,7,24,2,31.31,64.9,4.436,0.0,0.0,4.57,,,,,
4900,7,24,3,31.73,64.6,4.436,0.0,0.0,4.75,,,,,
4901,7,24,4,33.19,64.4,4.436,0.0,0.0,5.38,,,,,
4902,7,24,5,34.46,65.8,4.436,19.5,31.0,4.38,,,,,
4903,7,24,6,34.72,69.6,4.436,101.3,173.0,3.62,,,,,
4904,7,24,7,35.79,73.9,4.436,278.3,350.0,2.85,,,,,
4905,7,24,8,34.66,77.7,4.436,482.2,527.0,4.36,,,,,
4906,7,24,9,48.96,81.0,4.436,671.7,683.0,2.05,,,,,
4907,7,24,10,50.38,83.5,4.436,830.4,812.0,2.61,,,,,
4908,7,24,11,53.99,85.3,4.436,923.2,888.0,4.19,,,,,
4909,7,24,12,68.03,86.5,4.436,867.3,837.0,3.99,,,,,
4910,7,24,13,84.45,87.3,4.436,824.1,810.0,5.64,,,,,
4911,7,24,14,92.41,87.4,4.436,706.0,723.0,6.53,,,,,
4912,7,24,15,121.96,87.3,4.436,581.4,644.0,10.99,,,,,
4913,7,24,16,245.51,86.2,4.436,386.0,510.0,9.11,,,,,
4914,7,24,17,242.04,84.4,4.436,145.6,330.0,3.60,,,,,
4915,7,24,18,202.57,80.1,4.436,30.0,154.0,5.34,,,,,
4916,7,24,19,134.78,76.1,4.436,0.0,21.0,6.44,,,,,
4917,7,24,20,94.74,75.2,4.436,0.0,0.0,5.18,,,,,
4918,7,24,21,88.18,74.1,4.436,0.0,0.0,5.32,,,,,
4919,7,24,22,72.40,73.2,4.436,0.0,0.0,4.72,,,,,
4920,7,24,23,64.35,72.5,4.436,0.0,0.0,4.65,,,,,
4921,7,25,0,51.46,71.8,4.436,0.0,0.0,5.32,,,,,
4922,7,25,1,46.59,71.2,4.436,0.0,0.0,6.56,,,,,
4923,7,25,2,44.43,71.1,4.436,0.0,0.0,7.12,,,,,
4924,7,25,3,44.99,71.2,4.436,0.0,0.0,8.86,,,,,
4925,7,25,4,47.39,70.9,4.436,0.0,0.0,7.80,,,,,
4926,7,25,5,53.79,72.7,4.436,18.8,21.0,5.89,,,,,
4927,7,25,6,67.12,76.5,4.436,100.6,169.0,5.14,,,,,
4928,7,25,7,78.72,81.3,4.436,269.4,322.0,3.51,,,,,
4929,7,25,8,71.34,85.3,4.436,475.7,518.0,3.31,,,,,
4930,7,25,9,78.38,87.8,4.436,475.3,506.0,3.12,,,,,
4931,7,25,10,90.19,88.7,4.436,142.1,159.0,2.45,,,,,
4932,7,25,11,106.18,88.5,4.436,124.2,139.0,3.70,,,,,
4933,7,25,12,184.20,86.9,4.436,455.6,487.0,3.49,,,,,
4934,7,25,13,177.78,85.3,4.436,639.2,664.0,4.86,,,,,
4935,7,25,14,190.40,83.7,4.436,575.1,609.0,5.12,,,,,
4936,7,25,15,229.84,82.2,4.436,316.8,350.0,5.79,,,,,
4937,7,25,16,302.79,81.7,4.436,326.9,392.0,5.01,,,,,
4938,7,25,17,248.02,80.8,4.436,142.7,161.0,3.95,,,,,
4939,7,25,18,196.37,77.7,4.436,81.3,92.0,4.14,,,,,
4940,7,25,19,184.96,73.9,4.436,0.0,18.0,8.81,,,,,
4941,7,25,20,105.42,71.4,4.436,0.0,0.0,6.56,,,,,
4942,7,25,21,89.35,69.4,4.436,0.0,0.0,5.68,,,,,
4943,7,25,22,57.21,68.0,4.436,0.0,0.0,5.70,,,,,
4944,7,25,23,55.62,66.4,4.436,0.0,0.0,6.96,,,,,
4945,7,26,0,49.48,65.1,4.436,0.0,0.0,5.88,,,,,
4946,7,26,1,46.90,64.4,4.436,0.0,0.0,7.18,,,,,
4947,7,26,2,42.61,63.9,4.436,0.0,0.0,8.30,,,,,
4948,7,26,3,42.83,63.3,4.436,0.0,0.0,9.43,,,,,
4949,7,26,4,45.79,62.8,4.436,0.0,0.0,10.20,,,,,
4950,7,26,5,44.26,66.0,4.436,17.7,30.0,9.42,,,,,
4951,7,26,6,43.57,69.8,4.436,101.9,175.0,7.69,,,,,
4952,7,26,7,42.09,74.5,4.436,285.0,356.0,6.58,,,,,
4953,7,26,8,41.48,77.4,4.436,494.8,537.0,6.69,,,,,
4954,7,26,9,40.97,79.9,4.436,624.3,640.0,6.55,,,,,
4955,7,26,10,43.22,81.7,4.436,831.9,811.0,5.61,,,,,
4956,7,26,11,47.35,83.1,4.436,924.8,887.0,6.07,,,,,
4957,7,26,12,42.86,84.2,4.436,950.7,912.0,4.74,,,,,
4958,7,26,13,42.40,84.4,4.436,814.3,806.0,6.10,,,,,
4959,7,26,14,45.77,83.8,4.436,684.0,706.0,7.21,,,,,
4960,7,26,15,58.15,83.7,4.436,537.1,588.0,6.36,,,,,
4961,7,26,16,66.94,83.1,4.436,383.8,493.0,6.74,,,,,
4962,7,26,17,68.42,79.9,4.436,193.0,251.0,6.68,,,,,
4963,7,26,18,84.19,77.2,4.436,93.9,112.0,6.54,,,,,
4964,7,26,19,62.40,72.5,4.436,0.0,14.0,7.48,,,,,
4965,7,26,20,63.71,69.8,4.436,0.0,0.0,8.28,,,,,
4966,7,26,21,49.64,68.7,4.436,0.0,0.0,7.78,,,,,
4967,7,26,22,46.46,67.5,4.436,0.0,0.0,7.56,,,,,
4968,7,26,23,39.82,66.6,4.436,0.0,0.0,8.65,,,,,
4969,7,27,0,34.35,66.2,4.436,0.0,0.0,8.59,,,,,
4970,7,27,1,33.57,65.8,4.436,0.0,0.0,10.34,,,,,
4971,7,27,2,32.33,65.5,4.436,0.0,0.0,10.08,,,,,
4972,7,27,3,32.32,64.9,4.436,0.0,0.0,9.89,,,,,
4973,7,27,4,31.11,64.8,4.436,0.0,0.0,9.04,,,,,
4974,7,27,5,32.90,65.1,4.436,14.4,19.0,6.99,,,,,
4975,7,27,6,32.73,66.0,4.436,2.7,3.0,10.04,,,,,
4976,7,27,7,35.76,67.3,4.436,32.2,36.0,10.25,,,,,
4977,7,27,8,38.55,69.6,4.436,50.9,57.0,9.08,,,,,
4978,7,27,9,40.15,73.4,4.436,179.8,200.0,10.30,,,,,
4979,7,27,10,41.16,75.9,4.436,66.1,74.0,10.81,,,,,
4980,7,27,11,39.52,76.6,4.436,134.8,150.0,11.64,,,,,
4981,7,27,12,42.79,76.6,4.436,136.7,153.0,12.11,,,,,
4982,7,27,13,42.06,78.4,4.436,219.9,246.0,12.82,,,,,
4983,7,27,14,40.90,80.8,4.436,556.2,592.0,10.17,,,,,
4984,7,27,15,45.02,81.7,4.436,158.2,177.0,12.04,,,,,
4985,7,27,16,52.12,81.5,4.436,58.1,65.0,10.50,,,,,
4986,7,27,17,50.61,80.4,4.436,117.8,132.0,8.11,,,,,
4987,7,27,18,41.83,78.3,4.436,34.9,39.0,11.07,,,,,
4988,7,27,19,51.55,76.6,4.436,0.0,15.0,7.66,,,,,
4989,7,27,20,55.24,75.6,4.436,0.0,0.0,10.90,,,,,
4990,7,27,21,40.16,74.7,4.436,0.0,0.0,11.46,,,,,
4991,7,27,22,45.81,73.8,4.436,0.0,0.0,10.56,,,,,
4992,7,27,23,50.10,72.3,4.436,0.0,0.0,10.85,,,,,
4993,7,28,0,37.12,71.1,4.436,0.0,0.0,9.88,,,,,
4994,7,28,1,33.29,70.3,4.436,0.0,0.0,8.60,,,,,
4995,7,28,2,30.61,69.6,4.436,0.0,0.0,8.47,,,,,
4996,7,28,3,28.69,69.3,4.436,0.0,0.0,8.19,,,,,
4997,7,28,4,30.58,68.9,4.436,0.0,0.0,8.34,,,,,
4998,7,28,5,40.91,71.4,4.436,16.9,27.0,7.77,,,,,
4999,7,28,6,49.93,74.1,4.436,44.7,50.0,7.26,,,,,
5000,7,28,7,50.74,78.3,4.436,160.5,179.0,4.97,,,,,
5001,7,28,8,50.57,82.6,4.436,492.1,530.0,3.48,,,,,
5002,7,28,9,61.20,85.1,4.436,687.6,689.0,2.35,,,,,
5003,7,28,10,70.77,86.9,4.436,842.6,813.0,4.16,,,,,
5004,7,28,11,76.06,88.0,4.436,935.2,888.0,4.30,,,,,
5005,7,28,12,90.56,88.9,4.436,862.5,823.0,6.24,,,,,
5006,7,28,13,98.04,89.1,4.436,896.2,868.0,6.80,,,,,
5007,7,28,14,130.47,89.1,4.436,780.2,786.0,7.55,,,,,
5008,7,28,15,161.90,88.5,4.436,604.7,659.0,6.85,,,,,
5009,7,28,16,263.59,87.3,4.436,390.6,507.0,7.20,,,,,
5010,7,28,17,304.70,85.1,4.436,143.6,327.0,7.47,,,,,
5011,7,28,18,261.47,80.2,4.436,22.7,149.0,6.16,,,,,
5012,7,28,19,154.57,76.3,4.436,0.0,16.0,6.37,,,,,
5013,7,28,20,122.54,74.8,4.436,0.0,0.0,7.26,,,,,
5014,7,28,21,89.54,73.8,4.436,0.0,0.0,7.18,,,,,
5015,7,28,22,66.38,72.7,4.436,0.0,0.0,5.84,,,,,
5016,7,28,23,51.25,72.1,4.436,0.0,0.0,7.17,,,,,
5017,7,29,0,46.03,71.6,4.436,0.0,0.0,5.67,,,,,
5018,7,29,1,40.43,70.9,4.436,0.0,0.0,6.36,,,,,
5019,7,29,2,40.45,70.5,4.436,0.0,0.0,5.10,,,,,
5020,7,29,3,38.32,70.2,4.436,0.0,0.0,5.04,,,,,
5021,7,29,4,46.94,69.8,4.436,0.0,0.0,5.89,,,,,
5022,7,29,5,50.90,73.0,4.436,16.1,24.0,6.65,,,,,
5023,7,29,6,56.96,76.6,4.436,96.8,166.0,6.98,,,,,
5024,7,29,7,52.92,81.5,4.436,280.5,347.0,4.73,,,,,
5025,7,29,8,58.72,85.3,4.436,493.2,529.0,1.48,,,,,
5026,7,29,9,73.71,88.0,4.436,689.1,688.0,1.94,,,,,
5027,7,29,10,90.10,89.8,4.436,847.7,815.0,0.77,,,,,
5028,7,29,11,99.81,91.0,4.436,945.0,894.0,2.43,,,,,
5029,7,29,12,143.19,92.1,4.436,968.9,917.0,3.70,,,,,
5030,7,29,13,160.00,92.3,4.436,914.4,881.0,4.34,,,,,
5031,7,29,14,205.07,91.8,4.436,791.8,794.0,5.19,,,,,
5032,7,29,15,268.56,90.5,4.436,610.9,663.0,3.82,,,,,
5033,7,29,16,394.73,88.9,4.436,387.3,498.0,8.76,,,,,
5034,7,29,17,400.00,86.5,4.436,145.8,317.0,6.92,,,,,
5035,7,29,18,341.48,81.5,4.436,29.1,142.0,8.46,,,,,
5036,7,29,19,210.05,77.2,4.436,0.0,13.0,7.13,,,,,
5037,7,29,20,157.56,75.4,4.436,0.0,0.0,6.35,,,,,
5038,7,29,21,103.93,73.9,4.436,0.0,0.0,7.18,,,,,
5039,7,29,22,90.46,72.9,4.436,0.0,0.0,7.93,,,,,
5040,7,29,23,76.19,72.0,4.436,0.0,0.0,8.52,,,,,
5041,7,30,0,66.69,71.2,4.436,0.0,0.0,9.76,,,,,
5042,7,30,1,58.06,70.3,4.436,0.0,0.0,10.10,,,,,
5043,7,30,2,53.58,70.0,4.436,0.0,0.0,9.17,,,,,
5044,7,30,3,54.49,70.0,4.436,0.0,0.0,9.80,,,,,
5045,7,30,4,60.58,69.1,4.436,0.0,0.0,9.88,,,,,
5046,7,30,5,60.44,71.8,4.436,15.2,22.0,9.61,,,,,
5047,7,30,6,63.52,75.6,4.436,96.5,161.0,8.93,,,,,
5048,7,30,7,68.40,81.3,4.436,278.0,341.0,8.28,,,,,
5049,7,30,8,74.15,86.0,4.436,490.6,524.0,7.53,,,,,
5050,7,30,9,74.09,88.5,4.436,689.3,686.0,7.73,,,,,
5051,7,30,10,87.45,90.0,4.436,849.1,814.0,8.20,,,,,
5052,7,30,11,98.67,90.3,4.436,943.2,890.0,7.82,,,,,
5053,7,30,12,120.81,90.9,4.436,964.9,911.0,7.52,,,,,
5054,7,30,13,159.23,90.9,4.436,912.9,877.0,7.43,,,,,
5055,7,30,14,177.62,90.3,4.436,792.6,792.0,7.00,,,,,
5056,7,30,15,208.07,89.1,4.436,613.6,663.0,7.22,,,,,
5057,7,30,16,266.72,87.1,4.436,386.6,477.0,6.28,,,,,
5058,7,30,17,289.66,84.2,4.436,179.4,246.0,6.21,,,,,
5059,7,30,18,206.86,79.3,4.436,85.2,120.0,5.81,,,,,
5060,7,30,19,177.20,75.6,4.436,0.0,10.0,7.24,,,,,
5061,7,30,20,147.71,74.5,4.436,0.0,0.0,6.00,,,,,
5062,7,30,21,77.80,73.8,4.436,0.0,0.0,8.53,,,,,
5063,7,30,22,67.65,72.9,4.436,0.0,0.0,7.76,,,,,
5064,7,30,23,68.79,72.0,4.436,0.0,0.0,8.36,,,,,
5065,7,31,0,54.60,71.4,4.436,0.0,0.0,7.47,,,,,
5066,7,31,1,49.95,71.2,4.436,0.0,0.0,7.42,,,,,
5067,7,31,2,53.15,70.9,4.436,0.0,0.0,6.93,,,,,
5068,7,31,3,52.07,70.3,4.436,0.0,0.0,6.49,,,,,
5069,7,31,4,58.99,69.4,4.436,0.0,0.0,6.34,,,,,
5070,7,31,5,86.18,68.9,4.436,11.7,15.0,6.19,,,,,
5071,7,31,6,86.70,69.1,4.436,5.4,6.0,6.89,,,,,
5072,7,31,7,73.96,69.6,4.436,114.8,128.0,8.24,,,,,
5073,7,31,8,75.98,70.5,4.436,100.6,112.0,8.31,,,,,
5074,7,31,9,59.74,71.1,4.436,92.9,104.0,10.23,,,,,
5075,7,31,10,60.79,70.9,4.436,225.6,251.0,10.17,,,,,
5076,7,31,11,64.21,70.2,4.436,126.7,141.0,8.92,,,,,
5077,7,31,12,67.63,69.1,4.436,210.0,234.0,9.19,,,,,
5078,7,31,13,69.62,68.2,4.436,143.0,160.0,9.11,,,,,
5079,7,31,14,68.25,66.9,4.436,177.7,198.0,8.86,,,,,
5080,7,31,15,68.86,65.5,4.436,59.9,67.0,10.38,,,,,
5081,7,31,16,65.84,64.4,4.436,108.1,121.0,8.11,,,,,
5082,7,31,17,60.37,63.3,4.436,24.1,27.0,7.70,,,,,
5083,7,31,18,59.40,62.4,4.436,7.1,8.0,5.91,,,,,
5084,7,31,19,57.53,61.7,4.436,0.0,4.0,4.70,,,,,
5085,7,31,20,54.40,61.0,4.436,0.0,0.0,4.88,,,,,
5086,7,31,21,47.19,60.4,4.436,0.0,0.0,4.05,,,,,
5087,7,31,22,41.76,59.9,4.436,0.0,0.0,5.64,,,,,
5088,7,31,23,51.68,59.5,4.436,0.0,0.0,5.55,,,,,
5089,8,1,0,47.16,59.0,3.732,0.0,0.0,6.82,,,,,
5090,8,1,1,38.86,58.5,3.732,0.0,0.0,6.44,,,,,
5091,8,1,2,36.48,57.9,3.732,0.0,0.0,6.99,,,,,
5092,8,1,3,36.90,57.7,3.732,0.0,0.0,7.23,,,,,
5093,8,1,4,37.53,57.6,3.732,0.0,0.0,7.50,,,,,
5094,8,1,5,48.07,58.3,3.732,5.4,6.0,8.39,,,,,
5095,8,1,6,54.38,60.1,3.732,33.1,37.0,7.64,,,,,
5096,8,1,7,50.76,62.8,3.732,193.6,216.0,6.35,,,,,
5097,8,1,8,44.68,66.0,3.732,514.0,544.0,5.58,,,,,
5098,8,1,9,42.27,69.8,3.732,226.0,252.0,6.75,,,,,
5099,8,1,10,40.31,72.3,3.732,876.7,834.0,8.18,,,,,
5100,8,1,11,40.17,73.9,3.732,803.7,788.0,8.17,,,,,
5101,8,1,12,41.46,75.0,3.732,285.2,318.0,7.96,,,,,
5102,8,1,13,39.87,75.6,3.732,265.5,296.0,7.64,,,,,
5103,8,1,14,38.97,75.6,3.732,832.0,824.0,7.68,,,,,
5104,8,1,15,42.05,74.8,3.732,646.4,692.0,6.62,,,,,
5105,8,1,16,45.35,73.6,3.732,410.7,522.0,6.08,,,,,
5106,8,1,17,55.55,71.4,3.732,148.1,334.0,5.61,,,,,
5107,8,1,18,59.75,66.7,3.732,17.1,149.0,5.33,,,,,
5108,8,1,19,55.73,63.0,3.732,0.0,12.0,6.72,,,,,
5109,8,1,20,46.11,61.5,3.732,0.0,0.0,6.24,,,,,
5110,8,1,21,43.56,60.1,3.732,0.0,0.0,5.07,,,,,
5111,8,1,22,37.22,58.8,3.732,0.0,0.0,5.41,,,,,
5112,8,1,23,35.13,57.6,3.732,0.0,0.0,4.87,,,,,
5113,8,2,0,31.40,56.3,3.732,0.0,0.0,6.24,,,,,
5114,8,2,1,30.05,55.6,3.732,0.0,0.0,6.21,,,,,
5115,8,2,2,29.87,54.7,3.732,0.0,0.0,6.56,,,,,
5116,8,2,3,29.13,54.0,3.732,0.0,0.0,5.17,,,,,
5117,8,2,4,30.09,53.2,3.732,0.0,0.0,4.95,,,,,
5118,8,2,5,29.20,56.3,3.732,13.4,22.0,5.09,,,,,
5119,8,2,6,31.08,60.6,3.732,101.0,114.0,5.33,,,,,
5120,8,2,7,28.62,66.2,3.732,298.2,363.0,5.25,,,,,
5121,8,2,8,28.79,69.6,3.732,524.1,552.0,3.51,,,,,
5122,8,2,9,28.21,72.0,3.732,731.5,718.0,1.52,,,,,
5123,8,2,10,28.64,73.8,3.732,891.3,844.0,1.49,,,,,
5124,8,2,11,28.01,75.2,3.732,987.6,921.0,1.35,,,,,
5125,8,2,12,29.42,76.1,3.732,1014.0,946.0,3.23,,,,,
5126,8,2,13,27.90,76.6,3.732,957.8,909.0,4.87,,,,,
5127,8,2,14,27.09,76.8,3.732,833.4,822.0,6.08,,,,,
5128,8,2,15,29.92,76.3,3.732,642.9,685.0,5.01,,,,,
5129,8,2,16,49.77,75.6,3.732,408.7,516.0,4.00,,,,,
5130,8,2,17,59.92,74.7,3.732,148.0,327.0,3.75,,,,,
5131,8,2,18,61.67,70.7,3.732,20.4,141.0,4.18,,,,,
5132,8,2,19,55.74,68.4,3.732,0.0,10.0,3.44,,,,,
5133,8,2,20,50.12,66.2,3.732,0.0,0.0,2.18,,,,,
5134,8,2,21,38.11,63.7,3.732,0.0,0.0,1.73,,,,,
5135,8,2,22,38.05,61.2,3.732,0.0,0.0,0.68,,,,,
5136,8,2,23,36.89,59.4,3.732,0.0,0.0,0.52,,,,,
5137,8,3,0,30.92,58.5,3.732,0.0,0.0,1.69,,,,,
5138,8,3,1,29.21,57.6,3.732,0.0,0.0,4.25,,,,,
5139,8,3,2,28.44,56.8,3.732,0.0,0.0,4.40,,,,,
5140,8,3,3,28.97,56.7,3.732,0.0,0.0,4.41,,,,,
5141,8,3,4,29.32,56.1,3.732,0.0,0.0,5.50,,,,,
5142,8,3,5,29.03,59.2,3.732,11.7,16.0,6.16,,,,,
5143,8,3,6,28.65,63.3,3.732,92.9,104.0,6.50,,,,,
5144,8,3,7,28.44,68.7,3.732,278.8,332.0,7.58,,,,,
5145,8,3,8,27.76,74.1,3.732,488.1,513.0,7.81,,,,,
5146,8,3,9,28.11,77.5,3.732,682.4,672.0,6.97,,,,,
5147,8,3,10,28.33,79.5,3.732,823.3,786.0,6.76,,,,,
5148,8,3,11,31.55,80.6,3.732,919.4,864.0,7.09,,,,,
5149,8,3,12,34.36,81.3,3.732,947.6,890.0,8.39,,,,,
5150,8,3,13,33.96,81.7,3.732,898.2,857.0,8.59,,,,,
5151,8,3,14,38.93,81.7,3.732,781.9,773.0,7.91,,,,,
5152,8,3,15,52.27,81.1,3.732,605.7,643.0,8.90,,,,,
5153,8,3,16,59.56,79.9,3.732,389.0,481.0,8.86,,,,,
5154,8,3,17,64.67,76.8,3.732,153.5,300.0,8.07,,,,,
5155,8,3,18,64.72,71.1,3.732,34.9,124.0,7.53,,,,,
5156,8,3,19,59.96,67.8,3.732,0.0,0.0,8.88,,,,,
5157,8,3,20,52.31,66.6,3.732,0.0,0.0,10.26,,,,,
5158,8,3,21,37.05,65.7,3.732,0.0,0.0,8.62,,,,,
5159,8,3,22,36.63,64.6,3.732,0.0,0.0,8.96,,,,,
5160,8,3,23,46.35,63.7,3.732,0.0,0.0,9.75,,,,,
5161,8,4,0,37.41,62.6,3.732,0.0,0.0,8.97,,,,,
5162,8,4,1,38.56,61.9,3.732,0.0,0.0,7.43,,,,,
5163,8,4,2,35.84,61.2,3.732,0.0,0.0,10.08,,,,,
5164,8,4,3,35.06,60.4,3.732,0.0,0.0,9.78,,,,,
5165,8,4,4,39.59,60.1,3.732,0.0,0.0,12.60,,,,,
5166,8,4,5,39.55,61.9,3.732,6.3,8.0,11.77,,,,,
5167,8,4,6,48.25,66.6,3.732,90.4,122.0,7.23,,,,,
5168,8,4,7,50.65,70.7,3.732,252.8,293.0,3.89,,,,,
5169,8,4,8,39.47,75.9,3.732,443.3,467.0,4.11,,,,,
5170,8,4,9,42.00,79.7,3.732,627.1,624.0,5.88,,,,,
5171,8,4,10,44.44,82.2,3.732,774.3,746.0,6.82,,,,,
5172,8,4,11,51.30,83.7,3.732,867.3,823.0,6.08,,,,,
5173,8,4,12,55.90,84.4,3.732,897.1,851.0,8.04,,,,,
5174,8,4,13,56.13,84.6,3.732,853.7,821.0,5.95,,,,,
5175,8,4,14,67.60,84.2,3.732,743.5,739.0,8.80,,,,,
5176,8,4,15,80.93,83.1,3.732,577.5,612.0,6.08,,,,,
5177,8,4,16,113.82,82.2,3.732,377.8,458.0,6.67,,,,,
5178,8,4,17,114.03,79.0,3.732,161.5,279.0,7.20,,,,,
5179,8,4,18,100.81,74.3,3.732,46.9,108.0,11.43,,,,,
5180,8,4,19,81.07,72.0,3.732,0.0,0.0,8.75,,,,,
5181,8,4,20,66.09,71.2,3.732,0.0,0.0,3.17,,,,,
5182,8,4,21,54.12,70.3,3.732,0.0,0.0,6.70,,,,,
5183,8,4,22,55.39,68.7,3.732,0.0,0.0,5.94,,,,,
5184,8,4,23,48.48,67.1,3.732,0.0,0.0,7.63,,,,,
5185,8,5,0,60.38,65.8,3.732,0.0,0.0,10.22,,,,,
5186,8,5,1,45.13,65.7,3.732,0.0,0.0,8.27,,,,,
5187,8,5,2,38.63,65.5,3.732,0.0,0.0,6.01,,,,,
5188,8,5,3,44.84,65.5,3.732,0.0,0.0,6.78,,,,,
5189,8,5,4,46.65,65.8,3.732,0.0,0.0,7.33,,,,,
5190,8,5,5,47.67,66.6,3.732,5.4,6.0,7.17,,,,,
5191,8,5,6,52.29,68.2,3.732,93.0,120.0,7.53,,,,,
5192,8,5,7,53.45,70.5,3.732,176.0,196.0,7.96,,,,,
5193,8,5,8,51.52,73.4,3.732,268.7,295.0,6.05,,,,,
5194,8,5,9,47.57,76.5,3.732,484.5,510.0,6.96,,,,,
5195,8,5,10,51.83,79.2,3.732,536.3,563.0,6.44,,,,,
5196,8,5,11,53.90,81.1,3.732,668.5,686.0,5.62,,,,,
5197,8,5,12,59.11,82.6,3.732,747.7,756.0,5.34,,,,,
5198,8,5,13,62.89,83.3,3.732,819.1,795.0,6.89,,,,,
5199,8,5,14,72.79,83.1,3.732,718.4,719.0,6.62,,,,,
5200,8,5,15,78.76,82.6,3.732,556.0,589.0,6.36,,,,,
5201,8,5,16,72.68,81.3,3.732,368.3,437.0,6.55,,,,,
5202,8,5,17,79.00,78.6,3.732,169.2,264.0,6.42,,,,,
5203,8,5,18,64.38,73.4,3.732,54.4,98.0,6.63,,,,,
5204,8,5,19,62.76,70.3,3.732,0.0,0.0,6.68,,,,,
5205,8,5,20,59.25,69.1,3.732,0.0,0.0,6.40,,,,,
5206,8,5,21,47.34,68.0,3.732,0.0,0.0,4.84,,,,,
5207,8,5,22,44.74,66.7,3.732,0.0,0.0,4.66,,,,,
5208,8,5,23,48.16,65.8,3.732,0.0,0.0,6.79,,,,,
5209,8,6,0,41.53,65.3,3.732,0.0,0.0,6.19,,,,,
5210,8,6,1,40.60,64.9,3.732,0.0,0.0,5.42,,,,,
5211,8,6,2,38.55,64.6,3.732,0.0,0.0,4.30,,,,,
5212,8,6,3,36.58,64.4,3.732,0.0,0.0,3.60,,,,,
5213,8,6,4,45.30,64.4,3.732,0.0,0.0,3.96,,,,,
5214,8,6,5,45.76,65.3,3.732,4.5,5.0,5.12,,,,,
5215,8,6,6,51.53,69.1,3.732,67.9,76.0,4.72,,,,,
5216,8,6,7,55.80,72.9,3.732,202.1,225.0,3.85,,,,,
5217,8,6,8,45.39,75.9,3.732,360.7,390.0,4.41,,,,,
5218,8,6,9,41.66,78.8,3.732,494.4,518.0,4.36,,,,,
5219,8,6,10,42.08,80.8,3.732,599.8,614.0,4.08,,,,,
5220,8,6,11,44.98,81.7,3.732,869.3,821.0,3.93,,,,,
5221,8,6,12,49.46,83.3,3.732,903.5,850.0,3.31,,,,,
5222,8,6,13,53.57,84.7,3.732,680.0,689.0,4.23,,,,,
5223,8,6,14,56.53,84.7,3.732,532.3,559.0,3.88,,,,,
5224,8,6,15,66.85,82.8,3.732,379.1,413.0,3.17,,,,,
5225,8,6,16,58.33,80.1,3.732,342.7,391.0,3.89,,,,,
5226,8,6,17,62.22,75.9,3.732,160.4,184.0,3.96,,,,,
5227,8,6,18,56.52,72.0,3.732,4.5,5.0,3.20,,,,,
5228,8,6,19,60.34,69.4,3.732,0.0,0.0,3.66,,,,,
5229,8,6,20,51.62,68.2,3.732,0.0,0.0,3.04,,,,,
5230,8,6,21,48.28,67.1,3.732,0.0,0.0,2.91,,,,,
5231,8,6,22,46.97,66.2,3.732,0.0,0.0,1.62,,,,,
5232,8,6,23,50.33,65.5,3.732,0.0,0.0,1.22,,,,,
5233,8,7,0,50.82,64.8,3.732,0.0,0.0,0.42,,,,,
5234,8,7,1,45.48,64.4,3.732,0.0,0.0,2.43,,,,,
5235,8,7,2,45.59,64.2,3.732,0.0,0.0,2.49,,,,,
5236,8,7,3,47.09,64.2,3.732,0.0,0.0,1.68,,,,,
5237,8,7,4,49.00,64.2,3.732,0.0,0.0,2.08,,,,,
5238,8,7,5,54.78,65.1,3.732,0.9,1.0,2.91,,,,,
5239,8,7,6,56.81,67.3,3.732,4.5,5.0,2.23,,,,,
5240,8,7,7,55.84,72.0,3.732,213.0,237.0,3.82,,,,,
5241,8,7,8,54.26,76.3,3.732,352.6,386.0,5.38,,,,,
5242,8,7,9,45.73,78.1,3.732,363.9,398.0,7.00,,,,,
5243,8,7,10,46.50,81.5,3.732,777.3,742.0,8.81,,,,,
5244,8,7,11,46.54,82.9,3.732,874.8,821.0,8.00,,,,,
5245,8,7,12,48.75,84.7,3.732,906.1,848.0,8.85,,,,,
5246,8,7,13,52.74,84.9,3.732,551.3,577.0,8.66,,,,,
5247,8,7,14,52.81,84.0,3.732,774.9,754.0,8.17,,,,,
5248,8,7,15,56.10,82.9,3.732,600.0,625.0,7.32,,,,,
5249,8,7,16,84.29,81.1,3.732,383.2,462.0,8.13,,,,,
5250,8,7,17,86.64,78.1,3.732,151.8,283.0,7.89,,,,,
5251,8,7,18,81.17,74.1,3.732,34.8,113.0,8.55,,,,,
5252,8,7,19,74.65,70.9,3.732,0.0,0.0,8.00,,,,,
5253,8,7,20,63.68,68.5,3.732,0.0,0.0,10.21,,,,,
5254,8,7,21,50.87,66.9,3.732,0.0,0.0,10.54,,,,,
5255,8,7,22,46.92,65.7,3.732,0.0,0.0,8.01,,,,,
5256,8,7,23,38.19,64.8,3.732,0.0,0.0,8.50,,,,,
5257,8,8,0,34.56,64.0,3.732,0.0,0.0,10.10,,,,,
5258,8,8,1,34.26,63.5,3.732,0.0,0.0,11.33,,,,,
5259,8,8,2,33.35,63.0,3.732,0.0,0.0,10.09,,,,,
5260,8,8,3,33.04,62.4,3.732,0.0,0.0,9.12,,,,,
5261,8,8,4,35.04,62.1,3.732,0.0,0.0,9.41,,,,,
5262,8,8,5,35.84,64.0,3.732,8.0,9.0,9.28,,,,,
5263,8,8,6,37.60,67.1,3.732,92.8,134.0,8.07,,,,,
5264,8,8,7,35.24,72.1,3.732,267.5,309.0,5.88,,,,,
5265,8,8,8,34.15,76.3,3.732,474.1,487.0,5.44,,,,,
5266,8,8,9,33.87,79.5,3.732,669.2,646.0,4.75,,,,,
5267,8,8,10,35.83,81.7,3.732,813.2,762.0,5.76,,,,,
5268,8,8,11,38.33,82.8,3.732,911.7,841.0,5.92,,,,,
5269,8,8,12,37.85,83.8,3.732,941.0,867.0,3.22,,,,,
5270,8,8,13,43.23,84.0,3.732,907.8,846.0,5.38,,,,,
5271,8,8,14,50.22,84.0,3.732,737.5,715.0,7.22,,,,,
5272,8,8,15,62.54,83.1,3.732,612.7,634.0,9.34,,,,,
5273,8,8,16,71.66,83.7,3.732,375.5,446.0,7.04,,,,,
5274,8,8,17,79.75,81.0,3.732,133.9,151.0,11.99,,,,,
5275,8,8,18,71.63,76.1,3.732,22.9,115.0,13.65,,,,,
5276,8,8,19,60.26,72.3,3.732,0.0,0.0,15.84,,,,,
5277,8,8,20,52.95,69.3,3.732,0.0,0.0,14.64,,,,,
5278,8,8,21,41.29,67.1,3.732,0.0,0.0,15.85,,,,,
5279,8,8,22,40.59,65.3,3.732,0.0,0.0,14.13,,,,,
5280,8,8,23,39.69,63.7,3.732,0.0,0.0,11.21,,,,,
5281,8,9,0,35.26,62.4,3.732,0.0,0.0,10.14,,,,,
5282,8,9,1,32.28,61.3,3.732,0.0,0.0,9.22,,,,,
5283,8,9,2,31.61,60.4,3.732,0.0,0.0,10.56,,,,,
5284,8,9,3,31.73,59.5,3.732,0.0,0.0,12.69,,,,,
5285,8,9,4,31.89,59.0,3.732,0.0,0.0,14.33,,,,,
5286,8,9,5,32.73,61.5,3.732,8.1,11.0,12.41,,,,,
5287,8,9,6,31.10,66.2,3.732,90.8,140.0,13.00,,,,,
5288,8,9,7,30.58,72.1,3.732,277.7,321.0,11.88,,,,,
5289,8,9,8,29.08,79.2,3.732,494.1,503.0,12.30,,,,,
5290,8,9,9,30.68,82.4,3.732,697.2,666.0,13.00,,,,,
5291,8,9,10,30.08,84.4,3.732,863.6,797.0,12.05,,,,,
5292,8,9,11,31.34,86.0,3.732,961.6,875.0,11.11,,,,,
5293,8,9,12,30.70,87.3,3.732,985.4,897.0,11.41,,,,,
5294,8,9,13,32.38,87.8,3.732,934.7,864.0,12.81,,,,,
5295,8,9,14,31.72,87.8,3.732,810.3,776.0,12.33,,,,,
5296,8,9,15,41.02,86.9,3.732,624.4,642.0,11.99,,,,,
5297,8,9,16,62.08,86.5,3.732,386.6,462.0,11.61,,,,,
5298,8,9,17,66.25,84.4,3.732,147.5,279.0,11.34,,,,,
5299,8,9,18,58.50,79.5,3.732,30.0,108.0,9.97,,,,,
5300,8,9,19,60.76,77.5,3.732,0.0,0.0,10.40,,,,,
5301,8,9,20,48.41,75.6,3.732,0.0,0.0,10.03,,,,,
5302,8,9,21,40.36,72.5,3.732,0.0,0.0,10.42,,,,,
5303,8,9,22,40.73,70.3,3.732,0.0,0.0,11.00,,,,,
5304,8,9,23,34.15,68.5,3.732,0.0,0.0,10.14,,,,,
5305,8,10,0,33.54,66.7,3.732,0.0,0.0,8.85,,,,,
5306,8,10,1,33.99,65.1,3.732,0.0,0.0,8.02,,,,,
5307,8,10,2,33.59,64.0,3.732,0.0,0.0,8.22,,,,,
5308,8,10,3,32.09,63.3,3.732,0.0,0.0,8.38,,,,,
5309,8,10,4,32.05,62.4,3.732,0.0,0.0,8.53,,,,,
5310,8,10,5,29.49,64.4,3.732,4.5,5.0,7.75,,,,,
5311,8,10,6,29.24,69.1,3.732,90.3,139.0,7.39,,,,,
5312,8,10,7,30.25,73.9,3.732,278.6,320.0,6.21,,,,,
5313,8,10,8,30.35,81.5,3.732,484.5,493.0,5.90,,,,,
5314,8,10,9,32.43,85.8,3.732,666.7,637.0,4.92,,,,,
5315,8,10,10,35.27,87.8,3.732,855.4,788.0,6.00,,,,,
5316,8,10,11,38.04,89.6,3.732,953.1,866.0,6.50,,,,,
5317,8,10,12,48.06,90.3,3.732,976.9,888.0,7.18,,,,,
5318,8,10,13,51.82,90.7,3.732,923.4,852.0,7.54,,,,,
5319,8,10,14,58.40,90.3,3.732,802.2,766.0,8.40,,,,,
5320,8,10,15,73.77,89.6,3.732,620.6,635.0,8.06,,,,,
5321,8,10,16,117.84,90.5,3.732,393.1,469.0,6.10,,,,,
5322,8,10,17,136.94,87.4,3.732,142.2,285.0,7.34,,,,,
5323,8,10,18,77.59,81.3,3.732,19.5,109.0,8.27,,,,,
5324,8,10,19,59.79,78.4,3.732,0.0,0.0,9.15,,,,,
5325,8,10,20,69.53,77.4,3.732,0.0,0.0,7.44,,,,,
5326,8,10,21,60.30,76.1,3.732,0.0,0.0,7.26,,,,,
5327,8,10,22,54.81,74.1,3.732,0.0,0.0,12.26,,,,,
5328,8,10,23,53.25,72.5,3.732,0.0,0.0,10.04,,,,,
5329,8,11,0,43.26,70.9,3.732,0.0,0.0,8.59,,,,,
5330,8,11,1,40.13,69.3,3.732,0.0,0.0,9.37,,,,,
5331,8,11,2,37.62,68.0,3.732,0.0,0.0,9.73,,,,,
5332,8,11,3,38.08,66.9,3.732,0.0,0.0,10.00,,,,,
5333,8,11,4,46.48,66.2,3.732,0.0,0.0,10.19,,,,,
5334,8,11,5,42.03,67.8,3.732,0.0,0.0,10.49,,,,,
5335,8,11,6,45.67,72.7,3.732,88.1,133.0,10.16,,,,,
5336,8,11,7,40.56,77.7,3.732,275.4,314.0,14.42,,,,,
5337,8,11,8,44.10,84.2,3.732,493.6,497.0,16.86,,,,,
5338,8,11,9,57.90,87.4,3.732,696.2,659.0,15.95,,,,,
5339,8,11,10,69.27,89.4,3.732,864.2,791.0,15.51,,,,,
5340,8,11,11,85.96,90.7,3.732,961.1,868.0,12.00,,,,,
5341,8,11,12,117.25,91.6,3.732,895.1,813.0,10.56,,,,,
5342,8,11,13,203.24,92.1,3.732,933.3,856.0,12.65,,,,,
5343,8,11,14,161.92,91.6,3.732,810.2,769.0,12.22,,,,,
5344,8,11,15,194.25,91.2,3.732,625.4,636.0,11.21,,,,,
5345,8,11,16,217.64,91.2,3.732,394.8,468.0,9.73,,,,,
5346,8,11,17,246.09,87.1,3.732,141.5,284.0,9.24,,,,,
5347,8,11,18,211.17,80.2,3.732,16.9,108.0,8.75,,,,,
5348,8,11,19,187.91,77.2,3.732,0.0,0.0,9.42,,,,,
5349,8,11,20,188.16,75.7,3.732,0.0,0.0,11.51,,,,,
5350,8,11,21,130.37,74.1,3.732,0.0,0.0,10.95,,,,,
5351,8,11,22,69.42,71.8,3.732,0.0,0.0,8.17,,,,,
5352,8,11,23,63.77,69.8,3.732,0.0,0.0,7.52,,,,,
5353,8,12,0,57.47,68.0,3.732,0.0,0.0,7.75,,,,,
5354,8,12,1,49.94,66.9,3.732,0.0,0.0,7.64,,,,,
5355,8,12,2,46.10,65.8,3.732,0.0,0.0,5.18,,,,,
5356,8,12,3,45.67,64.8,3.732,0.0,0.0,3.84,,,,,
5357,8,12,4,51.34,64.0,3.732,0.0,0.0,3.99,,,,,
5358,8,12,5,51.60,66.2,3.732,0.0,0.0,2.96,,,,,
5359,8,12,6,57.76,71.1,3.732,89.0,136.0,2.42,,,,,
5360,8,12,7,60.98,77.0,3.732,282.3,320.0,2.38,,,,,
5361,8,12,8,64.70,83.8,3.732,505.0,505.0,2.32,,,,,
5362,8,12,9,70.66,87.4,3.732,710.3,668.0,3.32,,,,,
5363,8,12,10,79.56,89.6,3.732,875.3,797.0,3.49,,,,,
5364,8,12,11,101.32,91.4,3.732,975.1,876.0,5.78,,,,,
5365,8,12,12,105.47,92.5,3.732,1001.5,900.0,6.00,,,,,
5366,8,12,13,130.97,92.8,3.732,949.5,866.0,6.37,,,,,
5367,8,12,14,154.34,92.5,3.732,825.6,779.0,7.89,,,,,
5368,8,12,15,202.38,92.1,3.732,638.3,645.0,6.65,,,,,
5369,8,12,16,250.48,92.5,3.732,403.0,475.0,7.53,,,,,
5370,8,12,17,262.87,88.7,3.732,141.4,286.0,6.70,,,,,
5371,8,12,18,176.34,81.5,3.732,13.2,106.0,6.70,,,,,
5372,8,12,19,168.21,78.4,3.732,0.0,0.0,8.52,,,,,
5373,8,12,20,143.03,77.4,3.732,0.0,0.0,9.07,,,,,
5374,8,12,21,90.53,75.9,3.732,0.0,0.0,11.11,,,,,
5375,8,12,22,75.51,73.9,3.732,0.0,0.0,9.32,,,,,
5376,8,12,23,48.85,72.0,3.732,0.0,0.0,7.91,,,,,
5377,8,13,0,43.43,69.8,3.732,0.0,0.0,9.76,,,,,
5378,8,13,1,42.08,68.5,3.732,0.0,0.0,9.82,,,,,
5379,8,13,2,41.50,68.2,3.732,0.0,0.0,10.05,,,,,
5380,8,13,3,40.86,67.6,3.732,0.0,0.0,9.61,,,,,
5381,8,13,4,42.66,67.5,3.732,0.0,0.0,9.82,,,,,
5382,8,13,5,46.24,69.4,3.732,0.0,0.0,9.29,,,,,
5383,8,13,6,63.98,74.1,3.732,87.4,128.0,7.80,,,,,
5384,8,13,7,70.39,79.3,3.732,199.7,221.0,7.23,,,,,
5385,8,13,8,67.20,86.4,3.732,489.6,488.0,4.48,,,,,
5386,8,13,9,69.56,89.8,3.732,690.0,648.0,4.51,,,,,
5387,8,13,10,70.56,91.6,3.732,856.0,778.0,5.39,,,,,
5388,8,13,11,85.34,92.8,3.732,949.9,852.0,6.82,,,,,
5389,8,13,12,112.49,93.2,3.732,970.3,871.0,8.02,,,,,
5390,8,13,13,144.63,92.7,3.732,908.7,829.0,9.57,,,,,
5391,8,13,14,157.63,91.0,3.732,383.2,409.0,8.79,,,,,
5392,8,13,15,172.71,88.2,3.732,252.2,278.0,12.25,,,,,
5393,8,13,16,160.98,84.0,3.732,170.9,190.0,11.08,,,,,
5394,8,13,17,158.14,80.1,3.732,148.3,250.0,11.37,,,,,
5395,8,13,18,119.70,77.0,3.732,59.9,70.0,12.04,,,,,
5396,8,13,19,106.92,75.4,3.732,0.0,0.0,10.78,,,,,
5397,8,13,20,66.07,74.3,3.732,0.0,0.0,9.03,,,,,
5398,8,13,21,68.48,73.6,3.732,0.0,0.0,9.36,,,,,
5399,8,13,22,52.59,73.0,3.732,0.0,0.0,12.72,,,,,
5400,8,13,23,47.35,72.5,3.732,0.0,0.0,11.96,,,,,
5401,8,14,0,46.10,71.8,3.732,0.0,0.0,12.72,,,,,
5402,8,14,1,45.62,71.4,3.732,0.0,0.0,10.22,,,,,
5403,8,14,2,45.12,71.1,3.732,0.0,0.0,8.46,,,,,
5404,8,14,3,45.10,70.7,3.732,0.0,0.0,7.26,,,,,
5405,8,14,4,46.90,70.3,3.732,0.0,0.0,8.60,,,,,
5406,8,14,5,46.94,71.1,3.732,0.0,0.0,8.67,,,,,
5407,8,14,6,67.94,72.5,3.732,86.2,121.0,9.28,,,,,
5408,8,14,7,68.88,74.3,3.732,118.4,132.0,9.92,,,,,
5409,8,14,8,63.80,77.0,3.732,289.9,314.0,10.56,,,,,
5410,8,14,9,61.01,81.5,3.732,656.4,622.0,9.69,,,,,
5411,8,14,10,69.62,85.1,3.732,868.4,784.0,9.49,,,,,
5412,8,14,11,69.32,87.3,3.732,968.7,863.0,9.90,,,,,
5413,8,14,12,73.01,88.3,3.732,995.3,887.0,9.37,,,,,
5414,8,14,13,75.42,88.7,3.732,793.3,750.0,7.81,,,,,
5415,8,14,14,75.54,88.3,3.732,570.4,579.0,8.88,,,,,
5416,8,14,15,86.42,87.3,3.732,631.8,631.0,7.75,,,,,
5417,8,14,16,83.66,85.3,3.732,394.8,458.0,7.47,,,,,
5418,8,14,17,83.65,82.8,3.732,139.0,272.0,6.59,,,,,
5419,8,14,18,60.51,78.3,3.732,14.5,96.0,5.38,,,,,
5420,8,14,19,55.02,75.0,3.732,0.0,0.0,5.24,,,,,
5421,8,14,20,61.25,73.2,3.732,0.0,0.0,3.22,,,,,
5422,8,14,21,55.64,71.4,3.732,0.0,0.0,3.43,,,,,
5423,8,14,22,44.37,70.0,3.732,0.0,0.0,1.71,,,,,
5424,8,14,23,33.23,68.5,3.732,0.0,0.0,2.23,,,,,
5425,8,15,0,37.32,67.1,3.732,0.0,0.0,2.99,,,,,
5426,8,15,1,41.27,65.8,3.732,0.0,0.0,2.71,,,,,
5427,8,15,2,36.66,64.6,3.732,0.0,0.0,2.72,,,,,
5428,8,15,3,34.61,63.3,3.732,0.0,0.0,4.33,,,,,
5429,8,15,4,39.59,62.1,3.732,0.0,0.0,3.59,,,,,
5430,8,15,5,44.52,62.4,3.732,0.0,0.0,6.20,,,,,
5431,8,15,6,49.55,66.0,3.732,89.3,133.0,8.86,,,,,
5432,8,15,7,41.79,71.6,3.732,290.5,322.0,6.12,,,,,
5433,8,15,8,37.27,76.1,3.732,523.9,514.0,6.19,,,,,
5434,8,15,9,37.12,79.7,3.732,737.5,682.0,6.63,,,,,
5435,8,15,10,38.27,82.0,3.732,903.6,811.0,6.47,,,,,
5436,8,15,11,40.00,83.3,3.732,1002.0,888.0,5.73,,,,,
5437,8,15,12,48.31,84.7,3.732,1028.7,912.0,5.86,,,,,
5438,8,15,13,48.87,85.3,3.732,975.4,877.0,5.17,,,,,
5439,8,15,14,54.85,84.9,3.732,848.5,788.0,4.17,,,,,
5440,8,15,15,61.04,83.7,3.732,657.2,652.0,2.99,,,,,
5441,8,15,16,71.66,82.0,3.732,415.4,479.0,2.47,,,,,
5442,8,15,17,78.03,79.5,3.732,142.4,287.0,1.09,,,,,
5443,8,15,18,74.40,73.2,3.732,5.0,103.0,2.01,,,,,
5444,8,15,19,65.89,70.3,3.732,0.0,0.0,4.14,,,,,
5445,8,15,20,63.48,69.3,3.732,0.0,0.0,3.31,,,,,
5446,8,15,21,47.31,66.9,3.732,0.0,0.0,1.74,,,,,
5447,8,15,22,41.92,64.6,3.732,0.0,0.0,3.23,,,,,
5448,8,15,23,54.22,63.0,3.732,0.0,0.0,3.07,,,,,
5449,8,16,0,49.49,62.1,3.732,0.0,0.0,3.62,,,,,
5450,8,16,1,43.51,61.3,3.732,0.0,0.0,3.37,,,,,
5451,8,16,2,41.45,60.8,3.732,0.0,0.0,3.60,,,,,
5452,8,16,3,43.03,60.6,3.732,0.0,0.0,4.24,,,,,
5453,8,16,4,42.20,60.4,3.732,0.0,0.0,3.94,,,,,
5454,8,16,5,42.51,62.8,3.732,0.0,0.0,3.51,,,,,
5455,8,16,6,42.95,68.9,3.732,52.7,59.0,4.01,,,,,
5456,8,16,7,41.35,74.1,3.732,187.4,207.0,5.56,,,,,
5457,8,16,8,38.34,79.0,3.732,501.1,490.0,5.51,,,,,
5458,8,16,9,38.03,82.6,3.732,702.5,649.0,4.18,,,,,
5459,8,16,10,38.14,85.3,3.732,857.5,770.0,4.88,,,,,
5460,8,16,11,37.69,86.9,3.732,947.5,841.0,4.42,,,,,
5461,8,16,12,40.26,88.0,3.732,966.7,859.0,3.66,,,,,
5462,8,16,13,40.48,88.2,3.732,541.9,559.0,4.90,,,,,
5463,8,16,14,40.97,87.3,3.732,490.8,502.0,5.41,,,,,
5464,8,16,15,46.73,86.2,3.732,117.7,131.0,3.25,,,,,
5465,8,16,16,63.66,84.7,3.732,87.6,98.0,2.75,,,,,
5466,8,16,17,69.28,82.4,3.732,143.0,244.0,3.97,,,,,
5467,8,16,18,44.08,78.3,3.732,31.6,79.0,5.15,,,,,
5468,8,16,19,40.56,76.3,3.732,0.0,0.0,4.40,,,,,
5469,8,16,20,47.74,74.5,3.732,0.0,0.0,4.90,,,,,
5470,8,16,21,47.37,72.5,3.732,0.0,0.0,5.20,,,,,
5471,8,16,22,43.98,71.2,3.732,0.0,0.0,5.23,,,,,
5472,8,16,23,44.08,70.5,3.732,0.0,0.0,5.11,,,,,
5473,8,17,0,40.49,70.0,3.732,0.0,0.0,4.49,,,,,
5474,8,17,1,35.88,69.3,3.732,0.0,0.0,4.70,,,,,
5475,8,17,2,32.32,68.5,3.732,0.0,0.0,5.27,,,,,
5476,8,17,3,32.35,68.4,3.732,0.0,0.0,5.03,,,,,
5477,8,17,4,32.53,67.8,3.732,0.0,0.0,6.30,,,,,
5478,8,17,5,33.72,68.7,3.732,0.0,0.0,4.95,,,,,
5479,8,17,6,36.52,71.1,3.732,83.2,114.0,4.72,,,,,
5480,8,17,7,36.39,73.9,3.732,94.7,106.0,5.09,,,,,
5481,8,17,8,39.60,77.9,3.732,188.4,209.0,6.19,,,,,
5482,8,17,9,39.90,82.6,3.732,683.8,630.0,6.63,,,,,
5483,8,17,10,44.94,85.5,3.732,849.9,759.0,6.80,,,,,
5484,8,17,11,48.75,86.7,3.732,947.9,836.0,6.47,,,,,
5485,8,17,12,65.88,87.4,3.732,972.5,858.0,7.32,,,,,
5486,8,17,13,69.52,87.6,3.732,714.7,663.0,7.78,,,,,
5487,8,17,14,69.51,87.1,3.732,539.3,534.0,7.00,,,,,
5488,8,17,15,79.59,85.8,3.732,399.4,419.0,9.49,,,,,
5489,8,17,16,106.72,83.8,3.732,271.8,301.0,7.61,,,,,
5490,8,17,17,106.41,80.4,3.732,151.5,182.0,8.22,,,,,
5491,8,17,18,82.01,75.7,3.732,60.1,73.0,6.54,,,,,
5492,8,17,19,73.94,71.1,3.732,0.0,0.0,7.09,,,,,
5493,8,17,20,70.36,66.9,3.732,0.0,0.0,7.22,,,,,
5494,8,17,21,60.98,64.6,3.732,0.0,0.0,6.84,,,,,
5495,8,17,22,54.18,63.1,3.732,0.0,0.0,5.98,,,,,
5496,8,17,23,40.45,62.6,3.732,0.0,0.0,6.95,,,,,
5497,8,18,0,30.94,61.7,3.732,0.0,0.0,7.82,,,,,
5498,8,18,1,29.50,60.6,3.732,0.0,0.0,8.58,,,,,
5499,8,18,2,27.37,59.4,3.732,0.0,0.0,7.40,,,,,
5500,8,18,3,27.28,57.7,3.732,0.0,0.0,9.05,,,,,
5501,8,18,4,29.94,56.3,3.732,0.0,0.0,8.98,,,,,
5502,8,18,5,37.32,55.6,3.732,0.0,0.0,9.14,,,,,
5503,8,18,6,43.88,57.4,3.732,79.1,89.0,6.41,,,,,
5504,8,18,7,39.86,60.6,3.732,308.9,334.0,4.90,,,,,
5505,8,18,8,33.63,64.2,3.732,551.0,529.0,2.81,,,,,
5506,8,18,9,30.90,67.8,3.732,707.9,648.0,6.00,,,,,
5507,8,18,10,31.46,70.7,3.732,937.5,828.0,4.30,,,,,
5508,8,18,11,31.50,72.9,3.732,1036.6,905.0,5.42,,,,,
5509,8,18,12,29.79,74.5,3.732,954.0,838.0,9.12,,,,,
5510,8,18,13,29.57,74.7,3.732,929.5,825.0,7.11,,,,,
5511,8,18,14,26.84,73.8,3.732,867.9,793.0,9.59,,,,,
5512,8,18,15,33.09,72.0,3.732,668.9,651.0,9.66,,,,,
5513,8,18,16,49.05,70.0,3.732,356.3,397.0,13.02,,,,,
5514,8,18,17,70.48,67.1,3.732,142.3,279.0,13.48,,,,,
5515,8,18,18,69.97,63.1,3.732,2.5,94.0,13.14,,,,,
5516,8,18,19,69.13,61.0,3.732,0.0,0.0,13.10,,,,,
5517,8,18,20,43.36,59.9,3.732,0.0,0.0,14.38,,,,,
5518,8,18,21,31.18,58.8,3.732,0.0,0.0,14.36,,,,,
5519,8,18,22,31.56,58.1,3.732,0.0,0.0,14.60,,,,,
5520,8,18,23,31.33,57.7,3.732,0.0,0.0,17.14,,,,,
5521,8,19,0,30.28,57.0,3.732,0.0,0.0,14.49,,,,,
5522,8,19,1,28.91,56.8,3.732,0.0,0.0,13.78,,,,,
5523,8,19,2,28.61,56.7,3.732,0.0,0.0,12.87,,,,,
5524,8,19,3,29.58,56.5,3.732,0.0,0.0,12.53,,,,,
5525,8,19,4,30.33,55.9,3.732,0.0,0.0,12.79,,,,,
5526,8,19,5,34.00,56.7,3.732,0.0,0.0,12.78,,,,,
5527,8,19,6,41.76,59.7,3.732,87.3,125.0,10.26,,,,,
5528,8,19,7,33.59,63.1,3.732,211.7,230.0,10.57,,,,,
5529,8,19,8,30.66,66.0,3.732,338.7,351.0,11.81,,,,,
5530,8,19,9,29.34,69.1,3.732,335.5,360.0,11.26,,,,,
5531,8,19,10,28.90,71.2,3.732,658.2,614.0,11.92,,,,,
5532,8,19,11,30.13,72.5,3.732,876.2,770.0,11.83,,,,,
5533,8,19,12,32.37,74.1,3.732,745.6,683.0,11.40,,,,,
5534,8,19,13,33.12,75.9,3.732,962.7,850.0,11.42,,,,,
5535,8,19,14,35.63,76.6,3.732,718.0,663.0,10.63,,,,,
5536,8,19,15,48.71,76.1,3.732,485.7,490.0,11.36,,,,,
5537,8,19,16,63.71,74.1,3.732,313.7,346.0,10.72,,,,,
5538,8,19,17,56.43,70.3,3.732,154.0,216.0,11.00,,,,,
5539,8,19,18,63.49,65.7,3.732,0.0,77.0,10.76,,,,,
5540,8,19,19,60.11,64.0,3.732,0.0,0.0,8.03,,,,,
5541,8,19,20,57.98,63.1,3.732,0.0,0.0,9.98,,,,,
5542,8,19,21,40.71,62.4,3.732,0.0,0.0,12.53,,,,,
5543,8,19,22,32.82,61.5,3.732,0.0,0.0,11.79,,,,,
5544,8,19,23,45.54,61.0,3.732,0.0,0.0,12.87,,,,,
5545,8,20,0,33.89,60.3,3.732,0.0,0.0,13.42,,,,,
5546,8,20,1,32.88,59.2,3.732,0.0,0.0,13.12,,,,,
5547,8,20,2,30.72,58.1,3.732,0.0,0.0,12.40,,,,,
5548,8,20,3,31.01,57.4,3.732,0.0,0.0,12.18,,,,,
5549,8,20,4,34.41,57.4,3.732,0.0,0.0,13.40,,,,,
5550,8,20,5,43.46,57.7,3.732,0.0,0.0,12.97,,,,,
5551,8,20,6,46.58,58.5,3.732,32.1,36.0,12.06,,,,,
5552,8,20,7,52.98,59.0,3.732,4.5,5.0,10.31,,,,,
5553,8,20,8,45.48,59.7,3.732,16.1,18.0,9.62,,,,,
5554,8,20,9,51.19,60.6,3.732,25.0,28.0,9.65,,,,,
5555,8,20,10,48.26,61.0,3.732,85.8,96.0,8.53,,,,,
5556,8,20,11,50.16,62.6,3.732,163.5,182.0,9.17,,,,,
5557,8,20,12,62.13,64.8,3.732,203.5,226.0,6.59,,,,,
5558,8,20,13,55.58,65.1,3.732,196.3,218.0,6.27,,,,,
5559,8,20,14,56.65,63.5,3.732,183.7,204.0,8.53,,,,,
5560,8,20,15,56.52,61.9,3.732,178.9,198.0,8.20,,,,,
5561,8,20,16,56.28,60.8,3.732,206.6,228.0,7.88,,,,,
5562,8,20,17,51.77,59.9,3.732,73.3,82.0,8.30,,,,,
5563,8,20,18,53.77,59.0,3.732,0.0,62.0,8.47,,,,,
5564,8,20,19,55.98,58.3,3.732,0.0,0.0,8.28,,,,,
5565,8,20,20,50.74,57.6,3.732,0.0,0.0,8.92,,,,,
5566,8,20,21,40.19,56.7,3.732,0.0,0.0,11.32,,,,,
5567,8,20,22,35.82,55.9,3.732,0.0,0.0,13.26,,,,,
5568,8,20,23,36.03,55.2,3.732,0.0,0.0,14.01,,,,,
5569,8,21,0,35.45,54.5,3.732,0.0,0.0,10.99,,,,,
5570,8,21,1,30.72,54.1,3.732,0.0,0.0,10.53,,,,,
5571,8,21,2,30.78,53.8,3.732,0.0,0.0,12.30,,,,,
5572,8,21,3,30.85,53.2,3.732,0.0,0.0,11.99,,,,,
5573,8,21,4,35.06,52.7,3.732,0.0,0.0,10.62,,,,,
5574,8,21,5,39.23,53.1,3.732,0.0,0.0,9.17,,,,,
5575,8,21,6,48.64,55.4,3.732,50.9,57.0,7.13,,,,,
5576,8,21,7,35.08,58.8,3.732,284.9,300.0,5.50,,,,,
5577,8,21,8,34.77,63.3,3.732,267.0,288.0,4.18,,,,,
5578,8,21,9,30.47,68.0,3.732,464.8,471.0,5.64,,,,,
5579,8,21,10,30.01,71.1,3.732,904.6,788.0,6.60,,,,,
5580,8,21,11,30.64,73.0,3.732,1008.7,869.0,6.32,,,,,
5581,8,21,12,30.55,74.5,3.732,1034.9,892.0,7.20,,,,,
5582,8,21,13,30.64,75.4,3.732,983.1,858.0,5.15,,,,,
5583,8,21,14,32.83,75.2,3.732,854.8,768.0,4.19,,,,,
5584,8,21,15,38.48,74.3,3.732,661.6,631.0,4.18,,,,,
5585,8,21,16,45.86,72.9,3.732,416.9,457.0,5.88,,,,,
5586,8,21,17,56.51,70.2,3.732,138.6,265.0,7.70,,,,,
5587,8,21,18,57.78,64.4,3.732,0.0,83.0,8.11,,,,,
5588,8,21,19,60.22,60.8,3.732,0.0,0.0,8.17,,,,,
5589,8,21,20,47.43,58.8,3.732,0.0,0.0,8.44,,,,,
5590,8,21,21,39.48,57.4,3.732,0.0,0.0,8.01,,,,,
5591,8,21,22,34.71,55.9,3.732,0.0,0.0,7.10,,,,,
5592,8,21,23,29.55,54.9,3.732,0.0,0.0,8.73,,,,,
5593,8,22,0,27.75,54.1,3.732,0.0,0.0,8.97,,,,,
5594,8,22,1,24.32,53.6,3.732,0.0,0.0,9.50,,,,,
5595,8,22,2,25.37,53.2,3.732,0.0,0.0,11.06,,,,,
5596,8,22,3,24.76,52.9,3.732,0.0,0.0,11.23,,,,,
5597,8,22,4,27.10,53.2,3.732,0.0,0.0,10.57,,,,,
5598,8,22,5,30.77,54.9,3.732,0.0,0.0,10.37,,,,,
5599,8,22,6,31.29,60.3,3.732,84.7,117.0,9.45,,,,,
5600,8,22,7,25.15,67.1,3.732,289.5,302.0,10.28,,,,,
5601,8,22,8,24.59,73.0,3.732,522.1,489.0,10.62,,,,,
5602,8,22,9,24.76,76.3,3.732,733.6,653.0,10.22,,,,,
5603,8,22,10,24.62,78.4,3.732,897.8,779.0,8.73,,,,,
5604,8,22,11,24.61,79.9,3.732,998.5,857.0,8.28,,,,,
5605,8,22,12,25.85,81.0,3.732,1023.7,879.0,8.86,,,,,
5606,8,22,13,28.22,81.7,3.732,968.7,842.0,8.81,,,,,
5607,8,22,14,29.03,81.7,3.732,837.5,749.0,8.73,,,,,
5608,8,22,15,32.99,81.0,3.732,645.5,612.0,8.87,,,,,
5609,8,22,16,49.51,79.9,3.732,403.3,438.0,9.12,,,,,
5610,8,22,17,60.40,76.5,3.732,134.7,249.0,8.79,,,,,
5611,8,22,18,57.53,71.2,3.732,0.0,73.0,9.02,,,,,
5612,8,22,19,50.05,69.4,3.732,0.0,0.0,8.94,,,,,
5613,8,22,20,40.92,68.0,3.732,0.0,0.0,10.09,,,,,
5614,8,22,21,34.93,65.8,3.732,0.0,0.0,8.98,,,,,
5615,8,22,22,30.57,63.9,3.732,0.0,0.0,9.37,,,,,
5616,8,22,23,27.26,62.6,3.732,0.0,0.0,9.06,,,,,
5617,8,23,0,27.02,61.5,3.732,0.0,0.0,8.81,,,,,
5618,8,23,1,25.98,60.8,3.732,0.0,0.0,6.96,,,,,
5619,8,23,2,23.74,60.1,3.732,0.0,0.0,6.12,,,,,
5620,8,23,3,24.63,59.7,3.732,0.0,0.0,5.33,,,,,
5621,8,23,4,25.15,59.4,3.732,0.0,0.0,4.55,,,,,
5622,8,23,5,25.66,60.1,3.732,0.0,0.0,4.53,,,,,
5623,8,23,6,24.55,66.2,3.732,81.0,108.0,4.42,,,,,
5624,8,23,7,23.67,71.4,3.732,278.2,288.0,6.25,,,,,
5625,8,23,8,23.68,77.4,3.732,503.4,470.0,2.43,,,,,
5626,8,23,9,24.09,80.2,3.732,708.7,630.0,5.10,,,,,
5627,8,23,10,23.89,81.9,3.732,877.4,759.0,3.83,,,,,
5628,8,23,11,23.93,82.9,3.732,974.2,834.0,4.25,,,,,
5629,8,23,12,24.91,83.5,3.732,1000.9,857.0,4.19,,,,,
5630,8,23,13,28.02,83.7,3.732,947.0,821.0,3.45,,,,,
5631,8,23,14,33.21,83.3,3.732,649.6,619.0,3.17,,,,,
5632,8,23,15,39.43,82.2,3.732,632.9,597.0,3.10,,,,,
5633,8,23,16,53.36,80.1,3.732,389.3,419.0,4.02,,,,,
5634,8,23,17,42.10,76.6,3.732,132.3,239.0,2.63,,,,,
5635,8,23,18,35.68,72.9,3.732,0.0,67.0,2.51,,,,,
5636,8,23,19,35.75,70.5,3.732,0.0,0.0,2.66,,,,,
5637,8,23,20,33.10,68.5,3.732,0.0,0.0,4.57,,,,,
5638,8,23,21,28.51,67.1,3.732,0.0,0.0,1.49,,,,,
5639,8,23,22,27.42,65.7,3.732,0.0,0.0,0.56,,,,,
5640,8,23,23,28.59,64.4,3.732,0.0,0.0,2.31,,,,,
5641,8,24,0,26.05,63.7,3.732,0.0,0.0,2.31,,,,,
5642,8,24,1,23.42,63.0,3.732,0.0,0.0,1.97,,,,,
5643,8,24,2,23.65,62.4,3.732,0.0,0.0,3.40,,,,,
5644,8,24,3,22.54,61.9,3.732,0.0,0.0,2.57,,,,,
5645,8,24,4,22.78,61.3,3.732,0.0,0.0,1.71,,,,,
5646,8,24,5,22.98,61.7,3.732,0.0,0.0,1.59,,,,,
5647,8,24,6,25.17,64.9,3.732,24.1,27.0,2.49,,,,,
5648,8,24,7,23.74,69.1,3.732,116.9,129.0,5.18,,,,,
5649,8,24,8,22.56,73.0,3.732,200.9,221.0,3.02,,,,,
5650,8,24,9,23.07,76.6,3.732,705.3,625.0,4.57,,,,,
5651,8,24,10,25.28,79.3,3.732,315.0,337.0,6.29,,,,,
5652,8,24,11,26.85,80.8,3.732,535.2,524.0,6.37,,,,,
5653,8,24,12,34.40,81.9,3.732,329.0,364.0,7.04,,,,,
5654,8,24,13,27.28,82.4,3.732,177.0,198.0,7.92,,,,,
5655,8,24,14,36.61,82.2,3.732,267.6,297.0,6.78,,,,,
5656,8,24,15,35.57,80.4,3.732,451.4,446.0,7.26,,,,,
5657,8,24,16,35.60,78.1,3.732,211.1,233.0,7.80,,,,,
5658,8,24,17,48.17,75.9,3.732,48.3,54.0,8.39,,,,,
5659,8,24,18,46.55,73.6,3.732,0.0,39.0,8.11,,,,,
5660,8,24,19,52.73,72.0,3.732,0.0,0.0,8.42,,,,,
5661,8,24,20,41.75,70.3,3.732,0.0,0.0,9.45,,,,,
5662,8,24,21,34.93,69.1,3.732,0.0,0.0,8.78,,,,,
5663,8,24,22,31.67,68.2,3.732,0.0,0.0,9.19,,,,,
5664,8,24,23,38.16,67.6,3.732,0.0,0.0,8.07,,,,,
5665,8,25,0,30.15,67.3,3.732,0.0,0.0,10.38,,,,,
5666,8,25,1,27.49,67.1,3.732,0.0,0.0,9.05,,,,,
5667,8,25,2,27.93,66.9,3.732,0.0,0.0,8.31,,,,,
5668,8,25,3,28.60,66.6,3.732,0.0,0.0,9.36,,,,,
5669,8,25,4,30.72,66.0,3.732,0.0,0.0,6.28,,,,,
5670,8,25,5,34.10,66.0,3.732,0.0,0.0,5.06,,,,,
5671,8,25,6,37.04,68.4,3.732,75.1,92.0,7.05,,,,,
5672,8,25,7,36.29,71.1,3.732,158.5,175.0,6.30,,,,,
5673,8,25,8,33.58,73.6,3.732,161.7,180.0,4.38,,,,,
5674,8,25,9,31.91,76.3,3.732,405.6,422.0,3.09,,,,,
5675,8,25,10,33.02,78.8,3.732,358.3,384.0,4.48,,,,,
5676,8,25,11,34.89,80.8,3.732,447.5,467.0,4.95,,,,,
5677,8,25,12,38.82,81.5,3.732,994.9,846.0,5.06,,,,,
5678,8,25,13,41.68,81.3,3.732,646.4,627.0,6.15,,,,,
5679,8,25,14,53.30,80.8,3.732,680.2,636.0,3.06,,,,,
5680,8,25,15,48.59,79.9,3.732,641.2,596.0,3.73,,,,,
5681,8,25,16,51.77,78.4,3.732,405.4,428.0,4.30,,,,,
5682,8,25,17,56.93,75.7,3.732,133.5,240.0,6.83,,,,,
5683,8,25,18,50.24,70.2,3.732,0.0,3.0,4.78,,,,,
5684,8,25,19,48.93,67.3,3.732,0.0,0.0,3.47,,,,,
5685,8,25,20,47.25,66.0,3.732,0.0,0.0,2.10,,,,,
5686,8,25,21,35.11,64.4,3.732,0.0,0.0,4.43,,,,,
5687,8,25,22,33.13,63.0,3.732,0.0,0.0,3.17,,,,,
5688,8,25,23,29.71,62.1,3.732,0.0,0.0,3.34,,,,,
5689,8,26,0,25.43,60.8,3.732,0.0,0.0,3.65,,,,,
5690,8,26,1,23.66,59.9,3.732,0.0,0.0,3.12,,,,,
5691,8,26,2,23.10,59.0,3.732,0.0,0.0,3.77,,,,,
5692,8,26,3,23.29,58.3,3.732,0.0,0.0,7.24,,,,,
5693,8,26,4,24.21,57.7,3.732,0.0,0.0,8.55,,,,,
5694,8,26,5,29.58,57.9,3.732,0.0,0.0,8.02,,,,,
5695,8,26,6,28.57,61.2,3.732,81.3,105.0,5.89,,,,,
5696,8,26,7,24.79,64.8,3.732,290.7,292.0,6.13,,,,,
5697,8,26,8,23.25,68.0,3.732,528.4,481.0,6.82,,,,,
5698,8,26,9,23.13,70.9,3.732,745.6,648.0,7.09,,,,,
5699,8,26,10,23.70,73.0,3.732,914.8,777.0,7.65,,,,,
5700,8,26,11,23.23,74.7,3.732,663.0,639.0,7.04,,,,,
5701,8,26,12,24.80,75.6,3.732,1042.1,877.0,6.04,,,,,
5702,8,26,13,24.15,75.9,3.732,678.0,648.0,6.02,,,,,
5703,8,26,14,23.20,75.6,3.732,112.6,126.0,6.20,,,,,
5704,8,26,15,26.87,74.5,3.732,324.9,347.0,4.46,,,,,
5705,8,26,16,40.54,73.0,3.732,405.5,424.0,7.27,,,,,
5706,8,26,17,50.84,70.5,3.732,132.5,233.0,4.61,,,,,
5707,8,26,18,45.65,64.9,3.732,0.0,59.0,5.89,,,,,
5708,8,26,19,42.22,61.7,3.732,0.0,0.0,5.28,,,,,
5709,8,26,20,30.98,59.9,3.732,0.0,0.0,4.73,,,,,
5710,8,26,21,24.69,58.5,3.732,0.0,0.0,5.66,,,,,
5711,8,26,22,24.68,57.2,3.732,0.0,0.0,6.02,,,,,
5712,8,26,23,27.09,56.7,3.732,0.0,0.0,5.94,,,,,
5713,8,27,0,25.32,55.6,3.732,0.0,0.0,6.42,,,,,
5714,8,27,1,25.01,55.0,3.732,0.0,0.0,7.83,,,,,
5715,8,27,2,23.23,54.5,3.732,0.0,0.0,7.64,,,,,
5716,8,27,3,24.99,54.1,3.732,0.0,0.0,7.33,,,,,
5717,8,27,4,27.76,53.8,3.732,0.0,0.0,7.93,,,,,
5718,8,27,5,26.12,54.3,3.732,0.0,0.0,7.21,,,,,
5719,8,27,6,34.42,58.1,3.732,40.3,45.0,7.21,,,,,
5720,8,27,7,31.41,62.4,3.732,237.9,246.0,5.89,,,,,
5721,8,27,8,25.51,66.4,3.732,217.4,237.0,5.29,,,,,
5722,8,27,9,24.94,69.6,3.732,369.0,387.0,1.75,,,,,
5723,8,27,10,25.13,71.8,3.732,687.3,636.0,3.29,,,,,
5724,8,27,11,24.90,72.5,3.732,493.9,501.0,3.16,,,,,
5725,8,27,12,25.94,72.5,3.732,718.6,677.0,2.59,,,,,
5726,8,27,13,26.42,72.1,3.732,110.8,124.0,2.24,,,,,
5727,8,27,14,23.23,71.4,3.732,401.9,418.0,2.35,,,,,
5728,8,27,15,32.03,70.0,3.732,84.0,94.0,3.25,,,,,
5729,8,27,16,35.20,68.4,3.732,111.7,125.0,3.06,,,,,
5730,8,27,17,46.19,66.2,3.732,8.9,10.0,2.22,,,,,
5731,8,27,18,42.03,61.2,3.732,0.0,56.0,1.96,,,,,
5732,8,27,19,40.39,58.3,3.732,0.0,0.0,2.92,,,,,
5733,8,27,20,34.55,57.0,3.732,0.0,0.0,4.57,,,,,
5734,8,27,21,28.39,56.3,3.732,0.0,0.0,3.88,,,,,
5735,8,27,22,25.68,55.4,3.732,0.0,0.0,6.16,,,,,
5736,8,27,23,27.26,54.0,3.732,0.0,0.0,4.17,,,,,
5737,8,28,0,25.35,52.9,3.732,0.0,0.0,4.50,,,,,
5738,8,28,1,23.69,51.8,3.732,0.0,0.0,3.75,,,,,
5739,8,28,2,23.29,50.5,3.732,0.0,0.0,3.42,,,,,
5740,8,28,3,23.80,50.0,3.732,0.0,0.0,2.30,,,,,
5741,8,28,4,26.03,49.5,3.732,0.0,0.0,1.12,,,,,
5742,8,28,5,30.04,50.2,3.732,0.0,0.0,0.56,,,,,
5743,8,28,6,31.10,56.5,3.732,50.0,56.0,1.15,,,,,
5744,8,28,7,25.21,62.4,3.732,158.4,174.0,2.94,,,,,
5745,8,28,8,23.09,68.2,3.732,533.2,479.0,1.80,,,,,
5746,8,28,9,21.99,71.2,3.732,751.0,646.0,2.50,,,,,
5747,8,28,10,22.66,73.6,3.732,919.2,774.0,3.10,,,,,
5748,8,28,11,23.74,75.0,3.732,1016.0,848.0,5.08,,,,,
5749,8,28,12,25.99,75.9,3.732,1039.5,868.0,4.90,,,,,
5750,8,28,13,27.47,76.5,3.732,739.1,685.0,5.08,,,,,
5751,8,28,14,28.14,76.3,3.732,711.2,633.0,5.47,,,,,
5752,8,28,15,33.95,75.2,3.732,549.7,514.0,5.08,,,,,
5753,8,28,16,35.83,73.8,3.732,329.1,344.0,5.47,,,,,
5754,8,28,17,37.99,70.5,3.732,130.7,218.0,4.43,,,,,
5755,8,28,18,40.18,66.4,3.732,0.0,49.0,4.19,,,,,
5756,8,28,19,36.17,64.6,3.732,0.0,0.0,2.68,,,,,
5757,8,28,20,29.69,63.5,3.732,0.0,0.0,4.87,,,,,
5758,8,28,21,25.99,63.0,3.732,0.0,0.0,5.17,,,,,
5759,8,28,22,24.99,63.1,3.732,0.0,0.0,4.62,,,,,
5760,8,28,23,24.04,62.6,3.732,0.0,0.0,2.85,,,,,
5761,8,29,0,24.07,61.7,3.732,0.0,0.0,3.05,,,,,
5762,8,29,1,20.97,60.1,3.732,0.0,0.0,2.43,,,,,
5763,8,29,2,20.43,59.7,3.732,0.0,0.0,5.05,,,,,
5764,8,29,3,18.89,59.4,3.732,0.0,0.0,3.91,,,,,
5765,8,29,4,22.56,59.0,3.732,0.0,0.0,4.37,,,,,
5766,8,29,5,27.31,59.0,3.732,0.0,0.0,3.06,,,,,
5767,8,29,6,30.48,60.6,3.732,74.0,89.0,3.90,,,,,
5768,8,29,7,35.93,63.3,3.732,82.2,92.0,3.11,,,,,
5769,8,29,8,32.84,65.8,3.732,90.3,101.0,3.53,,,,,
5770,8,29,9,30.21,68.7,3.732,205.7,229.0,3.25,,,,,
5771,8,29,10,29.86,71.2,3.732,238.8,266.0,4.96,,,,,
5772,8,29,11,28.98,72.9,3.732,153.7,172.0,4.99,,,,,
5773,8,29,12,30.12,72.5,3.732,319.6,354.0,5.61,,,,,
5774,8,29,13,30.22,72.0,3.732,216.3,242.0,6.04,,,,,
5775,8,29,14,30.43,70.9,3.732,809.5,701.0,6.66,,,,,
5776,8,29,15,32.86,69.3,3.732,252.7,277.0,5.74,,,,,
5777,8,29,16,31.93,67.6,3.732,117.1,131.0,4.78,,,,,
5778,8,29,17,38.52,65.3,3.732,34.9,39.0,4.33,,,,,
5779,8,29,18,33.85,62.4,3.732,0.0,37.0,5.51,,,,,
5780,8,29,19,34.44,61.0,3.732,0.0,0.0,6.84,,,,,
5781,8,29,20,33.60,59.9,3.732,0.0,0.0,6.84,,,,,
5782,8,29,21,24.72,58.8,3.732,0.0,0.0,6.10,,,,,
5783,8,29,22,22.91,57.6,3.732,0.0,0.0,5.60,,,,,
5784,8,29,23,28.53,56.5,3.732,0.0,0.0,5.65,,,,,
5785,8,30,0,24.36,55.0,3.732,0.0,0.0,5.10,,,,,
5786,8,30,1,21.29,53.6,3.732,0.0,0.0,4.37,,,,,
5787,8,30,2,20.41,52.3,3.732,0.0,0.0,2.75,,,,,
5788,8,30,3,19.94,51.6,3.732,0.0,0.0,3.54,,,,,
5789,8,30,4,21.34,50.9,3.732,0.0,0.0,3.02,,,,,
5790,8,30,5,20.49,50.7,3.732,0.0,0.0,1.89,,,,,
5791,8,30,6,19.89,54.3,3.732,44.8,50.0,2.27,,,,,
5792,8,30,7,17.93,59.5,3.732,182.3,196.0,2.86,,,,,
5793,8,30,8,16.88,64.0,3.732,544.3,480.0,2.23,,,,,
5794,8,30,9,16.76,67.1,3.732,765.4,648.0,4.08,,,,,
5795,8,30,10,17.06,69.4,3.732,532.6,529.0,10.16,,,,,
5796,8,30,11,16.90,71.1,3.732,1035.6,852.0,9.42,,,,,
5797,8,30,12,16.62,72.1,3.732,754.0,692.0,11.53,,,,,
5798,8,30,13,17.07,72.7,3.732,544.0,542.0,12.46,,,,,
5799,8,30,14,18.31,72.5,3.732,266.0,295.0,13.74,,,,,
5800,8,30,15,19.97,71.2,3.732,248.4,272.0,14.76,,,,,
5801,8,30,16,24.06,69.8,3.732,409.1,410.0,13.76,,,,,
5802,8,30,17,32.61,67.5,3.732,129.5,219.0,13.24,,,,,
5803,8,30,18,35.26,61.7,3.732,0.0,46.0,12.04,,,,,
5804,8,30,19,33.86,59.5,3.732,0.0,0.0,11.27,,,,,
5805,8,30,20,29.91,58.8,3.732,0.0,0.0,11.75,,,,,
5806,8,30,21,26.30,57.6,3.732,0.0,0.0,11.46,,,,,
5807,8,30,22,23.19,56.8,3.732,0.0,0.0,11.04,,,,,
5808,8,30,23,19.87,55.9,3.732,0.0,0.0,11.35,,,,,
5809,8,31,0,19.06,54.7,3.732,0.0,0.0,11.77,,,,,
5810,8,31,1,18.21,53.6,3.732,0.0,0.0,12.16,,,,,
5811,8,31,2,17.77,52.9,3.732,0.0,0.0,10.40,,,,,
5812,8,31,3,17.33,52.3,3.732,0.0,0.0,11.11,,,,,
5813,8,31,4,17.22,51.4,3.732,0.0,0.0,10.08,,,,,
5814,8,31,5,21.02,51.6,3.732,0.0,0.0,11.59,,,,,
5815,8,31,6,18.98,56.1,3.732,79.8,96.0,10.28,,,,,
5816,8,31,7,17.43,62.4,3.732,296.9,283.0,10.40,,,,,
5817,8,31,8,11.22,67.5,3.732,539.1,472.0,9.43,,,,,
5818,8,31,9,13.78,70.9,3.732,760.1,640.0,8.69,,,,,
5819,8,31,10,14.28,73.6,3.732,926.2,765.0,9.97,,,,,
5820,8,31,11,16.47,75.6,3.732,1025.0,840.0,9.36,,,,,
5821,8,31,12,16.82,76.8,3.732,1046.4,858.0,9.10,,,,,
5822,8,31,13,17.66,77.7,3.732,988.2,818.0,8.04,,,,,
5823,8,31,14,17.71,77.7,3.732,855.5,724.0,7.74,,,,,
5824,8,31,15,20.89,76.8,3.732,654.4,580.0,7.88,,,,,
5825,8,31,16,35.70,75.4,3.732,407.6,404.0,8.83,,,,,
5826,8,31,17,54.03,71.8,3.732,128.1,213.0,7.93,,,,,
5827,8,31,18,40.99,65.5,3.732,0.0,42.0,8.22,,,,,
5828,8,31,19,32.56,63.1,3.732,0.0,0.0,8.30,,,,,
5829,8,31,20,33.20,61.7,3.732,0.0,0.0,8.32,,,,,
5830,8,31,21,25.61,60.1,3.732,0.0,0.0,8.65,,,,,
5831,8,31,22,23.34,58.8,3.732,0.0,0.0,8.89,,,,,
5832,8,31,23,24.70,57.7,3.732,0.0,0.0,8.46,,,,,
5833,9,1,0,23.09,57.0,4.339,0.0,0.0,8.87,,,,,
5834,9,1,1,21.93,56.8,4.339,0.0,0.0,5.88,,,,,
5835,9,1,2,22.42,56.5,4.339,0.0,0.0,6.87,,,,,
5836,9,1,3,21.35,56.3,4.339,0.0,0.0,7.06,,,,,
5837,9,1,4,21.90,56.1,4.339,0.0,0.0,7.53,,,,,
5838,9,1,5,22.92,56.5,4.339,0.0,0.0,6.92,,,,,
5839,9,1,6,22.67,59.0,4.339,75.7,89.0,6.34,,,,,
5840,9,1,7,21.53,63.0,4.339,234.9,234.0,5.08,,,,,
5841,9,1,8,18.51,68.9,4.339,272.8,281.0,3.27,,,,,
5842,9,1,9,20.02,73.4,4.339,481.5,454.0,3.62,,,,,
5843,9,1,10,20.53,76.3,4.339,746.9,642.0,2.54,,,,,
5844,9,1,11,22.62,77.9,4.339,631.5,585.0,1.83,,,,,
5845,9,1,12,23.75,77.7,4.339,621.4,583.0,1.12,,,,,
5846,9,1,13,23.79,76.6,4.339,568.5,543.0,1.55,,,,,
5847,9,1,14,28.03,75.6,4.339,496.0,482.0,2.20,,,,,
5848,9,1,15,36.74,73.8,4.339,99.0,110.0,1.64,,,,,
5849,9,1,16,39.24,70.7,4.339,164.1,180.0,1.62,,,,,
5850,9,1,17,41.01,67.5,4.339,79.5,89.0,3.17,,,,,
5851,9,1,18,42.48,65.1,4.339,0.0,27.0,3.43,,,,,
5852,9,1,19,40.50,63.7,4.339,0.0,0.0,3.88,,,,,
5853,9,1,20,37.06,62.6,4.339,0.0,0.0,1.69,,,,,
5854,9,1,21,32.44,61.5,4.339,0.0,0.0,2.49,,,,,
5855,9,1,22,28.26,60.8,4.339,0.0,0.0,2.42,,,,,
5856,9,1,23,28.37,60.4,4.339,0.0,0.0,4.31,,,,,
5857,9,2,0,24.98,60.1,4.339,0.0,0.0,4.38,,,,,
5858,9,2,1,25.08,59.9,4.339,0.0,0.0,4.76,,,,,
5859,9,2,2,22.84,59.5,4.339,0.0,0.0,4.37,,,,,
5860,9,2,3,23.40,58.8,4.339,0.0,0.0,6.52,,,,,
5861,9,2,4,25.79,57.9,4.339,0.0,0.0,6.83,,,,,
5862,9,2,5,36.58,57.4,4.339,0.0,0.0,7.74,,,,,
5863,9,2,6,38.12,61.0,4.339,47.4,53.0,8.18,,,,,
5864,9,2,7,33.50,66.9,4.339,294.3,275.0,7.84,,,,,
5865,9,2,8,22.87,72.5,4.339,538.5,465.0,8.54,,,,,
5866,9,2,9,21.70,75.6,4.339,756.8,630.0,7.33,,,,,
5867,9,2,10,22.86,77.9,4.339,927.4,758.0,6.28,,,,,
5868,9,2,11,21.86,79.7,4.339,1025.6,832.0,6.10,,,,,
5869,9,2,12,23.77,80.8,4.339,1048.4,851.0,6.05,,,,,
5870,9,2,13,27.11,81.3,4.339,987.9,809.0,6.41,,,,,
5871,9,2,14,30.19,81.3,4.339,850.4,711.0,7.89,,,,,
5872,9,2,15,37.67,80.8,4.339,337.4,354.0,7.80,,,,,
5873,9,2,16,47.75,79.5,4.339,401.2,389.0,8.72,,,,,
5874,9,2,17,48.67,75.6,4.339,124.1,197.0,9.24,,,,,
5875,9,2,18,48.49,71.2,4.339,0.0,33.0,9.72,,,,,
5876,9,2,19,42.72,68.2,4.339,0.0,0.0,8.96,,,,,
5877,9,2,20,34.52,65.3,4.339,0.0,0.0,12.96,,,,,
5878,9,2,21,33.67,63.1,4.339,0.0,0.0,10.31,,,,,
5879,9,2,22,30.03,60.8,4.339,0.0,0.0,11.16,,,,,
5880,9,2,23,32.08,59.0,4.339,0.0,0.0,10.82,,,,,
5881,9,3,0,32.31,57.6,4.339,0.0,0.0,9.60,,,,,
5882,9,3,1,27.72,56.3,4.339,0.0,0.0,9.77,,,,,
5883,9,3,2,25.11,55.4,4.339,0.0,0.0,12.32,,,,,
5884,9,3,3,28.74,54.7,4.339,0.0,0.0,10.43,,,,,
5885,9,3,4,28.07,54.0,4.339,0.0,0.0,11.04,,,,,
5886,9,3,5,36.63,54.1,4.339,0.0,0.0,10.77,,,,,
5887,9,3,6,41.51,59.5,4.339,70.5,80.0,9.68,,,,,
5888,9,3,7,28.31,66.0,4.339,280.4,261.0,10.46,,,,,
5889,9,3,8,24.62,72.5,4.339,521.4,449.0,10.11,,,,,
5890,9,3,9,27.18,76.1,4.339,740.5,615.0,9.06,,,,,
5891,9,3,10,27.20,78.1,4.339,910.2,742.0,6.82,,,,,
5892,9,3,11,27.85,79.2,4.339,1010.9,818.0,6.78,,,,,
5893,9,3,12,29.43,79.7,4.339,1032.5,836.0,6.00,,,,,
5894,9,3,13,30.32,79.9,4.339,968.8,792.0,6.31,,,,,
5895,9,3,14,31.40,79.5,4.339,833.0,695.0,6.53,,,,,
5896,9,3,15,42.07,78.6,4.339,634.9,552.0,6.90,,,,,
5897,9,3,16,44.81,77.0,4.339,388.6,374.0,7.04,,,,,
5898,9,3,17,50.95,73.2,4.339,123.0,187.0,6.50,,,,,
5899,9,3,18,47.16,68.2,4.339,0.0,29.0,6.55,,,,,
5900,9,3,19,43.47,65.1,4.339,0.0,0.0,6.36,,,,,
5901,9,3,20,41.55,63.1,4.339,0.0,0.0,6.13,,,,,
5902,9,3,21,34.20,62.2,4.339,0.0,0.0,6.96,,,,,
5903,9,3,22,28.51,61.2,4.339,0.0,0.0,6.27,,,,,
5904,9,3,23,29.31,59.5,4.339,0.0,0.0,5.92,,,,,
5905,9,4,0,29.77,58.3,4.339,0.0,0.0,5.68,,,,,
5906,9,4,1,28.68,57.0,4.339,0.0,0.0,6.06,,,,,
5907,9,4,2,28.22,56.1,4.339,0.0,0.0,6.77,,,,,
5908,9,4,3,28.68,55.6,4.339,0.0,0.0,8.59,,,,,
5909,9,4,4,29.30,55.0,4.339,0.0,0.0,7.77,,,,,
5910,9,4,5,35.97,55.4,4.339,0.0,0.0,7.43,,,,,
5911,9,4,6,40.96,61.0,4.339,38.4,43.0,5.86,,,,,
5912,9,4,7,31.36,66.9,4.339,141.1,155.0,7.64,,,,,
5913,9,4,8,27.99,72.7,4.339,508.8,437.0,6.16,,,,,
5914,9,4,9,27.38,76.1,4.339,722.6,599.0,2.61,,,,,
5915,9,4,10,27.38,78.4,4.339,906.1,734.0,1.17,,,,,
5916,9,4,11,27.65,79.9,4.339,1001.5,806.0,1.33,,,,,
5917,9,4,12,29.88,80.8,4.339,1020.6,822.0,1.06,,,,,
5918,9,4,13,29.53,81.1,4.339,952.5,775.0,1.96,,,,,
5919,9,4,14,30.99,81.0,4.339,814.2,676.0,5.67,,,,,
5920,9,4,15,36.78,79.9,4.339,618.9,535.0,4.70,,,,,
5921,9,4,16,39.12,77.7,4.339,230.8,248.0,3.79,,,,,
5922,9,4,17,39.59,74.8,4.339,119.1,175.0,3.54,,,,,
5923,9,4,18,41.35,71.6,4.339,0.0,24.0,4.05,,,,,
5924,9,4,19,40.62,68.9,4.339,0.0,0.0,6.15,,,,,
5925,9,4,20,41.67,66.7,4.339,0.0,0.0,7.66,,,,,
5926,9,4,21,35.14,65.1,4.339,0.0,0.0,6.83,,,,,
5927,9,4,22,30.78,64.2,4.339,0.0,0.0,5.86,,,,,
5928,9,4,23,41.23,63.7,4.339,0.0,0.0,6.87,,,,,
5929,9,5,0,36.18,63.5,4.339,0.0,0.0,5.68,,,,,
5930,9,5,1,31.12,63.9,4.339,0.0,0.0,5.03,,,,,
5931,9,5,2,30.61,64.0,4.339,0.0,0.0,5.79,,,,,
5932,9,5,3,34.83,63.9,4.339,0.0,0.0,5.76,,,,,
5933,9,5,4,36.37,63.5,4.339,0.0,0.0,5.75,,,,,
5934,9,5,5,41.64,63.3,4.339,0.0,0.0,6.16,,,,,
5935,9,5,6,41.78,64.4,4.339,36.6,41.0,5.44,,,,,
5936,9,5,7,46.05,66.4,4.339,108.0,120.0,4.82,,,,,
5937,9,5,8,40.76,68.7,4.339,212.0,230.0,2.77,,,,,
5938,9,5,9,39.82,73.0,4.339,706.4,586.0,2.71,,,,,
5939,9,5,10,39.75,77.2,4.339,592.5,559.0,3.82,,,,,
5940,9,5,11,40.16,79.3,4.339,989.5,795.0,4.63,,,,,
5941,9,5,12,41.75,80.8,4.339,1013.9,814.0,4.85,,,,,
5942,9,5,13,46.35,81.7,4.339,933.7,760.0,5.30,,,,,
5943,9,5,14,47.58,81.7,4.339,799.6,663.0,5.37,,,,,
5944,9,5,15,54.75,81.0,4.339,598.9,518.0,4.97,,,,,
5945,9,5,16,65.26,79.3,4.339,355.1,339.0,5.25,,,,,
5946,9,5,17,66.04,77.2,4.339,116.4,158.0,5.30,,,,,
5947,9,5,18,54.75,74.7,4.339,0.0,15.0,5.36,,,,,
5948,9,5,19,51.08,73.4,4.339,0.0,0.0,5.64,,,,,
5949,9,5,20,47.59,72.1,4.339,0.0,0.0,4.97,,,,,
5950,9,5,21,42.99,70.9,4.339,0.0,0.0,4.29,,,,,
5951,9,5,22,39.28,69.4,4.339,0.0,0.0,5.82,,,,,
5952,9,5,23,37.81,68.2,4.339,0.0,0.0,5.66,,,,,
5953,9,6,0,40.54,67.3,4.339,0.0,0.0,6.40,,,,,
5954,9,6,1,35.70,65.3,4.339,0.0,0.0,6.29,,,,,
5955,9,6,2,35.81,64.4,4.339,0.0,0.0,6.37,,,,,
5956,9,6,3,34.20,63.7,4.339,0.0,0.0,5.73,,,,,
5957,9,6,4,35.73,63.1,4.339,0.0,0.0,5.70,,,,,
5958,9,6,5,38.02,63.1,4.339,0.0,0.0,6.40,,,,,
5959,9,6,6,39.36,67.3,4.339,47.6,52.0,6.54,,,,,
5960,9,6,7,40.50,71.6,4.339,104.0,115.0,6.53,,,,,
5961,9,6,8,40.48,75.9,4.339,141.2,158.0,3.82,,,,,
5962,9,6,9,44.07,79.2,4.339,622.6,535.0,4.05,,,,,
5963,9,6,10,46.23,80.8,4.339,401.6,420.0,3.51,,,,,
5964,9,6,11,49.16,80.8,4.339,328.6,360.0,3.33,,,,,
5965,9,6,12,53.14,79.9,4.339,400.3,418.0,3.96,,,,,
5966,9,6,13,51.39,78.3,4.339,414.4,430.0,4.49,,,,,
5967,9,6,14,62.91,76.3,4.339,16.1,18.0,4.79,,,,,
5968,9,6,15,67.98,73.8,4.339,106.3,118.0,4.60,,,,,
5969,9,6,16,67.41,70.7,4.339,172.0,189.0,5.36,,,,,
5970,9,6,17,67.37,66.7,4.339,91.2,102.0,7.07,,,,,
5971,9,6,18,58.53,63.0,4.339,0.0,6.0,6.30,,,,,
5972,9,6,19,56.87,60.8,4.339,0.0,0.0,6.15,,,,,
5973,9,6,20,45.24,59.5,4.339,0.0,0.0,6.40,,,,,
5974,9,6,21,41.41,58.6,4.339,0.0,0.0,7.88,,,,,
5975,9,6,22,40.02,58.3,4.339,0.0,0.0,8.32,,,,,
5976,9,6,23,49.75,58.5,4.339,0.0,0.0,8.76,,,,,
5977,9,7,0,45.67,58.8,4.339,0.0,0.0,7.93,,,,,
5978,9,7,1,41.15,59.2,4.339,0.0,0.0,7.28,,,,,
5979,9,7,2,37.07,59.4,4.339,0.0,0.0,7.22,,,,,
5980,9,7,3,35.50,59.7,4.339,0.0,0.0,7.00,,,,,
5981,9,7,4,35.88,59.2,4.339,0.0,0.0,6.16,,,,,
5982,9,7,5,41.43,59.0,4.339,0.0,0.0,5.73,,,,,
5983,9,7,6,39.83,59.5,4.339,2.7,3.0,4.24,,,,,
5984,9,7,7,36.21,61.3,4.339,109.9,121.0,5.08,,,,,
5985,9,7,8,40.48,64.6,4.339,196.1,211.0,3.22,,,,,
5986,9,7,9,40.25,67.3,4.339,112.6,125.0,3.15,,,,,
5987,9,7,10,38.28,66.4,4.339,310.2,330.0,4.76,,,,,
5988,9,7,11,41.19,67.6,4.339,272.8,296.0,5.24,,,,,
5989,9,7,12,34.81,69.1,4.339,594.4,550.0,6.58,,,,,
5990,9,7,13,35.17,69.6,4.339,677.1,603.0,6.59,,,,,
5991,9,7,14,26.12,70.3,4.339,597.2,537.0,6.27,,,,,
5992,9,7,15,32.29,70.0,4.339,302.2,311.0,5.42,,,,,
5993,9,7,16,31.27,68.9,4.339,269.9,272.0,5.75,,,,,
5994,9,7,17,32.33,65.5,4.339,89.0,100.0,5.20,,,,,
5995,9,7,18,35.60,60.8,4.339,0.0,16.0,4.40,,,,,
5996,9,7,19,33.84,59.4,4.339,0.0,0.0,7.43,,,,,
5997,9,7,20,35.66,57.7,4.339,0.0,0.0,4.53,,,,,
5998,9,7,21,34.48,55.9,4.339,0.0,0.0,11.89,,,,,
5999,9,7,22,31.74,54.5,4.339,0.0,0.0,5.52,,,,,
6000,9,7,23,23.09,53.1,4.339,0.0,0.0,6.25,,,,,
6001,9,8,0,21.95,51.8,4.339,0.0,0.0,5.61,,,,,
6002,9,8,1,21.54,50.7,4.339,0.0,0.0,5.99,,,,,
6003,9,8,2,21.51,49.8,4.339,0.0,0.0,7.10,,,,,
6004,9,8,3,22.18,49.3,4.339,0.0,0.0,7.69,,,,,
6005,9,8,4,25.47,49.1,4.339,0.0,0.0,8.27,,,,,
6006,9,8,5,47.75,49.1,4.339,0.0,0.0,6.08,,,,,
6007,9,8,6,40.43,52.5,4.339,58.3,63.0,3.38,,,,,
6008,9,8,7,32.30,57.9,4.339,155.8,168.0,4.90,,,,,
6009,9,8,8,23.91,62.4,4.339,550.0,452.0,6.37,,,,,
6010,9,8,9,22.91,65.7,4.339,777.0,621.0,6.62,,,,,
6011,9,8,10,21.84,68.2,4.339,950.2,749.0,6.72,,,,,
6012,9,8,11,22.31,70.0,4.339,942.8,747.0,6.23,,,,,
6013,9,8,12,22.14,71.4,4.339,1071.6,840.0,5.82,,,,,
6014,9,8,13,22.40,72.1,4.339,1011.6,798.0,6.16,,,,,
6015,9,8,14,22.49,72.0,4.339,876.8,702.0,6.10,,,,,
6016,9,8,15,31.69,71.1,4.339,671.4,555.0,4.33,,,,,
6017,9,8,16,43.28,69.6,4.339,417.3,374.0,6.56,,,,,
6018,9,8,17,48.25,65.1,4.339,126.1,179.0,5.30,,,,,
6019,9,8,18,45.83,61.0,4.339,0.0,18.0,7.15,,,,,
6020,9,8,19,44.67,60.1,4.339,0.0,0.0,6.05,,,,,
6021,9,8,20,41.55,59.2,4.339,0.0,0.0,1.14,,,,,
6022,9,8,21,34.18,58.3,4.339,0.0,0.0,8.79,,,,,
6023,9,8,22,30.00,56.8,4.339,0.0,0.0,9.61,,,,,
6024,9,8,23,33.85,55.2,4.339,0.0,0.0,8.13,,,,,
6025,9,9,0,35.03,54.1,4.339,0.0,0.0,6.84,,,,,
6026,9,9,1,27.45,53.2,4.339,0.0,0.0,6.79,,,,,
6027,9,9,2,24.93,52.0,4.339,0.0,0.0,5.01,,,,,
6028,9,9,3,24.20,50.2,4.339,0.0,0.0,5.10,,,,,
6029,9,9,4,31.13,48.6,4.339,0.0,0.0,5.01,,,,,
6030,9,9,5,46.99,47.7,4.339,0.0,0.0,4.56,,,,,
6031,9,9,6,46.35,53.2,4.339,68.0,70.0,4.85,,,,,
6032,9,9,7,30.31,59.2,4.339,291.7,253.0,4.65,,,,,
6033,9,9,8,24.19,65.5,4.339,543.4,444.0,1.58,,,,,
6034,9,9,9,25.21,68.7,4.339,769.4,612.0,4.28,,,,,
6035,9,9,10,24.78,71.2,4.339,942.5,740.0,2.86,,,,,
6036,9,9,11,23.81,73.0,4.339,1045.4,816.0,2.94,,,,,
6037,9,9,12,24.71,74.5,4.339,1068.7,834.0,2.05,,,,,
6038,9,9,13,25.49,75.2,4.339,1007.6,791.0,3.26,,,,,
6039,9,9,14,27.34,75.2,4.339,871.7,694.0,2.37,,,,,
6040,9,9,15,33.50,74.3,4.339,665.3,546.0,2.41,,,,,
6041,9,9,16,42.73,72.1,4.339,409.6,363.0,1.51,,,,,
6042,9,9,17,48.76,66.6,4.339,122.8,168.0,2.15,,,,,
6043,9,9,18,47.27,59.9,4.339,0.0,14.0,2.27,,,,,
6044,9,9,19,43.67,59.2,4.339,0.0,0.0,2.22,,,,,
6045,9,9,20,38.78,56.7,4.339,0.0,0.0,2.39,,,,,
6046,9,9,21,34.83,54.3,4.339,0.0,0.0,4.76,,,,,
6047,9,9,22,30.39,52.3,4.339,0.0,0.0,8.02,,,,,
6048,9,9,23,27.28,50.9,4.339,0.0,0.0,5.39,,,,,
6049,9,10,0,25.90,50.0,4.339,0.0,0.0,5.55,,,,,
6050,9,10,1,26.34,49.3,4.339,0.0,0.0,6.54,,,,,
6051,9,10,2,27.00,48.7,4.339,0.0,0.0,5.94,,,,,
6052,9,10,3,28.30,48.6,4.339,0.0,0.0,5.20,,,,,
6053,9,10,4,29.14,49.3,4.339,0.0,0.0,4.65,,,,,
6054,9,10,5,37.53,49.8,4.339,0.0,0.0,4.25,,,,,
6055,9,10,6,41.66,53.6,4.339,16.1,18.0,2.57,,,,,
6056,9,10,7,36.55,57.9,4.339,82.2,92.0,2.00,,,,,
6057,9,10,8,36.14,61.9,4.339,373.1,337.0,1.81,,,,,
6058,9,10,9,34.36,64.9,4.339,753.8,597.0,2.63,,,,,
6059,9,10,10,35.03,67.8,4.339,921.4,720.0,2.32,,,,,
6060,9,10,11,30.24,70.5,4.339,1019.2,792.0,3.55,,,,,
6061,9,10,12,32.50,72.7,4.339,1038.8,807.0,3.17,,,,,
6062,9,10,13,34.09,73.9,4.339,977.8,764.0,3.50,,,,,
6063,9,10,14,34.53,74.7,4.339,839.7,665.0,4.34,,,,,
6064,9,10,15,35.43,74.5,4.339,638.2,520.0,3.62,,,,,
6065,9,10,16,39.82,73.0,4.339,395.4,346.0,1.80,,,,,
6066,9,10,17,40.32,67.5,4.339,119.8,159.0,1.99,,,,,
6067,9,10,18,41.03,61.2,4.339,0.0,11.0,1.83,,,,,
6068,9,10,19,46.13,59.2,4.339,0.0,0.0,3.43,,,,,
6069,9,10,20,38.32,57.9,4.339,0.0,0.0,3.15,,,,,
6070,9,10,21,34.74,56.7,4.339,0.0,0.0,4.49,,,,,
6071,9,10,22,30.87,55.9,4.339,0.0,0.0,3.96,,,,,
6072,9,10,23,31.30,55.2,4.339,0.0,0.0,5.22,,,,,
6073,9,11,0,27.84,53.6,4.339,0.0,0.0,5.72,,,,,
6074,9,11,1,23.47,51.4,4.339,0.0,0.0,4.42,,,,,
6075,9,11,2,24.63,50.7,4.339,0.0,0.0,3.51,,,,,
6076,9,11,3,23.22,50.5,4.339,0.0,0.0,2.58,,,,,
6077,9,11,4,26.39,50.9,4.339,0.0,0.0,1.70,,,,,
6078,9,11,5,34.59,50.7,4.339,0.0,0.0,1.23,,,,,
6079,9,11,6,36.29,54.9,4.339,62.9,63.0,2.85,,,,,
6080,9,11,7,25.27,60.6,4.339,126.3,139.0,1.02,,,,,
6081,9,11,8,23.66,68.0,4.339,529.5,428.0,0.31,,,,,
6082,9,11,9,24.03,72.3,4.339,753.2,594.0,1.75,,,,,
6083,9,11,10,23.22,74.7,4.339,938.2,727.0,0.88,,,,,
6084,9,11,11,23.74,76.1,4.339,1037.5,800.0,1.58,,,,,
6085,9,11,12,23.00,77.2,4.339,1052.6,812.0,1.42,,,,,
6086,9,11,13,25.50,77.7,4.339,987.8,766.0,0.65,,,,,
6087,9,11,14,26.89,77.2,4.339,633.9,540.0,2.97,,,,,
6088,9,11,15,30.37,76.3,4.339,587.4,483.0,3.01,,,,,
6089,9,11,16,39.11,75.0,4.339,392.6,339.0,2.45,,,,,
6090,9,11,17,41.80,70.2,4.339,29.5,33.0,2.34,,,,,
6091,9,11,18,41.44,63.7,4.339,0.0,0.0,3.31,,,,,
6092,9,11,19,40.41,63.1,4.339,0.0,0.0,4.61,,,,,
6093,9,11,20,38.37,62.2,4.339,0.0,0.0,5.38,,,,,
6094,9,11,21,31.51,61.5,4.339,0.0,0.0,4.10,,,,,
6095,9,11,22,27.24,60.1,4.339,0.0,0.0,1.96,,,,,
6096,9,11,23,24.55,59.4,4.339,0.0,0.0,3.60,,,,,
6097,9,12,0,23.13,57.9,4.339,0.0,0.0,3.05,,,,,
6098,9,12,1,23.26,56.5,4.339,0.0,0.0,2.34,,,,,
6099,9,12,2,22.22,55.0,4.339,0.0,0.0,2.80,,,,,
6100,9,12,3,23.75,53.8,4.339,0.0,0.0,2.24,,,,,
6101,9,12,4,25.41,52.7,4.339,0.0,0.0,2.38,,,,,
6102,9,12,5,32.38,51.4,4.339,0.0,0.0,2.30,,,,,
6103,9,12,6,33.43,55.8,4.339,62.0,61.0,1.25,,,,,
6104,9,12,7,25.02,61.3,4.339,288.2,242.0,0.42,,,,,
6105,9,12,8,24.04,67.3,4.339,545.7,435.0,0.56,,,,,
6106,9,12,9,23.16,70.9,4.339,773.8,603.0,1.73,,,,,
6107,9,12,10,23.34,73.2,4.339,949.5,732.0,1.64,,,,,
6108,9,12,11,22.89,74.8,4.339,1047.7,804.0,1.10,,,,,
6109,9,12,12,24.64,76.1,4.339,1070.2,821.0,3.26,,,,,
6110,9,12,13,27.26,76.5,4.339,1007.2,776.0,3.05,,,,,
6111,9,12,14,26.86,76.1,4.339,869.2,677.0,4.36,,,,,
6112,9,12,15,33.12,75.2,4.339,660.7,527.0,4.78,,,,,
6113,9,12,16,45.28,73.2,4.339,405.6,344.0,3.33,,,,,
6114,9,12,17,42.27,68.4,4.339,122.1,152.0,2.90,,,,,
6115,9,12,18,44.20,64.4,4.339,0.0,0.0,2.55,,,,,
6116,9,12,19,42.51,62.2,4.339,0.0,0.0,2.31,,,,,
6117,9,12,20,38.90,59.0,4.339,0.0,0.0,1.20,,,,,
6118,9,12,21,35.63,55.9,4.339,0.0,0.0,1.49,,,,,
6119,9,12,22,27.91,54.5,4.339,0.0,0.0,0.93,,,,,
6120,9,12,23,28.69,54.0,4.339,0.0,0.0,1.52,,,,,
6121,9,13,0,27.41,53.1,4.339,0.0,0.0,2.89,,,,,
6122,9,13,1,26.78,52.5,4.339,0.0,0.0,3.49,,,,,
6123,9,13,2,27.85,52.3,4.339,0.0,0.0,3.31,,,,,
6124,9,13,3,22.40,52.3,4.339,0.0,0.0,2.42,,,,,
6125,9,13,4,23.55,52.7,4.339,0.0,0.0,3.05,,,,,
6126,9,13,5,24.10,53.4,4.339,0.0,0.0,2.05,,,,,
6127,9,13,6,27.49,57.7,4.339,54.5,54.0,1.48,,,,,
6128,9,13,7,28.13,62.8,4.339,139.9,147.0,3.20,,,,,
6129,9,13,8,25.56,68.0,4.339,244.3,247.0,2.67,,,,,
6130,9,13,9,24.20,71.2,4.339,253.1,274.0,3.53,,,,,
6131,9,13,10,25.21,73.9,4.339,360.4,376.0,1.38,,,,,
6132,9,13,11,25.61,76.3,4.339,392.4,407.0,3.70,,,,,
6133,9,13,12,25.76,76.8,4.339,610.3,571.0,1.13,,,,,
6134,9,13,13,27.22,76.8,4.339,479.6,475.0,3.72,,,,,
6135,9,13,14,30.43,76.6,4.339,483.3,463.0,3.72,,,,,
6136,9,13,15,33.99,75.7,4.339,362.1,356.0,3.27,,,,,
6137,9,13,16,41.25,74.1,4.339,133.0,147.0,4.70,,,,,
6138,9,13,17,41.98,70.0,4.339,68.2,76.0,6.17,,,,,
6139,9,13,18,44.31,67.1,4.339,0.0,0.0,4.86,,,,,
6140,9,13,19,35.91,65.7,4.339,0.0,0.0,6.96,,,,,
6141,9,13,20,35.09,63.9,4.339,0.0,0.0,7.30,,,,,
6142,9,13,21,35.78,62.1,4.339,0.0,0.0,8.07,,,,,
6143,9,13,22,28.74,60.6,4.339,0.0,0.0,7.35,,,,,
6144,9,13,23,31.81,59.7,4.339,0.0,0.0,6.21,,,,,
6145,9,14,0,27.39,59.7,4.339,0.0,0.0,5.58,,,,,
6146,9,14,1,25.47,59.4,4.339,0.0,0.0,11.31,,,,,
6147,9,14,2,26.31,59.0,4.339,0.0,0.0,9.61,,,,,
6148,9,14,3,26.26,58.8,4.339,0.0,0.0,7.94,,,,,
6149,9,14,4,27.19,59.0,4.339,0.0,0.0,8.91,,,,,
6150,9,14,5,27.29,58.3,4.339,0.0,0.0,9.44,,,,,
6151,9,14,6,29.01,61.5,4.339,49.3,49.0,12.02,,,,,
6152,9,14,7,27.06,66.9,4.339,66.1,74.0,11.22,,,,,
6153,9,14,8,26.55,72.5,4.339,199.6,216.0,11.49,,,,,
6154,9,14,9,26.29,75.7,4.339,723.4,563.0,10.61,,,,,
6155,9,14,10,26.76,77.9,4.339,901.6,691.0,10.26,,,,,
6156,9,14,11,28.38,79.2,4.339,508.4,499.0,9.50,,,,,
6157,9,14,12,32.95,79.0,4.339,326.5,356.0,9.53,,,,,
6158,9,14,13,34.24,79.3,4.339,463.4,461.0,10.50,,,,,
6159,9,14,14,35.63,78.8,4.339,641.8,550.0,11.87,,,,,
6160,9,14,15,43.76,77.5,4.339,369.3,362.0,11.07,,,,,
6161,9,14,16,55.78,76.3,4.339,384.5,318.0,10.38,,,,,
6162,9,14,17,58.45,71.4,4.339,117.2,134.0,9.34,,,,,
6163,9,14,18,60.74,66.7,4.339,0.0,0.0,8.42,,,,,
6164,9,14,19,54.73,65.3,4.339,0.0,0.0,8.17,,,,,
6165,9,14,20,45.86,64.4,4.339,0.0,0.0,9.76,,,,,
6166,9,14,21,39.46,63.5,4.339,0.0,0.0,9.15,,,,,
6167,9,14,22,37.41,61.9,4.339,0.0,0.0,7.56,,,,,
6168,9,14,23,31.90,59.5,4.339,0.0,0.0,8.61,,,,,
6169,9,15,0,28.30,57.7,4.339,0.0,0.0,7.78,,,,,
6170,9,15,1,28.32,56.7,4.339,0.0,0.0,6.07,,,,,
6171,9,15,2,25.83,55.9,4.339,0.0,0.0,7.27,,,,,
6172,9,15,3,26.11,55.4,4.339,0.0,0.0,6.61,,,,,
6173,9,15,4,28.61,54.9,4.339,0.0,0.0,7.26,,,,,
6174,9,15,5,37.40,54.5,4.339,0.0,0.0,8.94,,,,,
6175,9,15,6,43.11,58.3,4.339,53.6,51.0,9.53,,,,,
6176,9,15,7,35.06,63.5,4.339,273.9,224.0,9.64,,,,,
6177,9,15,8,27.61,69.4,4.339,526.0,411.0,9.37,,,,,
6178,9,15,9,27.62,73.8,4.339,754.7,578.0,9.41,,,,,
6179,9,15,10,26.52,76.8,4.339,938.3,709.0,8.58,,,,,
6180,9,15,11,29.19,78.6,4.339,1038.7,782.0,9.17,,,,,
6181,9,15,12,34.55,79.9,4.339,1059.0,797.0,9.48,,,,,
6182,9,15,13,36.57,80.4,4.339,995.8,752.0,9.00,,,,,
6183,9,15,14,36.99,80.1,4.339,857.0,652.0,9.50,,,,,
6184,9,15,15,44.78,79.2,4.339,652.9,505.0,9.32,,,,,
6185,9,15,16,49.84,77.0,4.339,402.5,325.0,8.90,,,,,
6186,9,15,17,49.50,70.9,4.339,125.4,137.0,9.35,,,,,
6187,9,15,18,51.11,64.9,4.339,0.0,0.0,9.16,,,,,
6188,9,15,19,45.43,63.7,4.339,0.0,0.0,9.87,,,,,
6189,9,15,20,42.67,62.2,4.339,0.0,0.0,11.78,,,,,
6190,9,15,21,37.63,60.6,4.339,0.0,0.0,12.34,,,,,
6191,9,15,22,34.09,59.2,4.339,0.0,0.0,13.34,,,,,
6192,9,15,23,35.29,58.1,4.339,0.0,0.0,13.20,,,,,
6193,9,16,0,33.17,57.7,4.339,0.0,0.0,12.76,,,,,
6194,9,16,1,28.92,57.6,4.339,0.0,0.0,12.68,,,,,
6195,9,16,2,28.69,57.6,4.339,0.0,0.0,12.93,,,,,
6196,9,16,3,29.06,57.7,4.339,0.0,0.0,12.94,,,,,
6197,9,16,4,33.02,57.6,4.339,0.0,0.0,12.67,,,,,
6198,9,16,5,39.08,57.0,4.339,0.0,0.0,12.34,,,,,
6199,9,16,6,44.04,59.2,4.339,30.4,34.0,11.90,,,,,
6200,9,16,7,39.19,64.2,4.339,167.5,166.0,12.37,,,,,
6201,9,16,8,27.82,69.8,4.339,453.2,373.0,14.50,,,,,
6202,9,16,9,28.32,73.6,4.339,724.5,557.0,15.09,,,,,
6203,9,16,10,28.31,76.1,4.339,806.6,625.0,15.06,,,,,
6204,9,16,11,27.71,78.1,4.339,874.7,674.0,15.85,,,,,
6205,9,16,12,28.07,79.3,4.339,797.7,640.0,14.70,,,,,
6206,9,16,13,29.33,79.7,4.339,507.0,473.0,15.29,,,,,
6207,9,16,14,29.30,79.2,4.339,636.6,525.0,15.81,,,,,
6208,9,16,15,35.56,77.7,4.339,563.9,449.0,15.88,,,,,
6209,9,16,16,48.19,75.2,4.339,285.7,257.0,15.21,,,,,
6210,9,16,17,49.94,69.4,4.339,95.2,103.0,13.51,,,,,
6211,9,16,18,49.09,65.1,4.339,0.0,0.0,13.07,,,,,
6212,9,16,19,45.68,63.7,4.339,0.0,0.0,15.03,,,,,
6213,9,16,20,39.33,61.9,4.339,0.0,0.0,15.64,,,,,
6214,9,16,21,33.41,60.3,4.339,0.0,0.0,14.70,,,,,
6215,9,16,22,29.17,58.6,4.339,0.0,0.0,13.90,,,,,
6216,9,16,23,27.09,57.6,4.339,0.0,0.0,15.01,,,,,
6217,9,17,0,26.86,56.7,4.339,0.0,0.0,12.81,,,,,
6218,9,17,1,26.92,55.9,4.339,0.0,0.0,13.54,,,,,
6219,9,17,2,27.35,55.2,4.339,0.0,0.0,11.09,,,,,
6220,9,17,3,27.28,54.7,4.339,0.0,0.0,12.67,,,,,
6221,9,17,4,28.97,53.8,4.339,0.0,0.0,9.24,,,,,
6222,9,17,5,33.22,52.7,4.339,0.0,0.0,5.83,,,,,
6223,9,17,6,43.23,55.8,4.339,34.6,38.0,6.47,,,,,
6224,9,17,7,33.33,61.5,4.339,79.3,87.0,9.87,,,,,
6225,9,17,8,27.45,66.4,4.339,393.0,333.0,10.31,,,,,
6226,9,17,9,28.34,68.7,4.339,424.6,377.0,8.17,,,,,
6227,9,17,10,27.69,70.2,4.339,296.9,311.0,6.04,,,,,
6228,9,17,11,27.53,70.2,4.339,279.2,298.0,6.08,,,,,
6229,9,17,12,29.47,69.4,4.339,390.2,401.0,6.90,,,,,
6230,9,17,13,29.40,68.9,4.339,946.5,708.0,5.56,,,,,
6231,9,17,14,27.30,69.3,4.339,540.3,479.0,5.70,,,,,
6232,9,17,15,37.66,69.6,4.339,548.2,433.0,6.20,,,,,
6233,9,17,16,46.29,69.1,4.339,376.7,296.0,4.61,,,,,
6234,9,17,17,50.77,65.8,4.339,120.1,117.0,6.15,,,,,
6235,9,17,18,47.68,62.1,4.339,0.0,0.0,6.29,,,,,
6236,9,17,19,46.49,61.2,4.339,0.0,0.0,4.27,,,,,
6237,9,17,20,33.94,59.7,4.339,0.0,0.0,5.44,,,,,
6238,9,17,21,29.40,58.8,4.339,0.0,0.0,3.87,,,,,
6239,9,17,22,27.61,57.6,4.339,0.0,0.0,5.03,,,,,
6240,9,17,23,30.70,56.8,4.339,0.0,0.0,2.47,,,,,
6241,9,18,0,30.37,56.8,4.339,0.0,0.0,2.24,,,,,
6242,9,18,1,28.56,57.6,4.339,0.0,0.0,4.57,,,,,
6243,9,18,2,28.24,58.1,4.339,0.0,0.0,3.36,,,,,
6244,9,18,3,29.52,57.7,4.339,0.0,0.0,4.68,,,,,
6245,9,18,4,34.63,57.0,4.339,0.0,0.0,3.21,,,,,
6246,9,18,5,38.28,56.1,4.339,0.0,0.0,1.78,,,,,
6247,9,18,6,47.16,58.6,4.339,49.0,44.0,2.47,,,,,
6248,9,18,7,39.31,63.9,4.339,270.0,212.0,3.79,,,,,
6249,9,18,8,35.03,70.2,4.339,523.8,397.0,5.56,,,,,
6250,9,18,9,32.04,74.5,4.339,750.4,561.0,4.92,,,,,
6251,9,18,10,31.66,77.5,4.339,927.4,688.0,3.37,,,,,
6252,9,18,11,29.06,79.7,4.339,1031.4,763.0,1.81,,,,,
6253,9,18,12,32.29,81.1,4.339,1052.4,778.0,2.55,,,,,
6254,9,18,13,34.43,81.9,4.339,991.6,734.0,3.66,,,,,
6255,9,18,14,34.87,81.5,4.339,854.5,635.0,1.10,,,,,
6256,9,18,15,40.64,80.2,4.339,648.3,486.0,2.81,,,,,
6257,9,18,16,54.86,77.5,4.339,397.6,305.0,3.10,,,,,
6258,9,18,17,52.80,70.5,4.339,131.6,119.0,3.78,,,,,
6259,9,18,18,56.35,64.6,4.339,0.0,0.0,4.25,,,,,
6260,9,18,19,50.06,63.9,4.339,0.0,0.0,4.12,,,,,
6261,9,18,20,43.34,64.4,4.339,0.0,0.0,5.33,,,,,
6262,9,18,21,35.72,64.0,4.339,0.0,0.0,5.30,,,,,
6263,9,18,22,32.33,64.0,4.339,0.0,0.0,6.99,,,,,
6264,9,18,23,28.45,63.9,4.339,0.0,0.0,8.83,,,,,
6265,9,19,0,26.68,63.3,4.339,0.0,0.0,7.80,,,,,
6266,9,19,1,24.65,62.8,4.339,0.0,0.0,10.37,,,,,
6267,9,19,2,23.88,62.2,4.339,0.0,0.0,10.86,,,,,
6268,9,19,3,24.94,61.5,4.339,0.0,0.0,11.42,,,,,
6269,9,19,4,28.83,61.0,4.339,0.0,0.0,11.35,,,,,
6270,9,19,5,36.53,60.1,4.339,0.0,0.0,11.44,,,,,
6271,9,19,6,42.98,62.8,4.339,46.8,42.0,12.55,,,,,
6272,9,19,7,28.85,67.1,4.339,273.1,212.0,15.04,,,,,
6273,9,19,8,27.58,70.7,4.339,530.8,399.0,14.62,,,,,
6274,9,19,9,25.14,73.6,4.339,761.4,565.0,15.08,,,,,
6275,9,19,10,25.02,75.7,4.339,937.2,691.0,12.49,,,,,
6276,9,19,11,24.30,77.0,4.339,1037.7,763.0,11.89,,,,,
6277,9,19,12,25.74,77.9,4.339,1057.8,777.0,13.45,,,,,
6278,9,19,13,27.13,78.1,4.339,995.8,732.0,14.21,,,,,
6279,9,19,14,27.02,77.4,4.339,856.3,631.0,14.04,,,,,
6280,9,19,15,29.25,75.6,4.339,651.6,483.0,11.58,,,,,
6281,9,19,16,40.25,73.2,4.339,402.9,303.0,11.50,,,,,
6282,9,19,17,43.01,68.7,4.339,139.1,116.0,12.04,,,,,
6283,9,19,18,44.70,62.6,4.339,0.0,0.0,12.77,,,,,
6284,9,19,19,39.73,60.1,4.339,0.0,0.0,10.99,,,,,
6285,9,19,20,34.44,57.9,4.339,0.0,0.0,11.54,,,,,
6286,9,19,21,31.51,56.1,4.339,0.0,0.0,12.39,,,,,
6287,9,19,22,29.14,54.7,4.339,0.0,0.0,14.10,,,,,
6288,9,19,23,27.71,53.2,4.339,0.0,0.0,13.75,,,,,
6289,9,20,0,25.63,51.8,4.339,0.0,0.0,12.18,,,,,
6290,9,20,1,24.38,50.5,4.339,0.0,0.0,10.76,,,,,
6291,9,20,2,24.54,49.1,4.339,0.0,0.0,9.31,,,,,
6292,9,20,3,24.26,47.8,4.339,0.0,0.0,9.27,,,,,
6293,9,20,4,25.17,46.6,4.339,0.0,0.0,9.08,,,,,
6294,9,20,5,25.23,45.3,4.339,0.0,0.0,8.69,,,,,
6295,9,20,6,21.83,48.0,4.339,52.9,45.0,6.29,,,,,
6296,9,20,7,21.06,54.0,4.339,295.9,225.0,8.92,,,,,
6297,9,20,8,18.69,59.5,4.339,564.6,419.0,8.93,,,,,
6298,9,20,9,16.64,63.3,4.339,801.1,589.0,10.17,,,,,
6299,9,20,10,16.10,66.4,4.339,973.9,713.0,9.76,,,,,
6300,9,20,11,16.10,68.7,4.339,1076.0,786.0,8.83,,,,,
6301,9,20,12,16.06,70.3,4.339,1094.8,799.0,8.97,,,,,
6302,9,20,13,18.48,71.2,4.339,1030.6,752.0,8.50,,,,,
6303,9,20,14,19.32,71.1,4.339,885.7,647.0,8.31,,,,,
6304,9,20,15,24.54,70.0,4.339,675.7,495.0,8.28,,,,,
6305,9,20,16,35.39,67.5,4.339,419.0,309.0,6.75,,,,,
6306,9,20,17,52.95,60.4,4.339,151.5,115.0,6.69,,,,,
6307,9,20,18,47.80,55.2,4.339,0.0,0.0,7.35,,,,,
6308,9,20,19,38.61,53.2,4.339,0.0,0.0,7.93,,,,,
6309,9,20,20,33.83,51.4,4.339,0.0,0.0,8.23,,,,,
6310,9,20,21,29.56,50.0,4.339,0.0,0.0,7.11,,,,,
6311,9,20,22,26.46,48.7,4.339,0.0,0.0,5.04,,,,,
6312,9,20,23,23.67,47.7,4.339,0.0,0.0,5.15,,,,,
6313,9,21,0,23.77,46.8,4.339,0.0,0.0,5.39,,,,,
6314,9,21,1,20.26,46.4,4.339,0.0,0.0,5.22,,,,,
6315,9,21,2,20.36,46.4,4.339,0.0,0.0,5.43,,,,,
6316,9,21,3,20.67,46.6,4.339,0.0,0.0,4.84,,,,,
6317,9,21,4,21.49,46.4,4.339,0.0,0.0,5.66,,,,,
6318,9,21,5,21.40,46.2,4.339,0.0,0.0,6.38,,,,,
6319,9,21,6,23.41,48.4,4.339,45.2,39.0,5.86,,,,,
6320,9,21,7,23.12,54.1,4.339,279.4,212.0,5.48,,,,,
6321,9,21,8,20.79,61.2,4.339,543.9,402.0,3.17,,,,,
6322,9,21,9,19.24,65.1,4.339,775.3,568.0,3.95,,,,,
6323,9,21,10,19.51,67.6,4.339,868.5,649.0,3.15,,,,,
6324,9,21,11,20.26,69.6,4.339,887.6,667.0,1.40,,,,,
6325,9,21,12,21.72,71.1,4.339,867.5,658.0,3.02,,,,,
6326,9,21,13,22.32,71.6,4.339,795.4,616.0,3.43,,,,,
6327,9,21,14,24.50,71.4,4.339,784.0,582.0,2.69,,,,,
6328,9,21,15,35.03,70.3,4.339,595.7,451.0,2.92,,,,,
6329,9,21,16,39.47,67.6,4.339,323.5,260.0,3.79,,,,,
6330,9,21,17,50.76,61.5,4.339,155.9,106.0,3.73,,,,,
6331,9,21,18,43.08,57.9,4.339,0.0,0.0,4.30,,,,,
6332,9,21,19,42.58,57.4,4.339,0.0,0.0,4.98,,,,,
6333,9,21,20,33.26,54.9,4.339,0.0,0.0,5.60,,,,,
6334,9,21,21,23.08,52.5,4.339,0.0,0.0,7.08,,,,,
6335,9,21,22,23.18,50.4,4.339,0.0,0.0,6.24,,,,,
6336,9,21,23,25.36,48.9,4.339,0.0,0.0,5.64,,,,,
6337,9,22,0,24.76,48.0,4.339,0.0,0.0,5.46,,,,,
6338,9,22,1,24.30,47.3,4.339,0.0,0.0,6.06,,,,,
6339,9,22,2,23.77,46.8,4.339,0.0,0.0,6.07,,,,,
6340,9,22,3,24.92,46.4,4.339,0.0,0.0,5.53,,,,,
6341,9,22,4,29.60,46.6,4.339,0.0,0.0,4.14,,,,,
6342,9,22,5,43.14,47.1,4.339,0.0,0.0,4.60,,,,,
6343,9,22,6,43.53,49.8,4.339,13.4,15.0,4.55,,,,,
6344,9,22,7,31.02,54.5,4.339,113.6,124.0,4.33,,,,,
6345,9,22,8,26.78,61.0,4.339,518.5,382.0,2.55,,,,,
6346,9,22,9,25.20,66.4,4.339,740.4,541.0,1.82,,,,,
6347,9,22,10,24.94,70.5,4.339,914.3,664.0,2.46,,,,,
6348,9,22,11,24.96,73.4,4.339,1008.2,731.0,2.61,,,,,
6349,9,22,12,26.29,75.4,4.339,1021.4,740.0,2.02,,,,,
6350,9,22,13,29.11,76.6,4.339,956.3,692.0,3.31,,,,,
6351,9,22,14,32.06,77.0,4.339,662.6,507.0,4.28,,,,,
6352,9,22,15,40.00,76.5,4.339,576.0,429.0,4.53,,,,,
6353,9,22,16,65.58,74.5,4.339,367.2,265.0,4.50,,,,,
6354,9,22,17,52.75,68.5,4.339,0.0,80.0,4.42,,,,,
6355,9,22,18,56.12,64.6,4.339,0.0,0.0,5.60,,,,,
6356,9,22,19,44.19,64.8,4.339,0.0,0.0,6.80,,,,,
6357,9,22,20,37.50,63.7,4.339,0.0,0.0,7.91,,,,,
6358,9,22,21,30.98,63.0,4.339,0.0,0.0,4.86,,,,,
6359,9,22,22,30.31,62.6,4.339,0.0,0.0,3.47,,,,,
6360,9,22,23,29.95,62.2,4.339,0.0,0.0,4.08,,,,,
6361,9,23,0,29.62,61.5,4.339,0.0,0.0,3.87,,,,,
6362,9,23,1,29.40,60.8,4.339,0.0,0.0,4.19,,,,,
6363,9,23,2,28.46,60.3,4.339,0.0,0.0,4.07,,,,,
6364,9,23,3,29.67,59.5,4.339,0.0,0.0,5.94,,,,,
6365,9,23,4,33.46,58.8,4.339,0.0,0.0,5.37,,,,,
6366,9,23,5,45.53,57.7,4.339,0.0,0.0,5.20,,,,,
6367,9,23,6,59.00,60.4,4.339,25.4,25.0,4.07,,,,,
6368,9,23,7,52.53,65.3,4.339,209.9,171.0,5.52,,,,,
6369,9,23,8,34.90,70.9,4.339,124.2,139.0,6.32,,,,,
6370,9,23,9,31.77,75.4,4.339,359.2,359.0,6.66,,,,,
6371,9,23,10,34.75,78.4,4.339,333.4,344.0,6.32,,,,,
6372,9,23,11,38.87,79.3,4.339,86.7,97.0,6.50,,,,,
6373,9,23,12,45.56,78.4,4.339,181.4,203.0,5.49,,,,,
6374,9,23,13,43.21,76.6,4.339,197.9,220.0,5.58,,,,,
6375,9,23,14,52.27,74.8,4.339,256.7,276.0,5.52,,,,,
6376,9,23,15,64.39,73.0,4.339,168.3,182.0,5.59,,,,,
6377,9,23,16,83.79,71.2,4.339,101.4,111.0,6.68,,,,,
6378,9,23,17,87.43,69.1,4.339,0.0,72.0,7.96,,,,,
6379,9,23,18,83.86,67.8,4.339,0.0,0.0,5.33,,,,,
6380,9,23,19,59.01,67.1,4.339,0.0,0.0,6.27,,,,,
6381,9,23,20,45.72,66.7,4.339,0.0,0.0,7.95,,,,,
6382,9,23,21,43.93,66.2,4.339,0.0,0.0,5.86,,,,,
6383,9,23,22,33.52,65.8,4.339,0.0,0.0,7.06,,,,,
6384,9,23,23,38.61,65.5,4.339,0.0,0.0,7.46,,,,,
6385,9,24,0,33.31,65.3,4.339,0.0,0.0,10.33,,,,,
6386,9,24,1,30.08,65.1,4.339,0.0,0.0,9.84,,,,,
6387,9,24,2,28.53,64.8,4.339,0.0,0.0,10.35,,,,,
6388,9,24,3,29.01,64.6,4.339,0.0,0.0,10.34,,,,,
6389,9,24,4,32.41,64.0,4.339,0.0,0.0,9.79,,,,,
6390,9,24,5,42.06,63.7,4.339,0.0,0.0,9.04,,,,,
6391,9,24,6,40.19,63.9,4.339,28.0,26.0,8.89,,,,,
6392,9,24,7,36.65,64.4,4.339,5.4,6.0,8.92,,,,,
6393,9,24,8,34.48,65.3,4.339,19.7,22.0,8.77,,,,,
6394,9,24,9,36.70,66.6,4.339,107.4,119.0,7.23,,,,,
6395,9,24,10,38.13,67.6,4.339,191.5,210.0,5.83,,,,,
6396,9,24,11,38.88,67.8,4.339,135.2,150.0,7.07,,,,,
6397,9,24,12,44.70,68.0,4.339,147.7,164.0,6.60,,,,,
6398,9,24,13,43.83,68.0,4.339,69.7,78.0,7.39,,,,,
6399,9,24,14,50.10,67.6,4.339,93.1,103.0,6.97,,,,,
6400,9,24,15,56.37,67.1,4.339,53.6,60.0,5.96,,,,,
6401,9,24,16,59.81,66.0,4.339,8.0,9.0,6.29,,,,,
6402,9,24,17,64.10,64.9,4.339,0.0,66.0,7.39,,,,,
6403,9,24,18,57.55,64.0,4.339,0.0,0.0,7.73,,,,,
6404,9,24,19,52.15,63.3,4.339,0.0,0.0,7.49,,,,,
6405,9,24,20,43.97,62.4,4.339,0.0,0.0,7.73,,,,,
6406,9,24,21,37.14,61.9,4.339,0.0,0.0,7.57,,,,,
6407,9,24,22,32.10,61.5,4.339,0.0,0.0,7.04,,,,,
6408,9,24,23,29.75,61.3,4.339,0.0,0.0,8.05,,,,,
6409,9,25,0,29.80,61.3,4.339,0.0,0.0,7.40,,,,,
6410,9,25,1,29.30,61.3,4.339,0.0,0.0,6.10,,,,,
6411,9,25,2,27.09,61.5,4.339,0.0,0.0,5.96,,,,,
6412,9,25,3,27.02,61.7,4.339,0.0,0.0,7.82,,,,,
6413,9,25,4,30.14,62.1,4.339,0.0,0.0,8.49,,,,,
6414,9,25,5,32.63,62.1,4.339,0.0,0.0,8.27,,,,,
6415,9,25,6,37.86,62.6,4.339,15.2,17.0,8.72,,,,,
6416,9,25,7,46.06,63.5,4.339,54.6,60.0,8.35,,,,,
6417,9,25,8,41.18,64.6,4.339,55.4,62.0,9.31,,,,,
6418,9,25,9,45.19,65.7,4.339,79.5,89.0,8.78,,,,,
6419,9,25,10,43.10,66.9,4.339,99.2,111.0,8.38,,,,,
6420,9,25,11,44.77,68.2,4.339,119.8,134.0,8.80,,,,,
6421,9,25,12,46.20,69.8,4.339,94.0,104.0,9.12,,,,,
6422,9,25,13,46.17,71.2,4.339,78.6,88.0,10.33,,,,,
6423,9,25,14,46.36,71.8,4.339,21.4,24.0,8.20,,,,,
6424,9,25,15,49.88,72.3,4.339,28.6,32.0,8.24,,,,,
6425,9,25,16,44.60,72.1,4.339,50.9,57.0,8.02,,,,,
6426,9,25,17,50.01,71.4,4.339,0.0,45.0,10.12,,,,,
6427,9,25,18,51.76,70.9,4.339,0.0,0.0,10.50,,,,,
6428,9,25,19,40.29,70.3,4.339,0.0,0.0,9.52,,,,,
6429,9,25,20,40.64,70.0,4.339,0.0,0.0,8.99,,,,,
6430,9,25,21,36.02,69.6,4.339,0.0,0.0,9.13,,,,,
6431,9,25,22,33.23,69.6,4.339,0.0,0.0,9.42,,,,,
6432,9,25,23,33.13,69.4,4.339,0.0,0.0,8.92,,,,,
6433,9,26,0,31.87,68.4,4.339,0.0,0.0,8.45,,,,,
6434,9,26,1,30.01,66.6,4.339,0.0,0.0,8.54,,,,,
6435,9,26,2,28.74,64.8,4.339,0.0,0.0,9.56,,,,,
6436,9,26,3,29.62,63.7,4.339,0.0,0.0,8.94,,,,,
6437,9,26,4,33.53,62.8,4.339,0.0,0.0,8.75,,,,,
6438,9,26,5,39.04,62.2,4.339,0.0,0.0,9.28,,,,,
6439,9,26,6,44.23,62.4,4.339,33.0,27.0,9.29,,,,,
6440,9,26,7,35.79,63.9,4.339,91.4,99.0,7.65,,,,,
6441,9,26,8,32.43,66.2,4.339,278.7,256.0,7.23,,,,,
6442,9,26,9,32.26,69.6,4.339,520.6,419.0,7.40,,,,,
6443,9,26,10,31.49,73.4,4.339,504.5,461.0,6.47,,,,,
6444,9,26,11,31.59,76.1,4.339,248.2,275.0,6.68,,,,,
6445,9,26,12,35.36,77.4,4.339,134.1,150.0,6.61,,,,,
6446,9,26,13,40.02,77.7,4.339,959.8,673.0,6.15,,,,,
6447,9,26,14,39.64,77.2,4.339,819.6,571.0,7.10,,,,,
6448,9,26,15,56.16,75.7,4.339,290.7,284.0,7.07,,,,,
6449,9,26,16,67.25,74.1,4.339,383.8,251.0,6.79,,,,,
6450,9,26,17,70.78,69.4,4.339,0.0,36.0,6.46,,,,,
6451,9,26,18,56.08,66.0,4.339,0.0,0.0,6.28,,,,,
6452,9,26,19,48.83,65.5,4.339,0.0,0.0,5.50,,,,,
6453,9,26,20,40.94,64.8,4.339,0.0,0.0,6.19,,,,,
6454,9,26,21,36.00,63.9,4.339,0.0,0.0,6.14,,,,,
6455,9,26,22,30.61,62.6,4.339,0.0,0.0,6.35,,,,,
6456,9,26,23,36.43,61.5,4.339,0.0,0.0,6.01,,,,,
6457,9,27,0,35.07,60.6,4.339,0.0,0.0,6.50,,,,,
6458,9,27,1,27.71,59.7,4.339,0.0,0.0,6.68,,,,,
6459,9,27,2,33.71,58.8,4.339,0.0,0.0,5.59,,,,,
6460,9,27,3,28.93,57.9,4.339,0.0,0.0,5.21,,,,,
6461,9,27,4,32.67,57.0,4.339,0.0,0.0,4.53,,,,,
6462,9,27,5,37.47,56.3,4.339,0.0,0.0,7.43,,,,,
6463,9,27,6,35.65,58.5,4.339,9.8,11.0,7.78,,,,,
6464,9,27,7,30.20,63.1,4.339,175.0,151.0,5.91,,,,,
6465,9,27,8,28.04,68.5,4.339,193.6,206.0,6.96,,,,,
6466,9,27,9,28.23,72.9,4.339,741.8,522.0,5.79,,,,,
6467,9,27,10,28.18,75.7,4.339,920.5,645.0,4.07,,,,,
6468,9,27,11,28.73,77.5,4.339,880.6,635.0,3.70,,,,,
6469,9,27,12,32.91,78.3,4.339,842.8,615.0,4.54,,,,,
6470,9,27,13,34.47,77.9,4.339,826.7,608.0,3.54,,,,,
6471,9,27,14,37.30,77.2,4.339,451.2,392.0,4.05,,,,,
6472,9,27,15,39.88,75.6,4.339,489.5,370.0,4.65,,,,,
6473,9,27,16,55.65,73.0,4.339,271.6,203.0,3.77,,,,,
6474,9,27,17,64.34,70.9,4.339,0.0,53.0,3.21,,,,,
6475,9,27,18,64.75,68.9,4.339,0.0,0.0,4.19,,,,,
6476,9,27,19,52.79,66.6,4.339,0.0,0.0,5.22,,,,,
6477,9,27,20,45.12,64.6,4.339,0.0,0.0,5.85,,,,,
6478,9,27,21,36.09,63.3,4.339,0.0,0.0,4.67,,,,,
6479,9,27,22,37.17,63.3,4.339,0.0,0.0,3.71,,,,,
6480,9,27,23,32.95,63.1,4.339,0.0,0.0,4.40,,,,,
6481,9,28,0,28.05,62.8,4.339,0.0,0.0,5.32,,,,,
6482,9,28,1,28.48,62.4,4.339,0.0,0.0,3.77,,,,,
6483,9,28,2,25.08,61.7,4.339,0.0,0.0,3.47,,,,,
6484,9,28,3,22.77,61.0,4.339,0.0,0.0,3.61,,,,,
6485,9,28,4,25.17,60.3,4.339,0.0,0.0,4.73,,,,,
6486,9,28,5,23.60,59.5,4.339,0.0,0.0,6.12,,,,,
6487,9,28,6,30.34,61.3,4.339,11.6,13.0,6.25,,,,,
6488,9,28,7,29.79,66.0,4.339,104.2,113.0,4.57,,,,,
6489,9,28,8,28.35,71.4,4.339,506.2,355.0,4.11,,,,,
6490,9,28,9,25.80,75.9,4.339,739.3,517.0,3.89,,,,,
6491,9,28,10,24.20,78.6,4.339,927.6,645.0,3.42,,,,,
6492,9,28,11,25.46,80.6,4.339,1022.6,711.0,3.77,,,,,
6493,9,28,12,26.60,81.7,4.339,1035.0,718.0,3.09,,,,,
6494,9,28,13,27.82,82.2,4.339,968.7,669.0,3.79,,,,,
6495,9,28,14,32.92,82.0,4.339,826.2,565.0,3.99,,,,,
6496,9,28,15,40.24,81.0,4.339,621.5,416.0,3.97,,,,,
6497,9,28,16,62.74,78.8,4.339,124.9,135.0,4.42,,,,,
6498,9,28,17,70.18,73.9,4.339,0.0,67.0,4.51,,,,,
6499,9,28,18,64.59,70.7,4.339,0.0,0.0,4.51,,,,,
6500,9,28,19,48.72,68.9,4.339,0.0,0.0,5.60,,,,,
6501,9,28,20,36.08,66.7,4.339,0.0,0.0,5.64,,,,,
6502,9,28,21,27.07,64.2,4.339,0.0,0.0,4.57,,,,,
6503,9,28,22,27.14,62.1,4.339,0.0,0.0,3.83,,,,,
6504,9,28,23,27.17,59.9,4.339,0.0,0.0,3.79,,,,,
6505,9,29,0,32.86,58.1,4.339,0.0,0.0,2.57,,,,,
6506,9,29,1,27.48,56.7,4.339,0.0,0.0,3.54,,,,,
6507,9,29,2,26.84,55.4,4.339,0.0,0.0,1.73,,,,,
6508,9,29,3,26.60,54.5,4.339,0.0,0.0,2.80,,,,,
6509,9,29,4,29.25,54.1,4.339,0.0,0.0,2.08,,,,,
6510,9,29,5,52.52,53.4,4.339,0.0,0.0,2.73,,,,,
6511,9,29,6,39.16,55.6,4.339,32.3,24.0,3.49,,,,,
6512,9,29,7,29.22,62.2,4.339,276.5,187.0,2.72,,,,,
6513,9,29,8,24.28,67.6,4.339,545.5,372.0,2.41,,,,,
6514,9,29,9,26.02,74.1,4.339,776.2,533.0,3.27,,,,,
6515,9,29,10,25.30,77.4,4.339,950.5,655.0,3.78,,,,,
6516,9,29,11,25.61,78.8,4.339,847.1,613.0,4.02,,,,,
6517,9,29,12,29.64,79.7,4.339,751.6,578.0,6.11,,,,,
6518,9,29,13,33.67,79.7,4.339,799.0,581.0,5.16,,,,,
6519,9,29,14,34.59,78.4,4.339,777.9,538.0,5.06,,,,,
6520,9,29,15,43.46,75.9,4.339,421.6,331.0,7.65,,,,,
6521,9,29,16,66.19,71.8,4.339,145.9,145.0,4.48,,,,,
6522,9,29,17,68.66,66.2,4.339,0.0,55.0,5.44,,,,,
6523,9,29,18,65.58,63.7,4.339,0.0,0.0,7.63,,,,,
6524,9,29,19,53.11,62.6,4.339,0.0,0.0,7.11,,,,,
6525,9,29,20,38.68,61.7,4.339,0.0,0.0,6.40,,,,,
6526,9,29,21,30.23,61.2,4.339,0.0,0.0,5.70,,,,,
6527,9,29,22,33.29,60.6,4.339,0.0,0.0,6.23,,,,,
6528,9,29,23,30.85,60.1,4.339,0.0,0.0,5.68,,,,,
6529,9,30,0,27.43,59.5,4.339,0.0,0.0,5.39,,,,,
6530,9,30,1,26.37,59.4,4.339,0.0,0.0,4.47,,,,,
6531,9,30,2,25.75,59.0,4.339,0.0,0.0,4.01,,,,,
6532,9,30,3,35.48,58.5,4.339,0.0,0.0,3.93,,,,,
6533,9,30,4,38.88,57.7,4.339,0.0,0.0,3.04,,,,,
6534,9,30,5,29.19,57.2,4.339,0.0,0.0,5.50,,,,,
6535,9,30,6,33.44,58.3,4.339,9.8,11.0,5.55,,,,,
6536,9,30,7,45.13,61.7,4.339,193.7,158.0,5.51,,,,,
6537,9,30,8,29.73,66.0,4.339,450.9,333.0,4.81,,,,,
6538,9,30,9,29.50,70.5,4.339,632.8,461.0,2.91,,,,,
6539,9,30,10,29.96,73.8,4.339,920.3,633.0,2.15,,,,,
6540,9,30,11,28.23,75.2,4.339,1019.4,701.0,2.82,,,,,
6541,9,30,12,27.62,75.9,4.339,1043.6,715.0,3.48,,,,,
6542,9,30,13,26.25,75.7,4.339,988.3,672.0,4.72,,,,,
6543,9,30,14,26.64,74.5,4.339,855.3,573.0,4.53,,,,,
6544,9,30,15,27.55,72.1,4.339,657.2,426.0,2.95,,,,,
6545,9,30,16,46.19,69.1,4.339,421.3,246.0,2.77,,,,,
6546,9,30,17,52.69,63.5,4.339,0.0,65.0,5.06,,,,,
6547,9,30,18,34.85,58.8,4.339,0.0,0.0,5.92,,,,,
6548,9,30,19,35.68,56.8,4.339,0.0,0.0,7.06,,,,,
6549,9,30,20,30.42,54.9,4.339,0.0,0.0,5.70,,,,,
6550,9,30,21,27.22,53.2,4.339,0.0,0.0,5.95,,,,,
6551,9,30,22,26.78,52.3,4.339,0.0,0.0,6.56,,,,,
6552,9,30,23,26.32,51.3,4.339,0.0,0.0,6.48,,,,,
6553,10,1,0,25.29,50.2,4.552,0.0,0.0,7.40,,,,,
6554,10,1,1,24.55,49.3,4.552,0.0,0.0,8.33,,,,,
6555,10,1,2,23.78,48.4,4.552,0.0,0.0,7.60,,,,,
6556,10,1,3,24.54,47.5,4.552,0.0,0.0,7.81,,,,,
6557,10,1,4,26.63,46.8,4.552,0.0,0.0,8.13,,,,,
6558,10,1,5,29.93,46.0,4.552,0.0,0.0,8.28,,,,,
6559,10,1,6,33.88,46.6,4.552,26.6,20.0,9.66,,,,,
6560,10,1,7,31.40,50.9,4.552,278.4,183.0,9.64,,,,,
6561,10,1,8,27.78,55.2,4.552,553.7,370.0,9.66,,,,,
6562,10,1,9,28.20,58.5,4.552,795.8,537.0,8.80,,,,,
6563,10,1,10,26.77,61.3,4.552,968.3,657.0,8.27,,,,,
6564,10,1,11,25.29,63.5,4.552,1069.4,726.0,7.85,,,,,
6565,10,1,12,25.97,65.1,4.552,1086.1,735.0,7.56,,,,,
6566,10,1,13,25.91,65.8,4.552,1015.3,682.0,7.29,,,,,
6567,10,1,14,26.84,65.7,4.552,870.0,575.0,6.75,,,,,
6568,10,1,15,27.25,64.6,4.552,663.7,423.0,7.10,,,,,
6569,10,1,16,39.27,62.4,4.552,429.9,243.0,7.40,,,,,
6570,10,1,17,45.45,57.7,4.552,0.0,62.0,7.99,,,,,
6571,10,1,18,34.90,53.2,4.552,0.0,0.0,9.32,,,,,
6572,10,1,19,33.29,51.4,4.552,0.0,0.0,8.91,,,,,
6573,10,1,20,30.26,49.8,4.552,0.0,0.0,9.00,,,,,
6574,10,1,21,30.24,48.7,4.552,0.0,0.0,7.96,,,,,
6575,10,1,22,27.52,47.5,4.552,0.0,0.0,8.30,,,,,
6576,10,1,23,27.26,45.9,4.552,0.0,0.0,8.30,,,,,
6577,10,2,0,27.41,44.8,4.552,0.0,0.0,7.38,,,,,
6578,10,2,1,27.61,43.9,4.552,0.0,0.0,9.41,,,,,
6579,10,2,2,27.12,42.8,4.552,0.0,0.0,9.19,,,,,
6580,10,2,3,27.73,42.1,4.552,0.0,0.0,7.58,,,,,
6581,10,2,4,30.26,41.4,4.552,0.0,0.0,6.22,,,,,
6582,10,2,5,33.83,40.6,4.552,0.0,0.0,6.56,,,,,
6583,10,2,6,35.27,42.4,4.552,26.3,19.0,5.66,,,,,
6584,10,2,7,37.51,48.9,4.552,278.9,180.0,5.53,,,,,
6585,10,2,8,31.44,54.1,4.552,554.9,366.0,4.11,,,,,
6586,10,2,9,27.76,58.1,4.552,789.5,528.0,2.99,,,,,
6587,10,2,10,25.54,61.2,4.552,964.1,649.0,3.38,,,,,
6588,10,2,11,25.06,63.7,4.552,1064.7,718.0,3.22,,,,,
6589,10,2,12,26.22,65.7,4.552,1077.8,725.0,2.47,,,,,
6590,10,2,13,27.95,66.6,4.552,871.8,598.0,2.08,,,,,
6591,10,2,14,26.70,66.6,4.552,805.8,539.0,2.45,,,,,
6592,10,2,15,30.60,65.5,4.552,526.7,362.0,1.97,,,,,
6593,10,2,16,45.72,63.0,4.552,268.4,189.0,1.62,,,,,
6594,10,2,17,58.22,58.8,4.552,0.0,56.0,1.74,,,,,
6595,10,2,18,59.28,55.2,4.552,0.0,0.0,1.97,,,,,
6596,10,2,19,45.14,52.0,4.552,0.0,0.0,1.06,,,,,
6597,10,2,20,37.70,49.1,4.552,0.0,0.0,3.69,,,,,
6598,10,2,21,37.21,47.3,4.552,0.0,0.0,2.82,,,,,
6599,10,2,22,28.22,46.6,4.552,0.0,0.0,4.07,,,,,
6600,10,2,23,29.64,46.2,4.552,0.0,0.0,6.67,,,,,
6601,10,3,0,28.48,46.6,4.552,0.0,0.0,8.50,,,,,
6602,10,3,1,25.16,46.6,4.552,0.0,0.0,8.46,,,,,
6603,10,3,2,24.45,46.0,4.552,0.0,0.0,8.55,,,,,
6604,10,3,3,26.44,45.1,4.552,0.0,0.0,9.05,,,,,
6605,10,3,4,29.29,44.4,4.552,0.0,0.0,8.77,,,,,
6606,10,3,5,40.64,43.5,4.552,0.0,0.0,8.55,,,,,
6607,10,3,6,46.27,45.1,4.552,17.8,15.0,8.04,,,,,
6608,10,3,7,35.12,50.4,4.552,80.9,89.0,8.15,,,,,
6609,10,3,8,28.50,56.7,4.552,208.8,216.0,6.30,,,,,
6610,10,3,9,25.87,62.1,4.552,763.9,511.0,6.34,,,,,
6611,10,3,10,24.11,65.5,4.552,936.8,630.0,5.02,,,,,
6612,10,3,11,23.02,68.7,4.552,1037.3,698.0,3.36,,,,,
6613,10,3,12,24.02,71.2,4.552,1054.9,707.0,3.75,,,,,
6614,10,3,13,26.81,72.5,4.552,985.7,655.0,3.99,,,,,
6615,10,3,14,26.26,72.9,4.552,843.8,550.0,4.38,,,,,
6616,10,3,15,30.56,72.1,4.552,637.4,398.0,4.63,,,,,
6617,10,3,16,48.97,68.4,4.552,405.5,219.0,5.06,,,,,
6618,10,3,17,53.36,61.2,4.552,0.0,48.0,5.86,,,,,
6619,10,3,18,45.51,57.9,4.552,0.0,0.0,6.97,,,,,
6620,10,3,19,35.42,56.1,4.552,0.0,0.0,5.42,,,,,
6621,10,3,20,31.83,55.2,4.552,0.0,0.0,7.11,,,,,
6622,10,3,21,29.69,54.7,4.552,0.0,0.0,7.57,,,,,
6623,10,3,22,23.34,53.6,4.552,0.0,0.0,6.86,,,,,
6624,10,3,23,40.13,52.9,4.552,0.0,0.0,6.34,,,,,
6625,10,4,0,33.65,52.3,4.552,0.0,0.0,5.37,,,,,
6626,10,4,1,31.11,51.8,4.552,0.0,0.0,4.34,,,,,
6627,10,4,2,24.96,51.3,4.552,0.0,0.0,5.43,,,,,
6628,10,4,3,26.71,50.7,4.552,0.0,0.0,5.47,,,,,
6629,10,4,4,30.96,50.4,4.552,0.0,0.0,6.63,,,,,
6630,10,4,5,33.60,50.0,4.552,0.0,0.0,7.57,,,,,
6631,10,4,6,45.08,52.2,4.552,17.2,14.0,7.58,,,,,
6632,10,4,7,32.08,58.5,4.552,81.8,90.0,4.85,,,,,
6633,10,4,8,29.56,64.6,4.552,507.8,335.0,4.47,,,,,
6634,10,4,9,23.78,71.6,4.552,737.5,492.0,2.94,,,,,
6635,10,4,10,24.64,76.8,4.552,916.4,613.0,3.02,,,,,
6636,10,4,11,25.85,79.5,4.552,1015.9,680.0,2.50,,,,,
6637,10,4,12,25.41,80.8,4.552,1035.2,690.0,2.89,,,,,
6638,10,4,13,26.31,81.1,4.552,966.7,638.0,2.16,,,,,
6639,10,4,14,35.59,80.4,4.552,822.7,532.0,2.71,,,,,
6640,10,4,15,46.38,79.0,4.552,620.3,383.0,4.36,,,,,
6641,10,4,16,71.64,75.0,4.552,392.6,207.0,3.96,,,,,
6642,10,4,17,85.38,68.2,4.552,0.0,43.0,5.24,,,,,
6643,10,4,18,67.56,65.7,4.552,0.0,0.0,3.87,,,,,
6644,10,4,19,57.05,64.6,4.552,0.0,0.0,4.36,,,,,
6645,10,4,20,54.98,63.5,4.552,0.0,0.0,5.32,,,,,
6646,10,4,21,46.61,62.6,4.552,0.0,0.0,5.50,,,,,
6647,10,4,22,37.76,61.3,4.552,0.0,0.0,5.46,,,,,
6648,10,4,23,28.79,60.3,4.552,0.0,0.0,6.42,,,,,
6649,10,5,0,24.36,59.5,4.552,0.0,0.0,5.78,,,,,
6650,10,5,1,25.61,58.8,4.552,0.0,0.0,4.78,,,,,
6651,10,5,2,26.96,58.3,4.552,0.0,0.0,5.39,,,,,
6652,10,5,3,25.99,57.7,4.552,0.0,0.0,4.36,,,,,
6653,10,5,4,25.04,57.6,4.552,0.0,0.0,4.54,,,,,
6654,10,5,5,30.90,57.6,4.552,0.0,0.0,3.85,,,,,
6655,10,5,6,33.44,58.8,4.552,0.0,0.0,4.31,,,,,
6656,10,5,7,29.59,64.6,4.552,242.0,155.0,4.07,,,,,
6657,10,5,8,24.89,70.0,4.552,506.4,330.0,3.45,,,,,
6658,10,5,9,22.34,77.9,4.552,737.8,487.0,4.86,,,,,
6659,10,5,10,22.93,81.3,4.552,908.9,604.0,4.67,,,,,
6660,10,5,11,25.64,83.7,4.552,1007.4,670.0,4.24,,,,,
6661,10,5,12,30.88,84.9,4.552,1023.8,678.0,5.14,,,,,
6662,10,5,13,30.31,85.5,4.552,958.5,628.0,5.74,,,,,
6663,10,5,14,38.63,84.9,4.552,818.1,524.0,6.02,,,,,
6664,10,5,15,66.63,83.5,4.552,620.0,377.0,6.96,,,,,
6665,10,5,16,88.44,79.3,4.552,401.7,204.0,6.58,,,,,
6666,10,5,17,95.28,74.5,4.552,0.0,40.0,7.16,,,,,
6667,10,5,18,88.70,71.1,4.552,0.0,0.0,9.06,,,,,
6668,10,5,19,69.13,68.2,4.552,0.0,0.0,8.75,,,,,
6669,10,5,20,41.54,65.7,4.552,0.0,0.0,8.70,,,,,
6670,10,5,21,36.52,64.2,4.552,0.0,0.0,7.30,,,,,
6671,10,5,22,31.83,63.1,4.552,0.0,0.0,6.96,,,,,
6672,10,5,23,33.79,61.7,4.552,0.0,0.0,6.43,,,,,
6673,10,6,0,29.47,61.0,4.552,0.0,0.0,6.78,,,,,
6674,10,6,1,26.18,60.1,4.552,0.0,0.0,9.14,,,,,
6675,10,6,2,24.95,59.4,4.552,0.0,0.0,7.49,,,,,
6676,10,6,3,26.23,58.5,4.552,0.0,0.0,7.57,,,,,
6677,10,6,4,31.33,57.7,4.552,0.0,0.0,6.61,,,,,
6678,10,6,5,37.10,56.8,4.552,0.0,0.0,5.94,,,,,
6679,10,6,6,58.09,57.9,4.552,0.0,0.0,6.24,,,,,
6680,10,6,7,36.41,63.7,4.552,50.0,56.0,5.68,,,,,
6681,10,6,8,28.72,69.4,4.552,189.4,198.0,4.56,,,,,
6682,10,6,9,25.82,76.1,4.552,764.5,498.0,5.20,,,,,
6683,10,6,10,24.92,79.5,4.552,937.6,616.0,5.62,,,,,
6684,10,6,11,24.96,81.3,4.552,1037.3,683.0,6.74,,,,,
6685,10,6,12,28.95,82.4,4.552,1048.8,688.0,7.28,,,,,
6686,10,6,13,34.15,82.8,4.552,976.8,634.0,6.63,,,,,
6687,10,6,14,41.76,82.2,4.552,833.9,528.0,5.19,,,,,
6688,10,6,15,59.39,80.4,4.552,633.7,379.0,6.06,,,,,
6689,10,6,16,124.28,75.2,4.552,415.2,203.0,5.56,,,,,
6690,10,6,17,124.78,68.0,4.552,0.0,37.0,6.14,,,,,
6691,10,6,18,55.69,64.9,4.552,0.0,0.0,5.23,,,,,
6692,10,6,19,48.28,63.5,4.552,0.0,0.0,8.68,,,,,
6693,10,6,20,37.42,62.1,4.552,0.0,0.0,8.24,,,,,
6694,10,6,21,34.33,61.3,4.552,0.0,0.0,8.60,,,,,
6695,10,6,22,30.46,60.4,4.552,0.0,0.0,7.30,,,,,
6696,10,6,23,31.94,59.5,4.552,0.0,0.0,7.95,,,,,
6697,10,7,0,27.75,59.4,4.552,0.0,0.0,6.32,,,,,
6698,10,7,1,28.81,59.2,4.552,0.0,0.0,6.22,,,,,
6699,10,7,2,27.50,58.8,4.552,0.0,0.0,6.04,,,,,
6700,10,7,3,29.42,58.6,4.552,0.0,0.0,7.44,,,,,
6701,10,7,4,33.68,58.3,4.552,0.0,0.0,7.24,,,,,
6702,10,7,5,38.90,58.3,4.552,0.0,0.0,7.88,,,,,
6703,10,7,6,40.52,59.0,4.552,0.0,0.0,7.82,,,,,
6704,10,7,7,35.19,63.5,4.552,21.4,24.0,7.24,,,,,
6705,10,7,8,39.42,68.7,4.552,492.5,317.0,6.78,,,,,
6706,10,7,9,32.07,73.8,4.552,145.3,161.0,8.67,,,,,
6707,10,7,10,27.95,77.4,4.552,245.7,264.0,8.90,,,,,
6708,10,7,11,30.96,79.3,4.552,843.2,577.0,8.80,,,,,
6709,10,7,12,40.02,79.7,4.552,648.3,506.0,8.61,,,,,
6710,10,7,13,37.54,79.0,4.552,938.8,606.0,8.23,,,,,
6711,10,7,14,46.35,77.9,4.552,358.5,313.0,6.63,,,,,
6712,10,7,15,61.81,75.7,4.552,533.0,339.0,6.68,,,,,
6713,10,7,16,107.11,73.6,4.552,136.8,126.0,8.41,,,,,
6714,10,7,17,118.85,72.0,4.552,0.0,7.0,9.05,,,,,
6715,10,7,18,60.06,70.3,4.552,0.0,0.0,12.31,,,,,
6716,10,7,19,52.97,68.9,4.552,0.0,0.0,12.30,,,,,
6717,10,7,20,43.48,67.6,4.552,0.0,0.0,16.06,,,,,
6718,10,7,21,38.77,66.4,4.552,0.0,0.0,13.95,,,,,
6719,10,7,22,33.14,65.7,4.552,0.0,0.0,14.91,,,,,
6720,10,7,23,39.64,65.3,4.552,0.0,0.0,14.80,,,,,
6721,10,8,0,36.60,64.9,4.552,0.0,0.0,15.87,,,,,
6722,10,8,1,31.94,64.8,4.552,0.0,0.0,17.09,,,,,
6723,10,8,2,31.30,64.6,4.552,0.0,0.0,18.15,,,,,
6724,10,8,3,36.31,64.6,4.552,0.0,0.0,16.93,,,,,
6725,10,8,4,39.34,64.4,4.552,0.0,0.0,14.87,,,,,
6726,10,8,5,50.83,63.3,4.552,0.0,0.0,14.07,,,,,
6727,10,8,6,56.68,60.8,4.552,0.0,0.0,14.51,,,,,
6728,10,8,7,61.54,57.7,4.552,130.9,106.0,15.48,,,,,
6729,10,8,8,55.75,56.8,4.552,19.7,22.0,15.71,,,,,
6730,10,8,9,52.56,57.4,4.552,256.7,255.0,14.79,,,,,
6731,10,8,10,44.68,59.0,4.552,420.0,374.0,13.81,,,,,
6732,10,8,11,39.09,62.1,4.552,251.5,276.0,12.68,,,,,
6733,10,8,12,33.34,64.2,4.552,617.7,512.0,13.97,,,,,
6734,10,8,13,33.09,65.1,4.552,986.1,629.0,11.90,,,,,
6735,10,8,14,27.81,64.9,4.552,477.7,393.0,10.70,,,,,
6736,10,8,15,35.46,63.5,4.552,649.9,376.0,10.25,,,,,
6737,10,8,16,36.48,61.2,4.552,102.4,109.0,10.46,,,,,
6738,10,8,17,41.56,57.9,4.552,0.0,31.0,8.04,,,,,
6739,10,8,18,42.57,55.6,4.552,0.0,0.0,8.62,,,,,
6740,10,8,19,40.94,54.0,4.552,0.0,0.0,9.16,,,,,
6741,10,8,20,28.11,52.5,4.552,0.0,0.0,7.46,,,,,
6742,10,8,21,26.85,51.1,4.552,0.0,0.0,12.23,,,,,
6743,10,8,22,24.58,49.8,4.552,0.0,0.0,9.73,,,,,
6744,10,8,23,28.05,48.7,4.552,0.0,0.0,8.20,,,,,
6745,10,9,0,25.84,48.0,4.552,0.0,0.0,8.87,,,,,
6746,10,9,1,24.70,47.1,4.552,0.0,0.0,9.75,,,,,
6747,10,9,2,24.22,46.0,4.552,0.0,0.0,8.79,,,,,
6748,10,9,3,25.73,45.0,4.552,0.0,0.0,7.59,,,,,
6749,10,9,4,28.39,43.7,4.552,0.0,0.0,6.38,,,,,
6750,10,9,5,98.15,42.4,4.552,0.0,0.0,5.83,,,,,
6751,10,9,6,110.05,41.7,4.552,0.0,0.0,5.09,,,,,
6752,10,9,7,31.50,43.9,4.552,271.5,159.0,7.01,,,,,
6753,10,9,8,27.26,46.6,4.552,561.6,346.0,6.62,,,,,
6754,10,9,9,27.92,48.9,4.552,806.1,510.0,6.74,,,,,
6755,10,9,10,26.90,51.3,4.552,986.8,632.0,7.01,,,,,
6756,10,9,11,25.22,53.4,4.552,1089.2,700.0,6.65,,,,,
6757,10,9,12,26.60,54.9,4.552,1097.4,702.0,8.00,,,,,
6758,10,9,13,26.27,55.8,4.552,1028.0,648.0,7.54,,,,,
6759,10,9,14,25.49,55.8,4.552,881.2,538.0,7.42,,,,,
6760,10,9,15,33.14,54.9,4.552,676.0,383.0,8.18,,,,,
6761,10,9,16,42.02,52.5,4.552,465.1,200.0,6.71,,,,,
6762,10,9,17,55.66,45.5,4.552,0.0,30.0,6.53,,,,,
6763,10,9,18,46.05,42.4,4.552,0.0,0.0,8.22,,,,,
6764,10,9,19,35.84,41.4,4.552,0.0,0.0,6.84,,,,,
6765,10,9,20,36.00,40.1,4.552,0.0,0.0,6.75,,,,,
6766,10,9,21,32.29,38.8,4.552,0.0,0.0,6.71,,,,,
6767,10,9,22,30.32,37.9,4.552,0.0,0.0,5.94,,,,,
6768,10,9,23,27.45,37.0,4.552,0.0,0.0,5.11,,,,,
6769,10,10,0,27.04,36.3,4.552,0.0,0.0,5.11,,,,,
6770,10,10,1,26.92,36.1,4.552,0.0,0.0,6.35,,,,,
6771,10,10,2,25.49,36.1,4.552,0.0,0.0,4.31,,,,,
6772,10,10,3,26.66,36.1,4.552,0.0,0.0,5.77,,,,,
6773,10,10,4,36.03,36.3,4.552,0.0,0.0,3.89,,,,,
6774,10,10,5,61.08,36.3,4.552,0.0,0.0,1.61,,,,,
6775,10,10,6,71.29,36.7,4.552,0.0,0.0,2.23,,,,,
6776,10,10,7,35.81,41.5,4.552,79.4,87.0,4.66,,,,,
6777,10,10,8,27.67,48.0,4.552,554.3,339.0,5.47,,,,,
6778,10,10,9,29.69,52.5,4.552,798.1,502.0,5.69,,,,,
6779,10,10,10,26.16,55.6,4.552,977.7,623.0,5.54,,,,,
6780,10,10,11,26.22,57.9,4.552,1079.2,690.0,5.38,,,,,
6781,10,10,12,26.49,59.5,4.552,1095.9,697.0,6.86,,,,,
6782,10,10,13,27.45,60.4,4.552,1020.1,639.0,7.47,,,,,
6783,10,10,14,28.72,60.4,4.552,873.5,529.0,5.86,,,,,
6784,10,10,15,34.27,59.5,4.552,664.6,372.0,6.24,,,,,
6785,10,10,16,57.18,56.3,4.552,460.8,191.0,4.95,,,,,
6786,10,10,17,70.51,48.6,4.552,0.0,25.0,4.88,,,,,
6787,10,10,18,36.65,48.0,4.552,0.0,0.0,3.38,,,,,
6788,10,10,19,40.60,46.0,4.552,0.0,0.0,2.42,,,,,
6789,10,10,20,35.55,45.1,4.552,0.0,0.0,0.39,,,,,
6790,10,10,21,31.74,44.6,4.552,0.0,0.0,1.07,,,,,
6791,10,10,22,27.89,44.2,4.552,0.0,0.0,1.40,,,,,
6792,10,10,23,28.90,44.2,4.552,0.0,0.0,1.63,,,,,
6793,10,11,0,27.28,44.6,4.552,0.0,0.0,3.13,,,,,
6794,10,11,1,27.08,44.8,4.552,0.0,0.0,3.82,,,,,
6795,10,11,2,27.42,45.0,4.552,0.0,0.0,4.31,,,,,
6796,10,11,3,28.50,45.3,4.552,0.0,0.0,4.54,,,,,
6797,10,11,4,31.40,45.3,4.552,0.0,0.0,5.17,,,,,
6798,10,11,5,35.34,45.1,4.552,0.0,0.0,5.19,,,,,
6799,10,11,6,35.78,45.9,4.552,0.0,0.0,5.34,,,,,
6800,10,11,7,34.31,50.2,4.552,63.5,71.0,5.06,,,,,
6801,10,11,8,29.31,55.8,4.552,230.0,221.0,7.73,,,,,
6802,10,11,9,27.90,60.4,4.552,272.5,278.0,6.90,,,,,
6803,10,11,10,26.76,63.5,4.552,510.5,439.0,7.12,,,,,
6804,10,11,11,27.43,65.7,4.552,226.2,250.0,6.99,,,,,
6805,10,11,12,30.19,67.3,4.552,414.5,399.0,7.65,,,,,
6806,10,11,13,31.23,67.8,4.552,458.5,415.0,8.41,,,,,
6807,10,11,14,26.38,67.8,4.552,357.3,332.0,7.94,,,,,
6808,10,11,15,45.93,66.9,4.552,209.2,211.0,6.50,,,,,
6809,10,11,16,51.50,64.4,4.552,31.3,35.0,6.10,,,,,
6810,10,11,17,61.00,60.1,4.552,0.0,20.0,6.28,,,,,
6811,10,11,18,55.18,56.5,4.552,0.0,0.0,7.10,,,,,
6812,10,11,19,41.88,54.3,4.552,0.0,0.0,6.92,,,,,
6813,10,11,20,38.23,53.8,4.552,0.0,0.0,5.59,,,,,
6814,10,11,21,35.00,52.9,4.552,0.0,0.0,4.66,,,,,
6815,10,11,22,37.90,51.8,4.552,0.0,0.0,4.23,,,,,
6816,10,11,23,32.92,50.5,4.552,0.0,0.0,4.07,,,,,
6817,10,12,0,28.68,49.6,4.552,0.0,0.0,3.21,,,,,
6818,10,12,1,25.90,49.5,4.552,0.0,0.0,4.10,,,,,
6819,10,12,2,26.11,49.5,4.552,0.0,0.0,5.46,,,,,
6820,10,12,3,26.17,49.6,4.552,0.0,0.0,6.43,,,,,
6821,10,12,4,25.97,50.0,4.552,0.0,0.0,6.20,,,,,
6822,10,12,5,24.75,50.5,4.552,0.0,0.0,5.96,,,,,
6823,10,12,6,27.89,50.9,4.552,0.0,0.0,6.04,,,,,
6824,10,12,7,31.02,52.5,4.552,146.9,118.0,8.27,,,,,
6825,10,12,8,34.67,54.1,4.552,252.4,221.0,6.68,,,,,
6826,10,12,9,31.80,56.3,4.552,463.3,359.0,3.66,,,,,
6827,10,12,10,29.78,58.3,4.552,404.9,355.0,4.54,,,,,
6828,10,12,11,33.96,59.5,4.552,336.1,332.0,4.91,,,,,
6829,10,12,12,30.43,60.4,4.552,167.1,183.0,6.15,,,,,
6830,10,12,13,35.00,59.9,4.552,92.1,103.0,6.85,,,,,
6831,10,12,14,32.00,58.3,4.552,31.3,35.0,6.70,,,,,
6832,10,12,15,45.31,56.5,4.552,33.1,37.0,5.95,,,,,
6833,10,12,16,40.05,55.2,4.552,11.6,13.0,6.22,,,,,
6834,10,12,17,41.98,54.3,4.552,0.0,8.0,6.10,,,,,
6835,10,12,18,41.58,53.8,4.552,0.0,0.0,7.44,,,,,
6836,10,12,19,35.62,53.4,4.552,0.0,0.0,8.12,,,,,
6837,10,12,20,28.80,53.1,4.552,0.0,0.0,7.27,,,,,
6838,10,12,21,32.39,52.5,4.552,0.0,0.0,7.32,,,,,
6839,10,12,22,26.09,51.8,4.552,0.0,0.0,7.08,,,,,
6840,10,12,23,26.58,51.3,4.552,0.0,0.0,5.54,,,,,
6841,10,13,0,34.75,50.5,4.552,0.0,0.0,5.82,,,,,
6842,10,13,1,27.00,49.8,4.552,0.0,0.0,6.75,,,,,
6843,10,13,2,26.90,49.5,4.552,0.0,0.0,5.18,,,,,
6844,10,13,3,27.03,48.9,4.552,0.0,0.0,6.54,,,,,
6845,10,13,4,28.63,48.7,4.552,0.0,0.0,7.04,,,,,
6846,10,13,5,27.42,48.4,4.552,0.0,0.0,6.85,,,,,
6847,10,13,6,29.62,48.2,4.552,0.0,0.0,6.77,,,,,
6848,10,13,7,31.27,48.6,4.552,81.0,75.0,7.28,,,,,
6849,10,13,8,31.15,49.3,4.552,9.8,11.0,9.36,,,,,
6850,10,13,9,33.59,50.2,4.552,51.8,58.0,8.36,,,,,
6851,10,13,10,35.85,51.1,4.552,68.8,77.0,8.78,,,,,
6852,10,13,11,33.83,51.6,4.552,67.9,76.0,9.11,,,,,
6853,10,13,12,35.35,52.0,4.552,62.6,70.0,8.91,,,,,
6854,10,13,13,34.42,52.3,4.552,44.7,50.0,9.28,,,,,
6855,10,13,14,34.57,52.3,4.552,57.2,64.0,9.31,,,,,
6856,10,13,15,40.86,52.0,4.552,17.9,20.0,8.99,,,,,
6857,10,13,16,41.56,51.4,4.552,17.9,20.0,8.89,,,,,
6858,10,13,17,41.96,50.7,4.552,0.0,14.0,8.00,,,,,
6859,10,13,18,35.51,50.2,4.552,0.0,0.0,8.28,,,,,
6860,10,13,19,34.31,49.5,4.552,0.0,0.0,6.44,,,,,
6861,10,13,20,32.22,48.9,4.552,0.0,0.0,8.45,,,,,
6862,10,13,21,30.50,48.6,4.552,0.0,0.0,8.12,,,,,
6863,10,13,22,31.30,48.4,4.552,0.0,0.0,7.98,,,,,
6864,10,13,23,30.93,48.4,4.552,0.0,0.0,7.66,,,,,
6865,10,14,0,32.46,48.2,4.552,0.0,0.0,7.65,,,,,
6866,10,14,1,33.69,48.0,4.552,0.0,0.0,8.63,,,,,
6867,10,14,2,32.83,48.0,4.552,0.0,0.0,8.39,,,,,
6868,10,14,3,33.82,47.8,4.552,0.0,0.0,8.22,,,,,
6869,10,14,4,29.58,47.8,4.552,0.0,0.0,8.14,,,,,
6870,10,14,5,40.51,47.7,4.552,0.0,0.0,8.07,,,,,
6871,10,14,6,46.01,47.8,4.552,0.0,0.0,7.75,,,,,
6872,10,14,7,44.00,49.1,4.552,30.4,34.0,7.43,,,,,
6873,10,14,8,52.87,51.3,4.552,46.5,52.0,6.99,,,,,
6874,10,14,9,50.64,54.7,4.552,713.1,439.0,4.24,,,,,
6875,10,14,10,44.21,58.6,4.552,142.1,159.0,3.15,,,,,
6876,10,14,11,39.81,61.7,4.552,204.4,227.0,2.87,,,,,
6877,10,14,12,33.79,63.9,4.552,238.5,261.0,2.07,,,,,
6878,10,14,13,33.51,64.9,4.552,351.8,340.0,4.08,,,,,
6879,10,14,14,38.66,65.1,4.552,180.5,197.0,4.93,,,,,
6880,10,14,15,35.64,64.0,4.552,135.7,146.0,5.88,,,,,
6881,10,14,16,48.95,61.3,4.552,51.8,58.0,6.48,,,,,
6882,10,14,17,49.42,56.7,4.552,0.0,5.0,5.65,,,,,
6883,10,14,18,48.41,55.0,4.552,0.0,0.0,6.07,,,,,
6884,10,14,19,42.36,54.0,4.552,0.0,0.0,6.13,,,,,
6885,10,14,20,38.64,54.3,4.552,0.0,0.0,6.63,,,,,
6886,10,14,21,25.60,55.0,4.552,0.0,0.0,6.22,,,,,
6887,10,14,22,23.18,54.9,4.552,0.0,0.0,6.40,,,,,
6888,10,14,23,25.37,53.6,4.552,0.0,0.0,7.45,,,,,
6889,10,15,0,22.88,52.2,4.552,0.0,0.0,6.30,,,,,
6890,10,15,1,21.46,51.3,4.552,0.0,0.0,8.79,,,,,
6891,10,15,2,21.43,51.4,4.552,0.0,0.0,8.20,,,,,
6892,10,15,3,22.18,51.6,4.552,0.0,0.0,8.51,,,,,
6893,10,15,4,24.85,51.4,4.552,0.0,0.0,8.24,,,,,
6894,10,15,5,41.04,51.3,4.552,0.0,0.0,8.31,,,,,
6895,10,15,6,37.14,51.3,4.552,0.0,0.0,10.66,,,,,
6896,10,15,7,28.26,52.0,4.552,73.1,78.0,11.88,,,,,
6897,10,15,8,22.76,52.9,4.552,146.3,152.0,10.64,,,,,
6898,10,15,9,20.97,53.8,4.552,250.4,244.0,11.72,,,,,
6899,10,15,10,20.49,56.1,4.552,307.7,289.0,11.83,,,,,
6900,10,15,11,20.61,58.3,4.552,424.0,379.0,11.54,,,,,
6901,10,15,12,20.17,58.8,4.552,232.0,243.0,9.74,,,,,
6902,10,15,13,19.89,57.9,4.552,668.1,485.0,9.13,,,,,
6903,10,15,14,19.98,56.1,4.552,740.8,446.0,7.64,,,,,
6904,10,15,15,25.90,53.8,4.552,443.1,273.0,8.07,,,,,
6905,10,15,16,33.93,51.6,4.552,69.0,73.0,7.38,,,,,
6906,10,15,17,37.42,49.3,4.552,0.0,0.0,8.45,,,,,
6907,10,15,18,39.87,47.8,4.552,0.0,0.0,8.79,,,,,
6908,10,15,19,30.38,46.6,4.552,0.0,0.0,10.08,,,,,
6909,10,15,20,24.97,45.3,4.552,0.0,0.0,10.95,,,,,
6910,10,15,21,22.63,44.4,4.552,0.0,0.0,10.95,,,,,
6911,10,15,22,20.97,43.7,4.552,0.0,0.0,11.27,,,,,
6912,10,15,23,33.11,43.0,4.552,0.0,0.0,10.60,,,,,
6913,10,16,0,27.92,42.1,4.552,0.0,0.0,9.77,,,,,
6914,10,16,1,29.15,41.4,4.552,0.0,0.0,11.49,,,,,
6915,10,16,2,23.73,40.5,4.552,0.0,0.0,11.64,,,,,
6916,10,16,3,23.69,39.9,4.552,0.0,0.0,11.04,,,,,
6917,10,16,4,28.23,39.6,4.552,0.0,0.0,10.36,,,,,
6918,10,16,5,41.94,38.7,4.552,0.0,0.0,9.76,,,,,
6919,10,16,6,46.21,38.1,4.552,0.0,0.0,9.81,,,,,
6920,10,16,7,30.15,40.5,4.552,240.7,129.0,8.44,,,,,
6921,10,16,8,24.43,44.1,4.552,536.9,309.0,9.35,,,,,
6922,10,16,9,24.14,46.9,4.552,783.5,469.0,11.52,,,,,
6923,10,16,10,26.26,49.3,4.552,961.8,586.0,9.96,,,,,
6924,10,16,11,25.49,51.3,4.552,1063.4,651.0,9.39,,,,,
6925,10,16,12,24.17,52.9,4.552,1073.7,653.0,8.70,,,,,
6926,10,16,13,27.00,53.6,4.552,1004.9,598.0,9.00,,,,,
6927,10,16,14,27.03,53.6,4.552,858.2,487.0,6.52,,,,,
6928,10,16,15,33.72,52.7,4.552,662.2,335.0,6.46,,,,,
6929,10,16,16,37.57,50.9,4.552,509.7,157.0,5.67,,,,,
6930,10,16,17,46.00,48.2,4.552,0.0,0.0,6.47,,,,,
6931,10,16,18,40.90,46.8,4.552,0.0,0.0,7.84,,,,,
6932,10,16,19,39.90,45.7,4.552,0.0,0.0,7.92,,,,,
6933,10,16,20,37.17,44.8,4.552,0.0,0.0,5.25,,,,,
6934,10,16,21,31.79,44.1,4.552,0.0,0.0,8.27,,,,,
6935,10,16,22,28.62,43.3,4.552,0.0,0.0,8.30,,,,,
6936,10,16,23,35.46,42.8,4.552,0.0,0.0,7.84,,,,,
6937,10,17,0,34.72,42.4,4.552,0.0,0.0,6.12,,,,,
6938,10,17,1,30.17,41.9,4.552,0.0,0.0,6.89,,,,,
6939,10,17,2,32.30,40.8,4.552,0.0,0.0,6.16,,,,,
6940,10,17,3,37.55,39.7,4.552,0.0,0.0,5.60,,,,,
6941,10,17,4,36.44,39.0,4.552,0.0,0.0,6.66,,,,,
6942,10,17,5,50.76,38.3,4.552,0.0,0.0,7.16,,,,,
6943,10,17,6,53.82,37.8,4.552,0.0,0.0,6.71,,,,,
6944,10,17,7,46.48,41.0,4.552,231.1,122.0,5.73,,,,,
6945,10,17,8,31.13,46.0,4.552,520.5,297.0,7.29,,,,,
6946,10,17,9,28.02,50.5,4.552,763.5,454.0,4.73,,,,,
6947,10,17,10,28.28,54.3,4.552,941.4,570.0,4.92,,,,,
6948,10,17,11,24.11,57.0,4.552,1040.3,633.0,3.65,,,,,
6949,10,17,12,25.16,58.6,4.552,1055.9,638.0,4.16,,,,,
6950,10,17,13,26.12,59.2,4.552,856.4,528.0,5.37,,,,,
6951,10,17,14,29.04,59.0,4.552,607.4,396.0,6.16,,,,,
6952,10,17,15,36.35,57.7,4.552,657.1,327.0,5.85,,,,,
6953,10,17,16,56.73,54.7,4.552,522.1,152.0,6.20,,,,,
6954,10,17,17,59.60,47.1,4.552,0.0,0.0,4.95,,,,,
6955,10,17,18,52.26,44.6,4.552,0.0,0.0,4.74,,,,,
6956,10,17,19,46.28,43.7,4.552,0.0,0.0,4.67,,,,,
6957,10,17,20,42.58,42.6,4.552,0.0,0.0,2.67,,,,,
6958,10,17,21,39.37,41.7,4.552,0.0,0.0,2.46,,,,,
6959,10,17,22,30.80,41.0,4.552,0.0,0.0,2.10,,,,,
6960,10,17,23,52.99,40.3,4.552,0.0,0.0,2.62,,,,,
6961,10,18,0,47.85,39.6,4.552,0.0,0.0,2.83,,,,,
6962,10,18,1,50.48,38.8,4.552,0.0,0.0,4.46,,,,,
6963,10,18,2,44.62,38.5,4.552,0.0,0.0,3.26,,,,,
6964,10,18,3,43.63,38.3,4.552,0.0,0.0,3.38,,,,,
6965,10,18,4,46.33,38.3,4.552,0.0,0.0,4.05,,,,,
6966,10,18,5,56.46,38.5,4.552,0.0,0.0,2.68,,,,,
6967,10,18,6,57.66,38.8,4.552,0.0,0.0,2.32,,,,,
6968,10,18,7,50.52,44.6,4.552,211.2,112.0,2.46,,,,,
6969,10,18,8,34.89,50.9,4.552,493.0,281.0,3.17,,,,,
6970,10,18,9,27.61,56.7,4.552,663.2,411.0,2.27,,,,,
6971,10,18,10,25.27,60.1,4.552,836.0,519.0,2.94,,,,,
6972,10,18,11,25.18,62.6,4.552,844.8,535.0,4.28,,,,,
6973,10,18,12,25.00,64.6,4.552,837.1,528.0,3.93,,,,,
6974,10,18,13,25.92,65.8,4.552,933.0,551.0,4.01,,,,,
6975,10,18,14,27.39,65.8,4.552,793.1,446.0,3.88,,,,,
6976,10,18,15,40.37,64.8,4.552,599.7,299.0,3.58,,,,,
6977,10,18,16,62.08,61.3,4.552,468.2,133.0,4.22,,,,,
6978,10,18,17,66.68,57.2,4.552,0.0,0.0,3.16,,,,,
6979,10,18,18,69.28,53.4,4.552,0.0,0.0,3.04,,,,,
6980,10,18,19,51.09,51.4,4.552,0.0,0.0,2.63,,,,,
6981,10,18,20,46.17,50.4,4.552,0.0,0.0,3.00,,,,,
6982,10,18,21,40.73,49.5,4.552,0.0,0.0,3.37,,,,,
6983,10,18,22,41.49,48.7,4.552,0.0,0.0,5.02,,,,,
6984,10,18,23,40.54,48.0,4.552,0.0,0.0,3.50,,,,,
6985,10,19,0,36.37,47.7,4.552,0.0,0.0,5.27,,,,,
6986,10,19,1,35.24,46.9,4.552,0.0,0.0,3.96,,,,,
6987,10,19,2,37.95,46.4,4.552,0.0,0.0,3.60,,,,,
6988,10,19,3,35.57,46.9,4.552,0.0,0.0,6.13,,,,,
6989,10,19,4,36.99,46.8,4.552,0.0,0.0,4.67,,,,,
6990,10,19,5,43.81,46.6,4.552,0.0,0.0,4.85,,,,,
6991,10,19,6,40.63,47.1,4.552,0.0,0.0,3.04,,,,,
6992,10,19,7,35.64,50.9,4.552,199.8,107.0,4.34,,,,,
6993,10,19,8,27.00,55.8,4.552,329.0,231.0,5.32,,,,,
6994,10,19,9,23.30,61.3,4.552,616.4,396.0,4.65,,,,,
6995,10,19,10,23.84,65.5,4.552,607.4,421.0,6.46,,,,,
6996,10,19,11,24.02,68.4,4.552,800.8,513.0,7.08,,,,,
6997,10,19,12,25.21,70.2,4.552,851.9,531.0,7.11,,,,,
6998,10,19,13,28.65,70.9,4.552,706.9,465.0,7.59,,,,,
6999,10,19,14,32.44,70.5,4.552,378.5,304.0,8.36,,,,,
7000,10,19,15,42.87,68.9,4.552,204.5,195.0,7.61,,,,,
7001,10,19,16,65.25,66.2,4.552,30.4,34.0,8.24,,,,,
7002,10,19,17,67.42,62.8,4.552,0.0,0.0,8.87,,,,,
7003,10,19,18,61.14,60.6,4.552,0.0,0.0,10.45,,,,,
7004,10,19,19,45.79,59.2,4.552,0.0,0.0,9.35,,,,,
7005,10,19,20,42.76,58.3,4.552,0.0,0.0,8.98,,,,,
7006,10,19,21,34.75,58.1,4.552,0.0,0.0,8.45,,,,,
7007,10,19,22,33.61,57.9,4.552,0.0,0.0,7.56,,,,,
7008,10,19,23,31.58,57.9,4.552,0.0,0.0,9.02,,,,,
7009,10,20,0,29.12,58.1,4.552,0.0,0.0,8.75,,,,,
7010,10,20,1,28.85,58.5,4.552,0.0,0.0,8.97,,,,,
7011,10,20,2,28.01,59.0,4.552,0.0,0.0,7.90,,,,,
7012,10,20,3,28.31,59.5,4.552,0.0,0.0,8.10,,,,,
7013,10,20,4,33.18,60.3,4.552,0.0,0.0,8.48,,,,,
7014,10,20,5,44.51,61.2,4.552,0.0,0.0,7.87,,,,,
7015,10,20,6,51.38,61.7,4.552,0.0,0.0,8.30,,,,,
7016,10,20,7,47.73,62.2,4.552,2.7,3.0,7.71,,,,,
7017,10,20,8,55.30,63.3,4.552,72.1,79.0,8.96,,,,,
7018,10,20,9,51.66,64.4,4.552,73.3,82.0,9.59,,,,,
7019,10,20,10,79.40,65.1,4.552,100.1,112.0,7.77,,,,,
7020,10,20,11,72.21,65.7,4.552,292.4,290.0,9.50,,,,,
7021,10,20,12,46.01,63.9,4.552,313.7,305.0,9.25,,,,,
7022,10,20,13,40.16,62.1,4.552,238.9,244.0,7.90,,,,,
7023,10,20,14,41.56,61.5,4.552,166.7,175.0,7.75,,,,,
7024,10,20,15,47.32,58.8,4.552,327.3,232.0,6.43,,,,,
7025,10,20,16,51.30,56.7,4.552,15.2,17.0,9.38,,,,,
7026,10,20,17,64.77,54.7,4.552,0.0,0.0,8.27,,,,,
7027,10,20,18,45.66,53.1,4.552,0.0,0.0,6.35,,,,,
7028,10,20,19,46.65,52.0,4.552,0.0,0.0,5.21,,,,,
7029,10,20,20,42.49,51.3,4.552,0.0,0.0,6.38,,,,,
7030,10,20,21,37.32,50.7,4.552,0.0,0.0,5.09,,,,,
7031,10,20,22,33.23,50.4,4.552,0.0,0.0,6.55,,,,,
7032,10,20,23,29.60,50.0,4.552,0.0,0.0,4.66,,,,,
7033,10,21,0,28.07,50.0,4.552,0.0,0.0,8.93,,,,,
7034,10,21,1,28.90,49.8,4.552,0.0,0.0,6.42,,,,,
7035,10,21,2,28.56,49.5,4.552,0.0,0.0,5.16,,,,,
7036,10,21,3,29.08,48.9,4.552,0.0,0.0,6.97,,,,,
7037,10,21,4,35.21,48.2,4.552,0.0,0.0,5.38,,,,,
7038,10,21,5,54.74,47.5,4.552,0.0,0.0,5.37,,,,,
7039,10,21,6,61.98,46.8,4.552,0.0,0.0,4.97,,,,,
7040,10,21,7,41.67,48.4,4.552,210.4,106.0,2.85,,,,,
7041,10,21,8,33.34,51.8,4.552,507.6,279.0,5.04,,,,,
7042,10,21,9,32.08,55.2,4.552,753.3,434.0,3.13,,,,,
7043,10,21,10,29.22,58.3,4.552,932.4,549.0,7.63,,,,,
7044,10,21,11,28.32,60.8,4.552,1027.6,609.0,6.86,,,,,
7045,10,21,12,29.35,62.6,4.552,1044.6,614.0,9.46,,,,,
7046,10,21,13,31.01,63.7,4.552,972.0,557.0,9.00,,,,,
7047,10,21,14,32.47,63.7,4.552,828.6,448.0,11.24,,,,,
7048,10,21,15,56.61,62.8,4.552,630.0,295.0,11.80,,,,,
7049,10,21,16,82.56,58.5,4.552,552.5,124.0,12.41,,,,,
7050,10,21,17,72.82,53.4,4.552,0.0,0.0,13.70,,,,,
7051,10,21,18,82.96,54.5,4.552,0.0,0.0,13.18,,,,,
7052,10,21,19,82.30,54.1,4.552,0.0,0.0,14.56,,,,,
7053,10,21,20,52.15,54.1,4.552,0.0,0.0,12.97,,,,,
7054,10,21,21,42.97,54.1,4.552,0.0,0.0,16.08,,,,,
7055,10,21,22,37.42,54.0,4.552,0.0,0.0,16.57,,,,,
7056,10,21,23,36.11,53.1,4.552,0.0,0.0,14.30,,,,,
7057,10,22,0,34.53,52.2,4.552,0.0,0.0,16.89,,,,,
7058,10,22,1,35.06,51.6,4.552,0.0,0.0,16.94,,,,,
7059,10,22,2,35.13,51.4,4.552,0.0,0.0,17.53,,,,,
7060,10,22,3,33.85,50.2,4.552,0.0,0.0,16.86,,,,,
7061,10,22,4,35.63,50.4,4.552,0.0,0.0,16.68,,,,,
7062,10,22,5,56.31,50.2,4.552,0.0,0.0,15.58,,,,,
7063,10,22,6,66.51,49.8,4.552,0.0,0.0,15.66,,,,,
7064,10,22,7,72.25,51.4,4.552,22.3,25.0,16.22,,,,,
7065,10,22,8,67.50,53.1,4.552,8.0,9.0,18.68,,,,,
7066,10,22,9,64.30,54.9,4.552,83.1,93.0,18.28,,,,,
7067,10,22,10,36.09,57.4,4.552,503.5,406.0,17.18,,,,,
7068,10,22,11,32.44,59.4,4.552,22.3,25.0,17.51,,,,,
7069,10,22,12,31.71,59.9,4.552,191.2,212.0,16.93,,,,,
7070,10,22,13,31.55,59.7,4.552,672.7,461.0,18.53,,,,,
7071,10,22,14,33.78,58.6,4.552,821.0,441.0,19.09,,,,,
7072,10,22,15,56.43,57.2,4.552,65.2,73.0,16.82,,,,,
7073,10,22,16,60.68,54.1,4.552,3.6,4.0,14.66,,,,,
7074,10,22,17,56.59,48.9,4.552,0.0,0.0,16.31,,,,,
7075,10,22,18,66.59,48.2,4.552,0.0,0.0,15.84,,,,,
7076,10,22,19,67.41,48.2,4.552,0.0,0.0,15.31,,,,,
7077,10,22,20,50.32,47.3,4.552,0.0,0.0,14.62,,,,,
7078,10,22,21,39.64,46.0,4.552,0.0,0.0,13.03,,,,,
7079,10,22,22,34.17,45.7,4.552,0.0,0.0,11.33,,,,,
7080,10,22,23,33.33,46.4,4.552,0.0,0.0,11.50,,,,,
7081,10,23,0,32.91,47.1,4.552,0.0,0.0,10.96,,,,,
7082,10,23,1,32.19,47.1,4.552,0.0,0.0,10.35,,,,,
7083,10,23,2,30.12,46.2,4.552,0.0,0.0,10.46,,,,,
7084,10,23,3,29.97,45.0,4.552,0.0,0.0,10.05,,,,,
7085,10,23,4,34.49,44.1,4.552,0.0,0.0,10.58,,,,,
7086,10,23,5,36.35,43.0,4.552,0.0,0.0,10.10,,,,,
7087,10,23,6,58.89,42.1,4.552,0.0,0.0,9.75,,,,,
7088,10,23,7,34.28,45.1,4.552,17.0,19.0,10.06,,,,,
7089,10,23,8,29.63,49.6,4.552,480.1,263.0,11.25,,,,,
7090,10,23,9,28.73,53.6,4.552,730.4,418.0,10.44,,,,,
7091,10,23,10,32.18,56.1,4.552,442.6,345.0,10.38,,,,,
7092,10,23,11,30.98,57.6,4.552,230.4,250.0,9.48,,,,,
7093,10,23,12,32.80,58.3,4.552,172.4,191.0,8.36,,,,,
7094,10,23,13,32.41,58.3,4.552,174.2,193.0,7.95,,,,,
7095,10,23,14,34.04,57.7,4.552,90.3,101.0,8.24,,,,,
7096,10,23,15,47.07,56.3,4.552,28.6,32.0,8.73,,,,,
7097,10,23,16,57.78,53.6,4.552,3.6,4.0,8.45,,,,,
7098,10,23,17,60.08,48.2,4.552,0.0,0.0,7.07,,,,,
7099,10,23,18,46.27,47.8,4.552,0.0,0.0,6.36,,,,,
7100,10,23,19,45.39,48.2,4.552,0.0,0.0,4.55,,,,,
7101,10,23,20,41.46,47.8,4.552,0.0,0.0,3.72,,,,,
7102,10,23,21,38.28,47.5,4.552,0.0,0.0,2.18,,,,,
7103,10,23,22,45.32,46.9,4.552,0.0,0.0,1.83,,,,,
7104,10,23,23,38.76,46.6,4.552,0.0,0.0,0.10,,,,,
7105,10,24,0,40.35,46.0,4.552,0.0,0.0,0.20,,,,,
7106,10,24,1,38.03,45.1,4.552,0.0,0.0,4.17,,,,,
7107,10,24,2,36.69,43.7,4.552,0.0,0.0,3.96,,,,,
7108,10,24,3,38.42,42.8,4.552,0.0,0.0,2.41,,,,,
7109,10,24,4,39.31,42.1,4.552,0.0,0.0,2.58,,,,,
7110,10,24,5,61.78,41.5,4.552,0.0,0.0,2.83,,,,,
7111,10,24,6,67.04,41.4,4.552,0.0,0.0,5.11,,,,,
7112,10,24,7,72.86,45.7,4.552,184.7,92.0,4.93,,,,,
7113,10,24,8,38.07,49.8,4.552,102.5,111.0,3.51,,,,,
7114,10,24,9,35.35,53.6,4.552,186.0,197.0,2.76,,,,,
7115,10,24,10,35.55,55.8,4.552,251.6,258.0,2.72,,,,,
7116,10,24,11,36.00,56.5,4.552,97.4,109.0,5.32,,,,,
7117,10,24,12,35.96,56.5,4.552,373.3,355.0,5.79,,,,,
7118,10,24,13,37.76,55.8,4.552,316.5,309.0,5.41,,,,,
7119,10,24,14,42.71,54.5,4.552,342.4,296.0,5.37,,,,,
7120,10,24,15,55.94,53.2,4.552,626.4,279.0,5.49,,,,,
7121,10,24,16,58.52,51.1,4.552,73.7,71.0,5.76,,,,,
7122,10,24,17,60.72,47.3,4.552,0.0,0.0,5.04,,,,,
7123,10,24,18,59.62,46.6,4.552,0.0,0.0,6.27,,,,,
7124,10,24,19,56.75,45.5,4.552,0.0,0.0,6.83,,,,,
7125,10,24,20,46.34,44.4,4.552,0.0,0.0,8.92,,,,,
7126,10,24,21,44.67,43.3,4.552,0.0,0.0,10.58,,,,,
7127,10,24,22,42.57,43.3,4.552,0.0,0.0,10.11,,,,,
7128,10,24,23,49.38,43.0,4.552,0.0,0.0,8.63,,,,,
7129,10,25,0,49.98,42.4,4.552,0.0,0.0,6.69,,,,,
7130,10,25,1,46.98,42.4,4.552,0.0,0.0,4.79,,,,,
7131,10,25,2,43.32,42.4,4.552,0.0,0.0,7.87,,,,,
7132,10,25,3,43.12,42.4,4.552,0.0,0.0,8.69,,,,,
7133,10,25,4,42.84,42.1,4.552,0.0,0.0,11.72,,,,,
7134,10,25,5,65.57,41.7,4.552,0.0,0.0,10.52,,,,,
7135,10,25,6,79.74,41.4,4.552,0.0,0.0,11.48,,,,,
7136,10,25,7,70.41,42.4,4.552,191.0,92.0,10.48,,,,,
7137,10,25,8,49.74,45.7,4.552,207.6,185.0,11.65,,,,,
7138,10,25,9,40.35,49.8,4.552,745.8,416.0,9.51,,,,,
7139,10,25,10,39.33,52.7,4.552,922.4,528.0,8.14,,,,,
7140,10,25,11,38.80,54.3,4.552,211.4,233.0,7.61,,,,,
7141,10,25,12,41.73,55.4,4.552,343.5,333.0,8.50,,,,,
7142,10,25,13,41.66,55.4,4.552,128.7,144.0,7.77,,,,,
7143,10,25,14,49.70,54.7,4.552,501.9,340.0,6.60,,,,,
7144,10,25,15,73.10,53.4,4.552,106.2,116.0,5.77,,,,,
7145,10,25,16,75.05,50.4,4.552,115.1,77.0,5.65,,,,,
7146,10,25,17,66.49,46.2,4.552,0.0,0.0,6.30,,,,,
7147,10,25,18,63.86,44.6,4.552,0.0,0.0,8.02,,,,,
7148,10,25,19,58.61,44.4,4.552,0.0,0.0,9.46,,,,,
7149,10,25,20,66.89,44.1,4.552,0.0,0.0,10.68,,,,,
7150,10,25,21,47.31,43.5,4.552,0.0,0.0,11.25,,,,,
7151,10,25,22,56.86,42.8,4.552,0.0,0.0,11.05,,,,,
7152,10,25,23,50.03,41.7,4.552,0.0,0.0,12.44,,,,,
7153,10,26,0,46.71,39.6,4.552,0.0,0.0,9.97,,,,,
7154,10,26,1,45.83,38.1,4.552,0.0,0.0,10.39,,,,,
7155,10,26,2,45.86,37.4,4.552,0.0,0.0,11.03,,,,,
7156,10,26,3,49.08,36.9,4.552,0.0,0.0,10.04,,,,,
7157,10,26,4,44.65,36.0,4.552,0.0,0.0,10.19,,,,,
7158,10,26,5,55.68,35.2,4.552,0.0,0.0,9.87,,,,,
7159,10,26,6,68.48,34.9,4.552,0.0,0.0,9.46,,,,,
7160,10,26,7,66.40,39.4,4.552,186.6,89.0,10.25,,,,,
7161,10,26,8,45.43,45.0,4.552,128.5,138.0,9.12,,,,,
7162,10,26,9,44.86,49.1,4.552,746.1,413.0,10.54,,,,,
7163,10,26,10,39.35,50.9,4.552,927.2,527.0,7.68,,,,,
7164,10,26,11,41.54,52.3,4.552,1028.9,589.0,8.58,,,,,
7165,10,26,12,41.63,53.2,4.552,1046.6,593.0,8.32,,,,,
7166,10,26,13,44.65,53.6,4.552,980.8,538.0,8.65,,,,,
7167,10,26,14,54.75,53.4,4.552,836.6,427.0,6.82,,,,,
7168,10,26,15,79.61,52.2,4.552,657.1,278.0,6.49,,,,,
7169,10,26,16,86.03,48.2,4.552,656.9,109.0,5.06,,,,,
7170,10,26,17,99.06,41.5,4.552,0.0,0.0,3.36,,,,,
7171,10,26,18,92.08,40.5,4.552,0.0,0.0,2.73,,,,,
7172,10,26,19,78.53,39.4,4.552,0.0,0.0,3.28,,,,,
7173,10,26,20,56.72,38.1,4.552,0.0,0.0,3.34,,,,,
7174,10,26,21,54.97,37.0,4.552,0.0,0.0,1.64,,,,,
7175,10,26,22,49.54,36.3,4.552,0.0,0.0,3.64,,,,,
7176,10,26,23,45.84,35.2,4.552,0.0,0.0,4.25,,,,,
7177,10,27,0,44.92,34.3,4.552,0.0,0.0,5.29,,,,,
7178,10,27,1,41.69,33.6,4.552,0.0,0.0,5.27,,,,,
7179,10,27,2,42.06,33.1,4.552,0.0,0.0,5.98,,,,,
7180,10,27,3,41.61,33.1,4.552,0.0,0.0,8.19,,,,,
7181,10,27,4,83.36,33.4,4.552,0.0,0.0,10.45,,,,,
7182,10,27,5,130.43,33.1,4.552,0.0,0.0,11.97,,,,,
7183,10,27,6,168.83,33.1,4.552,0.0,0.0,9.98,,,,,
7184,10,27,7,128.85,36.7,4.552,183.6,85.0,11.94,,,,,
7185,10,27,8,85.16,41.7,4.552,155.5,157.0,8.02,,,,,
7186,10,27,9,56.09,46.9,4.552,736.0,404.0,4.33,,,,,
7187,10,27,10,42.84,50.2,4.552,916.2,517.0,6.21,,,,,
7188,10,27,11,42.71,52.0,4.552,1016.4,578.0,8.60,,,,,
7189,10,27,12,50.38,53.1,4.552,1033.9,582.0,8.47,,,,,
7190,10,27,13,80.23,53.4,4.552,969.4,528.0,7.65,,,,,
7191,10,27,14,80.01,52.9,4.552,831.2,420.0,7.32,,,,,
7192,10,27,15,111.03,51.6,4.552,84.0,94.0,7.13,,,,,
7193,10,27,16,185.50,48.2,4.552,0.0,104.0,5.44,,,,,
7194,10,27,17,104.27,41.4,4.552,0.0,0.0,6.56,,,,,
7195,10,27,18,75.31,40.5,4.552,0.0,0.0,6.86,,,,,
7196,10,27,19,73.93,40.6,4.552,0.0,0.0,8.23,,,,,
7197,10,27,20,54.68,39.0,4.552,0.0,0.0,8.98,,,,,
7198,10,27,21,44.47,37.9,4.552,0.0,0.0,11.01,,,,,
7199,10,27,22,41.74,37.8,4.552,0.0,0.0,10.36,,,,,
7200,10,27,23,43.09,37.8,4.552,0.0,0.0,9.95,,,,,
7201,10,28,0,43.59,37.8,4.552,0.0,0.0,11.50,,,,,
7202,10,28,1,42.49,38.1,4.552,0.0,0.0,12.69,,,,,
7203,10,28,2,41.26,38.5,4.552,0.0,0.0,12.48,,,,,
7204,10,28,3,42.13,38.5,4.552,0.0,0.0,12.52,,,,,
7205,10,28,4,63.04,37.2,4.552,0.0,0.0,11.17,,,,,
7206,10,28,5,83.01,37.8,4.552,0.0,0.0,9.18,,,,,
7207,10,28,6,135.85,37.6,4.552,0.0,0.0,9.92,,,,,
7208,10,28,7,85.09,38.8,4.552,180.3,82.0,10.85,,,,,
7209,10,28,8,72.69,42.8,4.552,487.6,248.0,8.91,,,,,
7210,10,28,9,40.76,47.7,4.552,737.1,400.0,9.86,,,,,
7211,10,28,10,37.23,51.3,4.552,917.6,513.0,9.15,,,,,
7212,10,28,11,35.32,54.0,4.552,642.1,458.0,10.91,,,,,
7213,10,28,12,35.34,55.8,4.552,1035.9,578.0,10.21,,,,,
7214,10,28,13,36.93,56.7,4.552,973.1,525.0,11.64,,,,,
7215,10,28,14,35.90,56.7,4.552,835.8,417.0,11.50,,,,,
7216,10,28,15,57.08,55.2,4.552,489.5,238.0,12.13,,,,,
7217,10,28,16,80.90,50.4,4.552,0.0,100.0,11.61,,,,,
7218,10,28,17,77.66,44.1,4.552,0.0,0.0,12.12,,,,,
7219,10,28,18,57.71,42.4,4.552,0.0,0.0,11.73,,,,,
7220,10,28,19,60.31,41.0,4.552,0.0,0.0,13.16,,,,,
7221,10,28,20,52.82,40.1,4.552,0.0,0.0,13.76,,,,,
7222,10,28,21,41.18,39.2,4.552,0.0,0.0,11.62,,,,,
7223,10,28,22,42.13,38.8,4.552,0.0,0.0,10.34,,,,,
7224,10,28,23,45.07,39.6,4.552,0.0,0.0,8.76,,,,,
7225,10,29,0,39.66,39.4,4.552,0.0,0.0,5.50,,,,,
7226,10,29,1,39.46,39.0,4.552,0.0,0.0,4.60,,,,,
7227,10,29,2,41.60,39.2,4.552,0.0,0.0,5.23,,,,,
7228,10,29,3,49.70,37.6,4.552,0.0,0.0,4.87,,,,,
7229,10,29,4,66.41,36.9,4.552,0.0,0.0,4.61,,,,,
7230,10,29,5,60.49,37.2,4.552,0.0,0.0,4.25,,,,,
7231,10,29,6,56.02,37.2,4.552,0.0,0.0,3.12,,,,,
7232,10,29,7,49.84,39.6,4.552,66.6,59.0,4.57,,,,,
7233,10,29,8,63.08,44.4,4.552,84.0,94.0,3.81,,,,,
7234,10,29,9,51.81,48.9,4.552,122.4,135.0,4.38,,,,,
7235,10,29,10,40.38,51.4,4.552,148.4,166.0,0.24,,,,,
7236,10,29,11,41.12,52.7,4.552,169.8,190.0,4.66,,,,,
7237,10,29,12,44.11,53.2,4.552,144.8,162.0,4.44,,,,,
7238,10,29,13,44.12,52.9,4.552,186.7,205.0,3.75,,,,,
7239,10,29,14,49.62,52.2,4.552,116.3,128.0,4.25,,,,,
7240,10,29,15,70.26,51.1,4.552,139.0,135.0,3.64,,,,,
7241,10,29,16,75.85,48.7,4.552,0.0,45.0,3.10,,,,,
7242,10,29,17,75.96,45.7,4.552,0.0,0.0,2.27,,,,,
7243,10,29,18,51.04,44.4,4.552,0.0,0.0,1.90,,,,,
7244,10,29,19,66.57,43.9,4.552,0.0,0.0,3.67,,,,,
7245,10,29,20,54.56,43.3,4.552,0.0,0.0,3.20,,,,,
7246,10,29,21,44.56,43.0,4.552,0.0,0.0,2.41,,,,,
7247,10,29,22,43.82,42.6,4.552,0.0,0.0,3.97,,,,,
7248,10,29,23,46.49,42.6,4.552,0.0,0.0,3.20,,,,,
7249,10,30,0,44.14,42.4,4.552,0.0,0.0,4.62,,,,,
7250,10,30,1,41.82,42.8,4.552,0.0,0.0,5.19,,,,,
7251,10,30,2,40.09,43.2,4.552,0.0,0.0,5.11,,,,,
7252,10,30,3,41.30,43.3,4.552,0.0,0.0,5.67,,,,,
7253,10,30,4,40.37,43.5,4.552,0.0,0.0,6.25,,,,,
7254,10,30,5,52.79,43.5,4.552,0.0,0.0,7.02,,,,,
7255,10,30,6,56.56,43.7,4.552,0.0,0.0,6.07,,,,,
7256,10,30,7,61.39,44.2,4.552,136.4,67.0,4.90,,,,,
7257,10,30,8,64.55,45.5,4.552,18.8,21.0,4.55,,,,,
7258,10,30,9,65.44,46.9,4.552,8.9,10.0,3.42,,,,,
7259,10,30,10,56.84,48.4,4.552,72.9,80.0,3.60,,,,,
7260,10,30,11,56.61,49.5,4.552,68.8,77.0,2.86,,,,,
7261,10,30,12,58.19,50.5,4.552,55.4,62.0,4.99,,,,,
7262,10,30,13,57.10,51.3,4.552,25.9,29.0,7.76,,,,,
7263,10,30,14,60.80,51.6,4.552,47.4,53.0,9.11,,,,,
7264,10,30,15,56.42,51.8,4.552,49.7,53.0,7.78,,,,,
7265,10,30,16,66.43,51.8,4.552,0.0,82.0,9.04,,,,,
7266,10,30,17,64.68,51.8,4.552,0.0,0.0,8.59,,,,,
7267,10,30,18,54.70,51.8,4.552,0.0,0.0,10.22,,,,,
7268,10,30,19,44.60,52.2,4.552,0.0,0.0,10.40,,,,,
7269,10,30,20,43.48,52.9,4.552,0.0,0.0,10.92,,,,,
7270,10,30,21,40.13,53.4,4.552,0.0,0.0,11.42,,,,,
7271,10,30,22,42.36,53.8,4.552,0.0,0.0,10.68,,,,,
7272,10,30,23,42.12,54.1,4.552,0.0,0.0,10.10,,,,,
7273,10,31,0,35.91,54.3,4.552,0.0,0.0,8.97,,,,,
7274,10,31,1,36.59,54.5,4.552,0.0,0.0,8.84,,,,,
7275,10,31,2,35.60,53.6,4.552,0.0,0.0,7.43,,,,,
7276,10,31,3,36.83,52.5,4.552,0.0,0.0,7.28,,,,,
7277,10,31,4,42.30,52.9,4.552,0.0,0.0,7.43,,,,,
7278,10,31,5,33.89,53.2,4.552,0.0,0.0,7.83,,,,,
7279,10,31,6,42.66,52.0,4.552,0.0,0.0,5.10,,,,,
7280,10,31,7,41.19,51.1,4.552,3.6,4.0,4.03,,,,,
7281,10,31,8,35.32,50.2,4.552,147.7,149.0,5.88,,,,,
7282,10,31,9,36.28,49.8,4.552,701.5,377.0,6.72,,,,,
7283,10,31,10,37.44,50.2,4.552,487.5,372.0,6.01,,,,,
7284,10,31,11,38.98,50.2,4.552,165.3,185.0,5.75,,,,,
7285,10,31,12,40.60,49.5,4.552,356.3,336.0,5.01,,,,,
7286,10,31,13,36.01,49.5,4.552,243.0,247.0,5.07,,,,,
7287,10,31,14,36.11,49.1,4.552,138.9,153.0,4.87,,,,,
7288,10,31,15,32.66,48.0,4.552,119.4,127.0,3.76,,,,,
7289,10,31,16,41.24,46.6,4.552,0.0,43.0,3.77,,,,,
7290,10,31,17,42.30,45.9,4.552,0.0,0.0,3.51,,,,,
7291,10,31,18,41.49,45.5,4.552,0.0,0.0,3.00,,,,,
7292,10,31,19,41.00,45.0,4.552,0.0,0.0,2.24,,,,,
7293,10,31,20,31.56,44.2,4.552,0.0,0.0,0.83,,,,,
7294,10,31,21,32.53,43.5,4.552,0.0,0.0,1.64,,,,,
7295,10,31,22,33.59,43.0,4.552,0.0,0.0,4.55,,,,,
7296,10,31,23,31.40,42.6,4.552,0.0,0.0,5.82,,,,,
7297,11,1,0,31.24,42.4,4.918,0.0,0.0,5.70,,,,,
7298,11,1,1,31.06,42.3,4.918,0.0,0.0,6.34,,,,,
7299,11,1,2,30.44,42.3,4.918,0.0,0.0,6.65,,,,,
7300,11,1,3,31.13,42.3,4.918,0.0,0.0,5.06,,,,,
7301,11,1,4,31.55,41.9,4.918,0.0,0.0,5.29,,,,,
7302,11,1,5,31.91,41.4,4.918,0.0,0.0,5.96,,,,,
7303,11,1,6,34.75,41.0,4.918,0.0,0.0,4.76,,,,,
7304,11,1,7,38.25,41.5,4.918,152.5,68.0,2.90,,,,,
7305,11,1,8,34.98,43.9,4.918,176.4,161.0,3.60,,,,,
7306,11,1,9,39.17,46.2,4.918,726.3,384.0,0.96,,,,,
7307,11,1,10,35.31,48.4,4.918,912.5,497.0,1.40,,,,,
7308,11,1,11,34.51,50.0,4.918,1011.7,556.0,0.32,,,,,
7309,11,1,12,33.86,50.9,4.918,1030.0,559.0,3.47,,,,,
7310,11,1,13,28.04,51.3,4.918,965.4,504.0,6.41,,,,,
7311,11,1,14,29.18,50.5,4.918,831.4,397.0,7.12,,,,,
7312,11,1,15,33.59,48.9,4.918,667.4,251.0,4.23,,,,,
7313,11,1,16,35.55,46.6,4.918,0.0,86.0,6.59,,,,,
7314,11,1,17,36.62,44.2,4.918,0.0,0.0,9.34,,,,,
7315,11,1,18,35.30,42.8,4.918,0.0,0.0,8.58,,,,,
7316,11,1,19,34.45,41.5,4.918,0.0,0.0,9.42,,,,,
7317,11,1,20,34.35,39.9,4.918,0.0,0.0,8.98,,,,,
7318,11,1,21,35.51,38.3,4.918,0.0,0.0,8.13,,,,,
7319,11,1,22,33.15,36.9,4.918,0.0,0.0,7.42,,,,,
7320,11,1,23,32.59,35.6,4.918,0.0,0.0,7.83,,,,,
7321,11,2,0,34.17,34.2,4.918,0.0,0.0,7.26,,,,,
7322,11,2,1,32.20,33.1,4.918,0.0,0.0,8.23,,,,,
7323,11,2,2,31.81,32.9,4.918,0.0,0.0,8.07,,,,,
7324,11,2,3,33.26,32.7,4.918,0.0,0.0,9.61,,,,,
7325,11,2,4,33.29,32.0,4.918,0.0,0.0,8.83,,,,,
7326,11,2,5,39.32,32.4,4.918,0.0,0.0,5.90,,,,,
7327,11,2,6,39.97,31.8,4.918,0.0,0.0,5.36,,,,,
7328,11,2,7,45.08,33.8,4.918,151.3,66.0,5.63,,,,,
7329,11,2,8,38.87,38.1,4.918,468.1,229.0,5.39,,,,,
7330,11,2,9,33.23,43.2,4.918,661.4,375.0,4.27,,,,,
7331,11,2,10,32.68,46.6,4.918,906.2,491.0,5.79,,,,,
7332,11,2,11,32.74,48.9,4.918,1010.1,552.0,6.17,,,,,
7333,11,2,12,33.48,50.4,4.918,1029.1,555.0,6.83,,,,,
7334,11,2,13,34.45,51.1,4.918,966.9,501.0,7.55,,,,,
7335,11,2,14,36.83,50.9,4.918,833.5,394.0,6.59,,,,,
7336,11,2,15,40.65,49.6,4.918,665.4,246.0,6.60,,,,,
7337,11,2,16,45.87,45.1,4.918,0.0,82.0,5.53,,,,,
7338,11,2,17,78.42,39.4,4.918,0.0,0.0,4.25,,,,,
7339,11,2,18,76.63,38.5,4.918,0.0,0.0,4.35,,,,,
7340,11,2,19,67.97,38.1,4.918,0.0,0.0,5.41,,,,,
7341,11,2,20,63.35,38.3,4.918,0.0,0.0,5.22,,,,,
7342,11,2,21,49.86,38.7,4.918,0.0,0.0,6.48,,,,,
7343,11,2,22,47.84,38.1,4.918,0.0,0.0,6.71,,,,,
7344,11,2,23,43.83,37.0,4.918,0.0,0.0,5.72,,,,,
7345,11,3,0,41.52,36.7,4.918,0.0,0.0,6.31,,,,,
7346,11,3,1,41.56,37.4,4.918,0.0,0.0,6.35,,,,,
7347,11,3,2,40.43,37.4,4.918,0.0,0.0,7.68,,,,,
7348,11,3,3,39.69,36.5,4.918,0.0,0.0,5.69,,,,,
7349,11,3,4,41.40,37.4,4.918,0.0,0.0,5.81,,,,,
7350,11,3,5,59.20,38.7,4.918,0.0,0.0,7.29,,,,,
7351,11,3,6,90.86,39.4,4.918,0.0,0.0,7.88,,,,,
7352,11,3,7,95.15,41.0,4.918,112.4,55.0,7.74,,,,,
7353,11,3,8,59.93,44.1,4.918,95.9,101.0,9.45,,,,,
7354,11,3,9,44.05,48.0,4.918,598.5,349.0,8.76,,,,,
7355,11,3,10,39.49,52.2,4.918,756.1,436.0,8.72,,,,,
7356,11,3,11,40.15,55.0,4.918,960.6,527.0,9.42,,,,,
7357,11,3,12,45.94,55.9,4.918,202.5,221.0,9.43,,,,,
7358,11,3,13,53.86,55.6,4.918,140.3,157.0,9.87,,,,,
7359,11,3,14,64.23,54.5,4.918,177.4,187.0,10.11,,,,,
7360,11,3,15,56.86,53.1,4.918,155.9,149.0,9.90,,,,,
7361,11,3,16,82.84,51.3,4.918,0.0,19.0,9.89,,,,,
7362,11,3,17,89.42,49.8,4.918,0.0,0.0,10.47,,,,,
7363,11,3,18,55.07,49.3,4.918,0.0,0.0,10.22,,,,,
7364,11,3,19,55.51,48.7,4.918,0.0,0.0,10.77,,,,,
7365,11,3,20,50.33,48.2,4.918,0.0,0.0,11.57,,,,,
7366,11,3,21,42.34,46.8,4.918,0.0,0.0,12.41,,,,,
7367,11,3,22,48.76,45.1,4.918,0.0,0.0,11.70,,,,,
7368,11,3,23,53.13,44.1,4.918,0.0,0.0,10.85,,,,,
7369,11,4,0,36.20,43.7,4.918,0.0,0.0,8.90,,,,,
7370,11,4,1,35.97,43.5,4.918,0.0,0.0,8.49,,,,,
7371,11,4,2,35.14,43.3,4.918,0.0,0.0,8.98,,,,,
7372,11,4,3,35.04,42.8,4.918,0.0,0.0,7.18,,,,,
7373,11,4,4,35.50,42.4,4.918,0.0,0.0,6.69,,,,,
7374,11,4,5,41.15,42.1,4.918,0.0,0.0,5.78,,,,,
7375,11,4,6,55.60,41.7,4.918,0.0,0.0,5.47,,,,,
7376,11,4,7,55.57,42.3,4.918,134.6,59.0,6.41,,,,,
7377,11,4,8,40.93,44.2,4.918,463.6,222.0,6.70,,,,,
7378,11,4,9,33.13,46.6,4.918,726.2,374.0,7.32,,,,,
7379,11,4,10,31.78,48.7,4.918,920.1,490.0,6.85,,,,,
7380,11,4,11,32.13,50.2,4.918,1024.9,551.0,7.02,,,,,
7381,11,4,12,31.68,51.3,4.918,445.5,376.0,6.54,,,,,
7382,11,4,13,32.05,51.6,4.918,594.1,393.0,5.28,,,,,
7383,11,4,14,36.56,51.4,4.918,831.1,385.0,4.75,,,,,
7384,11,4,15,33.59,50.7,4.918,665.6,237.0,4.86,,,,,
7385,11,4,16,40.67,48.6,4.918,0.0,75.0,4.38,,,,,
7386,11,4,17,73.79,46.8,4.918,0.0,0.0,5.41,,,,,
7387,11,4,18,54.18,45.9,4.918,0.0,0.0,4.84,,,,,
7388,11,4,19,48.03,45.0,4.918,0.0,0.0,4.76,,,,,
7389,11,4,20,41.22,43.9,4.918,0.0,0.0,4.86,,,,,
7390,11,4,21,36.98,42.8,4.918,0.0,0.0,4.41,,,,,
7391,11,4,22,35.53,41.4,4.918,0.0,0.0,3.71,,,,,
7392,11,4,23,36.65,40.6,4.918,0.0,0.0,4.40,,,,,
7393,11,5,0,34.44,39.6,4.918,0.0,0.0,6.14,,,,,
7394,11,5,1,36.08,37.9,4.918,0.0,0.0,5.63,,,,,
7395,11,5,2,34.37,36.7,4.918,0.0,0.0,5.04,,,,,
7396,11,5,3,32.78,36.1,4.918,0.0,0.0,4.90,,,,,
7397,11,5,4,35.48,36.7,4.918,0.0,0.0,4.98,,,,,
7398,11,5,5,36.16,37.0,4.918,0.0,0.0,5.82,,,,,
7399,11,5,6,54.42,38.3,4.918,0.0,0.0,6.24,,,,,
7400,11,5,7,62.71,39.6,4.918,93.8,49.0,6.16,,,,,
7401,11,5,8,46.93,41.7,4.918,56.3,63.0,6.53,,,,,
7402,11,5,9,41.89,44.1,4.918,218.5,208.0,6.48,,,,,
7403,11,5,10,44.85,47.1,4.918,205.3,208.0,7.82,,,,,
7404,11,5,11,41.49,50.7,4.918,326.1,292.0,9.20,,,,,
7405,11,5,12,41.45,53.1,4.918,653.0,414.0,9.35,,,,,
7406,11,5,13,45.47,53.8,4.918,304.0,270.0,8.63,,,,,
7407,11,5,14,51.75,53.1,4.918,228.4,208.0,8.84,,,,,
7408,11,5,15,65.06,51.4,4.918,34.9,39.0,9.42,,,,,
7409,11,5,16,78.06,50.0,4.918,0.0,61.0,7.22,,,,,
7410,11,5,17,84.00,48.4,4.918,0.0,0.0,8.30,,,,,
7411,11,5,18,81.52,47.3,4.918,0.0,0.0,11.17,,,,,
7412,11,5,19,66.55,47.3,4.918,0.0,0.0,6.16,,,,,
7413,11,5,20,63.02,47.7,4.918,0.0,0.0,5.91,,,,,
7414,11,5,21,45.12,48.6,4.918,0.0,0.0,7.80,,,,,
7415,11,5,22,40.42,49.5,4.918,0.0,0.0,6.08,,,,,
7416,11,5,23,34.92,48.6,4.918,0.0,0.0,4.85,,,,,
7417,11,6,0,43.15,45.5,4.918,0.0,0.0,3.62,,,,,
7418,11,6,1,37.67,42.1,4.918,0.0,0.0,3.43,,,,,
7419,11,6,2,34.22,40.1,4.918,0.0,0.0,2.59,,,,,
7420,11,6,3,33.53,39.6,4.918,0.0,0.0,3.17,,,,,
7421,11,6,4,30.04,39.2,4.918,0.0,0.0,4.02,,,,,
7422,11,6,5,33.35,39.2,4.918,0.0,0.0,3.06,,,,,
7423,11,6,6,57.97,39.2,4.918,0.0,0.0,1.89,,,,,
7424,11,6,7,61.19,39.9,4.918,120.6,52.0,0.86,,,,,
7425,11,6,8,43.78,41.9,4.918,447.3,210.0,1.10,,,,,
7426,11,6,9,31.93,43.5,4.918,712.3,361.0,1.46,,,,,
7427,11,6,10,35.33,44.8,4.918,272.1,269.0,3.16,,,,,
7428,11,6,11,34.50,45.3,4.918,203.5,222.0,3.09,,,,,
7429,11,6,12,34.42,45.9,4.918,236.3,248.0,3.84,,,,,
7430,11,6,13,35.63,46.0,4.918,155.7,172.0,4.17,,,,,
7431,11,6,14,36.66,45.7,4.918,256.4,236.0,4.91,,,,,
7432,11,6,15,45.60,44.4,4.918,6.3,7.0,4.90,,,,,
7433,11,6,16,61.43,42.1,4.918,0.0,50.0,4.99,,,,,
7434,11,6,17,87.58,39.6,4.918,0.0,0.0,5.54,,,,,
7435,11,6,18,76.71,37.2,4.918,0.0,0.0,7.15,,,,,
7436,11,6,19,71.05,35.4,4.918,0.0,0.0,8.40,,,,,
7437,11,6,20,91.44,33.4,4.918,0.0,0.0,9.48,,,,,
7438,11,6,21,82.63,31.8,4.918,0.0,0.0,10.43,,,,,
7439,11,6,22,44.50,30.2,4.918,0.0,0.0,10.19,,,,,
7440,11,6,23,40.41,29.1,4.918,0.0,0.0,11.35,,,,,
7441,11,7,0,45.02,28.6,4.918,0.0,0.0,9.89,,,,,
7442,11,7,1,42.05,28.2,4.918,0.0,0.0,7.13,,,,,
7443,11,7,2,41.67,27.9,4.918,0.0,0.0,7.70,,,,,
7444,11,7,3,40.79,28.0,4.918,0.0,0.0,11.45,,,,,
7445,11,7,4,42.97,29.1,4.918,0.0,0.0,13.24,,,,,
7446,11,7,5,49.96,30.7,4.918,0.0,0.0,14.65,,,,,
7447,11,7,6,71.19,31.3,4.918,0.0,0.0,11.29,,,,,
7448,11,7,7,80.10,32.5,4.918,41.9,40.0,10.30,,,,,
7449,11,7,8,56.53,36.5,4.918,146.6,135.0,7.81,,,,,
7450,11,7,9,51.59,41.4,4.918,318.1,250.0,15.00,,,,,
7451,11,7,10,44.71,43.2,4.918,357.8,297.0,14.05,,,,,
7452,11,7,11,41.04,44.4,4.918,496.9,371.0,15.21,,,,,
7453,11,7,12,42.46,46.0,4.918,670.1,421.0,16.25,,,,,
7454,11,7,13,43.93,47.7,4.918,707.9,403.0,12.42,,,,,
7455,11,7,14,49.53,48.7,4.918,328.8,250.0,15.06,,,,,
7456,11,7,15,78.73,48.7,4.918,510.5,208.0,17.64,,,,,
7457,11,7,16,72.03,48.7,4.918,0.0,47.0,20.09,,,,,
7458,11,7,17,90.16,48.6,4.918,0.0,0.0,18.86,,,,,
7459,11,7,18,64.82,48.6,4.918,0.0,0.0,13.76,,,,,
7460,11,7,19,61.19,48.4,4.918,0.0,0.0,13.53,,,,,
7461,11,7,20,55.83,48.2,4.918,0.0,0.0,12.95,,,,,
7462,11,7,21,53.02,48.6,4.918,0.0,0.0,13.43,,,,,
7463,11,7,22,42.92,48.9,4.918,0.0,0.0,14.22,,,,,
7464,11,7,23,44.06,48.7,4.918,0.0,0.0,12.76,,,,,
7465,11,8,0,47.43,48.6,4.918,0.0,0.0,13.31,,,,,
7466,11,8,1,37.90,48.6,4.918,0.0,0.0,13.42,,,,,
7467,11,8,2,38.03,48.6,4.918,0.0,0.0,13.97,,,,,
7468,11,8,3,38.13,48.7,4.918,0.0,0.0,14.19,,,,,
7469,11,8,4,39.76,48.7,4.918,0.0,0.0,14.26,,,,,
7470,11,8,5,41.34,48.7,4.918,0.0,0.0,15.13,,,,,
7471,11,8,6,37.78,48.4,4.918,0.0,0.0,15.46,,,,,
7472,11,8,7,42.66,48.7,4.918,95.3,43.0,14.51,,,,,
7473,11,8,8,42.06,50.4,4.918,194.3,149.0,11.79,,,,,
7474,11,8,9,52.70,52.7,4.918,406.2,273.0,9.89,,,,,
7475,11,8,10,39.23,54.3,4.918,149.4,165.0,9.92,,,,,
7476,11,8,11,38.59,55.6,4.918,124.2,139.0,9.90,,,,,
7477,11,8,12,38.77,56.1,4.918,1006.0,522.0,9.89,,,,,
7478,11,8,13,37.16,55.9,4.918,952.8,471.0,9.32,,,,,
7479,11,8,14,37.14,54.7,4.918,830.4,368.0,9.24,,,,,
7480,11,8,15,38.19,52.5,4.918,686.0,224.0,8.46,,,,,
7481,11,8,16,42.57,48.0,4.918,0.0,65.0,9.47,,,,,
7482,11,8,17,50.22,42.8,4.918,0.0,0.0,9.86,,,,,
7483,11,8,18,43.01,40.8,4.918,0.0,0.0,9.56,,,,,
7484,11,8,19,41.58,38.8,4.918,0.0,0.0,7.44,,,,,
7485,11,8,20,37.36,38.8,4.918,0.0,0.0,4.97,,,,,
7486,11,8,21,39.29,39.4,4.918,0.0,0.0,5.32,,,,,
7487,11,8,22,40.27,39.6,4.918,0.0,0.0,2.39,,,,,
7488,11,8,23,42.15,39.4,4.918,0.0,0.0,3.28,,,,,
7489,11,9,0,49.03,39.6,4.918,0.0,0.0,4.61,,,,,
7490,11,9,1,45.48,39.7,4.918,0.0,0.0,1.52,,,,,
7491,11,9,2,45.07,39.9,4.918,0.0,0.0,2.19,,,,,
7492,11,9,3,43.09,39.9,4.918,0.0,0.0,3.65,,,,,
7493,11,9,4,42.42,39.6,4.918,0.0,0.0,3.67,,,,,
7494,11,9,5,41.09,39.2,4.918,0.0,0.0,4.19,,,,,
7495,11,9,6,47.70,38.7,4.918,0.0,0.0,6.44,,,,,
7496,11,9,7,50.77,39.2,4.918,18.8,21.0,6.92,,,,,
7497,11,9,8,48.93,41.2,4.918,36.6,41.0,7.35,,,,,
7498,11,9,9,49.81,43.5,4.918,62.6,70.0,7.00,,,,,
7499,11,9,10,49.86,45.9,4.918,63.2,69.0,7.81,,,,,
7500,11,9,11,53.62,48.4,4.918,36.6,41.0,7.60,,,,,
7501,11,9,12,62.94,51.4,4.918,222.6,221.0,5.88,,,,,
7502,11,9,13,64.04,53.2,4.918,123.1,132.0,4.54,,,,,
7503,11,9,14,61.97,53.8,4.918,42.0,47.0,4.69,,,,,
7504,11,9,15,66.37,53.1,4.918,14.3,16.0,6.22,,,,,
7505,11,9,16,70.13,52.2,4.918,0.0,23.0,5.14,,,,,
7506,11,9,17,78.18,51.8,4.918,0.0,0.0,10.53,,,,,
7507,11,9,18,71.97,51.8,4.918,0.0,0.0,13.56,,,,,
7508,11,9,19,46.60,51.3,4.918,0.0,0.0,16.78,,,,,
7509,11,9,20,47.69,50.5,4.918,0.0,0.0,17.16,,,,,
7510,11,9,21,45.35,49.8,4.918,0.0,0.0,17.15,,,,,
7511,11,9,22,39.83,49.3,4.918,0.0,0.0,17.15,,,,,
7512,11,9,23,38.57,48.9,4.918,0.0,0.0,16.08,,,,,
7513,11,10,0,35.96,48.4,4.918,0.0,0.0,16.01,,,,,
7514,11,10,1,36.79,48.2,4.918,0.0,0.0,15.39,,,,,
7515,11,10,2,35.07,48.0,4.918,0.0,0.0,13.46,,,,,
7516,11,10,3,34.73,47.3,4.918,0.0,0.0,14.46,,,,,
7517,11,10,4,37.78,46.9,4.918,0.0,0.0,15.81,,,,,
7518,11,10,5,41.38,46.4,4.918,0.0,0.0,16.05,,,,,
7519,11,10,6,49.09,45.7,4.918,0.0,0.0,15.65,,,,,
7520,11,10,7,59.85,45.1,4.918,20.6,23.0,13.30,,,,,
7521,11,10,8,66.22,45.7,4.918,61.7,69.0,14.59,,,,,
7522,11,10,9,74.69,47.1,4.918,631.5,318.0,14.19,,,,,
7523,11,10,10,74.59,48.0,4.918,354.4,301.0,13.01,,,,,
7524,11,10,11,74.64,49.1,4.918,73.3,82.0,12.91,,,,,
7525,11,10,12,73.13,50.7,4.918,27.7,31.0,11.88,,,,,
7526,11,10,13,79.01,51.4,4.918,15.2,17.0,11.84,,,,,
7527,11,10,14,66.50,51.3,4.918,25.0,28.0,12.02,,,,,
7528,11,10,15,62.96,49.3,4.918,162.8,138.0,11.81,,,,,
7529,11,10,16,70.43,46.2,4.918,0.0,35.0,11.79,,,,,
7530,11,10,17,81.82,43.0,4.918,0.0,0.0,14.13,,,,,
7531,11,10,18,72.65,39.4,4.918,0.0,0.0,15.46,,,,,
7532,11,10,19,63.09,36.7,4.918,0.0,0.0,15.07,,,,,
7533,11,10,20,56.84,34.7,4.918,0.0,0.0,15.94,,,,,
7534,11,10,21,48.31,32.9,4.918,0.0,0.0,14.22,,,,,
7535,11,10,22,44.22,31.5,4.918,0.0,0.0,13.17,,,,,
7536,11,10,23,45.05,30.2,4.918,0.0,0.0,6.78,,,,,
7537,11,11,0,42.88,29.5,4.918,0.0,0.0,7.21,,,,,
7538,11,11,1,38.98,28.9,4.918,0.0,0.0,9.81,,,,,
7539,11,11,2,38.61,28.8,4.918,0.0,0.0,10.18,,,,,
7540,11,11,3,38.68,28.8,4.918,0.0,0.0,10.19,,,,,
7541,11,11,4,40.79,28.6,4.918,0.0,0.0,8.77,,,,,
7542,11,11,5,55.48,28.6,4.918,0.0,0.0,4.59,,,,,
7543,11,11,6,62.81,28.4,4.918,0.0,0.0,3.50,,,,,
7544,11,11,7,75.34,28.8,4.918,87.5,38.0,6.16,,,,,
7545,11,11,8,56.42,30.4,4.918,42.0,47.0,8.81,,,,,
7546,11,11,9,48.72,31.6,4.918,155.9,166.0,9.67,,,,,
7547,11,11,10,57.95,32.4,4.918,143.1,158.0,8.54,,,,,
7548,11,11,11,60.53,33.1,4.918,491.2,377.0,7.40,,,,,
7549,11,11,12,67.58,33.4,4.918,184.3,202.0,7.98,,,,,
7550,11,11,13,79.73,33.4,4.918,104.6,117.0,7.89,,,,,
7551,11,11,14,83.12,33.1,4.918,271.3,235.0,9.42,,,,,
7552,11,11,15,76.10,32.4,4.918,33.1,37.0,8.36,,,,,
7553,11,11,16,95.07,31.3,4.918,0.0,33.0,7.39,,,,,
7554,11,11,17,134.75,30.7,4.918,0.0,0.0,5.91,,,,,
7555,11,11,18,93.26,30.7,4.918,0.0,0.0,5.94,,,,,
7556,11,11,19,68.14,30.6,4.918,0.0,0.0,6.30,,,,,
7557,11,11,20,63.39,30.7,4.918,0.0,0.0,5.34,,,,,
7558,11,11,21,56.17,30.7,4.918,0.0,0.0,5.82,,,,,
7559,11,11,22,52.90,31.1,4.918,0.0,0.0,5.07,,,,,
7560,11,11,23,51.04,31.3,4.918,0.0,0.0,4.25,,,,,
7561,11,12,0,60.52,31.6,4.918,0.0,0.0,4.63,,,,,
7562,11,12,1,64.46,32.2,4.918,0.0,0.0,3.99,,,,,
7563,11,12,2,53.61,32.9,4.918,0.0,0.0,5.09,,,,,
7564,11,12,3,54.04,33.6,4.918,0.0,0.0,4.57,,,,,
7565,11,12,4,73.36,33.8,4.918,0.0,0.0,4.65,,,,,
7566,11,12,5,58.45,33.6,4.918,0.0,0.0,4.20,,,,,
7567,11,12,6,76.95,33.3,4.918,0.0,0.0,4.38,,,,,
7568,11,12,7,88.14,33.3,4.918,25.8,25.0,3.69,,,,,
7569,11,12,8,101.10,34.5,4.918,132.8,124.0,2.83,,,,,
7570,11,12,9,109.92,36.1,4.918,70.6,79.0,4.05,,,,,
7571,11,12,10,100.26,37.9,4.918,101.6,110.0,3.27,,,,,
7572,11,12,11,93.42,39.4,4.918,133.2,149.0,3.07,,,,,
7573,11,12,12,88.74,40.5,4.918,115.3,129.0,3.55,,,,,
7574,11,12,13,87.69,41.2,4.918,136.7,153.0,3.81,,,,,
7575,11,12,14,93.24,41.0,4.918,126.0,131.0,4.48,,,,,
7576,11,12,15,90.37,40.1,4.918,69.0,73.0,6.25,,,,,
7577,11,12,16,100.41,37.4,4.918,0.0,35.0,5.86,,,,,
7578,11,12,17,103.16,35.1,4.918,0.0,0.0,5.34,,,,,
7579,11,12,18,95.19,34.3,4.918,0.0,0.0,4.76,,,,,
7580,11,12,19,93.99,34.7,4.918,0.0,0.0,4.03,,,,,
7581,11,12,20,84.19,35.4,4.918,0.0,0.0,3.42,,,,,
7582,11,12,21,76.92,35.4,4.918,0.0,0.0,3.22,,,,,
7583,11,12,22,62.76,35.4,4.918,0.0,0.0,4.42,,,,,
7584,11,12,23,62.81,35.6,4.918,0.0,0.0,3.99,,,,,
7585,11,13,0,63.07,36.0,4.918,0.0,0.0,4.61,,,,,
7586,11,13,1,55.75,36.3,4.918,0.0,0.0,4.46,,,,,
7587,11,13,2,51.41,36.7,4.918,0.0,0.0,3.38,,,,,
7588,11,13,3,53.94,37.2,4.918,0.0,0.0,3.04,,,,,
7589,11,13,4,58.26,37.4,4.918,0.0,0.0,4.92,,,,,
7590,11,13,5,73.94,37.4,4.918,0.0,0.0,5.84,,,,,
7591,11,13,6,95.47,37.2,4.918,0.0,0.0,4.46,,,,,
7592,11,13,7,111.04,37.6,4.918,60.8,30.0,2.45,,,,,
7593,11,13,8,70.69,39.7,4.918,57.2,64.0,1.18,,,,,
7594,11,13,9,58.91,41.5,4.918,106.6,117.0,0.50,,,,,
7595,11,13,10,52.16,42.4,4.918,97.4,109.0,0.86,,,,,
7596,11,13,11,55.47,42.8,4.918,128.7,144.0,0.87,,,,,
7597,11,13,12,67.82,42.4,4.918,159.1,178.0,2.12,,,,,
7598,11,13,13,65.41,42.1,4.918,157.6,166.0,3.65,,,,,
7599,11,13,14,73.16,41.7,4.918,225.1,211.0,2.45,,,,,
7600,11,13,15,57.76,41.2,4.918,17.9,20.0,1.77,,,,,
7601,11,13,16,88.30,39.4,4.918,0.0,38.0,2.28,,,,,
7602,11,13,17,91.55,37.9,4.918,0.0,0.0,3.23,,,,,
7603,11,13,18,76.09,37.2,4.918,0.0,0.0,3.70,,,,,
7604,11,13,19,75.83,36.5,4.918,0.0,0.0,4.22,,,,,
7605,11,13,20,73.60,35.8,4.918,0.0,0.0,3.49,,,,,
7606,11,13,21,65.37,34.9,4.918,0.0,0.0,3.65,,,,,
7607,11,13,22,56.73,34.0,4.918,0.0,0.0,3.85,,,,,
7608,11,13,23,54.78,33.4,4.918,0.0,0.0,4.48,,,,,
7609,11,14,0,52.86,32.9,4.918,0.0,0.0,6.19,,,,,
7610,11,14,1,52.81,31.8,4.918,0.0,0.0,6.70,,,,,
7611,11,14,2,48.66,31.6,4.918,0.0,0.0,7.71,,,,,
7612,11,14,3,48.74,31.6,4.918,0.0,0.0,5.81,,,,,
7613,11,14,4,55.93,31.8,4.918,0.0,0.0,6.96,,,,,
7614,11,14,5,51.81,30.9,4.918,0.0,0.0,7.26,,,,,
7615,11,14,6,71.56,30.6,4.918,0.0,0.0,7.23,,,,,
7616,11,14,7,84.03,31.8,4.918,14.3,16.0,7.56,,,,,
7617,11,14,8,49.78,35.2,4.918,403.9,176.0,6.85,,,,,
7618,11,14,9,40.05,38.8,4.918,185.3,188.0,9.29,,,,,
7619,11,14,10,42.20,41.2,4.918,209.7,217.0,8.55,,,,,
7620,11,14,11,42.26,42.8,4.918,213.2,225.0,9.42,,,,,
7621,11,14,12,43.12,43.3,4.918,121.5,136.0,8.50,,,,,
7622,11,14,13,43.06,42.8,4.918,109.0,122.0,8.52,,,,,
7623,11,14,14,56.39,41.9,4.918,65.2,73.0,8.24,,,,,
7624,11,14,15,74.75,40.6,4.918,60.8,68.0,7.89,,,,,
7625,11,14,16,79.77,37.2,4.918,0.0,47.0,8.13,,,,,
7626,11,14,17,73.23,34.5,4.918,0.0,0.0,8.12,,,,,
7627,11,14,18,78.15,34.3,4.918,0.0,0.0,7.11,,,,,
7628,11,14,19,75.89,33.6,4.918,0.0,0.0,7.88,,,,,
7629,11,14,20,73.46,32.5,4.918,0.0,0.0,8.03,,,,,
7630,11,14,21,60.44,31.6,4.918,0.0,0.0,6.97,,,,,
7631,11,14,22,55.17,30.9,4.918,0.0,0.0,7.53,,,,,
7632,11,14,23,52.13,30.0,4.918,0.0,0.0,7.90,,,,,
7633,11,15,0,57.80,29.5,4.918,0.0,0.0,7.01,,,,,
7634,11,15,1,65.18,28.9,4.918,0.0,0.0,7.46,,,,,
7635,11,15,2,56.75,28.4,4.918,0.0,0.0,6.89,,,,,
7636,11,15,3,69.08,28.6,4.918,0.0,0.0,3.15,,,,,
7637,11,15,4,64.83,28.9,4.918,0.0,0.0,0.42,,,,,
7638,11,15,5,54.39,28.9,4.918,0.0,0.0,1.30,,,,,
7639,11,15,6,75.74,28.9,4.918,0.0,0.0,1.84,,,,,
7640,11,15,7,81.99,29.7,4.918,77.0,30.0,2.19,,,,,
7641,11,15,8,62.58,33.3,4.918,417.9,178.0,2.46,,,,,
7642,11,15,9,52.27,37.0,4.918,692.8,327.0,4.22,,,,,
7643,11,15,10,47.27,39.7,4.918,877.4,435.0,3.58,,,,,
7644,11,15,11,45.09,41.4,4.918,982.2,494.0,4.76,,,,,
7645,11,15,12,45.59,42.6,4.918,999.2,495.0,5.43,,,,,
7646,11,15,13,55.96,43.0,4.918,661.5,369.0,5.79,,,,,
7647,11,15,14,68.46,42.3,4.918,569.7,288.0,6.35,,,,,
7648,11,15,15,69.93,41.0,4.918,48.3,54.0,5.41,,,,,
7649,11,15,16,98.27,36.9,4.918,0.0,34.0,5.83,,,,,
7650,11,15,17,94.58,35.2,4.918,0.0,0.0,7.20,,,,,
7651,11,15,18,82.14,35.8,4.918,0.0,0.0,10.53,,,,,
7652,11,15,19,76.48,34.7,4.918,0.0,0.0,9.25,,,,,
7653,11,15,20,81.84,34.9,4.918,0.0,0.0,8.93,,,,,
7654,11,15,21,66.81,35.4,4.918,0.0,0.0,9.84,,,,,
7655,11,15,22,56.25,36.7,4.918,0.0,0.0,9.42,,,,,
7656,11,15,23,51.15,38.1,4.918,0.0,0.0,11.49,,,,,
7657,11,16,0,76.55,39.6,4.918,0.0,0.0,9.03,,,,,
7658,11,16,1,69.12,40.8,4.918,0.0,0.0,10.68,,,,,
7659,11,16,2,66.15,41.4,4.918,0.0,0.0,11.52,,,,,
7660,11,16,3,67.37,42.4,4.918,0.0,0.0,13.01,,,,,
7661,11,16,4,72.39,43.9,4.918,0.0,0.0,12.39,,,,,
7662,11,16,5,72.98,44.6,4.918,0.0,0.0,11.39,,,,,
7663,11,16,6,67.29,44.2,4.918,0.0,0.0,10.30,,,,,
7664,11,16,7,56.33,43.3,4.918,23.7,22.0,8.35,,,,,
7665,11,16,8,75.30,42.6,4.918,73.1,79.0,8.66,,,,,
7666,11,16,9,60.43,42.4,4.918,274.8,225.0,8.75,,,,,
7667,11,16,10,65.68,42.3,4.918,838.0,419.0,8.66,,,,,
7668,11,16,11,58.27,42.6,4.918,162.9,180.0,7.77,,,,,
7669,11,16,12,61.97,42.8,4.918,121.5,136.0,5.63,,,,,
7670,11,16,13,69.46,41.9,4.918,44.7,50.0,5.05,,,,,
7671,11,16,14,70.28,40.1,4.918,32.2,36.0,6.01,,,,,
7672,11,16,15,64.43,38.3,4.918,31.3,35.0,4.60,,,,,
7673,11,16,16,76.30,36.7,4.918,0.0,6.0,5.22,,,,,
7674,11,16,17,74.70,35.8,4.918,0.0,0.0,4.37,,,,,
7675,11,16,18,77.63,34.9,4.918,0.0,0.0,3.44,,,,,
7676,11,16,19,69.67,34.0,4.918,0.0,0.0,4.17,,,,,
7677,11,16,20,62.74,32.9,4.918,0.0,0.0,3.76,,,,,
7678,11,16,21,56.47,31.6,4.918,0.0,0.0,4.53,,,,,
7679,11,16,22,47.24,30.9,4.918,0.0,0.0,5.25,,,,,
7680,11,16,23,52.33,30.2,4.918,0.0,0.0,4.57,,,,,
7681,11,17,0,48.90,29.7,4.918,0.0,0.0,5.15,,,,,
7682,11,17,1,47.44,29.1,4.918,0.0,0.0,4.62,,,,,
7683,11,17,2,49.04,28.8,4.918,0.0,0.0,5.76,,,,,
7684,11,17,3,49.96,28.6,4.918,0.0,0.0,6.84,,,,,
7685,11,17,4,51.16,28.6,4.918,0.0,0.0,6.16,,,,,
7686,11,17,5,62.65,28.6,4.918,0.0,0.0,7.09,,,,,
7687,11,17,6,83.89,28.8,4.918,0.0,0.0,8.07,,,,,
7688,11,17,7,100.90,29.3,4.918,56.3,24.0,11.44,,,,,
7689,11,17,8,82.64,31.1,4.918,123.8,112.0,12.20,,,,,
7690,11,17,9,70.14,33.3,4.918,244.6,213.0,16.14,,,,,
7691,11,17,10,60.58,34.9,4.918,450.8,322.0,17.43,,,,,
7692,11,17,11,54.40,35.8,4.918,620.3,394.0,16.36,,,,,
7693,11,17,12,53.44,36.3,4.918,989.0,486.0,14.85,,,,,
7694,11,17,13,54.56,36.5,4.918,933.7,434.0,13.36,,,,,
7695,11,17,14,61.24,36.3,4.918,812.3,331.0,13.18,,,,,
7696,11,17,15,96.83,35.6,4.918,687.8,190.0,14.16,,,,,
7697,11,17,16,109.01,34.0,4.918,0.0,42.0,13.92,,,,,
7698,11,17,17,135.29,33.1,4.918,0.0,0.0,15.27,,,,,
7699,11,17,18,96.74,32.4,4.918,0.0,0.0,15.53,,,,,
7700,11,17,19,89.08,32.0,4.918,0.0,0.0,12.51,,,,,
7701,11,17,20,83.20,31.6,4.918,0.0,0.0,13.58,,,,,
7702,11,17,21,59.90,31.6,4.918,0.0,0.0,14.49,,,,,
7703,11,17,22,55.71,31.6,4.918,0.0,0.0,12.72,,,,,
7704,11,17,23,39.99,31.6,4.918,0.0,0.0,11.82,,,,,
7705,11,18,0,42.73,31.6,4.918,0.0,0.0,11.43,,,,,
7706,11,18,1,42.19,31.5,4.918,0.0,0.0,11.16,,,,,
7707,11,18,2,43.80,31.3,4.918,0.0,0.0,8.41,,,,,
7708,11,18,3,42.22,31.1,4.918,0.0,0.0,8.32,,,,,
7709,11,18,4,44.70,30.9,4.918,0.0,0.0,7.96,,,,,
7710,11,18,5,53.20,30.9,4.918,0.0,0.0,6.54,,,,,
7711,11,18,6,80.66,30.7,4.918,0.0,0.0,7.23,,,,,
7712,11,18,7,110.16,31.5,4.918,60.3,23.0,6.83,,,,,
7713,11,18,8,57.21,34.3,4.918,395.7,163.0,9.44,,,,,
7714,11,18,9,46.36,37.0,4.918,666.1,307.0,9.94,,,,,
7715,11,18,10,45.50,39.4,4.918,859.1,418.0,9.29,,,,,
7716,11,18,11,45.27,41.0,4.918,971.2,480.0,11.24,,,,,
7717,11,18,12,44.02,41.7,4.918,996.9,485.0,12.58,,,,,
7718,11,18,13,45.98,42.1,4.918,943.6,434.0,14.45,,,,,
7719,11,18,14,47.46,41.5,4.918,822.3,331.0,13.06,,,,,
7720,11,18,15,59.44,40.1,4.918,698.8,189.0,11.47,,,,,
7721,11,18,16,106.21,35.8,4.918,0.0,42.0,11.58,,,,,
7722,11,18,17,121.26,31.6,4.918,0.0,0.0,11.55,,,,,
7723,11,18,18,105.57,29.7,4.918,0.0,0.0,11.68,,,,,
7724,11,18,19,90.03,28.9,4.918,0.0,0.0,12.25,,,,,
7725,11,18,20,85.79,27.9,4.918,0.0,0.0,12.18,,,,,
7726,11,18,21,72.61,27.0,4.918,0.0,0.0,11.81,,,,,
7727,11,18,22,71.62,26.6,4.918,0.0,0.0,11.98,,,,,
7728,11,18,23,65.52,27.3,4.918,0.0,0.0,12.09,,,,,
7729,11,19,0,52.16,27.7,4.918,0.0,0.0,12.09,,,,,
7730,11,19,1,51.26,27.9,4.918,0.0,0.0,11.57,,,,,
7731,11,19,2,53.22,27.9,4.918,0.0,0.0,9.84,,,,,
7732,11,19,3,52.00,27.9,4.918,0.0,0.0,9.01,,,,,
7733,11,19,4,52.46,27.1,4.918,0.0,0.0,8.08,,,,,
7734,11,19,5,67.26,26.6,4.918,0.0,0.0,7.75,,,,,
7735,11,19,6,94.52,26.4,4.918,0.0,0.0,8.14,,,,,
7736,11,19,7,120.55,28.4,4.918,51.9,21.0,9.28,,,,,
7737,11,19,8,87.32,33.8,4.918,385.2,160.0,12.54,,,,,
7738,11,19,9,60.49,38.5,4.918,669.3,309.0,12.96,,,,,
7739,11,19,10,53.51,40.8,4.918,866.8,421.0,12.86,,,,,
7740,11,19,11,49.79,42.3,4.918,972.3,479.0,12.77,,,,,
7741,11,19,12,48.92,43.3,4.918,999.8,484.0,13.14,,,,,
7742,11,19,13,50.31,43.5,4.918,945.0,432.0,11.57,,,,,
7743,11,19,14,55.12,42.8,4.918,824.7,329.0,10.16,,,,,
7744,11,19,15,68.99,39.7,4.918,707.3,188.0,11.84,,,,,
7745,11,19,16,99.80,31.6,4.918,0.0,39.0,10.94,,,,,
7746,11,19,17,119.26,29.7,4.918,0.0,0.0,10.13,,,,,
7747,11,19,18,112.64,29.3,4.918,0.0,0.0,10.74,,,,,
7748,11,19,19,104.68,28.9,4.918,0.0,0.0,10.71,,,,,
7749,11,19,20,96.93,28.6,4.918,0.0,0.0,11.75,,,,,
7750,11,19,21,78.34,28.4,4.918,0.0,0.0,12.78,,,,,
7751,11,19,22,60.31,27.9,4.918,0.0,0.0,10.96,,,,,
7752,11,19,23,52.59,27.5,4.918,0.0,0.0,10.17,,,,,
7753,11,20,0,50.56,27.7,4.918,0.0,0.0,10.37,,,,,
7754,11,20,1,49.17,28.0,4.918,0.0,0.0,10.49,,,,,
7755,11,20,2,49.34,28.4,4.918,0.0,0.0,9.45,,,,,
7756,11,20,3,50.82,28.9,4.918,0.0,0.0,8.49,,,,,
7757,11,20,4,51.16,30.0,4.918,0.0,0.0,8.36,,,,,
7758,11,20,5,60.29,30.2,4.918,0.0,0.0,8.32,,,,,
7759,11,20,6,100.83,30.0,4.918,0.0,0.0,6.89,,,,,
7760,11,20,7,107.62,30.0,4.918,41.9,18.0,6.36,,,,,
7761,11,20,8,85.30,33.4,4.918,192.6,125.0,5.83,,,,,
7762,11,20,9,61.53,37.6,4.918,645.3,296.0,6.11,,,,,
7763,11,20,10,52.99,40.3,4.918,687.3,376.0,7.39,,,,,
7764,11,20,11,50.54,41.9,4.918,721.8,402.0,7.45,,,,,
7765,11,20,12,49.89,43.0,4.918,519.0,346.0,6.96,,,,,
7766,11,20,13,50.11,43.7,4.918,675.5,355.0,6.19,,,,,
7767,11,20,14,57.90,43.2,4.918,802.0,318.0,6.28,,,,,
7768,11,20,15,80.34,41.0,4.918,686.6,180.0,6.05,,,,,
7769,11,20,16,103.39,37.9,4.918,0.0,37.0,4.43,,,,,
7770,11,20,17,114.96,36.0,4.918,0.0,0.0,4.22,,,,,
7771,11,20,18,104.87,34.0,4.918,0.0,0.0,4.22,,,,,
7772,11,20,19,105.15,32.0,4.918,0.0,0.0,4.10,,,,,
7773,11,20,20,102.41,30.7,4.918,0.0,0.0,2.15,,,,,
7774,11,20,21,70.24,29.8,4.918,0.0,0.0,2.23,,,,,
7775,11,20,22,63.50,28.9,4.918,0.0,0.0,3.89,,,,,
7776,11,20,23,56.47,28.2,4.918,0.0,0.0,3.61,,,,,
7777,11,21,0,77.12,28.2,4.918,0.0,0.0,2.50,,,,,
7778,11,21,1,63.46,29.1,4.918,0.0,0.0,5.34,,,,,
7779,11,21,2,62.90,29.5,4.918,0.0,0.0,4.35,,,,,
7780,11,21,3,57.58,28.2,4.918,0.0,0.0,2.42,,,,,
7781,11,21,4,63.21,27.7,4.918,0.0,0.0,3.75,,,,,
7782,11,21,5,69.29,28.0,4.918,0.0,0.0,1.76,,,,,
7783,11,21,6,110.35,28.9,4.918,0.0,0.0,2.19,,,,,
7784,11,21,7,99.99,31.5,4.918,2.7,3.0,2.41,,,,,
7785,11,21,8,88.42,35.1,4.918,280.1,131.0,3.93,,,,,
7786,11,21,9,80.18,38.8,4.918,62.6,70.0,4.41,,,,,
7787,11,21,10,67.34,41.7,4.918,57.2,64.0,5.73,,,,,
7788,11,21,11,61.72,43.2,4.918,304.0,285.0,6.02,,,,,
7789,11,21,12,59.80,44.2,4.918,121.8,134.0,7.80,,,,,
7790,11,21,13,62.65,44.8,4.918,105.5,118.0,8.45,,,,,
7791,11,21,14,68.72,44.2,4.918,79.5,89.0,8.29,,,,,
7792,11,21,15,63.21,41.4,4.918,62.6,70.0,7.74,,,,,
7793,11,21,16,89.04,37.0,4.918,0.0,5.0,8.41,,,,,
7794,11,21,17,93.17,36.7,4.918,0.0,0.0,8.53,,,,,
7795,11,21,18,85.70,36.5,4.918,0.0,0.0,9.14,,,,,
7796,11,21,19,69.81,36.0,4.918,0.0,0.0,10.39,,,,,
7797,11,21,20,59.23,35.6,4.918,0.0,0.0,9.80,,,,,
7798,11,21,21,55.96,36.1,4.918,0.0,0.0,10.61,,,,,
7799,11,21,22,51.47,36.7,4.918,0.0,0.0,10.36,,,,,
7800,11,21,23,48.03,37.6,4.918,0.0,0.0,9.78,,,,,
7801,11,22,0,63.24,37.4,4.918,0.0,0.0,11.84,,,,,
7802,11,22,1,62.42,37.2,4.918,0.0,0.0,9.51,,,,,
7803,11,22,2,56.17,37.2,4.918,0.0,0.0,9.38,,,,,
7804,11,22,3,54.18,37.2,4.918,0.0,0.0,9.59,,,,,
7805,11,22,4,53.87,37.2,4.918,0.0,0.0,10.06,,,,,
7806,11,22,5,59.19,37.0,4.918,0.0,0.0,8.47,,,,,
7807,11,22,6,62.92,36.9,4.918,0.0,0.0,7.09,,,,,
7808,11,22,7,63.27,36.9,4.918,2.7,3.0,7.57,,,,,
7809,11,22,8,89.05,38.1,4.918,5.4,6.0,5.74,,,,,
7810,11,22,9,95.76,39.7,4.918,14.3,16.0,8.72,,,,,
7811,11,22,10,80.07,41.5,4.918,117.1,125.0,8.97,,,,,
7812,11,22,11,67.23,44.4,4.918,412.6,324.0,8.50,,,,,
7813,11,22,12,64.60,46.6,4.918,311.7,287.0,7.30,,,,,
7814,11,22,13,53.96,46.8,4.918,75.1,84.0,6.30,,,,,
7815,11,22,14,53.44,45.7,4.918,809.4,316.0,6.25,,,,,
7816,11,22,15,59.63,43.5,4.918,702.0,178.0,5.63,,,,,
7817,11,22,16,68.39,39.9,4.918,0.0,35.0,6.25,,,,,
7818,11,22,17,63.46,36.7,4.918,0.0,0.0,5.99,,,,,
7819,11,22,18,49.15,34.2,4.918,0.0,0.0,5.65,,,,,
7820,11,22,19,56.37,31.1,4.918,0.0,0.0,7.50,,,,,
7821,11,22,20,52.30,29.1,4.918,0.0,0.0,8.24,,,,,
7822,11,22,21,53.28,27.3,4.918,0.0,0.0,8.85,,,,,
7823,11,22,22,51.01,26.6,4.918,0.0,0.0,9.07,,,,,
7824,11,22,23,56.20,26.2,4.918,0.0,0.0,11.53,,,,,
7825,11,23,0,62.61,26.8,4.918,0.0,0.0,11.45,,,,,
7826,11,23,1,59.09,27.3,4.918,0.0,0.0,12.92,,,,,
7827,11,23,2,55.43,27.9,4.918,0.0,0.0,11.02,,,,,
7828,11,23,3,53.05,28.2,4.918,0.0,0.0,10.61,,,,,
7829,11,23,4,54.19,27.9,4.918,0.0,0.0,11.07,,,,,
7830,11,23,5,56.24,28.4,4.918,0.0,0.0,13.58,,,,,
7831,11,23,6,58.16,28.9,4.918,0.0,0.0,13.47,,,,,
7832,11,23,7,64.73,30.4,4.918,0.0,0.0,14.57,,,,,
7833,11,23,8,63.40,33.1,4.918,219.4,123.0,13.66,,,,,
7834,11,23,9,54.52,36.7,4.918,102.3,112.0,14.15,,,,,
7835,11,23,10,54.23,39.4,4.918,66.1,74.0,15.08,,,,,
7836,11,23,11,65.16,40.5,4.918,49.2,55.0,17.65,,,,,
7837,11,23,12,89.42,40.8,4.918,37.5,42.0,17.40,,,,,
7838,11,23,13,122.36,40.3,4.918,13.4,15.0,17.80,,,,,
7839,11,23,14,128.50,39.0,4.918,48.3,54.0,13.35,,,,,
7840,11,23,15,96.67,36.9,4.918,5.4,6.0,10.42,,,,,
7841,11,23,16,97.45,33.4,4.918,0.0,2.0,10.44,,,,,
7842,11,23,17,120.02,32.4,4.918,0.0,0.0,9.31,,,,,
7843,11,23,18,92.67,32.7,4.918,0.0,0.0,9.65,,,,,
7844,11,23,19,87.81,32.5,4.918,0.0,0.0,11.34,,,,,
7845,11,23,20,85.19,32.5,4.918,0.0,0.0,10.53,,,,,
7846,11,23,21,67.50,33.1,4.918,0.0,0.0,12.32,,,,,
7847,11,23,22,72.12,33.4,4.918,0.0,0.0,11.00,,,,,
7848,11,23,23,74.43,33.6,4.918,0.0,0.0,11.05,,,,,
7849,11,24,0,67.08,34.5,4.918,0.0,0.0,10.35,,,,,
7850,11,24,1,56.54,34.9,4.918,0.0,0.0,8.90,,,,,
7851,11,24,2,55.79,35.2,4.918,0.0,0.0,9.07,,,,,
7852,11,24,3,56.22,35.1,4.918,0.0,0.0,9.17,,,,,
7853,11,24,4,76.99,34.9,4.918,0.0,0.0,6.30,,,,,
7854,11,24,5,69.52,34.7,4.918,0.0,0.0,4.95,,,,,
7855,11,24,6,127.31,34.2,4.918,0.0,0.0,6.17,,,,,
7856,11,24,7,144.40,34.7,4.918,0.0,0.0,8.57,,,,,
7857,11,24,8,96.27,36.7,4.918,324.8,135.0,9.37,,,,,
7858,11,24,9,56.01,39.6,4.918,226.6,195.0,10.18,,,,,
7859,11,24,10,56.52,42.1,4.918,255.6,241.0,10.70,,,,,
7860,11,24,11,54.85,44.1,4.918,612.0,374.0,10.99,,,,,
7861,11,24,12,51.74,45.0,4.918,163.2,178.0,11.06,,,,,
7862,11,24,13,50.86,45.1,4.918,227.2,225.0,11.28,,,,,
7863,11,24,14,55.11,44.4,4.918,810.7,312.0,11.40,,,,,
7864,11,24,15,71.65,42.3,4.918,705.7,174.0,11.53,,,,,
7865,11,24,16,104.21,36.1,4.918,0.0,32.0,12.10,,,,,
7866,11,24,17,114.59,33.4,4.918,0.0,0.0,11.33,,,,,
7867,11,24,18,92.76,31.6,4.918,0.0,0.0,11.92,,,,,
7868,11,24,19,87.58,31.3,4.918,0.0,0.0,12.29,,,,,
7869,11,24,20,92.48,31.5,4.918,0.0,0.0,11.13,,,,,
7870,11,24,21,81.14,30.7,4.918,0.0,0.0,9.53,,,,,
7871,11,24,22,67.36,30.6,4.918,0.0,0.0,8.67,,,,,
7872,11,24,23,57.50,29.7,4.918,0.0,0.0,6.89,,,,,
7873,11,25,0,60.01,29.8,4.918,0.0,0.0,7.11,,,,,
7874,11,25,1,51.03,31.5,4.918,0.0,0.0,7.99,,,,,
7875,11,25,2,48.61,33.8,4.918,0.0,0.0,9.14,,,,,
7876,11,25,3,50.76,34.3,4.918,0.0,0.0,10.93,,,,,
7877,11,25,4,51.26,34.7,4.918,0.0,0.0,11.48,,,,,
7878,11,25,5,62.38,34.9,4.918,0.0,0.0,9.83,,,,,
7879,11,25,6,87.30,34.5,4.918,0.0,0.0,10.30,,,,,
7880,11,25,7,94.55,35.1,4.918,0.0,0.0,4.36,,,,,
7881,11,25,8,82.27,37.2,4.918,58.1,62.0,2.95,,,,,
7882,11,25,9,81.31,40.3,4.918,131.4,131.0,6.59,,,,,
7883,11,25,10,70.12,44.1,4.918,202.8,192.0,6.72,,,,,
7884,11,25,11,53.56,46.0,4.918,152.9,161.0,6.65,,,,,
7885,11,25,12,72.08,46.8,4.918,114.6,124.0,5.94,,,,,
7886,11,25,13,94.16,46.8,4.918,131.5,138.0,7.07,,,,,
7887,11,25,14,87.72,45.7,4.918,130.3,131.0,6.28,,,,,
7888,11,25,15,90.44,43.9,4.918,57.6,59.0,6.95,,,,,
7889,11,25,16,86.85,41.9,4.918,0.0,22.0,5.90,,,,,
7890,11,25,17,99.75,42.1,4.918,0.0,0.0,6.37,,,,,
7891,11,25,18,93.90,42.3,4.918,0.0,0.0,7.83,,,,,
7892,11,25,19,79.59,43.0,4.918,0.0,0.0,8.13,,,,,
7893,11,25,20,70.14,43.7,4.918,0.0,0.0,7.66,,,,,
7894,11,25,21,60.44,44.1,4.918,0.0,0.0,7.16,,,,,
7895,11,25,22,52.26,44.4,4.918,0.0,0.0,7.57,,,,,
7896,11,25,23,49.87,45.0,4.918,0.0,0.0,6.56,,,,,
7897,11,26,0,50.49,45.7,4.918,0.0,0.0,5.73,,,,,
7898,11,26,1,44.80,47.1,4.918,0.0,0.0,6.77,,,,,
7899,11,26,2,44.57,47.5,4.918,0.0,0.0,5.33,,,,,
7900,11,26,3,44.51,47.8,4.918,0.0,0.0,5.34,,,,,
7901,11,26,4,44.61,45.9,4.918,0.0,0.0,4.01,,,,,
7902,11,26,5,51.36,45.5,4.918,0.0,0.0,3.66,,,,,
7903,11,26,6,67.45,45.5,4.918,0.0,0.0,3.90,,,,,
7904,11,26,7,65.65,46.0,4.918,0.0,0.0,5.30,,,,,
7905,11,26,8,66.43,48.0,4.918,27.7,31.0,6.20,,,,,
7906,11,26,9,62.88,49.6,4.918,74.2,83.0,5.43,,,,,
7907,11,26,10,77.89,51.6,4.918,752.6,359.0,3.29,,,,,
7908,11,26,11,72.75,54.0,4.918,113.5,127.0,4.34,,,,,
7909,11,26,12,65.14,56.1,4.918,125.1,140.0,5.34,,,,,
7910,11,26,13,62.07,57.7,4.918,14.3,16.0,6.99,,,,,
7911,11,26,14,59.17,57.9,4.918,730.1,284.0,7.37,,,,,
7912,11,26,15,70.94,55.6,4.918,6.3,7.0,8.30,,,,,
7913,11,26,16,79.70,51.8,4.918,0.0,2.0,8.33,,,,,
7914,11,26,17,74.58,51.1,4.918,0.0,0.0,7.96,,,,,
7915,11,26,18,68.48,50.5,4.918,0.0,0.0,8.55,,,,,
7916,11,26,19,68.36,50.0,4.918,0.0,0.0,7.94,,,,,
7917,11,26,20,62.79,49.8,4.918,0.0,0.0,9.14,,,,,
7918,11,26,21,56.38,50.4,4.918,0.0,0.0,10.82,,,,,
7919,11,26,22,54.54,49.6,4.918,0.0,0.0,10.64,,,,,
7920,11,26,23,50.03,45.9,4.918,0.0,0.0,10.96,,,,,
7921,11,27,0,52.72,40.5,4.918,0.0,0.0,10.14,,,,,
7922,11,27,1,51.18,37.8,4.918,0.0,0.0,3.88,,,,,
7923,11,27,2,49.07,36.7,4.918,0.0,0.0,2.66,,,,,
7924,11,27,3,47.10,35.6,4.918,0.0,0.0,6.85,,,,,
7925,11,27,4,44.18,34.7,4.918,0.0,0.0,5.78,,,,,
7926,11,27,5,44.94,34.2,4.918,0.0,0.0,8.28,,,,,
7927,11,27,6,45.24,33.8,4.918,0.0,0.0,11.07,,,,,
7928,11,27,7,46.91,33.8,4.918,0.0,0.0,11.59,,,,,
7929,11,27,8,52.03,36.1,4.918,245.3,113.0,12.44,,,,,
7930,11,27,9,46.39,38.7,4.918,607.3,270.0,11.62,,,,,
7931,11,27,10,45.98,39.9,4.918,566.7,314.0,11.91,,,,,
7932,11,27,11,45.11,40.3,4.918,370.6,305.0,12.12,,,,,
7933,11,27,12,45.02,41.0,4.918,510.8,343.0,13.81,,,,,
7934,11,27,13,42.84,41.2,4.918,481.8,308.0,14.64,,,,,
7935,11,27,14,49.66,40.6,4.918,112.0,122.0,16.14,,,,,
7936,11,27,15,53.09,39.2,4.918,24.1,27.0,15.75,,,,,
7937,11,27,16,61.11,36.7,4.918,0.0,15.0,14.39,,,,,
7938,11,27,17,65.30,35.2,4.918,0.0,0.0,13.45,,,,,
7939,11,27,18,59.46,34.9,4.918,0.0,0.0,14.67,,,,,
7940,11,27,19,43.41,34.9,4.918,0.0,0.0,13.85,,,,,
7941,11,27,20,45.50,34.7,4.918,0.0,0.0,16.12,,,,,
7942,11,27,21,44.28,34.2,4.918,0.0,0.0,12.97,,,,,
7943,11,27,22,43.88,33.6,4.918,0.0,0.0,12.08,,,,,
7944,11,27,23,43.02,32.9,4.918,0.0,0.0,12.96,,,,,
7945,11,28,0,49.46,32.2,4.918,0.0,0.0,12.65,,,,,
7946,11,28,1,45.78,31.5,4.918,0.0,0.0,12.83,,,,,
7947,11,28,2,43.39,31.1,4.918,0.0,0.0,11.89,,,,,
7948,11,28,3,44.90,30.7,4.918,0.0,0.0,12.59,,,,,
7949,11,28,4,45.82,30.6,4.918,0.0,0.0,12.77,,,,,
7950,11,28,5,49.31,30.4,4.918,0.0,0.0,14.27,,,,,
7951,11,28,6,90.30,30.4,4.918,0.0,0.0,15.52,,,,,
7952,11,28,7,72.08,30.7,4.918,0.0,0.0,15.29,,,,,
7953,11,28,8,50.39,32.5,4.918,11.6,13.0,14.51,,,,,
7954,11,28,9,42.01,34.5,4.918,240.5,196.0,14.82,,,,,
7955,11,28,10,43.30,35.6,4.918,387.9,272.0,12.64,,,,,
7956,11,28,11,49.90,35.8,4.918,726.5,397.0,13.45,,,,,
7957,11,28,12,46.13,36.0,4.918,482.2,322.0,14.17,,,,,
7958,11,28,13,47.80,35.8,4.918,185.0,183.0,14.24,,,,,
7959,11,28,14,55.17,35.2,4.918,114.6,119.0,14.84,,,,,
7960,11,28,15,70.12,34.3,4.918,376.0,123.0,14.87,,,,,
7961,11,28,16,77.30,33.3,4.918,0.0,21.0,15.72,,,,,
7962,11,28,17,85.43,32.5,4.918,0.0,0.0,14.50,,,,,
7963,11,28,18,78.85,32.2,4.918,0.0,0.0,15.15,,,,,
7964,11,28,19,74.00,31.6,4.918,0.0,0.0,16.62,,,,,
7965,11,28,20,65.31,31.3,4.918,0.0,0.0,17.55,,,,,
7966,11,28,21,64.23,30.7,4.918,0.0,0.0,15.01,,,,,
7967,11,28,22,55.77,30.4,4.918,0.0,0.0,13.76,,,,,
7968,11,28,23,53.83,30.0,4.918,0.0,0.0,13.70,,,,,
7969,11,29,0,51.52,29.8,4.918,0.0,0.0,17.01,,,,,
7970,11,29,1,57.71,29.5,4.918,0.0,0.0,15.81,,,,,
7971,11,29,2,54.46,28.9,4.918,0.0,0.0,12.67,,,,,
7972,11,29,3,49.94,28.8,4.918,0.0,0.0,11.10,,,,,
7973,11,29,4,53.43,28.4,4.918,0.0,0.0,9.10,,,,,
7974,11,29,5,49.62,28.2,4.918,0.0,0.0,8.96,,,,,
7975,11,29,6,48.59,28.2,4.918,0.0,0.0,10.04,,,,,
7976,11,29,7,58.47,28.4,4.918,0.0,0.0,9.04,,,,,
7977,11,29,8,45.94,30.4,4.918,339.4,128.0,8.40,,,,,
7978,11,29,9,38.44,32.7,4.918,632.3,272.0,11.81,,,,,
7979,11,29,10,36.75,34.5,4.918,836.5,383.0,11.41,,,,,
7980,11,29,11,31.94,36.0,4.918,957.1,447.0,11.41,,,,,
7981,11,29,12,35.95,36.9,4.918,309.7,281.0,10.54,,,,,
7982,11,29,13,31.58,37.0,4.918,609.0,336.0,9.20,,,,,
7983,11,29,14,38.08,36.5,4.918,286.4,212.0,8.39,,,,,
7984,11,29,15,50.38,34.9,4.918,736.2,168.0,7.63,,,,,
7985,11,29,16,86.46,30.0,4.918,0.0,28.0,5.84,,,,,
7986,11,29,17,93.97,27.1,4.918,0.0,0.0,7.56,,,,,
7987,11,29,18,89.92,26.6,4.918,0.0,0.0,8.39,,,,,
7988,11,29,19,88.57,28.8,4.918,0.0,0.0,6.92,,,,,
7989,11,29,20,104.46,29.7,4.918,0.0,0.0,7.66,,,,,
7990,11,29,21,85.60,30.0,4.918,0.0,0.0,7.65,,,,,
7991,11,29,22,82.66,30.4,4.918,0.0,0.0,6.56,,,,,
7992,11,29,23,86.86,30.6,4.918,0.0,0.0,7.39,,,,,
7993,11,30,0,61.49,30.0,4.918,0.0,0.0,10.27,,,,,
7994,11,30,1,59.49,30.2,4.918,0.0,0.0,9.42,,,,,
7995,11,30,2,59.38,30.4,4.918,0.0,0.0,7.83,,,,,
7996,11,30,3,59.21,30.2,4.918,0.0,0.0,6.93,,,,,
7997,11,30,4,56.86,30.2,4.918,0.0,0.0,6.63,,,,,
7998,11,30,5,67.47,30.0,4.918,0.0,0.0,6.06,,,,,
7999,11,30,6,61.59,29.7,4.918,0.0,0.0,6.44,,,,,
8000,11,30,7,60.88,29.7,4.918,0.0,0.0,5.92,,,,,
8001,11,30,8,70.64,30.7,4.918,31.3,35.0,7.06,,,,,
8002,11,30,9,108.84,32.9,4.918,46.5,52.0,6.95,,,,,
8003,11,30,10,108.60,35.2,4.918,57.2,64.0,6.47,,,,,
8004,11,30,11,111.36,37.4,4.918,47.4,53.0,7.61,,,,,
8005,11,30,12,109.70,39.2,4.918,43.8,49.0,7.16,,,,,
8006,11,30,13,108.95,39.7,4.918,24.1,27.0,7.27,,,,,
8007,11,30,14,96.11,39.7,4.918,41.1,46.0,8.06,,,,,
8008,11,30,15,91.30,39.4,4.918,18.8,21.0,7.21,,,,,
8009,11,30,16,90.70,38.8,4.918,0.0,15.0,6.27,,,,,
8010,11,30,17,96.52,38.5,4.918,0.0,0.0,8.07,,,,,
8011,11,30,18,100.46,37.9,4.918,0.0,0.0,9.08,,,,,
8012,11,30,19,98.62,37.2,4.918,0.0,0.0,8.01,,,,,
8013,11,30,20,73.45,36.5,4.918,0.0,0.0,9.00,,,,,
8014,11,30,21,56.83,36.0,4.918,0.0,0.0,9.72,,,,,
8015,11,30,22,55.83,35.8,4.918,0.0,0.0,9.79,,,,,
8016,11,30,23,47.52,35.4,4.918,0.0,0.0,10.68,,,,,
8017,12,1,0,69.29,34.7,5.362,0.0,0.0,11.90,,,,,
8018,12,1,1,79.35,33.6,5.362,0.0,0.0,10.60,,,,,
8019,12,1,2,67.80,32.7,5.362,0.0,0.0,10.58,,,,,
8020,12,1,3,80.21,32.2,5.362,0.0,0.0,8.97,,,,,
8021,12,1,4,93.93,32.4,5.362,0.0,0.0,5.94,,,,,
8022,12,1,5,79.22,32.5,5.362,0.0,0.0,5.43,,,,,
8023,12,1,6,72.24,32.7,5.362,0.0,0.0,5.73,,,,,
8024,12,1,7,87.53,32.9,5.362,0.0,0.0,5.11,,,,,
8025,12,1,8,75.10,33.3,5.362,42.0,47.0,5.78,,,,,
8026,12,1,9,71.35,33.6,5.362,282.5,201.0,5.78,,,,,
8027,12,1,10,72.14,34.5,5.362,824.3,377.0,5.58,,,,,
8028,12,1,11,65.92,35.6,5.362,959.3,446.0,5.64,,,,,
8029,12,1,12,63.42,36.1,5.362,996.8,455.0,7.27,,,,,
8030,12,1,13,70.50,36.1,5.362,951.6,407.0,6.75,,,,,
8031,12,1,14,73.43,35.6,5.362,621.7,276.0,6.44,,,,,
8032,12,1,15,76.58,33.4,5.362,673.7,154.0,7.05,,,,,
8033,12,1,16,107.18,27.5,5.362,0.0,16.0,7.83,,,,,
8034,12,1,17,119.01,27.0,5.362,0.0,0.0,8.46,,,,,
8035,12,1,18,112.19,25.7,5.362,0.0,0.0,4.70,,,,,
8036,12,1,19,111.86,24.4,5.362,0.0,0.0,5.23,,,,,
8037,12,1,20,108.89,23.7,5.362,0.0,0.0,4.99,,,,,
8038,12,1,21,108.42,23.7,5.362,0.0,0.0,4.17,,,,,
8039,12,1,22,97.14,23.4,5.362,0.0,0.0,3.87,,,,,
8040,12,1,23,97.68,24.3,5.362,0.0,0.0,4.78,,,,,
8041,12,2,0,121.96,25.3,5.362,0.0,0.0,5.79,,,,,
8042,12,2,1,130.73,25.7,5.362,0.0,0.0,4.30,,,,,
8043,12,2,2,132.03,25.9,5.362,0.0,0.0,3.70,,,,,
8044,12,2,3,125.20,26.2,5.362,0.0,0.0,4.31,,,,,
8045,12,2,4,116.95,26.8,5.362,0.0,0.0,3.00,,,,,
8046,12,2,5,126.00,27.3,5.362,0.0,0.0,2.96,,,,,
8047,12,2,6,144.29,27.9,5.362,0.0,0.0,3.61,,,,,
8048,12,2,7,150.05,28.0,5.362,0.0,0.0,2.89,,,,,
8049,12,2,8,149.67,28.9,5.362,56.3,63.0,2.47,,,,,
8050,12,2,9,154.50,30.2,5.362,52.7,59.0,3.21,,,,,
8051,12,2,10,167.42,31.1,5.362,55.4,62.0,4.41,,,,,
8052,12,2,11,168.02,31.6,5.362,115.3,129.0,3.11,,,,,
8053,12,2,12,149.41,31.8,5.362,84.0,94.0,6.01,,,,,
8054,12,2,13,149.71,31.8,5.362,51.8,58.0,5.54,,,,,
8055,12,2,14,149.48,31.5,5.362,21.4,24.0,6.04,,,,,
8056,12,2,15,154.91,30.7,5.362,6.3,7.0,6.35,,,,,
8057,12,2,16,180.97,30.0,5.362,0.0,23.0,5.76,,,,,
8058,12,2,17,176.05,29.5,5.362,0.0,0.0,3.76,,,,,
8059,12,2,18,182.22,28.9,5.362,0.0,0.0,3.78,,,,,
8060,12,2,19,156.21,28.4,5.362,0.0,0.0,1.78,,,,,
8061,12,2,20,150.03,27.9,5.362,0.0,0.0,0.86,,,,,
8062,12,2,21,129.18,27.5,5.362,0.0,0.0,3.65,,,,,
8063,12,2,22,126.74,27.1,5.362,0.0,0.0,2.34,,,,,
8064,12,2,23,107.75,27.0,5.362,0.0,0.0,0.89,,,,,
8065,12,3,0,139.94,26.8,5.362,0.0,0.0,2.28,,,,,
8066,12,3,1,139.40,26.2,5.362,0.0,0.0,1.14,,,,,
8067,12,3,2,138.52,25.7,5.362,0.0,0.0,1.67,,,,,
8068,12,3,3,132.83,24.6,5.362,0.0,0.0,1.42,,,,,
8069,12,3,4,138.76,23.4,5.362,0.0,0.0,2.34,,,,,
8070,12,3,5,147.33,22.3,5.362,0.0,0.0,2.86,,,,,
8071,12,3,6,165.68,21.0,5.362,0.0,0.0,4.01,,,,,
8072,12,3,7,195.75,18.1,5.362,0.0,0.0,4.65,,,,,
8073,12,3,8,160.53,20.8,5.362,311.1,117.0,5.10,,,,,
8074,12,3,9,139.28,25.2,5.362,616.8,263.0,6.70,,,,,
8075,12,3,10,121.58,27.9,5.362,832.6,379.0,6.92,,,,,
8076,12,3,11,122.03,29.7,5.362,898.8,438.0,7.04,,,,,
8077,12,3,12,127.66,31.1,5.362,602.3,373.0,6.62,,,,,
8078,12,3,13,129.89,31.8,5.362,802.8,370.0,6.32,,,,,
8079,12,3,14,136.67,31.5,5.362,825.5,301.0,7.74,,,,,
8080,12,3,15,172.31,30.6,5.362,739.2,164.0,7.02,,,,,
8081,12,3,16,189.09,27.9,5.362,0.0,26.0,6.96,,,,,
8082,12,3,17,204.67,24.6,5.362,0.0,0.0,6.86,,,,,
8083,12,3,18,200.51,21.2,5.362,0.0,0.0,6.70,,,,,
8084,12,3,19,183.53,19.9,5.362,0.0,0.0,6.22,,,,,
8085,12,3,20,170.26,21.0,5.362,0.0,0.0,5.50,,,,,
8086,12,3,21,154.12,21.9,5.362,0.0,0.0,4.69,,,,,
8087,12,3,22,138.00,22.3,5.362,0.0,0.0,4.03,,,,,
8088,12,3,23,138.51,23.0,5.362,0.0,0.0,3.94,,,,,
8089,12,4,0,152.68,23.4,5.362,0.0,0.0,5.53,,,,,
8090,12,4,1,162.89,22.6,5.362,0.0,0.0,4.73,,,,,
8091,12,4,2,153.06,21.6,5.362,0.0,0.0,2.72,,,,,
8092,12,4,3,153.23,20.7,5.362,0.0,0.0,2.39,,,,,
8093,12,4,4,158.88,20.8,5.362,0.0,0.0,1.58,,,,,
8094,12,4,5,175.70,20.8,5.362,0.0,0.0,4.55,,,,,
8095,12,4,6,179.21,20.7,5.362,0.0,0.0,9.83,,,,,
8096,12,4,7,247.03,20.8,5.362,0.0,0.0,10.43,,,,,
8097,12,4,8,201.68,24.8,5.362,247.0,103.0,11.58,,,,,
8098,12,4,9,170.94,29.8,5.362,292.2,205.0,11.13,,,,,
8099,12,4,10,183.25,31.6,5.362,613.4,333.0,15.01,,,,,
8100,12,4,11,177.68,32.4,5.362,772.0,408.0,8.47,,,,,
8101,12,4,12,172.03,32.5,5.362,955.5,443.0,9.28,,,,,
8102,12,4,13,160.72,32.0,5.362,265.4,271.0,10.94,,,,,
8103,12,4,14,158.45,30.0,5.362,140.1,153.0,10.69,,,,,
8104,12,4,15,159.55,27.0,5.362,101.7,106.0,11.09,,,,,
8105,12,4,16,188.39,24.6,5.362,0.0,24.0,10.64,,,,,
8106,12,4,17,211.29,22.1,5.362,0.0,0.0,9.60,,,,,
8107,12,4,18,220.28,18.3,5.362,0.0,0.0,7.34,,,,,
8108,12,4,19,210.52,14.9,5.362,0.0,0.0,9.00,,,,,
8109,12,4,20,214.25,12.9,5.362,0.0,0.0,8.04,,,,,
8110,12,4,21,191.52,11.3,5.362,0.0,0.0,8.67,,,,,
8111,12,4,22,168.32,9.5,5.362,0.0,0.0,8.66,,,,,
8112,12,4,23,173.68,7.5,5.362,0.0,0.0,11.25,,,,,
8113,12,5,0,149.55,4.5,5.362,0.0,0.0,9.32,,,,,
8114,12,5,1,161.00,1.8,5.362,0.0,0.0,11.22,,,,,
8115,12,5,2,153.84,1.4,5.362,0.0,0.0,10.71,,,,,
8116,12,5,3,153.36,2.7,5.362,0.0,0.0,11.18,,,,,
8117,12,5,4,164.33,3.4,5.362,0.0,0.0,12.23,,,,,
8118,12,5,5,197.43,3.9,5.362,0.0,0.0,11.83,,,,,
8119,12,5,6,280.77,3.9,5.362,0.0,0.0,11.05,,,,,
8120,12,5,7,260.40,4.3,5.362,0.0,0.0,9.80,,,,,
8121,12,5,8,266.36,7.2,5.362,325.1,116.0,9.44,,,,,
8122,12,5,9,175.64,12.7,5.362,635.4,265.0,9.71,,,,,
8123,12,5,10,160.42,16.2,5.362,840.6,377.0,8.66,,,,,
8124,12,5,11,153.97,18.5,5.362,970.1,445.0,6.96,,,,,
8125,12,5,12,143.86,20.3,5.362,1010.9,456.0,6.44,,,,,
8126,12,5,13,137.75,21.6,5.362,968.0,409.0,6.30,,,,,
8127,12,5,14,149.11,21.9,5.362,561.3,263.0,6.93,,,,,
8128,12,5,15,232.31,20.3,5.362,552.7,152.0,5.60,,,,,
8129,12,5,16,295.62,16.5,5.362,0.0,18.0,4.49,,,,,
8130,12,5,17,291.16,15.1,5.362,0.0,0.0,4.37,,,,,
8131,12,5,18,284.62,14.7,5.362,0.0,0.0,4.70,,,,,
8132,12,5,19,230.04,14.0,5.362,0.0,0.0,3.90,,,,,
8133,12,5,20,202.78,14.0,5.362,0.0,0.0,2.50,,,,,
8134,12,5,21,192.26,14.9,5.362,0.0,0.0,2.39,,,,,
8135,12,5,22,177.52,14.9,5.362,0.0,0.0,1.75,,,,,
8136,12,5,23,191.42,14.4,5.362,0.0,0.0,1.74,,,,,
8137,12,6,0,172.28,14.7,5.362,0.0,0.0,2.30,,,,,
8138,12,6,1,165.64,14.9,5.362,0.0,0.0,2.61,,,,,
8139,12,6,2,158.50,15.3,5.362,0.0,0.0,2.95,,,,,
8140,12,6,3,164.81,16.2,5.362,0.0,0.0,2.67,,,,,
8141,12,6,4,161.84,17.4,5.362,0.0,0.0,2.45,,,,,
8142,12,6,5,169.36,18.7,5.362,0.0,0.0,2.47,,,,,
8143,12,6,6,190.97,19.8,5.362,0.0,0.0,2.06,,,,,
8144,12,6,7,181.52,21.2,5.362,0.0,0.0,2.05,,,,,
8145,12,6,8,221.05,24.4,5.362,124.7,91.0,2.06,,,,,
8146,12,6,9,227.32,27.5,5.362,365.6,217.0,2.45,,,,,
8147,12,6,10,225.45,30.2,5.362,587.6,326.0,3.82,,,,,
8148,12,6,11,205.67,32.7,5.362,265.6,260.0,5.49,,,,,
8149,12,6,12,195.54,34.3,5.362,464.6,343.0,5.73,,,,,
8150,12,6,13,179.69,35.1,5.362,905.2,390.0,7.52,,,,,
8151,12,6,14,169.23,34.9,5.362,797.4,293.0,8.36,,,,,
8152,12,6,15,172.29,33.4,5.362,706.4,158.0,8.19,,,,,
8153,12,6,16,191.83,27.7,5.362,0.0,24.0,8.63,,,,,
8154,12,6,17,239.07,23.9,5.362,0.0,0.0,9.27,,,,,
8155,12,6,18,191.94,24.3,5.362,0.0,0.0,9.81,,,,,
8156,12,6,19,164.23,24.4,5.362,0.0,0.0,8.90,,,,,
8157,12,6,20,142.34,24.1,5.362,0.0,0.0,8.75,,,,,
8158,12,6,21,156.89,24.1,5.362,0.0,0.0,10.89,,,,,
8159,12,6,22,150.87,23.5,5.362,0.0,0.0,10.28,,,,,
8160,12,6,23,156.26,22.8,5.362,0.0,0.0,10.37,,,,,
8161,12,7,0,187.49,22.1,5.362,0.0,0.0,6.98,,,,,
8162,12,7,1,156.03,21.6,5.362,0.0,0.0,8.56,,,,,
8163,12,7,2,150.64,21.6,5.362,0.0,0.0,8.12,,,,,
8164,12,7,3,147.94,21.7,5.362,0.0,0.0,7.22,,,,,
8165,12,7,4,147.74,21.9,5.362,0.0,0.0,7.43,,,,,
8166,12,7,5,153.14,21.7,5.362,0.0,0.0,7.04,,,,,
8167,12,7,6,152.82,21.9,5.362,0.0,0.0,5.73,,,,,
8168,12,7,7,188.13,22.8,5.362,0.0,0.0,6.17,,,,,
8169,12,7,8,184.50,26.1,5.362,63.5,71.0,4.91,,,,,
8170,12,7,9,162.72,31.5,5.362,135.0,148.0,6.14,,,,,
8171,12,7,10,158.81,34.2,5.362,281.4,265.0,5.12,,,,,
8172,12,7,11,155.94,34.9,5.362,211.1,231.0,3.49,,,,,
8173,12,7,12,163.76,34.7,5.362,177.4,189.0,3.94,,,,,
8174,12,7,13,171.21,34.5,5.362,697.0,347.0,5.72,,,,,
8175,12,7,14,197.13,34.2,5.362,563.3,259.0,6.55,,,,,
8176,12,7,15,214.42,33.3,5.362,267.0,130.0,5.24,,,,,
8177,12,7,16,235.89,31.5,5.362,0.0,4.0,5.15,,,,,
8178,12,7,17,246.56,30.7,5.362,0.0,0.0,5.88,,,,,
8179,12,7,18,240.90,30.6,5.362,0.0,0.0,7.93,,,,,
8180,12,7,19,216.22,29.5,5.362,0.0,0.0,8.68,,,,,
8181,12,7,20,201.55,27.1,5.362,0.0,0.0,8.27,,,,,
8182,12,7,21,198.11,25.9,5.362,0.0,0.0,8.92,,,,,
8183,12,7,22,166.96,25.5,5.362,0.0,0.0,7.89,,,,,
8184,12,7,23,190.39,26.2,5.362,0.0,0.0,8.14,,,,,
8185,12,8,0,165.77,27.1,5.362,0.0,0.0,6.97,,,,,
8186,12,8,1,154.53,26.6,5.362,0.0,0.0,6.79,,,,,
8187,12,8,2,154.22,24.4,5.362,0.0,0.0,6.65,,,,,
8188,12,8,3,154.40,22.1,5.362,0.0,0.0,8.41,,,,,
8189,12,8,4,155.73,19.8,5.362,0.0,0.0,7.49,,,,,
8190,12,8,5,197.06,17.8,5.362,0.0,0.0,4.42,,,,,
8191,12,8,6,154.20,16.2,5.362,0.0,0.0,4.13,,,,,
8192,12,8,7,282.61,14.5,5.362,0.0,0.0,2.31,,,,,
8193,12,8,8,201.42,15.4,5.362,305.6,109.0,1.56,,,,,
8194,12,8,9,157.13,17.4,5.362,624.2,258.0,1.33,,,,,
8195,12,8,10,170.78,18.9,5.362,847.5,377.0,1.69,,,,,
8196,12,8,11,158.61,20.1,5.362,980.7,446.0,2.73,,,,,
8197,12,8,12,157.08,20.8,5.362,1023.0,457.0,0.67,,,,,
8198,12,8,13,157.32,21.0,5.362,983.0,411.0,1.12,,,,,
8199,12,8,14,151.80,20.5,5.362,873.6,310.0,3.10,,,,,
8200,12,8,15,212.18,18.3,5.362,804.4,170.0,4.24,,,,,
8201,12,8,16,305.38,13.5,5.362,0.0,13.0,4.34,,,,,
8202,12,8,17,289.50,11.8,5.362,0.0,0.0,4.54,,,,,
8203,12,8,18,293.95,11.3,5.362,0.0,0.0,4.55,,,,,
8204,12,8,19,290.73,10.6,5.362,0.0,0.0,5.23,,,,,
8205,12,8,20,281.47,9.9,5.362,0.0,0.0,5.56,,,,,
8206,12,8,21,234.30,9.1,5.362,0.0,0.0,5.63,,,,,
8207,12,8,22,202.71,8.2,5.362,0.0,0.0,5.75,,,,,
8208,12,8,23,187.01,7.5,5.362,0.0,0.0,4.76,,,,,
8209,12,9,0,177.28,6.8,5.362,0.0,0.0,5.17,,,,,
8210,12,9,1,171.29,6.3,5.362,0.0,0.0,4.34,,,,,
8211,12,9,2,163.33,5.7,5.362,0.0,0.0,4.95,,,,,
8212,12,9,3,164.61,5.5,5.362,0.0,0.0,4.49,,,,,
8213,12,9,4,181.51,5.5,5.362,0.0,0.0,5.22,,,,,
8214,12,9,5,221.67,5.5,5.362,0.0,0.0,4.91,,,,,
8215,12,9,6,269.44,5.7,5.362,0.0,0.0,4.31,,,,,
8216,12,9,7,287.45,6.1,5.362,0.0,0.0,6.04,,,,,
8217,12,9,8,276.48,9.5,5.362,290.6,103.0,6.30,,,,,
8218,12,9,9,224.05,16.0,5.362,603.3,249.0,6.96,,,,,
8219,12,9,10,182.13,21.2,5.362,825.3,367.0,6.31,,,,,
8220,12,9,11,179.77,23.7,5.362,959.2,437.0,5.96,,,,,
8221,12,9,12,178.19,25.0,5.362,1003.2,450.0,6.05,,,,,
8222,12,9,13,180.64,24.8,5.362,764.4,367.0,6.96,,,,,
8223,12,9,14,204.37,24.1,5.362,773.2,303.0,7.39,,,,,
8224,12,9,15,227.03,22.5,5.362,58.1,65.0,6.66,,,,,
8225,12,9,16,267.30,19.9,5.362,0.0,17.0,6.92,,,,,
8226,12,9,17,277.09,19.0,5.362,0.0,0.0,7.82,,,,,
8227,12,9,18,266.05,19.2,5.362,0.0,0.0,7.05,,,,,
8228,12,9,19,257.07,19.4,5.362,0.0,0.0,6.82,,,,,
8229,12,9,20,236.81,19.4,5.362,0.0,0.0,7.61,,,,,
8230,12,9,21,204.56,19.9,5.362,0.0,0.0,6.84,,,,,
8231,12,9,22,170.22,20.8,5.362,0.0,0.0,7.57,,,,,
8232,12,9,23,178.54,22.6,5.362,0.0,0.0,7.11,,,,,
8233,12,10,0,175.08,24.6,5.362,0.0,0.0,5.53,,,,,
8234,12,10,1,168.97,25.5,5.362,0.0,0.0,5.86,,,,,
8235,12,10,2,160.97,25.9,5.362,0.0,0.0,5.49,,,,,
8236,12,10,3,163.98,25.7,5.362,0.0,0.0,4.38,,,,,
8237,12,10,4,168.58,25.2,5.362,0.0,0.0,4.05,,,,,
8238,12,10,5,185.51,23.2,5.362,0.0,0.0,4.31,,,,,
8239,12,10,6,264.69,21.2,5.362,0.0,0.0,7.42,,,,,
8240,12,10,7,230.45,21.2,5.362,0.0,0.0,11.61,,,,,
8241,12,10,8,228.83,25.2,5.362,224.3,89.0,11.73,,,,,
8242,12,10,9,213.86,29.1,5.362,353.3,202.0,14.89,,,,,
8243,12,10,10,227.88,31.5,5.362,547.4,301.0,14.94,,,,,
8244,12,10,11,230.84,32.4,5.362,723.9,376.0,15.21,,,,,
8245,12,10,12,192.44,33.1,5.362,147.4,160.0,11.94,,,,,
8246,12,10,13,170.89,34.0,5.362,133.9,147.0,9.22,,,,,
8247,12,10,14,180.20,34.7,5.362,84.0,94.0,7.92,,,,,
8248,12,10,15,183.77,34.9,5.362,50.3,50.0,6.56,,,,,
8249,12,10,16,182.77,34.7,5.362,0.0,19.0,5.27,,,,,
8250,12,10,17,170.60,34.7,5.362,0.0,0.0,6.54,,,,,
8251,12,10,18,154.82,34.5,5.362,0.0,0.0,8.41,,,,,
8252,12,10,19,147.07,34.5,5.362,0.0,0.0,5.79,,,,,
8253,12,10,20,165.61,34.3,5.362,0.0,0.0,9.31,,,,,
8254,12,10,21,162.64,34.3,5.362,0.0,0.0,10.89,,,,,
8255,12,10,22,160.03,34.2,5.362,0.0,0.0,11.17,,,,,
8256,12,10,23,148.00,34.2,5.362,0.0,0.0,8.38,,,,,
8257,12,11,0,143.44,34.0,5.362,0.0,0.0,7.84,,,,,
8258,12,11,1,134.68,33.8,5.362,0.0,0.0,10.84,,,,,
8259,12,11,2,128.82,33.6,5.362,0.0,0.0,10.24,,,,,
8260,12,11,3,126.53,32.9,5.362,0.0,0.0,9.51,,,,,
8261,12,11,4,131.79,30.9,5.362,0.0,0.0,8.52,,,,,
8262,12,11,5,139.25,28.4,5.362,0.0,0.0,6.80,,,,,
8263,12,11,6,129.33,25.9,5.362,0.0,0.0,7.11,,,,,
8264,12,11,7,154.96,24.1,5.362,0.0,0.0,11.19,,,,,
8265,12,11,8,140.84,22.8,5.362,270.2,99.0,15.46,,,,,
8266,12,11,9,114.51,22.3,5.362,596.5,247.0,15.90,,,,,
8267,12,11,10,116.15,22.3,5.362,824.7,365.0,16.47,,,,,
8268,12,11,11,110.48,22.8,5.362,959.1,435.0,17.69,,,,,
8269,12,11,12,113.06,23.2,5.362,722.5,404.0,13.79,,,,,
8270,12,11,13,114.34,23.0,5.362,467.2,326.0,14.13,,,,,
8271,12,11,14,115.12,22.6,5.362,150.3,154.0,13.17,,,,,
8272,12,11,15,151.87,21.9,5.362,744.8,163.0,16.10,,,,,
8273,12,11,16,190.26,21.2,5.362,0.0,25.0,13.82,,,,,
8274,12,11,17,185.64,20.8,5.362,0.0,0.0,13.91,,,,,
8275,12,11,18,194.40,20.1,5.362,0.0,0.0,12.02,,,,,
8276,12,11,19,199.50,19.4,5.362,0.0,0.0,11.86,,,,,
8277,12,11,20,210.85,18.9,5.362,0.0,0.0,15.58,,,,,
8278,12,11,21,181.13,18.3,5.362,0.0,0.0,16.01,,,,,
8279,12,11,22,155.58,18.1,5.362,0.0,0.0,19.98,,,,,
8280,12,11,23,134.34,17.8,5.362,0.0,0.0,19.05,,,,,
8281,12,12,0,130.00,17.4,5.362,0.0,0.0,19.18,,,,,
8282,12,12,1,127.55,17.1,5.362,0.0,0.0,18.23,,,,,
8283,12,12,2,126.04,16.5,5.362,0.0,0.0,15.62,,,,,
8284,12,12,3,134.95,16.0,5.362,0.0,0.0,14.59,,,,,
8285,12,12,4,137.53,15.4,5.362,0.0,0.0,12.87,,,,,
8286,12,12,5,146.58,15.1,5.362,0.0,0.0,10.50,,,,,
8287,12,12,6,146.29,15.3,5.362,0.0,0.0,9.12,,,,,
8288,12,12,7,175.01,15.6,5.362,0.0,0.0,8.74,,,,,
8289,12,12,8,160.87,17.6,5.362,259.5,95.0,7.20,,,,,
8290,12,12,9,135.01,20.5,5.362,579.7,241.0,8.20,,,,,
8291,12,12,10,139.72,23.4,5.362,801.0,356.0,8.44,,,,,
8292,12,12,11,136.83,25.7,5.362,934.8,425.0,8.94,,,,,
8293,12,12,12,133.02,27.3,5.362,979.0,438.0,9.05,,,,,
8294,12,12,13,126.69,28.2,5.362,399.7,309.0,9.21,,,,,
8295,12,12,14,120.43,28.4,5.362,412.6,240.0,8.65,,,,,
8296,12,12,15,137.36,27.9,5.362,755.7,162.0,7.57,,,,,
8297,12,12,16,158.70,27.0,5.362,0.0,25.0,7.05,,,,,
8298,12,12,17,170.83,26.4,5.362,0.0,0.0,8.13,,,,,
8299,12,12,18,161.82,26.2,5.362,0.0,0.0,8.36,,,,,
8300,12,12,19,165.27,25.9,5.362,0.0,0.0,7.80,,,,,
8301,12,12,20,183.26,25.3,5.362,0.0,0.0,7.57,,,,,
8302,12,12,21,171.02,24.3,5.362,0.0,0.0,6.34,,,,,
8303,12,12,22,150.27,22.5,5.362,0.0,0.0,5.58,,,,,
8304,12,12,23,136.02,21.9,5.362,0.0,0.0,6.85,,,,,
8305,12,13,0,132.28,20.8,5.362,0.0,0.0,8.28,,,,,
8306,12,13,1,132.63,20.1,5.362,0.0,0.0,8.33,,,,,
8307,12,13,2,124.79,19.4,5.362,0.0,0.0,7.83,,,,,
8308,12,13,3,129.23,18.3,5.362,0.0,0.0,7.88,,,,,
8309,12,13,4,134.81,17.8,5.362,0.0,0.0,6.21,,,,,
8310,12,13,5,131.35,18.3,5.362,0.0,0.0,7.05,,,,,
8311,12,13,6,125.13,19.4,5.362,0.0,0.0,13.47,,,,,
8312,12,13,7,149.71,19.8,5.362,0.0,0.0,12.88,,,,,
8313,12,13,8,159.59,21.4,5.362,236.5,89.0,14.40,,,,,
8314,12,13,9,160.47,25.7,5.362,383.8,204.0,16.93,,,,,
8315,12,13,10,186.73,28.4,5.362,767.2,345.0,16.75,,,,,
8316,12,13,11,161.35,29.7,5.362,892.7,412.0,15.74,,,,,
8317,12,13,12,157.01,30.2,5.362,371.3,300.0,14.90,,,,,
8318,12,13,13,158.17,30.4,5.362,324.8,272.0,13.79,,,,,
8319,12,13,14,157.71,30.2,5.362,338.0,232.0,13.88,,,,,
8320,12,13,15,163.67,29.3,5.362,57.2,64.0,13.39,,,,,
8321,12,13,16,187.48,27.3,5.362,0.0,22.0,13.28,,,,,
8322,12,13,17,211.58,26.2,5.362,0.0,0.0,11.14,,,,,
8323,12,13,18,191.15,26.1,5.362,0.0,0.0,13.50,,,,,
8324,12,13,19,181.92,25.9,5.362,0.0,0.0,11.82,,,,,
8325,12,13,20,167.94,25.9,5.362,0.0,0.0,12.69,,,,,
8326,12,13,21,150.53,25.9,5.362,0.0,0.0,13.96,,,,,
8327,12,13,22,151.85,25.9,5.362,0.0,0.0,14.79,,,,,
8328,12,13,23,150.06,26.1,5.362,0.0,0.0,12.55,,,,,
8329,12,14,0,144.29,26.2,5.362,0.0,0.0,8.45,,,,,
8330,12,14,1,142.86,26.2,5.362,0.0,0.0,12.24,,,,,
8331,12,14,2,137.97,26.1,5.362,0.0,0.0,13.26,,,,,
8332,12,14,3,138.60,25.7,5.362,0.0,0.0,11.35,,,,,
8333,12,14,4,138.30,25.3,5.362,0.0,0.0,9.37,,,,,
8334,12,14,5,138.98,24.8,5.362,0.0,0.0,7.73,,,,,
8335,12,14,6,137.63,24.3,5.362,0.0,0.0,5.36,,,,,
8336,12,14,7,113.99,23.7,5.362,0.0,0.0,3.51,,,,,
8337,12,14,8,124.95,24.6,5.362,52.6,55.0,5.07,,,,,
8338,12,14,9,166.75,25.5,5.362,468.8,216.0,5.69,,,,,
8339,12,14,10,190.84,25.9,5.362,79.9,87.0,7.04,,,,,
8340,12,14,11,195.47,26.2,5.362,223.3,242.0,7.94,,,,,
8341,12,14,12,176.47,26.4,5.362,340.3,301.0,8.78,,,,,
8342,12,14,13,177.48,26.4,5.362,460.7,325.0,9.75,,,,,
8343,12,14,14,178.37,25.7,5.362,158.2,173.0,10.47,,,,,
8344,12,14,15,194.64,24.6,5.362,59.9,67.0,9.66,,,,,
8345,12,14,16,208.29,22.8,5.362,0.0,17.0,9.54,,,,,
8346,12,14,17,220.07,21.0,5.362,0.0,0.0,10.54,,,,,
8347,12,14,18,177.80,19.2,5.362,0.0,0.0,10.84,,,,,
8348,12,14,19,167.89,17.4,5.362,0.0,0.0,11.01,,,,,
8349,12,14,20,167.59,15.4,5.362,0.0,0.0,11.46,,,,,
8350,12,14,21,156.62,13.5,5.362,0.0,0.0,13.13,,,,,
8351,12,14,22,146.32,11.5,5.362,0.0,0.0,13.68,,,,,
8352,12,14,23,120.29,9.9,5.362,0.0,0.0,14.47,,,,,
8353,12,15,0,159.63,8.6,5.362,0.0,0.0,14.94,,,,,
8354,12,15,1,163.45,7.9,5.362,0.0,0.0,16.60,,,,,
8355,12,15,2,160.52,7.9,5.362,0.0,0.0,17.57,,,,,
8356,12,15,3,160.34,8.1,5.362,0.0,0.0,18.64,,,,,
8357,12,15,4,168.81,8.2,5.362,0.0,0.0,18.88,,,,,
8358,12,15,5,183.75,8.4,5.362,0.0,0.0,20.29,,,,,
8359,12,15,6,230.31,8.4,5.362,0.0,0.0,21.71,,,,,
8360,12,15,7,242.14,8.6,5.362,0.0,0.0,21.40,,,,,
8361,12,15,8,205.71,10.8,5.362,268.6,93.0,19.45,,,,,
8362,12,15,9,184.43,14.0,5.362,590.4,239.0,20.24,,,,,
8363,12,15,10,170.83,17.1,5.362,819.0,359.0,18.64,,,,,
8364,12,15,11,165.92,19.0,5.362,946.2,426.0,18.29,,,,,
8365,12,15,12,165.51,19.9,5.362,993.2,441.0,18.20,,,,,
8366,12,15,13,167.10,20.1,5.362,947.4,395.0,19.10,,,,,
8367,12,15,14,187.90,19.8,5.362,623.3,267.0,19.47,,,,,
8368,12,15,15,207.16,19.0,5.362,755.2,163.0,17.17,,,,,
8369,12,15,16,250.45,18.3,5.362,0.0,27.0,19.23,,,,,
8370,12,15,17,254.93,18.0,5.362,0.0,0.0,19.12,,,,,
8371,12,15,18,245.68,17.6,5.362,0.0,0.0,18.77,,,,,
8372,12,15,19,242.91,16.9,5.362,0.0,0.0,19.50,,,,,
8373,12,15,20,236.58,15.3,5.362,0.0,0.0,18.42,,,,,
8374,12,15,21,199.87,14.2,5.362,0.0,0.0,19.01,,,,,
8375,12,15,22,171.13,14.4,5.362,0.0,0.0,18.12,,,,,
8376,12,15,23,161.57,14.5,5.362,0.0,0.0,17.83,,,,,
8377,12,16,0,183.14,14.9,5.362,0.0,0.0,16.35,,,,,
8378,12,16,1,182.54,15.8,5.362,0.0,0.0,14.77,,,,,
8379,12,16,2,181.81,16.2,5.362,0.0,0.0,16.61,,,,,
8380,12,16,3,186.11,16.2,5.362,0.0,0.0,17.27,,,,,
8381,12,16,4,188.68,15.4,5.362,0.0,0.0,13.09,,,,,
8382,12,16,5,186.79,13.6,5.362,0.0,0.0,10.32,,,,,
8383,12,16,6,212.20,12.4,5.362,0.0,0.0,9.64,,,,,
8384,12,16,7,243.75,12.6,5.362,0.0,0.0,8.69,,,,,
8385,12,16,8,201.67,16.2,5.362,242.1,88.0,4.24,,,,,
8386,12,16,9,163.04,22.6,5.362,563.3,233.0,7.47,,,,,
8387,12,16,10,143.58,26.6,5.362,793.6,352.0,6.90,,,,,
8388,12,16,11,141.62,29.1,5.362,935.0,424.0,4.66,,,,,
8389,12,16,12,139.34,30.2,5.362,985.8,440.0,4.90,,,,,
8390,12,16,13,149.35,30.4,5.362,938.2,393.0,2.58,,,,,
8391,12,16,14,146.78,29.5,5.362,834.2,298.0,3.27,,,,,
8392,12,16,15,179.70,27.0,5.362,754.1,164.0,3.37,,,,,
8393,12,16,16,213.72,23.2,5.362,0.0,12.0,4.74,,,,,
8394,12,16,17,236.32,21.7,5.362,0.0,0.0,5.60,,,,,
8395,12,16,18,209.66,21.0,5.362,0.0,0.0,6.17,,,,,
8396,12,16,19,199.13,22.1,5.362,0.0,0.0,5.25,,,,,
8397,12,16,20,193.70,23.4,5.362,0.0,0.0,4.14,,,,,
8398,12,16,21,175.99,23.5,5.362,0.0,0.0,5.54,,,,,
8399,12,16,22,161.41,22.8,5.362,0.0,0.0,6.60,,,,,
8400,12,16,23,155.01,21.7,5.362,0.0,0.0,6.24,,,,,
8401,12,17,0,98.83,20.7,5.362,0.0,0.0,6.16,,,,,
8402,12,17,1,86.44,19.9,5.362,0.0,0.0,6.52,,,,,
8403,12,17,2,75.94,19.8,5.362,0.0,0.0,5.78,,,,,
8404,12,17,3,87.32,19.8,5.362,0.0,0.0,7.76,,,,,
8405,12,17,4,85.58,19.8,5.362,0.0,0.0,8.83,,,,,
8406,12,17,5,98.15,19.9,5.362,0.0,0.0,8.97,,,,,
8407,12,17,6,131.53,20.7,5.362,0.0,0.0,7.16,,,,,
8408,12,17,7,174.43,22.1,5.362,0.0,0.0,6.32,,,,,
8409,12,17,8,125.32,25.0,5.362,4.5,5.0,5.29,,,,,
8410,12,17,9,93.13,28.9,5.362,59.9,67.0,5.74,,,,,
8411,12,17,10,65.70,33.1,5.362,726.7,330.0,6.48,,,,,
8412,12,17,11,66.19,36.5,5.362,53.6,60.0,6.82,,,,,
8413,12,17,12,78.14,37.9,5.362,423.1,330.0,7.24,,,,,
8414,12,17,13,84.43,38.7,5.362,11.6,13.0,7.84,,,,,
8415,12,17,14,72.79,38.7,5.362,158.8,170.0,7.33,,,,,
8416,12,17,15,66.50,38.1,5.362,112.3,103.0,6.05,,,,,
8417,12,17,16,79.30,37.2,5.362,0.0,25.0,6.11,,,,,
8418,12,17,17,89.37,37.0,5.362,0.0,0.0,6.60,,,,,
8419,12,17,18,75.06,36.7,5.362,0.0,0.0,5.46,,,,,
8420,12,17,19,71.52,36.3,5.362,0.0,0.0,3.79,,,,,
8421,12,17,20,68.11,35.8,5.362,0.0,0.0,5.52,,,,,
8422,12,17,21,66.37,34.9,5.362,0.0,0.0,5.72,,,,,
8423,12,17,22,56.42,33.8,5.362,0.0,0.0,6.11,,,,,
8424,12,17,23,51.94,33.4,5.362,0.0,0.0,6.35,,,,,
8425,12,18,0,65.04,32.2,5.362,0.0,0.0,7.59,,,,,
8426,12,18,1,81.60,28.2,5.362,0.0,0.0,11.58,,,,,
8427,12,18,2,70.76,26.2,5.362,0.0,0.0,12.06,,,,,
8428,12,18,3,68.51,25.3,5.362,0.0,0.0,15.40,,,,,
8429,12,18,4,74.51,24.6,5.362,0.0,0.0,14.40,,,,,
8430,12,18,5,95.23,26.1,5.362,0.0,0.0,18.28,,,,,
8431,12,18,6,97.38,28.2,5.362,0.0,0.0,16.69,,,,,
8432,12,18,7,108.23,26.8,5.362,0.0,0.0,15.20,,,,,
8433,12,18,8,90.03,27.9,5.362,250.3,87.0,16.97,,,,,
8434,12,18,9,63.58,33.6,5.362,572.8,232.0,17.03,,,,,
8435,12,18,10,46.05,36.9,5.362,792.3,347.0,17.07,,,,,
8436,12,18,11,44.62,39.6,5.362,932.0,419.0,14.60,,,,,
8437,12,18,12,37.26,40.8,5.362,970.3,431.0,13.22,,,,,
8438,12,18,13,41.58,41.2,5.362,927.3,387.0,9.61,,,,,
8439,12,18,14,44.93,40.3,5.362,291.3,209.0,11.97,,,,,
8440,12,18,15,56.88,38.3,5.362,716.4,158.0,14.75,,,,,
8441,12,18,16,77.50,35.8,5.362,0.0,25.0,18.54,,,,,
8442,12,18,17,79.88,35.2,5.362,0.0,0.0,19.89,,,,,
8443,12,18,18,74.18,35.6,5.362,0.0,0.0,19.38,,,,,
8444,12,18,19,65.29,36.0,5.362,0.0,0.0,17.35,,,,,
8445,12,18,20,62.97,36.5,5.362,0.0,0.0,16.79,,,,,
8446,12,18,21,67.18,37.2,5.362,0.0,0.0,15.44,,,,,
8447,12,18,22,57.82,37.9,5.362,0.0,0.0,14.33,,,,,
8448,12,18,23,50.02,38.7,5.362,0.0,0.0,12.07,,,,,
8449,12,19,0,78.82,39.4,5.362,0.0,0.0,11.06,,,,,
8450,12,19,1,78.14,40.3,5.362,0.0,0.0,11.26,,,,,
8451,12,19,2,64.92,41.2,5.362,0.0,0.0,11.04,,,,,
8452,12,19,3,53.20,42.8,5.362,0.0,0.0,10.21,,,,,
8453,12,19,4,61.40,43.9,5.362,0.0,0.0,8.61,,,,,
8454,12,19,5,74.02,45.3,5.362,0.0,0.0,7.44,,,,,
8455,12,19,6,51.28,47.1,5.362,0.0,0.0,8.04,,,,,
8456,12,19,7,50.45,48.9,5.362,0.0,0.0,8.22,,,,,
8457,12,19,8,52.18,50.7,5.362,168.9,69.0,12.08,,,,,
8458,12,19,9,63.93,52.5,5.362,52.4,56.0,11.13,,,,,
8459,12,19,10,81.93,54.3,5.362,101.5,111.0,13.29,,,,,
8460,12,19,11,89.72,55.6,5.362,783.7,369.0,13.29,,,,,
8461,12,19,12,77.89,54.9,5.362,830.2,385.0,12.57,,,,,
8462,12,19,13,67.52,52.7,5.362,250.0,243.0,11.43,,,,,
8463,12,19,14,62.19,47.1,5.362,750.5,274.0,13.11,,,,,
8464,12,19,15,65.13,40.5,5.362,452.5,142.0,14.76,,,,,
8465,12,19,16,68.50,36.7,5.362,0.0,17.0,13.39,,,,,
8466,12,19,17,66.20,34.9,5.362,0.0,0.0,13.29,,,,,
8467,12,19,18,70.60,33.6,5.362,0.0,0.0,12.28,,,,,
8468,12,19,19,66.61,32.0,5.362,0.0,0.0,11.47,,,,,
8469,12,19,20,68.30,30.4,5.362,0.0,0.0,11.30,,,,,
8470,12,19,21,63.66,29.1,5.362,0.0,0.0,11.72,,,,,
8471,12,19,22,54.97,28.4,5.362,0.0,0.0,11.67,,,,,
8472,12,19,23,48.96,27.7,5.362,0.0,0.0,11.61,,,,,
8473,12,20,0,71.77,27.0,5.362,0.0,0.0,13.01,,,,,
8474,12,20,1,57.62,27.0,5.362,0.0,0.0,12.41,,,,,
8475,12,20,2,54.27,27.1,5.362,0.0,0.0,13.02,,,,,
8476,12,20,3,54.78,27.0,5.362,0.0,0.0,13.63,,,,,
8477,12,20,4,54.61,26.1,5.362,0.0,0.0,12.60,,,,,
8478,12,20,5,57.03,25.2,5.362,0.0,0.0,13.61,,,,,
8479,12,20,6,63.31,24.3,5.362,0.0,0.0,8.62,,,,,
8480,12,20,7,68.42,23.5,5.362,0.0,0.0,7.74,,,,,
8481,12,20,8,51.53,25.0,5.362,244.1,83.0,7.30,,,,,
8482,12,20,9,51.71,28.0,5.362,555.6,222.0,7.46,,,,,
8483,12,20,10,57.44,30.9,5.362,779.7,338.0,7.05,,,,,
8484,12,20,11,51.46,33.4,5.362,906.6,405.0,10.06,,,,,
8485,12,20,12,51.51,34.9,5.362,956.4,422.0,10.08,,,,,
8486,12,20,13,57.96,34.9,5.362,915.5,380.0,9.24,,,,,
8487,12,20,14,71.01,34.3,5.362,110.7,111.0,9.06,,,,,
8488,12,20,15,88.00,32.7,5.362,457.8,136.0,9.59,,,,,
8489,12,20,16,97.04,29.5,5.362,0.0,28.0,10.33,,,,,
8490,12,20,17,118.34,29.8,5.362,0.0,0.0,11.44,,,,,
8491,12,20,18,111.94,29.8,5.362,0.0,0.0,11.62,,,,,
8492,12,20,19,88.42,30.0,5.362,0.0,0.0,10.16,,,,,
8493,12,20,20,90.84,30.4,5.362,0.0,0.0,10.47,,,,,
8494,12,20,21,74.63,30.7,5.362,0.0,0.0,10.78,,,,,
8495,12,20,22,63.84,31.5,5.362,0.0,0.0,10.84,,,,,
8496,12,20,23,56.32,32.0,5.362,0.0,0.0,11.58,,,,,
8497,12,21,0,54.09,32.4,5.362,0.0,0.0,10.69,,,,,
8498,12,21,1,51.38,32.5,5.362,0.0,0.0,10.34,,,,,
8499,12,21,2,50.35,32.7,5.362,0.0,0.0,11.70,,,,,
8500,12,21,3,50.79,32.7,5.362,0.0,0.0,11.24,,,,,
8501,12,21,4,51.91,32.5,5.362,0.0,0.0,10.17,,,,,
8502,12,21,5,53.49,31.8,5.362,0.0,0.0,9.87,,,,,
8503,12,21,6,47.60,31.1,5.362,0.0,0.0,9.31,,,,,
8504,12,21,7,57.05,31.3,5.362,0.0,0.0,10.04,,,,,
8505,12,21,8,62.31,34.2,5.362,39.3,44.0,9.55,,,,,
8506,12,21,9,57.32,36.3,5.362,228.0,165.0,11.00,,,,,
8507,12,21,10,60.93,35.6,5.362,106.9,117.0,9.92,,,,,
8508,12,21,11,54.45,34.0,5.362,420.5,302.0,10.14,,,,,
8509,12,21,12,55.05,33.1,5.362,325.0,279.0,7.42,,,,,
8510,12,21,13,48.19,32.9,5.362,909.4,382.0,6.76,,,,,
8511,12,21,14,55.79,32.0,5.362,800.2,290.0,7.37,,,,,
8512,12,21,15,56.43,30.6,5.362,100.4,98.0,6.71,,,,,
8513,12,21,16,87.55,28.9,5.362,0.0,18.0,7.06,,,,,
8514,12,21,17,96.84,28.2,5.362,0.0,0.0,5.74,,,,,
8515,12,21,18,95.52,27.7,5.362,0.0,0.0,4.75,,,,,
8516,12,21,19,78.77,27.7,5.362,0.0,0.0,4.67,,,,,
8517,12,21,20,72.02,27.7,5.362,0.0,0.0,3.89,,,,,
8518,12,21,21,59.03,27.5,5.362,0.0,0.0,5.02,,,,,
8519,12,21,22,57.14,27.0,5.362,0.0,0.0,5.55,,,,,
8520,12,21,23,55.48,26.2,5.362,0.0,0.0,3.78,,,,,
8521,12,22,0,56.54,24.8,5.362,0.0,0.0,5.69,,,,,
8522,12,22,1,56.30,23.5,5.362,0.0,0.0,5.20,,,,,
8523,12,22,2,52.07,22.1,5.362,0.0,0.0,5.77,,,,,
8524,12,22,3,52.41,20.8,5.362,0.0,0.0,4.74,,,,,
8525,12,22,4,57.33,19.6,5.362,0.0,0.0,5.42,,,,,
8526,12,22,5,65.20,18.7,5.362,0.0,0.0,5.23,,,,,
8527,12,22,6,73.45,18.0,5.362,0.0,0.0,6.01,,,,,
8528,12,22,7,104.61,17.2,5.362,0.0,0.0,6.49,,,,,
8529,12,22,8,72.70,18.9,5.362,41.1,46.0,3.64,,,,,
8530,12,22,9,54.86,21.7,5.362,546.8,218.0,3.12,,,,,
8531,12,22,10,54.89,24.6,5.362,771.2,334.0,2.73,,,,,
8532,12,22,11,52.14,27.1,5.362,901.8,403.0,1.01,,,,,
8533,12,22,12,50.99,29.1,5.362,951.4,421.0,0.43,,,,,
8534,12,22,13,52.97,30.4,5.362,911.0,380.0,1.27,,,,,
8535,12,22,14,66.56,30.4,5.362,809.0,290.0,2.05,,,,,
8536,12,22,15,79.00,28.9,5.362,97.4,95.0,1.93,,,,,
8537,12,22,16,96.54,23.9,5.362,0.0,30.0,2.22,,,,,
8538,12,22,17,108.69,22.3,5.362,0.0,0.0,1.88,,,,,
8539,12,22,18,99.22,21.7,5.362,0.0,0.0,2.82,,,,,
8540,12,22,19,95.06,21.7,5.362,0.0,0.0,2.71,,,,,
8541,12,22,20,96.19,21.9,5.362,0.0,0.0,3.18,,,,,
8542,12,22,21,92.26,21.7,5.362,0.0,0.0,3.55,,,,,
8543,12,22,22,80.93,21.0,5.362,0.0,0.0,3.71,,,,,
8544,12,22,23,75.52,20.5,5.362,0.0,0.0,2.38,,,,,
8545,12,23,0,104.71,20.1,5.362,0.0,0.0,3.48,,,,,
8546,12,23,1,105.51,19.9,5.362,0.0,0.0,4.55,,,,,
8547,12,23,2,94.27,20.3,5.362,0.0,0.0,5.50,,,,,
8548,12,23,3,92.20,21.0,5.362,0.0,0.0,4.78,,,,,
8549,12,23,4,100.19,22.1,5.362,0.0,0.0,3.59,,,,,
8550,12,23,5,106.97,23.2,5.362,0.0,0.0,4.20,,,,,
8551,12,23,6,108.75,24.1,5.362,0.0,0.0,4.57,,,,,
8552,12,23,7,129.34,24.4,5.362,0.0,0.0,4.30,,,,,
8553,12,23,8,128.14,26.1,5.362,185.8,70.0,4.73,,,,,
8554,12,23,9,131.35,28.4,5.362,149.3,134.0,5.07,,,,,
8555,12,23,10,134.61,30.4,5.362,51.8,58.0,5.01,,,,,
8556,12,23,11,135.90,32.7,5.362,115.8,123.0,3.64,,,,,
8557,12,23,12,135.84,35.2,5.362,115.0,124.0,2.85,,,,,
8558,12,23,13,134.77,36.0,5.362,6.3,7.0,3.45,,,,,
8559,12,23,14,125.17,35.4,5.362,55.4,62.0,3.26,,,,,
8560,12,23,15,124.68,34.2,5.362,94.5,86.0,3.34,,,,,
8561,12,23,16,133.29,32.2,5.362,0.0,26.0,4.16,,,,,
8562,12,23,17,134.15,31.8,5.362,0.0,0.0,3.93,,,,,
8563,12,23,18,133.53,31.5,5.362,0.0,0.0,3.38,,,,,
8564,12,23,19,120.13,31.3,5.362,0.0,0.0,5.44,,,,,
8565,12,23,20,119.56,30.9,5.362,0.0,0.0,3.77,,,,,
8566,12,23,21,101.60,31.1,5.362,0.0,0.0,5.17,,,,,
8567,12,23,22,98.13,31.1,5.362,0.0,0.0,6.35,,,,,
8568,12,23,23,90.91,31.1,5.362,0.0,0.0,5.21,,,,,
8569,12,24,0,83.88,31.5,5.362,0.0,0.0,3.33,,,,,
8570,12,24,1,93.77,32.7,5.362,0.0,0.0,4.27,,,,,
8571,12,24,2,87.28,33.4,5.362,0.0,0.0,5.02,,,,,
8572,12,24,3,79.59,33.8,5.362,0.0,0.0,5.95,,,,,
8573,12,24,4,87.21,34.0,5.362,0.0,0.0,5.58,,,,,
8574,12,24,5,87.60,33.6,5.362,0.0,0.0,5.96,,,,,
8575,12,24,6,77.17,33.3,5.362,0.0,0.0,4.81,,,,,
8576,12,24,7,82.46,32.9,5.362,0.0,0.0,4.63,,,,,
8577,12,24,8,98.86,33.6,5.362,167.7,68.0,5.58,,,,,
8578,12,24,9,78.96,34.7,5.362,17.0,19.0,3.87,,,,,
8579,12,24,10,66.03,34.7,5.362,81.7,89.0,4.29,,,,,
8580,12,24,11,63.51,34.0,5.362,126.0,141.0,4.49,,,,,
8581,12,24,12,59.07,33.4,5.362,269.3,253.0,4.20,,,,,
8582,12,24,13,55.25,33.1,5.362,118.7,130.0,3.61,,,,,
8583,12,24,14,70.47,32.4,5.362,199.1,184.0,3.67,,,,,
8584,12,24,15,59.70,30.9,5.362,100.9,99.0,2.05,,,,,
8585,12,24,16,73.79,27.0,5.362,0.0,32.0,2.50,,,,,
8586,12,24,17,105.83,24.4,5.362,0.0,0.0,2.05,,,,,
8587,12,24,18,86.55,22.5,5.362,0.0,0.0,1.94,,,,,
8588,12,24,19,91.14,21.2,5.362,0.0,0.0,2.07,,,,,
8589,12,24,20,108.40,20.5,5.362,0.0,0.0,3.20,,,,,
8590,12,24,21,86.20,20.3,5.362,0.0,0.0,3.27,,,,,
8591,12,24,22,83.35,21.7,5.362,0.0,0.0,1.57,,,,,
8592,12,24,23,92.20,22.3,5.362,0.0,0.0,1.22,,,,,
8593,12,25,0,107.56,22.5,5.362,0.0,0.0,2.31,,,,,
8594,12,25,1,112.87,22.6,5.362,0.0,0.0,2.34,,,,,
8595,12,25,2,93.36,22.8,5.362,0.0,0.0,2.87,,,,,
8596,12,25,3,91.50,22.8,5.362,0.0,0.0,1.70,,,,,
8597,12,25,4,96.57,23.5,5.362,0.0,0.0,1.65,,,,,
8598,12,25,5,91.45,23.9,5.362,0.0,0.0,2.38,,,,,
8599,12,25,6,77.36,23.9,5.362,0.0,0.0,2.00,,,,,
8600,12,25,7,76.33,24.8,5.362,0.0,0.0,2.03,,,,,
8601,12,25,8,84.94,27.0,5.362,9.8,11.0,2.73,,,,,
8602,12,25,9,112.14,29.8,5.362,46.1,49.0,2.81,,,,,
8603,12,25,10,99.34,33.6,5.362,47.4,53.0,2.30,,,,,
8604,12,25,11,95.15,36.7,5.362,156.5,168.0,2.59,,,,,
8605,12,25,12,80.39,37.2,5.362,79.5,89.0,3.82,,,,,
8606,12,25,13,68.58,36.5,5.362,413.6,285.0,3.36,,,,,
8607,12,25,14,64.37,34.5,5.362,378.4,226.0,3.97,,,,,
8608,12,25,15,64.39,30.9,5.362,6.3,7.0,4.08,,,,,
8609,12,25,16,64.26,26.8,5.362,0.0,2.0,2.96,,,,,
8610,12,25,17,54.76,23.5,5.362,0.0,0.0,3.56,,,,,
8611,12,25,18,54.53,21.2,5.362,0.0,0.0,3.62,,,,,
8612,12,25,19,69.21,19.0,5.362,0.0,0.0,3.59,,,,,
8613,12,25,20,54.86,17.2,5.362,0.0,0.0,5.78,,,,,
8614,12,25,21,72.00,15.4,5.362,0.0,0.0,4.00,,,,,
8615,12,25,22,71.56,14.0,5.362,0.0,0.0,3.01,,,,,
8616,12,25,23,74.00,12.7,5.362,0.0,0.0,3.45,,,,,
8617,12,26,0,129.17,11.3,5.362,0.0,0.0,3.13,,,,,
8618,12,26,1,132.03,10.0,5.362,0.0,0.0,3.10,,,,,
8619,12,26,2,121.98,9.0,5.362,0.0,0.0,3.27,,,,,
8620,12,26,3,126.13,7.9,5.362,0.0,0.0,4.43,,,,,
8621,12,26,4,129.56,7.0,5.362,0.0,0.0,5.62,,,,,
8622,12,26,5,107.95,5.5,5.362,0.0,0.0,6.27,,,,,
8623,12,26,6,137.09,4.8,5.362,0.0,0.0,7.18,,,,,
8624,12,26,7,139.07,4.5,5.362,0.0,0.0,6.31,,,,,
8625,12,26,8,138.23,7.3,5.362,45.6,47.0,6.19,,,,,
8626,12,26,9,135.77,10.6,5.362,312.9,178.0,5.56,,,,,
8627,12,26,10,119.36,13.1,5.362,499.9,278.0,4.68,,,,,
8628,12,26,11,119.95,15.3,5.362,395.9,280.0,4.42,,,,,
8629,12,26,12,119.41,17.1,5.362,312.1,257.0,4.69,,,,,
8630,12,26,13,121.07,17.8,5.362,407.9,270.0,3.87,,,,,
8631,12,26,14,138.46,18.1,5.362,578.5,248.0,5.39,,,,,
8632,12,26,15,161.03,17.6,5.362,159.4,112.0,4.20,,,,,
8633,12,26,16,197.20,16.5,5.362,0.0,33.0,5.02,,,,,
8634,12,26,17,205.84,16.3,5.362,0.0,0.0,4.96,,,,,
8635,12,26,18,196.94,16.3,5.362,0.0,0.0,6.13,,,,,
8636,12,26,19,193.86,16.7,5.362,0.0,0.0,6.75,,,,,
8637,12,26,20,196.29,16.5,5.362,0.0,0.0,6.38,,,,,
8638,12,26,21,172.06,16.3,5.362,0.0,0.0,6.12,,,,,
8639,12,26,22,159.74,16.2,5.362,0.0,0.0,6.40,,,,,
8640,12,26,23,156.86,16.2,5.362,0.0,0.0,6.97,,,,,
8641,12,27,0,149.09,15.8,5.362,0.0,0.0,5.95,,,,,
8642,12,27,1,139.23,15.6,5.362,0.0,0.0,6.16,,,,,
8643,12,27,2,138.69,15.4,5.362,0.0,0.0,6.00,,,,,
8644,12,27,3,138.68,15.1,5.362,0.0,0.0,8.47,,,,,
8645,12,27,4,137.81,14.7,5.362,0.0,0.0,7.46,,,,,
8646,12,27,5,142.04,14.2,5.362,0.0,0.0,6.15,,,,,
8647,12,27,6,123.15,13.5,5.362,0.0,0.0,4.00,,,,,
8648,12,27,7,110.23,12.6,5.362,0.0,0.0,5.81,,,,,
8649,12,27,8,122.00,14.4,5.362,19.7,22.0,4.98,,,,,
8650,12,27,9,139.36,17.6,5.362,474.8,206.0,5.44,,,,,
8651,12,27,10,134.97,20.7,5.362,102.8,115.0,7.35,,,,,
8652,12,27,11,130.30,23.2,5.362,135.4,149.0,4.99,,,,,
8653,12,27,12,131.69,25.3,5.362,171.4,189.0,2.55,,,,,
8654,12,27,13,117.33,26.6,5.362,310.6,295.0,2.72,,,,,
8655,12,27,14,117.21,26.8,5.362,186.6,194.0,3.28,,,,,
8656,12,27,15,112.20,24.6,5.362,734.5,175.0,3.06,,,,,
8657,12,27,16,138.16,18.5,5.362,0.0,37.0,4.85,,,,,
8658,12,27,17,154.40,16.3,5.362,0.0,0.0,2.66,,,,,
8659,12,27,18,110.87,15.6,5.362,0.0,0.0,3.07,,,,,
8660,12,27,19,98.11,14.7,5.362,0.0,0.0,4.00,,,,,
8661,12,27,20,101.81,13.5,5.362,0.0,0.0,4.34,,,,,
8662,12,27,21,104.90,12.7,5.362,0.0,0.0,4.84,,,,,
8663,12,27,22,126.81,12.2,5.362,0.0,0.0,4.29,,,,,
8664,12,27,23,115.78,11.7,5.362,0.0,0.0,1.81,,,,,
8665,12,28,0,129.70,11.1,5.362,0.0,0.0,2.66,,,,,
8666,12,28,1,138.77,10.4,5.362,0.0,0.0,4.42,,,,,
8667,12,28,2,137.35,10.2,5.362,0.0,0.0,3.23,,,,,
8668,12,28,3,140.67,10.0,5.362,0.0,0.0,3.61,,,,,
8669,12,28,4,130.62,9.9,5.362,0.0,0.0,5.27,,,,,
8670,12,28,5,132.72,9.5,5.362,0.0,0.0,7.15,,,,,
8671,12,28,6,116.58,9.5,5.362,0.0,0.0,8.45,,,,,
8672,12,28,7,135.11,9.9,5.362,0.0,0.0,6.21,,,,,
8673,12,28,8,137.25,13.8,5.362,217.0,75.0,6.59,,,,,
8674,12,28,9,148.66,20.5,5.362,537.1,217.0,6.37,,,,,
8675,12,28,10,127.34,25.0,5.362,769.4,338.0,7.20,,,,,
8676,12,28,11,122.43,28.6,5.362,817.3,395.0,7.57,,,,,
8677,12,28,12,108.87,30.9,5.362,851.8,408.0,8.19,,,,,
8678,12,28,13,123.73,31.5,5.362,831.5,375.0,7.69,,,,,
8679,12,28,14,118.28,31.1,5.362,733.6,298.0,8.48,,,,,
8680,12,28,15,128.02,28.8,5.362,329.5,143.0,8.15,,,,,
8681,12,28,16,167.81,26.1,5.362,0.0,38.0,6.85,,,,,
8682,12,28,17,175.56,25.9,5.362,0.0,0.0,7.04,,,,,
8683,12,28,18,139.57,25.7,5.362,0.0,0.0,8.20,,,,,
8684,12,28,19,105.35,25.2,5.362,0.0,0.0,7.61,,,,,
8685,12,28,20,132.63,25.3,5.362,0.0,0.0,7.84,,,,,
8686,12,28,21,121.21,26.2,5.362,0.0,0.0,7.53,,,,,
8687,12,28,22,126.11,27.3,5.362,0.0,0.0,4.51,,,,,
8688,12,28,23,110.91,28.0,5.362,0.0,0.0,7.10,,,,,
8689,12,29,0,127.58,28.6,5.362,0.0,0.0,7.20,,,,,
8690,12,29,1,125.84,29.8,5.362,0.0,0.0,5.79,,,,,
8691,12,29,2,117.43,32.0,5.362,0.0,0.0,4.19,,,,,
8692,12,29,3,107.12,34.0,5.362,0.0,0.0,3.78,,,,,
8693,12,29,4,113.33,34.9,5.362,0.0,0.0,2.38,,,,,
8694,12,29,5,118.49,35.1,5.362,0.0,0.0,2.34,,,,,
8695,12,29,6,110.32,35.4,5.362,0.0,0.0,5.05,,,,,
8696,12,29,7,148.83,35.4,5.362,0.0,0.0,4.00,,,,,
8697,12,29,8,146.86,35.6,5.362,53.5,52.0,4.34,,,,,
8698,12,29,9,138.89,35.8,5.362,47.4,53.0,0.68,,,,,
8699,12,29,10,155.79,36.3,5.362,81.7,89.0,6.89,,,,,
8700,12,29,11,142.03,36.7,5.362,102.2,112.0,5.96,,,,,
8701,12,29,12,140.28,36.9,5.362,124.7,137.0,5.79,,,,,
8702,12,29,13,126.43,36.9,5.362,115.9,127.0,6.44,,,,,
8703,12,29,14,121.46,36.9,5.362,201.7,182.0,7.43,,,,,
8704,12,29,15,116.90,36.7,5.362,481.2,159.0,7.55,,,,,
8705,12,29,16,131.75,35.8,5.362,0.0,27.0,8.06,,,,,
8706,12,29,17,134.45,34.5,5.362,0.0,0.0,10.22,,,,,
8707,12,29,18,110.50,32.4,5.362,0.0,0.0,11.74,,,,,
8708,12,29,19,114.92,30.0,5.362,0.0,0.0,13.15,,,,,
8709,12,29,20,110.89,27.9,5.362,0.0,0.0,13.28,,,,,
8710,12,29,21,109.01,26.6,5.362,0.0,0.0,12.55,,,,,
8711,12,29,22,102.28,25.2,5.362,0.0,0.0,12.94,,,,,
8712,12,29,23,90.08,23.0,5.362,0.0,0.0,11.61,,,,,
8713,12,30,0,94.83,21.4,5.362,0.0,0.0,12.29,,,,,
8714,12,30,1,86.12,20.7,5.362,0.0,0.0,11.80,,,,,
8715,12,30,2,86.09,19.8,5.362,0.0,0.0,11.28,,,,,
8716,12,30,3,68.34,18.5,5.362,0.0,0.0,11.25,,,,,
8717,12,30,4,61.17,17.6,5.362,0.0,0.0,10.17,,,,,
8718,12,30,5,79.42,17.4,5.362,0.0,0.0,10.33,,,,,
8719,12,30,6,91.30,17.2,5.362,0.0,0.0,8.56,,,,,
8720,12,30,7,112.22,17.4,5.362,0.0,0.0,7.96,,,,,
8721,12,30,8,119.22,18.0,5.362,166.9,69.0,8.00,,,,,
8722,12,30,9,106.82,18.3,5.362,498.4,213.0,10.04,,,,,
8723,12,30,10,114.00,18.5,5.362,545.5,314.0,9.46,,,,,
8724,12,30,11,118.46,18.5,5.362,358.4,324.0,9.71,,,,,
8725,12,30,12,111.92,18.9,5.362,557.9,373.0,8.11,,,,,
8726,12,30,13,101.39,19.0,5.362,420.4,326.0,11.00,,,,,
8727,12,30,14,111.63,19.2,5.362,287.3,242.0,10.99,,,,,
8728,12,30,15,121.12,19.0,5.362,151.5,124.0,9.21,,,,,
8729,12,30,16,161.58,19.2,5.362,0.0,6.0,9.54,,,,,
8730,12,30,17,192.43,19.6,5.362,0.0,0.0,8.88,,,,,
8731,12,30,18,170.80,20.1,5.362,0.0,0.0,9.71,,,,,
8732,12,30,19,148.08,20.7,5.362,0.0,0.0,11.27,,,,,
8733,12,30,20,152.28,21.0,5.362,0.0,0.0,11.53,,,,,
8734,12,30,21,140.88,21.2,5.362,0.0,0.0,12.48,,,,,
8735,12,30,22,132.83,21.0,5.362,0.0,0.0,12.03,,,,,
8736,12,30,23,126.28,20.7,5.362,0.0,0.0,11.89,,,,,
8737,12,31,0,121.34,19.9,5.362,0.0,0.0,12.61,,,,,
8738,12,31,1,115.55,19.2,5.362,0.0,0.0,13.04,,,,,
8739,12,31,2,119.20,19.0,5.362,0.0,0.0,12.85,,,,,
8740,12,31,3,103.72,19.0,5.362,0.0,0.0,12.03,,,,,
8741,12,31,4,115.41,19.2,5.362,0.0,0.0,10.90,,,,,
8742,12,31,5,122.02,19.8,5.362,0.0,0.0,10.43,,,,,
8743,12,31,6,130.43,20.5,5.362,0.0,0.0,9.75,,,,,
8744,12,31,7,143.10,20.7,5.362,0.0,0.0,9.18,,,,,
8745,12,31,8,158.39,21.6,5.362,51.0,53.0,8.50,,,,,
8746,12,31,9,148.10,23.2,5.362,294.2,184.0,8.81,,,,,
8747,12,31,10,137.60,24.6,5.362,750.9,338.0,9.31,,,,,
8748,12,31,11,132.01,25.5,5.362,445.1,324.0,9.07,,,,,
8749,12,31,12,127.59,25.9,5.362,417.3,326.0,9.17,,,,,
8750,12,31,13,126.69,26.1,5.362,143.3,155.0,9.27,,,,,
8751,12,31,14,131.60,25.9,5.362,540.4,268.0,8.56,,,,,
8752,12,31,15,135.44,24.8,5.362,494.0,168.0,7.57,,,,,
8753,12,31,16,139.59,23.0,5.362,0.0,36.0,8.68,,,,,
8754,12,31,17,168.24,21.2,5.362,0.0,0.0,8.81,,,,,
8755,12,31,18,162.42,19.6,5.362,0.0,0.0,8.27,,,,,
8756,12,31,19,176.76,36.3,5.362,0.0,0.0,7.29,,,,,
8757,12,31,20,173.02,35.8,5.362,0.0,0.0,9.04,,,,,
8758,12,31,21,151.92,36.0,5.362,0.0,0.0,10.23,,,,,
8759,12,31,22,144.23,36.3,5.362,0.0,0.0,8.36,,,,,
8760,12,31,23,142.80,36.7,5.362,0.0,0.0,6.69,,,,,
